College Name,branch,District,Region,Gender,OC_BOYS,OC_GIRLS,SC_BOYS,SC_GIRLS,ST_BOYS,ST_GIRLS,BCA_BOYS,BCA_GIRLS,BCB_BOYS,BCB_GIRLS,BCC_BOYS,BCC_GIRLS,BCD_BOYS,BCD_GIRLS,BCE_BOYS,BCE_GIRLS,OC_EWS_BOYS,OC_EWS_GIRLS
ADARSH COLLEGE OF ENGINEERING,CIV,EG,GOLLAPROLU,COED,9860.0,9860.0,18734.0,18734.0,22678.0,22678.0,12818.0,12818.0,14790.0,14790.0,14790.0,14790.0,15776.0,15776.0,13804.0,13804.0,11832.0,11832.0
ADARSH COLLEGE OF ENGINEERING,CSE,EG,GOLLAPROLU,COED,8697.0,8697.0,16523.0,16523.0,20002.0,20002.0,11306.0,11306.0,13045.0,13045.0,13045.0,13045.0,13914.0,13914.0,12175.0,12175.0,10436.0,10436.0
ADARSH COLLEGE OF ENGINEERING,ECE,EG,GOLLAPROLU,COED,10926.0,10926.0,20759.0,20759.0,25129.0,25129.0,14204.0,14204.0,16389.0,16389.0,16389.0,16389.0,17481.0,17481.0,15296.0,15296.0,13111.0,13111.0
ADARSH COLLEGE OF ENGINEERING,EEE,EG,GOLLAPROLU,COED,10151.0,10151.0,19287.0,19287.0,23348.0,23348.0,13197.0,13197.0,15227.0,15227.0,15227.0,15227.0,16242.0,16242.0,14212.0,14212.0,12182.0,12182.0
ADARSH COLLEGE OF ENGINEERING,MEC,EG,GOLLAPROLU,COED,10295.0,10295.0,19560.0,19560.0,23678.0,23678.0,13383.0,13383.0,15442.0,15442.0,15442.0,15442.0,16472.0,16472.0,14413.0,14413.0,12354.0,12354.0
ADITYA COLLEGE OF ENGINEERING AND TECHNOLOGY,CIV,EG,PEDDAPURAM,COED,4823.0,4823.0,9163.0,9163.0,11092.0,11092.0,6269.0,6269.0,7234.0,7234.0,7234.0,7234.0,7716.0,7716.0,6752.0,6752.0,5787.0,5787.0
ADITYA COLLEGE OF ENGINEERING AND TECHNOLOGY,CSD,EG,PEDDAPURAM,COED,2623.0,2623.0,4984.0,4984.0,6034.0,6034.0,3410.0,3410.0,3935.0,3935.0,3935.0,3935.0,4197.0,4197.0,3673.0,3673.0,3148.0,3148.0
ADITYA COLLEGE OF ENGINEERING AND TECHNOLOGY,CSE,EG,PEDDAPURAM,COED,1707.0,1707.0,3244.0,3244.0,3927.0,3927.0,2219.0,2219.0,2561.0,2561.0,2561.0,2561.0,2732.0,2732.0,2390.0,2390.0,2049.0,2049.0
ADITYA COLLEGE OF ENGINEERING AND TECHNOLOGY,CSM,EG,PEDDAPURAM,COED,2161.0,2161.0,4106.0,4106.0,4971.0,4971.0,2810.0,2810.0,3242.0,3242.0,3242.0,3242.0,3458.0,3458.0,3026.0,3026.0,2593.0,2593.0
ADITYA COLLEGE OF ENGINEERING AND TECHNOLOGY,ECE,EG,PEDDAPURAM,COED,2863.0,2863.0,5440.0,5440.0,6585.0,6585.0,3722.0,3722.0,4295.0,4295.0,4295.0,4295.0,4581.0,4581.0,4009.0,4009.0,3436.0,3436.0
ADITYA COLLEGE OF ENGINEERING AND TECHNOLOGY,EEE,EG,PEDDAPURAM,COED,3318.0,3318.0,6303.0,6303.0,7630.0,7630.0,4313.0,4313.0,4976.0,4976.0,4976.0,4976.0,5308.0,5308.0,4645.0,4645.0,3981.0,3981.0
ADITYA COLLEGE OF ENGINEERING AND TECHNOLOGY,INF,EG,PEDDAPURAM,COED,2512.0,2512.0,4772.0,4772.0,5777.0,5777.0,3265.0,3265.0,3767.0,3767.0,3767.0,3767.0,4019.0,4019.0,3516.0,3516.0,3014.0,3014.0
ADITYA COLLEGE OF ENGINEERING AND TECHNOLOGY,MEC,EG,PEDDAPURAM,COED,4399.0,4399.0,8358.0,8358.0,10118.0,10118.0,5719.0,5719.0,6598.0,6598.0,6598.0,6598.0,7038.0,7038.0,6159.0,6159.0,5279.0,5279.0
ADITYA COLLEGE OF PHARMACY,PHD,EG,PEDDAPURAM,COED,5407.0,5407.0,10273.0,10273.0,12436.0,12436.0,7029.0,7029.0,8110.0,8110.0,8110.0,8110.0,8651.0,8651.0,7569.0,7569.0,6488.0,6488.0
ADI KAVI NANNAYA UNIVERSITY COLLEGE OF ENGG.-SELF FINANCE,CIV,EG,RAJAHMUNDRY,COED,7272.0,7272.0,13816.0,13816.0,16725.0,16725.0,9453.0,9453.0,10907.0,10907.0,10907.0,10907.0,11634.0,11634.0,10180.0,10180.0,8726.0,8726.0
ADI KAVI NANNAYA UNIVERSITY COLLEGE OF ENGG.-SELF FINANCE,CSE,EG,RAJAHMUNDRY,COED,2822.0,2822.0,5361.0,5361.0,6490.0,6490.0,3668.0,3668.0,4232.0,4232.0,4232.0,4232.0,4514.0,4514.0,3950.0,3950.0,3386.0,3386.0
ADI KAVI NANNAYA UNIVERSITY COLLEGE OF ENGG.-SELF FINANCE,ECE,EG,RAJAHMUNDRY,COED,2697.0,2697.0,5125.0,5125.0,6204.0,6204.0,3507.0,3507.0,4046.0,4046.0,4046.0,4046.0,4316.0,4316.0,3776.0,3776.0,3237.0,3237.0
ADI KAVI NANNAYA UNIVERSITY COLLEGE OF ENGG.-SELF FINANCE,EIE,EG,RAJAHMUNDRY,COED,6818.0,6818.0,12953.0,12953.0,15681.0,15681.0,8863.0,8863.0,10226.0,10226.0,10226.0,10226.0,10908.0,10908.0,9545.0,9545.0,8181.0,8181.0
ADI KAVI NANNAYA UNIVERSITY COLLEGE OF ENGG.-SELF FINANCE,MEC,EG,RAJAHMUNDRY,COED,6841.0,6841.0,12998.0,12998.0,15735.0,15735.0,8893.0,8893.0,10262.0,10262.0,10262.0,10262.0,10946.0,10946.0,9578.0,9578.0,8209.0,8209.0
ADITYA PHARMACY COLLEGE,PHD,EG,PEDDAPURAM,COED,5129.0,5129.0,9746.0,9746.0,11798.0,11798.0,6668.0,6668.0,7694.0,7694.0,7694.0,7694.0,8207.0,8207.0,7181.0,7181.0,6155.0,6155.0
B V CHALAMAIAH ENGINEERING COLLEGE,AIM,EG,ODALAREVU,COED,4646.0,4646.0,8827.0,8827.0,10685.0,10685.0,6040.0,6040.0,6969.0,6969.0,6969.0,6969.0,7433.0,7433.0,6504.0,6504.0,5575.0,5575.0
B V CHALAMAIAH ENGINEERING COLLEGE,CAD,EG,ODALAREVU,COED,4554.0,4554.0,8653.0,8653.0,10475.0,10475.0,5920.0,5920.0,6831.0,6831.0,6831.0,6831.0,7287.0,7287.0,6376.0,6376.0,5465.0,5465.0
B V CHALAMAIAH ENGINEERING COLLEGE,CIV,EG,ODALAREVU,COED,8564.0,8564.0,16271.0,16271.0,19696.0,19696.0,11133.0,11133.0,12845.0,12845.0,12845.0,12845.0,13702.0,13702.0,11989.0,11989.0,10276.0,10276.0
B V CHALAMAIAH ENGINEERING COLLEGE,CSE,EG,ODALAREVU,COED,3783.0,3783.0,7188.0,7188.0,8701.0,8701.0,4918.0,4918.0,5674.0,5674.0,5674.0,5674.0,6053.0,6053.0,5296.0,5296.0,4540.0,4540.0
B V CHALAMAIAH ENGINEERING COLLEGE,CSM,EG,ODALAREVU,COED,4273.0,4273.0,8119.0,8119.0,9828.0,9828.0,5555.0,5555.0,6410.0,6410.0,6410.0,6410.0,6837.0,6837.0,5982.0,5982.0,5128.0,5128.0
B V CHALAMAIAH ENGINEERING COLLEGE,ECE,EG,ODALAREVU,COED,5601.0,5601.0,10642.0,10642.0,12882.0,12882.0,7281.0,7281.0,8401.0,8401.0,8401.0,8401.0,8961.0,8961.0,7841.0,7841.0,6721.0,6721.0
B V CHALAMAIAH ENGINEERING COLLEGE,EEE,EG,ODALAREVU,COED,7803.0,7803.0,14826.0,14826.0,17947.0,17947.0,10144.0,10144.0,11704.0,11704.0,11704.0,11704.0,12485.0,12485.0,10924.0,10924.0,9364.0,9364.0
B V CHALAMAIAH ENGINEERING COLLEGE,INF,EG,ODALAREVU,COED,5697.0,5697.0,10824.0,10824.0,13102.0,13102.0,7406.0,7406.0,8545.0,8545.0,8545.0,8545.0,9115.0,9115.0,7975.0,7975.0,6836.0,6836.0
B V CHALAMAIAH ENGINEERING COLLEGE,MEC,EG,ODALAREVU,COED,8567.0,8567.0,16278.0,16278.0,19705.0,19705.0,11138.0,11138.0,12851.0,12851.0,12851.0,12851.0,13708.0,13708.0,11994.0,11994.0,10281.0,10281.0
BVC COLLEGE OF ENGINEERING,AID,EG,RAJAHMUNDRY,COED,5070.0,5070.0,9633.0,9633.0,11662.0,11662.0,6591.0,6591.0,7605.0,7605.0,7605.0,7605.0,8112.0,8112.0,7098.0,7098.0,6084.0,6084.0
BVC COLLEGE OF ENGINEERING,CSE,EG,RAJAHMUNDRY,COED,5109.0,5109.0,9708.0,9708.0,11751.0,11751.0,6642.0,6642.0,7664.0,7664.0,7664.0,7664.0,8175.0,8175.0,7153.0,7153.0,6131.0,6131.0
BVC COLLEGE OF ENGINEERING,CSM,EG,RAJAHMUNDRY,COED,5295.0,5295.0,10060.0,10060.0,12178.0,12178.0,6883.0,6883.0,7942.0,7942.0,7942.0,7942.0,8472.0,8472.0,7413.0,7413.0,6354.0,6354.0
BVC COLLEGE OF ENGINEERING,ECE,EG,RAJAHMUNDRY,COED,7138.0,7138.0,13561.0,13561.0,16416.0,16416.0,9279.0,9279.0,10706.0,10706.0,10706.0,10706.0,11420.0,11420.0,9993.0,9993.0,8565.0,8565.0
BVC COLLEGE OF ENGINEERING,INF,EG,RAJAHMUNDRY,COED,8219.0,8219.0,15616.0,15616.0,18904.0,18904.0,10685.0,10685.0,12328.0,12328.0,12328.0,12328.0,13150.0,13150.0,11507.0,11507.0,9863.0,9863.0
BONAM VENKATA CHALAMAIAH INST. OF TECH AND SCI.,AIM,EG,AMALAPURAM,COED,3111.0,3111.0,5910.0,5910.0,7155.0,7155.0,4044.0,4044.0,4666.0,4666.0,4666.0,4666.0,4977.0,4977.0,4355.0,4355.0,3733.0,3733.0
BONAM VENKATA CHALAMAIAH INST. OF TECH AND SCI.,CAD,EG,AMALAPURAM,COED,3510.0,3510.0,6669.0,6669.0,8073.0,8073.0,4563.0,4563.0,5265.0,5265.0,5265.0,5265.0,5616.0,5616.0,4914.0,4914.0,4212.0,4212.0
BONAM VENKATA CHALAMAIAH INST. OF TECH AND SCI.,CIV,EG,AMALAPURAM,COED,8535.0,8535.0,16216.0,16216.0,19630.0,19630.0,11095.0,11095.0,12802.0,12802.0,12802.0,12802.0,13656.0,13656.0,11949.0,11949.0,10242.0,10242.0
BONAM VENKATA CHALAMAIAH INST. OF TECH AND SCI.,CSE,EG,AMALAPURAM,COED,2528.0,2528.0,4804.0,4804.0,5815.0,5815.0,3287.0,3287.0,3792.0,3792.0,3792.0,3792.0,4045.0,4045.0,3540.0,3540.0,3034.0,3034.0
BONAM VENKATA CHALAMAIAH INST. OF TECH AND SCI.,ECE,EG,AMALAPURAM,COED,4678.0,4678.0,8888.0,8888.0,10759.0,10759.0,6081.0,6081.0,7017.0,7017.0,7017.0,7017.0,7485.0,7485.0,6549.0,6549.0,5614.0,5614.0
BONAM VENKATA CHALAMAIAH INST. OF TECH AND SCI.,EEE,EG,AMALAPURAM,COED,7079.0,7079.0,13450.0,13450.0,16282.0,16282.0,9203.0,9203.0,10619.0,10619.0,10619.0,10619.0,11327.0,11327.0,9911.0,9911.0,8495.0,8495.0
BONAM VENKATA CHALAMAIAH INST. OF TECH AND SCI.,INF,EG,AMALAPURAM,COED,4863.0,4863.0,9239.0,9239.0,11185.0,11185.0,6322.0,6322.0,7294.0,7294.0,7294.0,7294.0,7781.0,7781.0,6808.0,6808.0,5835.0,5835.0
CHAITANYA INST. OF SCI. AND TECHNOLOGY,AID,EG,KAKINADA,COED,9629.0,9629.0,18295.0,18295.0,22147.0,22147.0,12518.0,12518.0,14443.0,14443.0,14443.0,14443.0,15406.0,15406.0,13481.0,13481.0,11555.0,11555.0
CHAITANYA INST. OF SCI. AND TECHNOLOGY,AIM,EG,KAKINADA,COED,,,,,,,,,,,,,,,,,,
CHAITANYA INST. OF SCI. AND TECHNOLOGY,CSE,EG,KAKINADA,COED,9474.0,9474.0,18001.0,18001.0,21791.0,21791.0,12317.0,12317.0,14212.0,14212.0,14212.0,14212.0,15159.0,15159.0,13264.0,13264.0,11369.0,11369.0
CHAITANYA INST. OF SCI. AND TECHNOLOGY,ECE,EG,KAKINADA,COED,9084.0,9084.0,17260.0,17260.0,20893.0,20893.0,11809.0,11809.0,13626.0,13626.0,13626.0,13626.0,14534.0,14534.0,12718.0,12718.0,10901.0,10901.0
GIET ENGINEERING COLLEGE,CSD,EG,RAJAHMUNDRY,COED,4113.0,4113.0,7815.0,7815.0,9460.0,9460.0,5347.0,5347.0,6170.0,6170.0,6170.0,6170.0,6581.0,6581.0,5759.0,5759.0,4936.0,4936.0
GIET ENGINEERING COLLEGE,CSE,EG,RAJAHMUNDRY,COED,4094.0,4094.0,7779.0,7779.0,9417.0,9417.0,5323.0,5323.0,6142.0,6142.0,6142.0,6142.0,6551.0,6551.0,5732.0,5732.0,4913.0,4913.0
GIET ENGINEERING COLLEGE,CSM,EG,RAJAHMUNDRY,COED,4378.0,4378.0,8318.0,8318.0,10069.0,10069.0,5691.0,5691.0,6567.0,6567.0,6567.0,6567.0,7004.0,7004.0,6129.0,6129.0,5253.0,5253.0
GIET ENGINEERING COLLEGE,ECE,EG,RAJAHMUNDRY,COED,3586.0,3586.0,6813.0,6813.0,8248.0,8248.0,4662.0,4662.0,5379.0,5379.0,5379.0,5379.0,5738.0,5738.0,5020.0,5020.0,4303.0,4303.0
GIET ENGINEERING COLLEGE,INF,EG,RAJAHMUNDRY,COED,5584.0,5584.0,10609.0,10609.0,12843.0,12843.0,7259.0,7259.0,8376.0,8376.0,8376.0,8376.0,8934.0,8934.0,7817.0,7817.0,6701.0,6701.0
GIET ENGINEERING COLLEGE,MEC,EG,RAJAHMUNDRY,COED,6143.0,6143.0,11671.0,11671.0,14129.0,14129.0,7986.0,7986.0,9214.0,9214.0,9214.0,9214.0,9829.0,9829.0,8600.0,8600.0,7371.0,7371.0
IDEAL INSTITUTE OF TECHNOLOGY,CSE,EG,KAKINADA,COED,3989.0,3989.0,7579.0,7579.0,9175.0,9175.0,5186.0,5186.0,5983.0,5983.0,5983.0,5983.0,6382.0,6382.0,5585.0,5585.0,4787.0,4787.0
IDEAL INSTITUTE OF TECHNOLOGY,CSM,EG,KAKINADA,COED,4993.0,4993.0,9487.0,9487.0,11484.0,11484.0,6491.0,6491.0,7490.0,7490.0,7490.0,7490.0,7989.0,7989.0,6990.0,6990.0,5992.0,5992.0
IDEAL INSTITUTE OF TECHNOLOGY,ECE,EG,KAKINADA,COED,3909.0,3909.0,7427.0,7427.0,8990.0,8990.0,5081.0,5081.0,5863.0,5863.0,5863.0,5863.0,6254.0,6254.0,5472.0,5472.0,4691.0,4691.0
IDEAL INSTITUTE OF TECHNOLOGY,MEC,EG,KAKINADA,COED,7676.0,7676.0,14584.0,14584.0,17654.0,17654.0,9978.0,9978.0,11513.0,11513.0,11513.0,11513.0,12281.0,12281.0,10746.0,10746.0,9211.0,9211.0
INTERNATIONAL SCHOOL OF TECH AND SCI FOR WOMEN,AGR,EG,RAJAHMUNDRY,GIRLS,9247.0,9247.0,17569.0,17569.0,21268.0,21268.0,12021.0,12021.0,13871.0,13871.0,13871.0,13871.0,14795.0,14795.0,12946.0,12946.0,11096.0,11096.0
INTERNATIONAL SCHOOL OF TECH AND SCI FOR WOMEN,AIM,EG,RAJAHMUNDRY,GIRLS,10518.0,10518.0,19984.0,19984.0,24191.0,24191.0,13673.0,13673.0,15777.0,15777.0,15777.0,15777.0,16829.0,16829.0,14725.0,14725.0,12622.0,12622.0
INTERNATIONAL SCHOOL OF TECH AND SCI FOR WOMEN,CAI,EG,RAJAHMUNDRY,GIRLS,9512.0,9512.0,18074.0,18074.0,21879.0,21879.0,12366.0,12366.0,14269.0,14269.0,14269.0,14269.0,15220.0,15220.0,13317.0,13317.0,11415.0,11415.0
INTERNATIONAL SCHOOL OF TECH AND SCI FOR WOMEN,CSE,EG,RAJAHMUNDRY,GIRLS,6175.0,6175.0,11732.0,11732.0,14202.0,14202.0,8027.0,8027.0,9262.0,9262.0,9262.0,9262.0,9880.0,9880.0,8645.0,8645.0,7410.0,7410.0
INTERNATIONAL SCHOOL OF TECH AND SCI FOR WOMEN,DS,EG,RAJAHMUNDRY,GIRLS,10173.0,10173.0,19329.0,19329.0,23398.0,23398.0,13225.0,13225.0,15260.0,15260.0,15260.0,15260.0,16277.0,16277.0,14242.0,14242.0,12208.0,12208.0
INTERNATIONAL SCHOOL OF TECH AND SCI FOR WOMEN,ECE,EG,RAJAHMUNDRY,GIRLS,9138.0,9138.0,17362.0,17362.0,21017.0,21017.0,11879.0,11879.0,13707.0,13707.0,13707.0,13707.0,14621.0,14621.0,12793.0,12793.0,10966.0,10966.0
INTERNATIONAL SCHOOL OF TECH AND SCI -OFF CAMPUS,AIM,EG,JANGAREDDYGUDEM,COED,9588.0,9588.0,18217.0,18217.0,22052.0,22052.0,12464.0,12464.0,14382.0,14382.0,14382.0,14382.0,15341.0,15341.0,13423.0,13423.0,11506.0,11506.0
INTERNATIONAL SCHOOL OF TECH AND SCI -OFF CAMPUS,CSE,EG,JANGAREDDYGUDEM,COED,10199.0,10199.0,19379.0,19379.0,23459.0,23459.0,13259.0,13259.0,15299.0,15299.0,15299.0,15299.0,16319.0,16319.0,14279.0,14279.0,12239.0,12239.0
SCHOOL OF FOOD TECHNOLOGY JNTUK KAKINADA-SELF FINANCE,FDE,EG,KAKINADA,COED,4587.0,4587.0,8715.0,8715.0,10549.0,10549.0,5963.0,5963.0,6880.0,6880.0,6880.0,6880.0,7339.0,7339.0,6421.0,6421.0,5504.0,5504.0
SCHOOL OF PHARMACEUTICAL SCI. AND TECH.-SELF FINANCE,PHM,EG,KAKINADA,COED,11895.0,11895.0,22600.0,22600.0,27358.0,27358.0,15463.0,15463.0,17842.0,17842.0,17842.0,17842.0,19031.0,19031.0,16652.0,16652.0,14274.0,14274.0
JNTUK COLLEGE OF ENGG. KAKINADA,CIV,EG,KAKINADA,COED,900.0,900.0,1709.0,1709.0,2069.0,2069.0,1170.0,1170.0,1350.0,1350.0,1350.0,1350.0,1439.0,1439.0,1260.0,1260.0,1080.0,1080.0
JNTUK COLLEGE OF ENGG. KAKINADA,CSE,EG,KAKINADA,COED,138.0,138.0,261.0,261.0,316.0,316.0,179.0,179.0,206.0,206.0,206.0,206.0,220.0,220.0,193.0,193.0,165.0,165.0
JNTUK COLLEGE OF ENGG. KAKINADA,ECE,EG,KAKINADA,COED,230.0,230.0,438.0,438.0,530.0,530.0,300.0,300.0,346.0,346.0,346.0,346.0,369.0,369.0,323.0,323.0,276.0,276.0
JNTUK COLLEGE OF ENGG. KAKINADA,EEE,EG,KAKINADA,COED,360.0,360.0,683.0,683.0,827.0,827.0,468.0,468.0,540.0,540.0,540.0,540.0,576.0,576.0,504.0,504.0,432.0,432.0
JNTUK COLLEGE OF ENGG. KAKINADA,MEC,EG,KAKINADA,COED,891.0,891.0,1693.0,1693.0,2049.0,2049.0,1158.0,1158.0,1336.0,1336.0,1336.0,1336.0,1425.0,1425.0,1247.0,1247.0,1069.0,1069.0
JNTUK COLLEGE OF ENGG. KAKINADA-SELF FINANCE,CHE,EG,KAKINADA,COED,2209.0,2209.0,4197.0,4197.0,5081.0,5081.0,2872.0,2872.0,3314.0,3314.0,3314.0,3314.0,3534.0,3534.0,3093.0,3093.0,2651.0,2651.0
JNTUK COLLEGE OF ENGG. KAKINADA-SELF FINANCE,PEE,EG,KAKINADA,COED,4132.0,4132.0,7852.0,7852.0,9505.0,9505.0,5372.0,5372.0,6199.0,6199.0,6199.0,6199.0,6612.0,6612.0,5785.0,5785.0,4959.0,4959.0
JNTUK COLLEGE OF ENGG. KAKINADA-SELF SUPPORTING,CSM,EG,KAKINADA,COED,293.0,293.0,557.0,557.0,674.0,674.0,381.0,381.0,440.0,440.0,440.0,440.0,469.0,469.0,410.0,410.0,352.0,352.0
KAKINADA INSTITUTE OF ENGG. AND TECHNOLOGY,AID,EG,KAKINADA,COED,8376.0,8376.0,15915.0,15915.0,19266.0,19266.0,10889.0,10889.0,12564.0,12564.0,12564.0,12564.0,13402.0,13402.0,11727.0,11727.0,10052.0,10052.0
KAKINADA INSTITUTE OF ENGG. AND TECHNOLOGY,CAI,EG,KAKINADA,COED,10508.0,10508.0,19965.0,19965.0,24168.0,24168.0,13660.0,13660.0,15762.0,15762.0,15762.0,15762.0,16812.0,16812.0,14711.0,14711.0,12609.0,12609.0
KAKINADA INSTITUTE OF ENGG. AND TECHNOLOGY,CSC,EG,KAKINADA,COED,8969.0,8969.0,17041.0,17041.0,20628.0,20628.0,11659.0,11659.0,13453.0,13453.0,13453.0,13453.0,14350.0,14350.0,12556.0,12556.0,10763.0,10763.0
KAKINADA INSTITUTE OF ENGG. AND TECHNOLOGY,CSD,EG,KAKINADA,COED,11840.0,11840.0,22497.0,22497.0,27233.0,27233.0,15393.0,15393.0,17761.0,17761.0,17761.0,17761.0,18945.0,18945.0,16577.0,16577.0,14209.0,14209.0
KAKINADA INSTITUTE OF ENGG. AND TECHNOLOGY,CSM,EG,KAKINADA,COED,9885.0,9885.0,18782.0,18782.0,22736.0,22736.0,12851.0,12851.0,14828.0,14828.0,14828.0,14828.0,15816.0,15816.0,13839.0,13839.0,11862.0,11862.0
KAKINADA INSTITUTE OF ENGG. AND TECHNOLOGY,AID,EG,KAKINADA,COED,5793.0,5793.0,11007.0,11007.0,13325.0,13325.0,7531.0,7531.0,8690.0,8690.0,8690.0,8690.0,9269.0,9269.0,8111.0,8111.0,6952.0,6952.0
KAKINADA INSTITUTE OF ENGG. AND TECHNOLOGY,CAI,EG,KAKINADA,COED,5809.0,5809.0,11038.0,11038.0,13361.0,13361.0,7552.0,7552.0,8714.0,8714.0,8714.0,8714.0,9295.0,9295.0,8133.0,8133.0,6971.0,6971.0
KAKINADA INSTITUTE OF ENGG. AND TECHNOLOGY,CSC,EG,KAKINADA,COED,6044.0,6044.0,11484.0,11484.0,13901.0,13901.0,7857.0,7857.0,9066.0,9066.0,9066.0,9066.0,9671.0,9671.0,8462.0,8462.0,7253.0,7253.0
KAKINADA INSTITUTE OF ENGG. AND TECHNOLOGY,CSD,EG,KAKINADA,COED,7969.0,7969.0,15142.0,15142.0,18329.0,18329.0,10360.0,10360.0,11954.0,11954.0,11954.0,11954.0,12751.0,12751.0,11157.0,11157.0,9563.0,9563.0
KAKINADA INSTITUTE OF ENGG. AND TECHNOLOGY,CSM,EG,KAKINADA,COED,11303.0,11303.0,21475.0,21475.0,25996.0,25996.0,14694.0,14694.0,16954.0,16954.0,16954.0,16954.0,18084.0,18084.0,15824.0,15824.0,13563.0,13563.0
KAKINADA INST OF ENGG AND TECHNOLOGY FOR WOMEN,AID,EG,KAKINADA,GIRLS,8762.0,8762.0,16647.0,16647.0,20152.0,20152.0,11390.0,11390.0,13142.0,13142.0,13142.0,13142.0,14019.0,14019.0,12266.0,12266.0,10514.0,10514.0
KAKINADA INST OF ENGG AND TECHNOLOGY FOR WOMEN,CAI,EG,KAKINADA,GIRLS,11501.0,11501.0,21851.0,21851.0,26451.0,26451.0,14951.0,14951.0,17251.0,17251.0,17251.0,17251.0,18401.0,18401.0,16101.0,16101.0,13801.0,13801.0
KAKINADA INST OF ENGG AND TECHNOLOGY FOR WOMEN,CSM,EG,KAKINADA,GIRLS,8395.0,8395.0,15951.0,15951.0,19309.0,19309.0,10914.0,10914.0,12593.0,12593.0,12593.0,12593.0,13432.0,13432.0,11753.0,11753.0,10074.0,10074.0
KAKINADA INSTITUTE OF TECHNOLOGY SCIENCES,AIM,EG,RAMACHANDRAPURAM,COED,11765.0,11765.0,22353.0,22353.0,27059.0,27059.0,15294.0,15294.0,17647.0,17647.0,17647.0,17647.0,18824.0,18824.0,16471.0,16471.0,14118.0,14118.0
KAKINADA INSTITUTE OF TECHNOLOGY SCIENCES,CIV,EG,RAMACHANDRAPURAM,COED,,,,,,,,,,,,,,,,,,
KAKINADA INSTITUTE OF TECHNOLOGY SCIENCES,CSE,EG,RAMACHANDRAPURAM,COED,9398.0,9398.0,17857.0,17857.0,21616.0,21616.0,12218.0,12218.0,14098.0,14098.0,14098.0,14098.0,15037.0,15037.0,13158.0,13158.0,11278.0,11278.0
KAKINADA INSTITUTE OF TECHNOLOGY SCIENCES,ECE,EG,RAMACHANDRAPURAM,COED,8003.0,8003.0,15206.0,15206.0,18408.0,18408.0,10404.0,10404.0,12005.0,12005.0,12005.0,12005.0,12805.0,12805.0,11205.0,11205.0,9604.0,9604.0
KAKINADA INSTITUTE OF TECHNOLOGY AND SCIENCE,CIV,EG,DIVILI,COED,10069.0,10069.0,19130.0,19130.0,23158.0,23158.0,13089.0,13089.0,15103.0,15103.0,15103.0,15103.0,16110.0,16110.0,14096.0,14096.0,12082.0,12082.0
KAKINADA INSTITUTE OF TECHNOLOGY AND SCIENCE,CSD,EG,DIVILI,COED,7061.0,7061.0,13416.0,13416.0,16241.0,16241.0,9180.0,9180.0,10592.0,10592.0,10592.0,10592.0,11298.0,11298.0,9886.0,9886.0,8474.0,8474.0
KAKINADA INSTITUTE OF TECHNOLOGY AND SCIENCE,CSE,EG,DIVILI,COED,7333.0,7333.0,13933.0,13933.0,16866.0,16866.0,9533.0,9533.0,11000.0,11000.0,11000.0,11000.0,11733.0,11733.0,10266.0,10266.0,8800.0,8800.0
KAKINADA INSTITUTE OF TECHNOLOGY AND SCIENCE,ECE,EG,DIVILI,COED,6914.0,6914.0,13136.0,13136.0,15902.0,15902.0,8988.0,8988.0,10371.0,10371.0,10371.0,10371.0,11062.0,11062.0,9679.0,9679.0,8297.0,8297.0
KAKINADA INSTITUTE OF TECHNOLOGY AND SCIENCE,EEE,EG,DIVILI,COED,8080.0,8080.0,15351.0,15351.0,18583.0,18583.0,10503.0,10503.0,12119.0,12119.0,12119.0,12119.0,12927.0,12927.0,11311.0,11311.0,9695.0,9695.0
KAKINADA INSTITUTE OF TECHNOLOGY AND SCIENCE,MEC,EG,DIVILI,COED,10561.0,10561.0,20066.0,20066.0,24290.0,24290.0,13729.0,13729.0,15842.0,15842.0,15842.0,15842.0,16898.0,16898.0,14785.0,14785.0,12673.0,12673.0
LENORA COLLEGE OF ENGINEERING,CIV,EG,RAMPACHODAVARAM,COED,11963.0,11963.0,22729.0,22729.0,27514.0,27514.0,15551.0,15551.0,17944.0,17944.0,17944.0,17944.0,19140.0,19140.0,16748.0,16748.0,14355.0,14355.0
LENORA COLLEGE OF ENGINEERING,CSE,EG,RAMPACHODAVARAM,COED,9935.0,9935.0,18876.0,18876.0,22850.0,22850.0,12915.0,12915.0,14902.0,14902.0,14902.0,14902.0,15896.0,15896.0,13909.0,13909.0,11922.0,11922.0
LENORA COLLEGE OF ENGINEERING,ECE,EG,RAMPACHODAVARAM,COED,5537.0,5537.0,10520.0,10520.0,12735.0,12735.0,7198.0,7198.0,8306.0,8306.0,8306.0,8306.0,8859.0,8859.0,7752.0,7752.0,6644.0,6644.0
LENORA COLLEGE OF ENGINEERING,EEE,EG,RAMPACHODAVARAM,COED,11791.0,11791.0,22402.0,22402.0,27118.0,27118.0,15328.0,15328.0,17686.0,17686.0,17686.0,17686.0,18865.0,18865.0,16507.0,16507.0,14149.0,14149.0
LENORA COLLEGE OF ENGINEERING,MEC,EG,RAMPACHODAVARAM,COED,10868.0,10868.0,20649.0,20649.0,24996.0,24996.0,14128.0,14128.0,16302.0,16302.0,16302.0,16302.0,17389.0,17389.0,15215.0,15215.0,13041.0,13041.0
PRAGATI ENGINEERING COLLEGE,CAI,EG,PEDDAPURAM,COED,1974.0,1974.0,3750.0,3750.0,4540.0,4540.0,2566.0,2566.0,2961.0,2961.0,2961.0,2961.0,3158.0,3158.0,2763.0,2763.0,2368.0,2368.0
PRAGATI ENGINEERING COLLEGE,CIV,EG,PEDDAPURAM,COED,6161.0,6161.0,11706.0,11706.0,14171.0,14171.0,8010.0,8010.0,9242.0,9242.0,9242.0,9242.0,9858.0,9858.0,8626.0,8626.0,7393.0,7393.0
PRAGATI ENGINEERING COLLEGE,CSC,EG,PEDDAPURAM,COED,2489.0,2489.0,4729.0,4729.0,5725.0,5725.0,3236.0,3236.0,3734.0,3734.0,3734.0,3734.0,3983.0,3983.0,3485.0,3485.0,2987.0,2987.0
PRAGATI ENGINEERING COLLEGE,CSD,EG,PEDDAPURAM,COED,2449.0,2449.0,4654.0,4654.0,5634.0,5634.0,3184.0,3184.0,3674.0,3674.0,3674.0,3674.0,3919.0,3919.0,3429.0,3429.0,2939.0,2939.0
PRAGATI ENGINEERING COLLEGE,CSE,EG,PEDDAPURAM,COED,1710.0,1710.0,3248.0,3248.0,3932.0,3932.0,2222.0,2222.0,2564.0,2564.0,2564.0,2564.0,2735.0,2735.0,2393.0,2393.0,2052.0,2052.0
PRAGATI ENGINEERING COLLEGE,CSM,EG,PEDDAPURAM,COED,1793.0,1793.0,3407.0,3407.0,4124.0,4124.0,2331.0,2331.0,2690.0,2690.0,2690.0,2690.0,2869.0,2869.0,2510.0,2510.0,2152.0,2152.0
PRAGATI ENGINEERING COLLEGE,ECE,EG,PEDDAPURAM,COED,2080.0,2080.0,3951.0,3951.0,4783.0,4783.0,2704.0,2704.0,3120.0,3120.0,3120.0,3120.0,3328.0,3328.0,2912.0,2912.0,2496.0,2496.0
PRAGATI ENGINEERING COLLEGE,EEE,EG,PEDDAPURAM,COED,3271.0,3271.0,6214.0,6214.0,7522.0,7522.0,4252.0,4252.0,4906.0,4906.0,4906.0,4906.0,5233.0,5233.0,4579.0,4579.0,3925.0,3925.0
PRAGATI ENGINEERING COLLEGE,INF,EG,PEDDAPURAM,COED,2546.0,2546.0,4837.0,4837.0,5855.0,5855.0,3310.0,3310.0,3819.0,3819.0,3819.0,3819.0,4073.0,4073.0,3564.0,3564.0,3055.0,3055.0
PRAGATI ENGINEERING COLLEGE,MEC,EG,PEDDAPURAM,COED,5278.0,5278.0,10028.0,10028.0,12140.0,12140.0,6862.0,6862.0,7917.0,7917.0,7917.0,7917.0,8445.0,8445.0,7389.0,7389.0,6334.0,6334.0
DR PAUL RAJS ENGINEERING COLLEGE,CIV,EG,YETAPAKA,COED,10925.0,10925.0,20757.0,20757.0,25127.0,25127.0,14202.0,14202.0,16387.0,16387.0,16387.0,16387.0,17480.0,17480.0,15295.0,15295.0,13110.0,13110.0
DR PAUL RAJS ENGINEERING COLLEGE,CSE,EG,YETAPAKA,COED,9414.0,9414.0,17887.0,17887.0,21653.0,21653.0,12239.0,12239.0,14122.0,14122.0,14122.0,14122.0,15063.0,15063.0,13180.0,13180.0,11297.0,11297.0
DR PAUL RAJS ENGINEERING COLLEGE,ECE,EG,YETAPAKA,COED,7652.0,7652.0,14539.0,14539.0,17599.0,17599.0,9947.0,9947.0,11478.0,11478.0,11478.0,11478.0,12243.0,12243.0,10713.0,10713.0,9182.0,9182.0
DR PAUL RAJS ENGINEERING COLLEGE,EEE,EG,YETAPAKA,COED,10481.0,10481.0,19914.0,19914.0,24107.0,24107.0,13626.0,13626.0,15722.0,15722.0,15722.0,15722.0,16770.0,16770.0,14674.0,14674.0,12578.0,12578.0
DR PAUL RAJS ENGINEERING COLLEGE,MEC,EG,YETAPAKA,COED,10260.0,10260.0,19494.0,19494.0,23598.0,23598.0,13338.0,13338.0,15390.0,15390.0,15390.0,15390.0,16416.0,16416.0,14364.0,14364.0,12312.0,12312.0
PYDAH COLL OF ENGINEERING,CAI,EG,KAKINADA,COED,6090.0,6090.0,11570.0,11570.0,14006.0,14006.0,7917.0,7917.0,9134.0,9134.0,9134.0,9134.0,9743.0,9743.0,8525.0,8525.0,7308.0,7308.0
PYDAH COLL OF ENGINEERING,CSE,EG,KAKINADA,COED,5572.0,5572.0,10587.0,10587.0,12815.0,12815.0,7244.0,7244.0,8358.0,8358.0,8358.0,8358.0,8915.0,8915.0,7801.0,7801.0,6686.0,6686.0
PYDAH COLL OF ENGINEERING,ECE,EG,KAKINADA,COED,8314.0,8314.0,15797.0,15797.0,19122.0,19122.0,10808.0,10808.0,12471.0,12471.0,12471.0,12471.0,13302.0,13302.0,11640.0,11640.0,9977.0,9977.0
PYDAH COLL OF ENGINEERING,MEC,EG,KAKINADA,COED,9986.0,9986.0,18973.0,18973.0,22967.0,22967.0,12982.0,12982.0,14979.0,14979.0,14979.0,14979.0,15977.0,15977.0,13980.0,13980.0,11983.0,11983.0
RAJAMAHENDRI INST OF ENGG AND TECHNOLOGY,CSD,EG,RAJAHMUNDRY,COED,6981.0,6981.0,13265.0,13265.0,16057.0,16057.0,9076.0,9076.0,10472.0,10472.0,10472.0,10472.0,11170.0,11170.0,9774.0,9774.0,8378.0,8378.0
RAJAMAHENDRI INST OF ENGG AND TECHNOLOGY,CSE,EG,RAJAHMUNDRY,COED,6458.0,6458.0,12270.0,12270.0,14853.0,14853.0,8395.0,8395.0,9687.0,9687.0,9687.0,9687.0,10332.0,10332.0,9041.0,9041.0,7749.0,7749.0
RAJAMAHENDRI INST OF ENGG AND TECHNOLOGY,CSM,EG,RAJAHMUNDRY,COED,6968.0,6968.0,13239.0,13239.0,16027.0,16027.0,9058.0,9058.0,10452.0,10452.0,10452.0,10452.0,11149.0,11149.0,9755.0,9755.0,8362.0,8362.0
RAJAMAHENDRI INST OF ENGG AND TECHNOLOGY,ECE,EG,RAJAHMUNDRY,COED,7602.0,7602.0,14444.0,14444.0,17485.0,17485.0,9883.0,9883.0,11403.0,11403.0,11403.0,11403.0,12163.0,12163.0,10643.0,10643.0,9122.0,9122.0
SRINIVASA INST OF ENGG AND TECHNOLOGY,AIM,EG,CHEYYERU,COED,10067.0,10067.0,19128.0,19128.0,23155.0,23155.0,13088.0,13088.0,15101.0,15101.0,15101.0,15101.0,16108.0,16108.0,14094.0,14094.0,12081.0,12081.0
SRINIVASA INST OF ENGG AND TECHNOLOGY,CIV,EG,CHEYYERU,COED,11254.0,11254.0,21383.0,21383.0,25885.0,25885.0,14630.0,14630.0,16881.0,16881.0,16881.0,16881.0,18007.0,18007.0,15756.0,15756.0,13505.0,13505.0
SRINIVASA INST OF ENGG AND TECHNOLOGY,CSE,EG,CHEYYERU,COED,6077.0,6077.0,11546.0,11546.0,13976.0,13976.0,7900.0,7900.0,9115.0,9115.0,9115.0,9115.0,9723.0,9723.0,8507.0,8507.0,7292.0,7292.0
SRINIVASA INST OF ENGG AND TECHNOLOGY,ECE,EG,CHEYYERU,COED,10911.0,10911.0,20730.0,20730.0,25094.0,25094.0,14184.0,14184.0,16366.0,16366.0,16366.0,16366.0,17457.0,17457.0,15275.0,15275.0,13093.0,13093.0
SRINIVASA INST OF ENGG AND TECHNOLOGY,MEC,EG,CHEYYERU,COED,10163.0,10163.0,19309.0,19309.0,23374.0,23374.0,13211.0,13211.0,15244.0,15244.0,15244.0,15244.0,16260.0,16260.0,14228.0,14228.0,12195.0,12195.0
V.S.M COLLEGE OF ENGINEERING,CIV,EG,RAMACHANDRAPURAM,COED,9095.0,9095.0,17280.0,17280.0,20918.0,20918.0,11823.0,11823.0,13642.0,13642.0,13642.0,13642.0,14552.0,14552.0,12733.0,12733.0,10914.0,10914.0
V.S.M COLLEGE OF ENGINEERING,CSD,EG,RAMACHANDRAPURAM,COED,7534.0,7534.0,14315.0,14315.0,17329.0,17329.0,9794.0,9794.0,11301.0,11301.0,11301.0,11301.0,12055.0,12055.0,10548.0,10548.0,9041.0,9041.0
V.S.M COLLEGE OF ENGINEERING,CSE,EG,RAMACHANDRAPURAM,COED,6623.0,6623.0,12584.0,12584.0,15234.0,15234.0,8610.0,8610.0,9935.0,9935.0,9935.0,9935.0,10597.0,10597.0,9273.0,9273.0,7948.0,7948.0
V.S.M COLLEGE OF ENGINEERING,CSM,EG,RAMACHANDRAPURAM,COED,5924.0,5924.0,11255.0,11255.0,13625.0,13625.0,7701.0,7701.0,8886.0,8886.0,8886.0,8886.0,9478.0,9478.0,8293.0,8293.0,7108.0,7108.0
V.S.M COLLEGE OF ENGINEERING,ECE,EG,RAMACHANDRAPURAM,COED,8417.0,8417.0,15993.0,15993.0,19360.0,19360.0,10942.0,10942.0,12626.0,12626.0,12626.0,12626.0,13468.0,13468.0,11784.0,11784.0,10101.0,10101.0
V.S.M COLLEGE OF ENGINEERING,EEE,EG,RAMACHANDRAPURAM,COED,8628.0,8628.0,16393.0,16393.0,19844.0,19844.0,11216.0,11216.0,12942.0,12942.0,12942.0,12942.0,13805.0,13805.0,12079.0,12079.0,10353.0,10353.0
V.S.M COLLEGE OF ENGINEERING,INF,EG,RAMACHANDRAPURAM,COED,10869.0,10869.0,20650.0,20650.0,24998.0,24998.0,14129.0,14129.0,16303.0,16303.0,16303.0,16303.0,17390.0,17390.0,15216.0,15216.0,13042.0,13042.0
V.S.M COLLEGE OF ENGINEERING,MEC,EG,RAMACHANDRAPURAM,COED,7914.0,7914.0,15037.0,15037.0,18202.0,18202.0,10288.0,10288.0,11871.0,11871.0,11871.0,11871.0,12662.0,12662.0,11080.0,11080.0,9497.0,9497.0
A.M.REDDY MEMORIAL COLL. OF ENGINEERING,AGR,GTR,NARSARAOPET,COED,10059.0,10059.0,19113.0,19113.0,23136.0,23136.0,13077.0,13077.0,15089.0,15089.0,15089.0,15089.0,16095.0,16095.0,14083.0,14083.0,12071.0,12071.0
A.M.REDDY MEMORIAL COLL. OF ENGINEERING,CIV,GTR,NARSARAOPET,COED,,,,,,,,,,,,,,,,,,
A.M.REDDY MEMORIAL COLL. OF ENGINEERING,CS,GTR,NARSARAOPET,COED,10127.0,10127.0,19242.0,19242.0,23293.0,23293.0,13165.0,13165.0,15191.0,15191.0,15191.0,15191.0,16204.0,16204.0,14178.0,14178.0,12153.0,12153.0
A.M.REDDY MEMORIAL COLL. OF ENGINEERING,CSE,GTR,NARSARAOPET,COED,7090.0,7090.0,13471.0,13471.0,16307.0,16307.0,9217.0,9217.0,10635.0,10635.0,10635.0,10635.0,11344.0,11344.0,9926.0,9926.0,8508.0,8508.0
A.M.REDDY MEMORIAL COLL. OF ENGINEERING,ECE,GTR,NARSARAOPET,COED,8884.0,8884.0,16879.0,16879.0,20432.0,20432.0,11549.0,11549.0,13326.0,13326.0,13326.0,13326.0,14214.0,14214.0,12437.0,12437.0,10660.0,10660.0
A.M.REDDY MEMORIAL COLL. OF ENGINEERING,EEE,GTR,NARSARAOPET,COED,,,,,,,,,,,,,,,,,,
DR.YSR COLLEGE OF ENGINEERING & TECHNOLOGY-SELF FINANCE,AIM,GTR,GUNTUR,COED,2386.0,2386.0,4533.0,4533.0,5487.0,5487.0,3101.0,3101.0,3578.0,3578.0,3578.0,3578.0,3817.0,3817.0,3340.0,3340.0,2863.0,2863.0
DR.YSR COLLEGE OF ENGINEERING & TECHNOLOGY-SELF FINANCE,CIV,GTR,GUNTUR,COED,6614.0,6614.0,12566.0,12566.0,15212.0,15212.0,8598.0,8598.0,9921.0,9921.0,9921.0,9921.0,10582.0,10582.0,9259.0,9259.0,7937.0,7937.0
DR.YSR COLLEGE OF ENGINEERING & TECHNOLOGY-SELF FINANCE,CS,GTR,GUNTUR,COED,3788.0,3788.0,7197.0,7197.0,8712.0,8712.0,4924.0,4924.0,5682.0,5682.0,5682.0,5682.0,6060.0,6060.0,5303.0,5303.0,4545.0,4545.0
DR.YSR COLLEGE OF ENGINEERING & TECHNOLOGY-SELF FINANCE,CSE,GTR,GUNTUR,COED,2576.0,2576.0,4895.0,4895.0,5925.0,5925.0,3349.0,3349.0,3864.0,3864.0,3864.0,3864.0,4122.0,4122.0,3607.0,3607.0,3091.0,3091.0
DR.YSR COLLEGE OF ENGINEERING & TECHNOLOGY-SELF FINANCE,DS,GTR,GUNTUR,COED,3808.0,3808.0,7235.0,7235.0,8758.0,8758.0,4950.0,4950.0,5712.0,5712.0,5712.0,5712.0,6092.0,6092.0,5331.0,5331.0,4569.0,4569.0
DR.YSR COLLEGE OF ENGINEERING & TECHNOLOGY-SELF FINANCE,ECE,GTR,GUNTUR,COED,2563.0,2563.0,4870.0,4870.0,5896.0,5896.0,3332.0,3332.0,3845.0,3845.0,3845.0,3845.0,4101.0,4101.0,3589.0,3589.0,3076.0,3076.0
DR.YSR COLLEGE OF ENGINEERING & TECHNOLOGY-SELF FINANCE,EEE,GTR,GUNTUR,COED,5288.0,5288.0,10048.0,10048.0,12163.0,12163.0,6875.0,6875.0,7932.0,7932.0,7932.0,7932.0,8461.0,8461.0,7404.0,7404.0,6346.0,6346.0
DR.YSR COLLEGE OF ENGINEERING & TECHNOLOGY-SELF FINANCE,MEC,GTR,GUNTUR,COED,6092.0,6092.0,11575.0,11575.0,14012.0,14012.0,7920.0,7920.0,9138.0,9138.0,9138.0,9138.0,9748.0,9748.0,8529.0,8529.0,7311.0,7311.0
BAPATLA COLLEGE OF PHARMACY,PHM,GTR,BAPATLA,COED,11921.0,11921.0,22650.0,22650.0,27419.0,27419.0,15497.0,15497.0,17882.0,17882.0,17882.0,17882.0,19074.0,19074.0,16690.0,16690.0,14305.0,14305.0
BAPATLA ENGINEERING COLLEGE,CIV,GTR,BAPATLA,COED,6907.0,6907.0,13123.0,13123.0,15885.0,15885.0,8979.0,8979.0,10360.0,10360.0,10360.0,10360.0,11051.0,11051.0,9669.0,9669.0,8288.0,8288.0
BAPATLA ENGINEERING COLLEGE,CSC,GTR,BAPATLA,COED,3361.0,3361.0,6386.0,6386.0,7731.0,7731.0,4370.0,4370.0,5042.0,5042.0,5042.0,5042.0,5378.0,5378.0,4706.0,4706.0,4033.0,4033.0
BAPATLA ENGINEERING COLLEGE,CSD,GTR,BAPATLA,COED,2865.0,2865.0,5443.0,5443.0,6589.0,6589.0,3724.0,3724.0,4297.0,4297.0,4297.0,4297.0,4583.0,4583.0,4011.0,4011.0,3438.0,3438.0
BAPATLA ENGINEERING COLLEGE,CSE,GTR,BAPATLA,COED,2728.0,2728.0,5183.0,5183.0,6274.0,6274.0,3546.0,3546.0,4092.0,4092.0,4092.0,4092.0,4364.0,4364.0,3819.0,3819.0,3273.0,3273.0
BAPATLA ENGINEERING COLLEGE,CSM,GTR,BAPATLA,COED,2500.0,2500.0,4751.0,4751.0,5751.0,5751.0,3250.0,3250.0,3751.0,3751.0,3751.0,3751.0,4001.0,4001.0,3500.0,3500.0,3000.0,3000.0
BAPATLA ENGINEERING COLLEGE,ECE,GTR,BAPATLA,COED,2987.0,2987.0,5675.0,5675.0,6869.0,6869.0,3883.0,3883.0,4480.0,4480.0,4480.0,4480.0,4779.0,4779.0,4181.0,4181.0,3584.0,3584.0
BAPATLA ENGINEERING COLLEGE,EEE,GTR,BAPATLA,COED,4890.0,4890.0,9291.0,9291.0,11247.0,11247.0,6357.0,6357.0,7335.0,7335.0,7335.0,7335.0,7824.0,7824.0,6846.0,6846.0,5868.0,5868.0
BAPATLA ENGINEERING COLLEGE,INF,GTR,BAPATLA,COED,4181.0,4181.0,7943.0,7943.0,9615.0,9615.0,5435.0,5435.0,6271.0,6271.0,6271.0,6271.0,6689.0,6689.0,5853.0,5853.0,5017.0,5017.0
BAPATLA ENGINEERING COLLEGE,MEC,GTR,BAPATLA,COED,6125.0,6125.0,11637.0,11637.0,14087.0,14087.0,7962.0,7962.0,9187.0,9187.0,9187.0,9187.0,9800.0,9800.0,8575.0,8575.0,7350.0,7350.0
BAPATLA WOMENS ENGG COLLEGE,AIM,GTR,BAPATLA,GIRLS,3719.0,3719.0,7066.0,7066.0,8554.0,8554.0,4835.0,4835.0,5579.0,5579.0,5579.0,5579.0,5951.0,5951.0,5207.0,5207.0,4463.0,4463.0
BAPATLA WOMENS ENGG COLLEGE,CSE,GTR,BAPATLA,GIRLS,4337.0,4337.0,8240.0,8240.0,9975.0,9975.0,5638.0,5638.0,6506.0,6506.0,6506.0,6506.0,6939.0,6939.0,6072.0,6072.0,5205.0,5205.0
BAPATLA WOMENS ENGG COLLEGE,ECE,GTR,BAPATLA,GIRLS,6983.0,6983.0,13268.0,13268.0,16061.0,16061.0,9078.0,9078.0,10475.0,10475.0,10475.0,10475.0,11173.0,11173.0,9776.0,9776.0,8380.0,8380.0
CHALAPATHI INST OF ENGG AND TECHNOLOGY,CAI,GTR,GUNTUR,COED,4799.0,4799.0,9117.0,9117.0,11037.0,11037.0,6238.0,6238.0,7198.0,7198.0,7198.0,7198.0,7678.0,7678.0,6718.0,6718.0,5758.0,5758.0
CHALAPATHI INST OF ENGG AND TECHNOLOGY,CIT,GTR,GUNTUR,COED,7070.0,7070.0,13434.0,13434.0,16262.0,16262.0,9192.0,9192.0,10606.0,10606.0,10606.0,10606.0,11313.0,11313.0,9899.0,9899.0,8485.0,8485.0
CHALAPATHI INST OF ENGG AND TECHNOLOGY,CIV,GTR,GUNTUR,COED,8516.0,8516.0,16181.0,16181.0,19587.0,19587.0,11071.0,11071.0,12774.0,12774.0,12774.0,12774.0,13626.0,13626.0,11923.0,11923.0,10219.0,10219.0
CHALAPATHI INST OF ENGG AND TECHNOLOGY,CSC,GTR,GUNTUR,COED,5151.0,5151.0,9786.0,9786.0,11846.0,11846.0,6696.0,6696.0,7726.0,7726.0,7726.0,7726.0,8241.0,8241.0,7211.0,7211.0,6181.0,6181.0
CHALAPATHI INST OF ENGG AND TECHNOLOGY,CSD,GTR,GUNTUR,COED,4603.0,4603.0,8745.0,8745.0,10586.0,10586.0,5983.0,5983.0,6904.0,6904.0,6904.0,6904.0,7364.0,7364.0,6444.0,6444.0,5523.0,5523.0
CHALAPATHI INST OF ENGG AND TECHNOLOGY,CSE,GTR,GUNTUR,COED,5109.0,5109.0,9708.0,9708.0,11752.0,11752.0,6642.0,6642.0,7664.0,7664.0,7664.0,7664.0,8175.0,8175.0,7153.0,7153.0,6131.0,6131.0
CHALAPATHI INST OF ENGG AND TECHNOLOGY,CSM,GTR,GUNTUR,COED,3516.0,3516.0,6680.0,6680.0,8086.0,8086.0,4571.0,4571.0,5274.0,5274.0,5274.0,5274.0,5625.0,5625.0,4922.0,4922.0,4219.0,4219.0
CHALAPATHI INST OF ENGG AND TECHNOLOGY,ECE,GTR,GUNTUR,COED,5659.0,5659.0,10751.0,10751.0,13015.0,13015.0,7356.0,7356.0,8488.0,8488.0,8488.0,8488.0,9054.0,9054.0,7922.0,7922.0,6790.0,6790.0
CHALAPATHI INST OF ENGG AND TECHNOLOGY,EEE,GTR,GUNTUR,COED,,,,,,,,,,,,,,,,,,
CHALAPATHI INST OF TECHNOLOGY,AIM,GTR,GUNTUR,COED,7937.0,7937.0,15081.0,15081.0,18256.0,18256.0,10319.0,10319.0,11906.0,11906.0,11906.0,11906.0,12700.0,12700.0,11112.0,11112.0,9525.0,9525.0
CHALAPATHI INST OF TECHNOLOGY,CAI,GTR,GUNTUR,COED,7640.0,7640.0,14516.0,14516.0,17572.0,17572.0,9932.0,9932.0,11460.0,11460.0,11460.0,11460.0,12224.0,12224.0,10696.0,10696.0,9168.0,9168.0
CHALAPATHI INST OF TECHNOLOGY,CIV,GTR,GUNTUR,COED,11472.0,11472.0,21798.0,21798.0,26387.0,26387.0,14914.0,14914.0,17209.0,17209.0,17209.0,17209.0,18356.0,18356.0,16061.0,16061.0,13767.0,13767.0
CHALAPATHI INST OF TECHNOLOGY,CSC,GTR,GUNTUR,COED,9910.0,9910.0,18829.0,18829.0,22793.0,22793.0,12883.0,12883.0,14865.0,14865.0,14865.0,14865.0,15856.0,15856.0,13874.0,13874.0,11892.0,11892.0
CHALAPATHI INST OF TECHNOLOGY,CSD,GTR,GUNTUR,COED,8171.0,8171.0,15525.0,15525.0,18793.0,18793.0,10622.0,10622.0,12257.0,12257.0,12257.0,12257.0,13074.0,13074.0,11439.0,11439.0,9805.0,9805.0
CHALAPATHI INST OF TECHNOLOGY,CSE,GTR,GUNTUR,COED,8259.0,8259.0,15693.0,15693.0,18996.0,18996.0,10737.0,10737.0,12389.0,12389.0,12389.0,12389.0,13215.0,13215.0,11563.0,11563.0,9911.0,9911.0
CHALAPATHI INST OF TECHNOLOGY,ECE,GTR,GUNTUR,COED,6589.0,6589.0,12519.0,12519.0,15154.0,15154.0,8565.0,8565.0,9883.0,9883.0,9883.0,9883.0,10542.0,10542.0,9224.0,9224.0,7907.0,7907.0
CHALAPATHI INSTITUTE OF PHARMACEUTICAL SCI.,PHM,GTR,GUNTUR,COED,10117.0,10117.0,19222.0,19222.0,23269.0,23269.0,13152.0,13152.0,15176.0,15176.0,15176.0,15176.0,16187.0,16187.0,14164.0,14164.0,12140.0,12140.0
ESWAR COLLEGE OF ENGINEERING,AGR,GTR,NARSARAOPET,COED,11258.0,11258.0,21391.0,21391.0,25894.0,25894.0,14636.0,14636.0,16887.0,16887.0,16887.0,16887.0,18013.0,18013.0,15762.0,15762.0,13510.0,13510.0
ESWAR COLLEGE OF ENGINEERING,AUT,GTR,NARSARAOPET,COED,10053.0,10053.0,19101.0,19101.0,23122.0,23122.0,13069.0,13069.0,15080.0,15080.0,15080.0,15080.0,16085.0,16085.0,14074.0,14074.0,12064.0,12064.0
ESWAR COLLEGE OF ENGINEERING,CAI,GTR,NARSARAOPET,COED,9361.0,9361.0,17787.0,17787.0,21531.0,21531.0,12170.0,12170.0,14042.0,14042.0,14042.0,14042.0,14978.0,14978.0,13106.0,13106.0,11234.0,11234.0
ESWAR COLLEGE OF ENGINEERING,CIV,GTR,NARSARAOPET,COED,10741.0,10741.0,20407.0,20407.0,24703.0,24703.0,13963.0,13963.0,16111.0,16111.0,16111.0,16111.0,17185.0,17185.0,15037.0,15037.0,12889.0,12889.0
ESWAR COLLEGE OF ENGINEERING,CSE,GTR,NARSARAOPET,COED,6839.0,6839.0,12994.0,12994.0,15730.0,15730.0,8891.0,8891.0,10259.0,10259.0,10259.0,10259.0,10943.0,10943.0,9575.0,9575.0,8207.0,8207.0
ESWAR COLLEGE OF ENGINEERING,CSG,GTR,NARSARAOPET,COED,11172.0,11172.0,21227.0,21227.0,25695.0,25695.0,14523.0,14523.0,16758.0,16758.0,16758.0,16758.0,17875.0,17875.0,15641.0,15641.0,13406.0,13406.0
ESWAR COLLEGE OF ENGINEERING,CSM,GTR,NARSARAOPET,COED,11018.0,11018.0,20934.0,20934.0,25342.0,25342.0,14323.0,14323.0,16527.0,16527.0,16527.0,16527.0,17629.0,17629.0,15425.0,15425.0,13222.0,13222.0
ESWAR COLLEGE OF ENGINEERING,ECE,GTR,NARSARAOPET,COED,7717.0,7717.0,14662.0,14662.0,17748.0,17748.0,10032.0,10032.0,11575.0,11575.0,11575.0,11575.0,12347.0,12347.0,10803.0,10803.0,9260.0,9260.0
G V R AND S COLLEGE OF ENGG. AND TECHNOLOGY,AID,GTR,GUNTUR,COED,10134.0,10134.0,19254.0,19254.0,23308.0,23308.0,13174.0,13174.0,15201.0,15201.0,15201.0,15201.0,16214.0,16214.0,14187.0,14187.0,12161.0,12161.0
G V R AND S COLLEGE OF ENGG. AND TECHNOLOGY,CSE,GTR,GUNTUR,COED,7719.0,7719.0,14667.0,14667.0,17755.0,17755.0,10035.0,10035.0,11579.0,11579.0,11579.0,11579.0,12351.0,12351.0,10807.0,10807.0,9263.0,9263.0
G V R AND S COLLEGE OF ENGG. AND TECHNOLOGY,CSM,GTR,GUNTUR,COED,7810.0,7810.0,14838.0,14838.0,17962.0,17962.0,10152.0,10152.0,11714.0,11714.0,11714.0,11714.0,12495.0,12495.0,10933.0,10933.0,9371.0,9371.0
G V R AND S COLLEGE OF ENGG. AND TECHNOLOGY,ECE,GTR,GUNTUR,COED,8777.0,8777.0,16676.0,16676.0,20187.0,20187.0,11410.0,11410.0,13166.0,13166.0,13166.0,13166.0,14043.0,14043.0,12288.0,12288.0,10532.0,10532.0
G V R AND S COLLEGE OF ENGG. AND TECHNOLOGY,MEC,GTR,GUNTUR,COED,9283.0,9283.0,17639.0,17639.0,21352.0,21352.0,12069.0,12069.0,13925.0,13925.0,13925.0,13925.0,14854.0,14854.0,12997.0,12997.0,11140.0,11140.0
HINDU COLLEGE OF ENGINEERING AND TECHNOLOGY,AIM,GTR,GUNTUR,COED,9745.0,9745.0,18515.0,18515.0,22413.0,22413.0,12668.0,12668.0,14617.0,14617.0,14617.0,14617.0,15592.0,15592.0,13643.0,13643.0,11694.0,11694.0
HINDU COLLEGE OF ENGINEERING AND TECHNOLOGY,CSE,GTR,GUNTUR,COED,10711.0,10711.0,20350.0,20350.0,24635.0,24635.0,13924.0,13924.0,16066.0,16066.0,16066.0,16066.0,17137.0,17137.0,14995.0,14995.0,12853.0,12853.0
HINDU COLLEGE OF ENGINEERING AND TECHNOLOGY,ECE,GTR,GUNTUR,COED,8493.0,8493.0,16136.0,16136.0,19533.0,19533.0,11040.0,11040.0,12739.0,12739.0,12739.0,12739.0,13588.0,13588.0,11890.0,11890.0,10191.0,10191.0
JNTUK COLLEGE OF ENGINEERING NARSARAOPETA,CIV,GTR,NARSARAOPET,COED,4488.0,4488.0,8527.0,8527.0,10322.0,10322.0,5834.0,5834.0,6731.0,6731.0,6731.0,6731.0,7180.0,7180.0,6283.0,6283.0,5385.0,5385.0
JNTUK COLLEGE OF ENGINEERING NARSARAOPETA,CSE,GTR,NARSARAOPET,COED,1685.0,1685.0,3202.0,3202.0,3876.0,3876.0,2191.0,2191.0,2528.0,2528.0,2528.0,2528.0,2697.0,2697.0,2360.0,2360.0,2022.0,2022.0
JNTUK COLLEGE OF ENGINEERING NARSARAOPETA,ECE,GTR,NARSARAOPET,COED,1776.0,1776.0,3374.0,3374.0,4084.0,4084.0,2309.0,2309.0,2664.0,2664.0,2664.0,2664.0,2841.0,2841.0,2486.0,2486.0,2131.0,2131.0
JNTUK COLLEGE OF ENGINEERING NARSARAOPETA,EEE,GTR,NARSARAOPET,COED,3901.0,3901.0,7412.0,7412.0,8972.0,8972.0,5071.0,5071.0,5851.0,5851.0,5851.0,5851.0,6241.0,6241.0,5461.0,5461.0,4681.0,4681.0
JNTUK COLLEGE OF ENGINEERING NARSARAOPETA,MEC,GTR,NARSARAOPET,COED,4960.0,4960.0,9424.0,9424.0,11408.0,11408.0,6448.0,6448.0,7440.0,7440.0,7440.0,7440.0,7936.0,7936.0,6944.0,6944.0,5952.0,5952.0
KALLAM HARANADH REDDY INST OF TECH,CAD,GTR,GUNTUR,COED,5737.0,5737.0,10900.0,10900.0,13195.0,13195.0,7458.0,7458.0,8606.0,8606.0,8606.0,8606.0,9179.0,9179.0,8032.0,8032.0,6884.0,6884.0
KALLAM HARANADH REDDY INST OF TECH,CIV,GTR,GUNTUR,COED,10697.0,10697.0,20324.0,20324.0,24603.0,24603.0,13906.0,13906.0,16045.0,16045.0,16045.0,16045.0,17115.0,17115.0,14976.0,14976.0,12836.0,12836.0
KALLAM HARANADH REDDY INST OF TECH,CSE,GTR,GUNTUR,COED,5401.0,5401.0,10262.0,10262.0,12423.0,12423.0,7022.0,7022.0,8102.0,8102.0,8102.0,8102.0,8642.0,8642.0,7562.0,7562.0,6481.0,6481.0
KALLAM HARANADH REDDY INST OF TECH,CSM,GTR,GUNTUR,COED,4282.0,4282.0,8136.0,8136.0,9849.0,9849.0,5567.0,5567.0,6423.0,6423.0,6423.0,6423.0,6851.0,6851.0,5995.0,5995.0,5138.0,5138.0
KALLAM HARANADH REDDY INST OF TECH,ECE,GTR,GUNTUR,COED,4896.0,4896.0,9303.0,9303.0,11261.0,11261.0,6365.0,6365.0,7344.0,7344.0,7344.0,7344.0,7834.0,7834.0,6855.0,6855.0,5875.0,5875.0
KALLAM HARANADH REDDY INST OF TECH,EEE,GTR,GUNTUR,COED,8728.0,8728.0,16584.0,16584.0,20075.0,20075.0,11347.0,11347.0,13093.0,13093.0,13093.0,13093.0,13966.0,13966.0,12220.0,12220.0,10474.0,10474.0
KALLAM HARANADH REDDY INST OF TECH,INF,GTR,GUNTUR,COED,7381.0,7381.0,14023.0,14023.0,16976.0,16976.0,9595.0,9595.0,11071.0,11071.0,11071.0,11071.0,11809.0,11809.0,10333.0,10333.0,8857.0,8857.0
KALLAM HARANADH REDDY INST OF TECH,MEC,GTR,GUNTUR,COED,8776.0,8776.0,16673.0,16673.0,20184.0,20184.0,11408.0,11408.0,13163.0,13163.0,13163.0,13163.0,14041.0,14041.0,12286.0,12286.0,10531.0,10531.0
KITS  AKSHAR INSTITUTE OF TECHNOLOGY,CSD,GTR,GUNTUR,COED,4574.0,4574.0,8690.0,8690.0,10519.0,10519.0,5946.0,5946.0,6860.0,6860.0,6860.0,6860.0,7318.0,7318.0,6403.0,6403.0,5488.0,5488.0
KITS  AKSHAR INSTITUTE OF TECHNOLOGY,CSE,GTR,GUNTUR,COED,5787.0,5787.0,10995.0,10995.0,13310.0,13310.0,7523.0,7523.0,8680.0,8680.0,8680.0,8680.0,9259.0,9259.0,8102.0,8102.0,6944.0,6944.0
KITS  AKSHAR INSTITUTE OF TECHNOLOGY,CSM,GTR,GUNTUR,COED,3571.0,3571.0,6785.0,6785.0,8214.0,8214.0,4642.0,4642.0,5357.0,5357.0,5357.0,5357.0,5714.0,5714.0,5000.0,5000.0,4285.0,4285.0
KITS  AKSHAR INSTITUTE OF TECHNOLOGY,ECE,GTR,GUNTUR,COED,6513.0,6513.0,12375.0,12375.0,14980.0,14980.0,8467.0,8467.0,9770.0,9770.0,9770.0,9770.0,10421.0,10421.0,9118.0,9118.0,7816.0,7816.0
KITS  AKSHAR INSTITUTE OF TECHNOLOGY,INF,GTR,GUNTUR,COED,6371.0,6371.0,12104.0,12104.0,14652.0,14652.0,8282.0,8282.0,9556.0,9556.0,9556.0,9556.0,10193.0,10193.0,8919.0,8919.0,7645.0,7645.0
KKR AND KSR INST OF TECHNOLOGY AND SCI,CSD,GTR,GUNTUR,COED,2646.0,2646.0,5028.0,5028.0,6086.0,6086.0,3440.0,3440.0,3969.0,3969.0,3969.0,3969.0,4234.0,4234.0,3705.0,3705.0,3175.0,3175.0
KKR AND KSR INST OF TECHNOLOGY AND SCI,CSE,GTR,GUNTUR,COED,2320.0,2320.0,4408.0,4408.0,5336.0,5336.0,3016.0,3016.0,3480.0,3480.0,3480.0,3480.0,3712.0,3712.0,3248.0,3248.0,2784.0,2784.0
KKR AND KSR INST OF TECHNOLOGY AND SCI,CSM,GTR,GUNTUR,COED,1959.0,1959.0,3722.0,3722.0,4505.0,4505.0,2547.0,2547.0,2938.0,2938.0,2938.0,2938.0,3134.0,3134.0,2742.0,2742.0,2351.0,2351.0
KKR AND KSR INST OF TECHNOLOGY AND SCI,ECE,GTR,GUNTUR,COED,2962.0,2962.0,5628.0,5628.0,6813.0,6813.0,3851.0,3851.0,4443.0,4443.0,4443.0,4443.0,4739.0,4739.0,4147.0,4147.0,3554.0,3554.0
KKR AND KSR INST OF TECHNOLOGY AND SCI,EEE,GTR,GUNTUR,COED,4181.0,4181.0,7944.0,7944.0,9617.0,9617.0,5436.0,5436.0,6272.0,6272.0,6272.0,6272.0,6690.0,6690.0,5854.0,5854.0,5018.0,5018.0
KKR AND KSR INST OF TECHNOLOGY AND SCI,INF,GTR,GUNTUR,COED,2576.0,2576.0,4894.0,4894.0,5924.0,5924.0,3348.0,3348.0,3864.0,3864.0,3864.0,3864.0,4121.0,4121.0,3606.0,3606.0,3091.0,3091.0
LOYOLA INSTITUTE OF TECHNOLOGY AND MGMT,CIV,GTR,SATTENAPALLY,COED,11477.0,11477.0,21805.0,21805.0,26396.0,26396.0,14920.0,14920.0,17215.0,17215.0,17215.0,17215.0,18363.0,18363.0,16067.0,16067.0,13772.0,13772.0
LOYOLA INSTITUTE OF TECHNOLOGY AND MGMT,CSD,GTR,SATTENAPALLY,COED,8060.0,8060.0,15314.0,15314.0,18538.0,18538.0,10478.0,10478.0,12090.0,12090.0,12090.0,12090.0,12896.0,12896.0,11284.0,11284.0,9672.0,9672.0
LOYOLA INSTITUTE OF TECHNOLOGY AND MGMT,CSE,GTR,SATTENAPALLY,COED,9498.0,9498.0,18045.0,18045.0,21844.0,21844.0,12347.0,12347.0,14246.0,14246.0,14246.0,14246.0,15196.0,15196.0,13297.0,13297.0,11397.0,11397.0
LOYOLA INSTITUTE OF TECHNOLOGY AND MGMT,CSM,GTR,SATTENAPALLY,COED,7429.0,7429.0,14115.0,14115.0,17087.0,17087.0,9658.0,9658.0,11143.0,11143.0,11143.0,11143.0,11886.0,11886.0,10400.0,10400.0,8915.0,8915.0
LOYOLA INSTITUTE OF TECHNOLOGY AND MGMT,ECE,GTR,SATTENAPALLY,COED,6668.0,6668.0,12669.0,12669.0,15336.0,15336.0,8668.0,8668.0,10002.0,10002.0,10002.0,10002.0,10668.0,10668.0,9335.0,9335.0,8001.0,8001.0
M.A.M COLLEGE OF PHARMACY,PHM,GTR,NARSARAOPET,COED,11956.0,11956.0,22716.0,22716.0,27498.0,27498.0,15543.0,15543.0,17934.0,17934.0,17934.0,17934.0,19129.0,19129.0,16738.0,16738.0,14347.0,14347.0
M A M WOMEN'S ENGINEERING COLLEGE,CAI,GTR,NARSARAOPET,GIRLS,9327.0,9327.0,17721.0,17721.0,21452.0,21452.0,12125.0,12125.0,13990.0,13990.0,13990.0,13990.0,14923.0,14923.0,13058.0,13058.0,11192.0,11192.0
M A M WOMEN'S ENGINEERING COLLEGE,CSE,GTR,NARSARAOPET,GIRLS,8625.0,8625.0,16388.0,16388.0,19839.0,19839.0,11213.0,11213.0,12938.0,12938.0,12938.0,12938.0,13801.0,13801.0,12076.0,12076.0,10351.0,10351.0
M A M WOMEN'S ENGINEERING COLLEGE,ECE,GTR,NARSARAOPET,GIRLS,11185.0,11185.0,21252.0,21252.0,25726.0,25726.0,14541.0,14541.0,16778.0,16778.0,16778.0,16778.0,17896.0,17896.0,15659.0,15659.0,13422.0,13422.0
MALINENI LAKSHMAIAH WOMENS ENGG. COLLEGE,AID,GTR,GUNTUR,GIRLS,6590.0,6590.0,12522.0,12522.0,15158.0,15158.0,8568.0,8568.0,9886.0,9886.0,9886.0,9886.0,10545.0,10545.0,9227.0,9227.0,7909.0,7909.0
MALINENI LAKSHMAIAH WOMENS ENGG. COLLEGE,CSD,GTR,GUNTUR,GIRLS,6421.0,6421.0,12199.0,12199.0,14767.0,14767.0,8347.0,8347.0,9631.0,9631.0,9631.0,9631.0,10273.0,10273.0,8989.0,8989.0,7705.0,7705.0
MALINENI LAKSHMAIAH WOMENS ENGG. COLLEGE,CSE,GTR,GUNTUR,GIRLS,4176.0,4176.0,7934.0,7934.0,9605.0,9605.0,5429.0,5429.0,6264.0,6264.0,6264.0,6264.0,6682.0,6682.0,5846.0,5846.0,5011.0,5011.0
MALINENI LAKSHMAIAH WOMENS ENGG. COLLEGE,CSM,GTR,GUNTUR,GIRLS,5111.0,5111.0,9710.0,9710.0,11754.0,11754.0,6644.0,6644.0,7666.0,7666.0,7666.0,7666.0,8177.0,8177.0,7155.0,7155.0,6133.0,6133.0
MALINENI LAKSHMAIAH WOMENS ENGG. COLLEGE,ECE,GTR,GUNTUR,GIRLS,6872.0,6872.0,13056.0,13056.0,15805.0,15805.0,8933.0,8933.0,10308.0,10308.0,10308.0,10308.0,10995.0,10995.0,9620.0,9620.0,8246.0,8246.0
MALINENI LAKSHMAIAH WOMENS ENGG. COLLEGE,EVT,GTR,GUNTUR,GIRLS,10011.0,10011.0,19021.0,19021.0,23025.0,23025.0,13014.0,13014.0,15016.0,15016.0,15016.0,15016.0,16017.0,16017.0,14015.0,14015.0,12013.0,12013.0
MALINENI LAKSHMAIAH WOMENS ENGG. COLLEGE,INF,GTR,GUNTUR,GIRLS,7485.0,7485.0,14221.0,14221.0,17215.0,17215.0,9730.0,9730.0,11227.0,11227.0,11227.0,11227.0,11976.0,11976.0,10479.0,10479.0,8982.0,8982.0
SRI MITTAPALLI COLLEGE OF ENGINEERING,CAI,GTR,GUNTUR,COED,8076.0,8076.0,15345.0,15345.0,18575.0,18575.0,10499.0,10499.0,12114.0,12114.0,12114.0,12114.0,12922.0,12922.0,11306.0,11306.0,9691.0,9691.0
SRI MITTAPALLI COLLEGE OF ENGINEERING,CSD,GTR,GUNTUR,COED,8559.0,8559.0,16261.0,16261.0,19685.0,19685.0,11126.0,11126.0,12838.0,12838.0,12838.0,12838.0,13694.0,13694.0,11982.0,11982.0,10270.0,10270.0
SRI MITTAPALLI COLLEGE OF ENGINEERING,CSE,GTR,GUNTUR,COED,7773.0,7773.0,14769.0,14769.0,17879.0,17879.0,10105.0,10105.0,11660.0,11660.0,11660.0,11660.0,12437.0,12437.0,10883.0,10883.0,9328.0,9328.0
SRI MITTAPALLI COLLEGE OF ENGINEERING,ECE,GTR,GUNTUR,COED,7924.0,7924.0,15055.0,15055.0,18224.0,18224.0,10301.0,10301.0,11886.0,11886.0,11886.0,11886.0,12678.0,12678.0,11093.0,11093.0,9508.0,9508.0
SRI MITTAPALLI COLLEGE OF ENGINEERING,INF,GTR,GUNTUR,COED,10555.0,10555.0,20054.0,20054.0,24276.0,24276.0,13721.0,13721.0,15832.0,15832.0,15832.0,15832.0,16888.0,16888.0,14777.0,14777.0,12666.0,12666.0
NEWTONS INST OF SCI AND TECH,CIV,GTR,MACHERLA,COED,5137.0,5137.0,9760.0,9760.0,11815.0,11815.0,6678.0,6678.0,7705.0,7705.0,7705.0,7705.0,8219.0,8219.0,7192.0,7192.0,6164.0,6164.0
NEWTONS INST OF SCI AND TECH,CSE,GTR,MACHERLA,COED,11144.0,11144.0,21173.0,21173.0,25631.0,25631.0,14487.0,14487.0,16716.0,16716.0,16716.0,16716.0,17830.0,17830.0,15601.0,15601.0,13373.0,13373.0
NEWTONS INST OF SCI AND TECH,ECE,GTR,MACHERLA,COED,11954.0,11954.0,22713.0,22713.0,27495.0,27495.0,15540.0,15540.0,17931.0,17931.0,17931.0,17931.0,19127.0,19127.0,16736.0,16736.0,14345.0,14345.0
NEWTON INSTITUTE OF ENGINEERING,CSE,GTR,MACHERLA,COED,10999.0,10999.0,20898.0,20898.0,25297.0,25297.0,14298.0,14298.0,16498.0,16498.0,16498.0,16498.0,17598.0,17598.0,15398.0,15398.0,13199.0,13199.0
NEWTON INSTITUTE OF ENGINEERING,CSM,GTR,MACHERLA,COED,11508.0,11508.0,21865.0,21865.0,26468.0,26468.0,14960.0,14960.0,17262.0,17262.0,17262.0,17262.0,18412.0,18412.0,16111.0,16111.0,13809.0,13809.0
NEWTON INSTITUTE OF ENGINEERING,ECE,GTR,MACHERLA,COED,11199.0,11199.0,21277.0,21277.0,25757.0,25757.0,14558.0,14558.0,16798.0,16798.0,16798.0,16798.0,17918.0,17918.0,15678.0,15678.0,13438.0,13438.0
NRI INSTT OF TECHNOLOGY,AIM,GTR,GUNTUR,COED,6958.0,6958.0,13220.0,13220.0,16003.0,16003.0,9045.0,9045.0,10437.0,10437.0,10437.0,10437.0,11133.0,11133.0,9741.0,9741.0,8349.0,8349.0
NRI INSTT OF TECHNOLOGY,CIV,GTR,GUNTUR,COED,8990.0,8990.0,17082.0,17082.0,20678.0,20678.0,11688.0,11688.0,13486.0,13486.0,13486.0,13486.0,14385.0,14385.0,12587.0,12587.0,10789.0,10789.0
NRI INSTT OF TECHNOLOGY,CSD,GTR,GUNTUR,COED,7757.0,7757.0,14738.0,14738.0,17840.0,17840.0,10084.0,10084.0,11635.0,11635.0,11635.0,11635.0,12411.0,12411.0,10859.0,10859.0,9308.0,9308.0
NRI INSTT OF TECHNOLOGY,CSE,GTR,GUNTUR,COED,7330.0,7330.0,13926.0,13926.0,16858.0,16858.0,9529.0,9529.0,10995.0,10995.0,10995.0,10995.0,11728.0,11728.0,10262.0,10262.0,8796.0,8796.0
NRI INSTT OF TECHNOLOGY,ECE,GTR,GUNTUR,COED,7183.0,7183.0,13647.0,13647.0,16520.0,16520.0,9337.0,9337.0,10774.0,10774.0,10774.0,10774.0,11492.0,11492.0,10056.0,10056.0,8619.0,8619.0
NRI INSTT OF TECHNOLOGY,EVT,GTR,GUNTUR,COED,9445.0,9445.0,17945.0,17945.0,21723.0,21723.0,12278.0,12278.0,14167.0,14167.0,14167.0,14167.0,15111.0,15111.0,13222.0,13222.0,11333.0,11333.0
NRI INSTT OF TECHNOLOGY,INF,GTR,GUNTUR,COED,9151.0,9151.0,17387.0,17387.0,21048.0,21048.0,11897.0,11897.0,13727.0,13727.0,13727.0,13727.0,14642.0,14642.0,12812.0,12812.0,10982.0,10982.0
NIRMALA COLL. OF PHARM,PHD,GTR,MANGALAGIRI,COED,12000.0,12000.0,22800.0,22800.0,27600.0,27600.0,15600.0,15600.0,18000.0,18000.0,18000.0,18000.0,19200.0,19200.0,16800.0,16800.0,14400.0,14400.0
NIRMALA COLL. OF PHARM,PHM,GTR,MANGALAGIRI,COED,8986.0,8986.0,17074.0,17074.0,20669.0,20669.0,11682.0,11682.0,13480.0,13480.0,13480.0,13480.0,14378.0,14378.0,12581.0,12581.0,10784.0,10784.0
NARSARAOPETA ENGINEERING COLLEGE,CAI,GTR,NARSARAOPET,COED,5304.0,5304.0,10078.0,10078.0,12199.0,12199.0,6895.0,6895.0,7956.0,7956.0,7956.0,7956.0,8486.0,8486.0,7426.0,7426.0,6365.0,6365.0
NARSARAOPETA ENGINEERING COLLEGE,CIV,GTR,NARSARAOPET,COED,,,,,,,,,,,,,,,,,,
NARSARAOPETA ENGINEERING COLLEGE,CSC,GTR,NARSARAOPET,COED,6034.0,6034.0,11465.0,11465.0,13878.0,13878.0,7844.0,7844.0,9051.0,9051.0,9051.0,9051.0,9654.0,9654.0,8448.0,8448.0,7241.0,7241.0
NARSARAOPETA ENGINEERING COLLEGE,CSD,GTR,NARSARAOPET,COED,4165.0,4165.0,7913.0,7913.0,9578.0,9578.0,5414.0,5414.0,6247.0,6247.0,6247.0,6247.0,6663.0,6663.0,5830.0,5830.0,4997.0,4997.0
NARSARAOPETA ENGINEERING COLLEGE,CSE,GTR,NARSARAOPET,COED,4651.0,4651.0,8836.0,8836.0,10696.0,10696.0,6046.0,6046.0,6976.0,6976.0,6976.0,6976.0,7441.0,7441.0,6511.0,6511.0,5581.0,5581.0
NARSARAOPETA ENGINEERING COLLEGE,CSM,GTR,NARSARAOPET,COED,4096.0,4096.0,7783.0,7783.0,9421.0,9421.0,5325.0,5325.0,6144.0,6144.0,6144.0,6144.0,6554.0,6554.0,5735.0,5735.0,4915.0,4915.0
NARSARAOPETA ENGINEERING COLLEGE,ECE,GTR,NARSARAOPET,COED,5612.0,5612.0,10662.0,10662.0,12907.0,12907.0,7295.0,7295.0,8417.0,8417.0,8417.0,8417.0,8978.0,8978.0,7856.0,7856.0,6734.0,6734.0
NARSARAOPETA ENGINEERING COLLEGE,EEE,GTR,NARSARAOPET,COED,,,,,,,,,,,,,,,,,,
NARSARAOPETA ENGINEERING COLLEGE,INF,GTR,NARSARAOPET,COED,5709.0,5709.0,10847.0,10847.0,13130.0,13130.0,7422.0,7422.0,8563.0,8563.0,8563.0,8563.0,9134.0,9134.0,7992.0,7992.0,6851.0,6851.0
NARSARAOPETA ENGINEERING COLLEGE,MEC,GTR,NARSARAOPET,COED,10757.0,10757.0,20438.0,20438.0,24741.0,24741.0,13984.0,13984.0,16135.0,16135.0,16135.0,16135.0,17211.0,17211.0,15059.0,15059.0,12908.0,12908.0
N.V.R.COLLEGE OF ENGG TECHNOLOGY,CSD,GTR,TENALI,COED,,,,,,,,,,,,,,,,,,
N.V.R.COLLEGE OF ENGG TECHNOLOGY,CSE,GTR,TENALI,COED,9634.0,9634.0,18305.0,18305.0,22159.0,22159.0,12524.0,12524.0,14451.0,14451.0,14451.0,14451.0,15415.0,15415.0,13488.0,13488.0,11561.0,11561.0
N.V.R.COLLEGE OF ENGG TECHNOLOGY,CSM,GTR,TENALI,COED,10189.0,10189.0,19359.0,19359.0,23435.0,23435.0,13246.0,13246.0,15284.0,15284.0,15284.0,15284.0,16302.0,16302.0,14265.0,14265.0,12227.0,12227.0
PRIYADARSHINI INST OF TECH AND MGMT,AID,GTR,GUNTUR,COED,9977.0,9977.0,18956.0,18956.0,22947.0,22947.0,12970.0,12970.0,14965.0,14965.0,14965.0,14965.0,15963.0,15963.0,13968.0,13968.0,11972.0,11972.0
PRIYADARSHINI INST OF TECH AND MGMT,CSE,GTR,GUNTUR,COED,9852.0,9852.0,18719.0,18719.0,22660.0,22660.0,12808.0,12808.0,14778.0,14778.0,14778.0,14778.0,15763.0,15763.0,13793.0,13793.0,11823.0,11823.0
PRIYADARSHINI INST OF TECH AND MGMT,ECE,GTR,GUNTUR,COED,9195.0,9195.0,17471.0,17471.0,21150.0,21150.0,11954.0,11954.0,13793.0,13793.0,13793.0,13793.0,14713.0,14713.0,12874.0,12874.0,11035.0,11035.0
PRIYADARSHINI INST OF TECH AND MGMT,MEC,GTR,GUNTUR,COED,,,,,,,,,,,,,,,,,,
PRIYADARSHINI INST. OF TECHNOLOGY AND SCIENCES,AID,GTR,TENALI,COED,5816.0,5816.0,11050.0,11050.0,13376.0,13376.0,7560.0,7560.0,8724.0,8724.0,8724.0,8724.0,9305.0,9305.0,8142.0,8142.0,6979.0,6979.0
PRIYADARSHINI INST. OF TECHNOLOGY AND SCIENCES,CSE,GTR,TENALI,COED,10842.0,10842.0,20600.0,20600.0,24937.0,24937.0,14095.0,14095.0,16263.0,16263.0,16263.0,16263.0,17347.0,17347.0,15179.0,15179.0,13011.0,13011.0
PRIYADARSHINI INST. OF TECHNOLOGY AND SCIENCES,ECE,GTR,TENALI,COED,10458.0,10458.0,19869.0,19869.0,24052.0,24052.0,13595.0,13595.0,15686.0,15686.0,15686.0,15686.0,16732.0,16732.0,14641.0,14641.0,12549.0,12549.0
PRIYADARSHINI INST. OF TECH AND SCIENCES FOR WOMEN,CSE,GTR,TENALI,GIRLS,9292.0,9292.0,17654.0,17654.0,21371.0,21371.0,12079.0,12079.0,13938.0,13938.0,13938.0,13938.0,14867.0,14867.0,13008.0,13008.0,11150.0,11150.0
PRIYADARSHINI INST. OF TECH AND SCIENCES FOR WOMEN,ECE,GTR,TENALI,GIRLS,,,,,,,,,,,,,,,,,,
R V INSTITUTE OF TECHNOLOGY,CSD,GTR,GUNTUR,COED,10120.0,10120.0,19228.0,19228.0,23276.0,23276.0,13156.0,13156.0,15180.0,15180.0,15180.0,15180.0,16192.0,16192.0,14168.0,14168.0,12144.0,12144.0
R V INSTITUTE OF TECHNOLOGY,CSE,GTR,GUNTUR,COED,10806.0,10806.0,20531.0,20531.0,24854.0,24854.0,14048.0,14048.0,16209.0,16209.0,16209.0,16209.0,17289.0,17289.0,15128.0,15128.0,12967.0,12967.0
R V INSTITUTE OF TECHNOLOGY,CSM,GTR,GUNTUR,COED,6867.0,6867.0,13047.0,13047.0,15794.0,15794.0,8927.0,8927.0,10300.0,10300.0,10300.0,10300.0,10987.0,10987.0,9614.0,9614.0,8240.0,8240.0
R V INSTITUTE OF TECHNOLOGY,ECE,GTR,GUNTUR,COED,9808.0,9808.0,18635.0,18635.0,22558.0,22558.0,12750.0,12750.0,14712.0,14712.0,14712.0,14712.0,15693.0,15693.0,13731.0,13731.0,11769.0,11769.0
R V INSTITUTE OF TECHNOLOGY,EVT,GTR,GUNTUR,COED,10571.0,10571.0,20084.0,20084.0,24313.0,24313.0,13742.0,13742.0,15856.0,15856.0,15856.0,15856.0,16913.0,16913.0,14799.0,14799.0,12685.0,12685.0
R V R AND J C COLLEGE OF ENGINEERING,CHE,GTR,GUNTUR,COED,3847.0,3847.0,7309.0,7309.0,8847.0,8847.0,5001.0,5001.0,5770.0,5770.0,5770.0,5770.0,6155.0,6155.0,5385.0,5385.0,4616.0,4616.0
R V R AND J C COLLEGE OF ENGINEERING,CIV,GTR,GUNTUR,COED,7250.0,7250.0,13776.0,13776.0,16676.0,16676.0,9425.0,9425.0,10876.0,10876.0,10876.0,10876.0,11601.0,11601.0,10150.0,10150.0,8700.0,8700.0
R V R AND J C COLLEGE OF ENGINEERING,CSB,GTR,GUNTUR,COED,1332.0,1332.0,2531.0,2531.0,3064.0,3064.0,1732.0,1732.0,1998.0,1998.0,1998.0,1998.0,2131.0,2131.0,1865.0,1865.0,1599.0,1599.0
R V R AND J C COLLEGE OF ENGINEERING,CSD,GTR,GUNTUR,COED,756.0,756.0,1437.0,1437.0,1740.0,1740.0,983.0,983.0,1135.0,1135.0,1135.0,1135.0,1210.0,1210.0,1059.0,1059.0,908.0,908.0
R V R AND J C COLLEGE OF ENGINEERING,CSE,GTR,GUNTUR,COED,665.0,665.0,1263.0,1263.0,1528.0,1528.0,864.0,864.0,997.0,997.0,997.0,997.0,1063.0,1063.0,930.0,930.0,797.0,797.0
R V R AND J C COLLEGE OF ENGINEERING,CSM,GTR,GUNTUR,COED,716.0,716.0,1360.0,1360.0,1647.0,1647.0,931.0,931.0,1074.0,1074.0,1074.0,1074.0,1146.0,1146.0,1002.0,1002.0,859.0,859.0
R V R AND J C COLLEGE OF ENGINEERING,CSO,GTR,GUNTUR,COED,1017.0,1017.0,1932.0,1932.0,2339.0,2339.0,1322.0,1322.0,1525.0,1525.0,1525.0,1525.0,1627.0,1627.0,1423.0,1423.0,1220.0,1220.0
R V R AND J C COLLEGE OF ENGINEERING,ECE,GTR,GUNTUR,COED,1232.0,1232.0,2341.0,2341.0,2834.0,2834.0,1602.0,1602.0,1848.0,1848.0,1848.0,1848.0,1972.0,1972.0,1725.0,1725.0,1479.0,1479.0
R V R AND J C COLLEGE OF ENGINEERING,EEE,GTR,GUNTUR,COED,3591.0,3591.0,6824.0,6824.0,8260.0,8260.0,4669.0,4669.0,5387.0,5387.0,5387.0,5387.0,5746.0,5746.0,5028.0,5028.0,4310.0,4310.0
R V R AND J C COLLEGE OF ENGINEERING,INF,GTR,GUNTUR,COED,937.0,937.0,1780.0,1780.0,2155.0,2155.0,1218.0,1218.0,1406.0,1406.0,1406.0,1406.0,1499.0,1499.0,1312.0,1312.0,1124.0,1124.0
R V R AND J C COLLEGE OF ENGINEERING,MEC,GTR,GUNTUR,COED,4116.0,4116.0,7820.0,7820.0,9466.0,9466.0,5350.0,5350.0,6173.0,6173.0,6173.0,6173.0,6585.0,6585.0,5762.0,5762.0,4939.0,4939.0
TIRUMALA ENGINEERING COLLEGE,CSE,GTR,NARSARAOPET,COED,5553.0,5553.0,10550.0,10550.0,12771.0,12771.0,7218.0,7218.0,8329.0,8329.0,8329.0,8329.0,8884.0,8884.0,7774.0,7774.0,6663.0,6663.0
TIRUMALA ENGINEERING COLLEGE,CSM,GTR,NARSARAOPET,COED,4703.0,4703.0,8936.0,8936.0,10817.0,10817.0,6114.0,6114.0,7054.0,7054.0,7054.0,7054.0,7525.0,7525.0,6584.0,6584.0,5644.0,5644.0
TIRUMALA ENGINEERING COLLEGE,ECE,GTR,NARSARAOPET,COED,6009.0,6009.0,11417.0,11417.0,13821.0,13821.0,7812.0,7812.0,9014.0,9014.0,9014.0,9014.0,9614.0,9614.0,8413.0,8413.0,7211.0,7211.0
TIRUMALA ENGINEERING COLLEGE,EEE,GTR,NARSARAOPET,COED,8796.0,8796.0,16712.0,16712.0,20230.0,20230.0,11435.0,11435.0,13194.0,13194.0,13194.0,13194.0,14073.0,14073.0,12314.0,12314.0,10555.0,10555.0
TIRUMALA ENGINEERING COLLEGE,INF,GTR,NARSARAOPET,COED,6991.0,6991.0,13283.0,13283.0,16080.0,16080.0,9089.0,9089.0,10487.0,10487.0,10487.0,10487.0,11186.0,11186.0,9788.0,9788.0,8389.0,8389.0
UNIVERSAL COLLEGE OF ENGG AND TECHNOLOGY,AIM,GTR,GUNTUR,COED,7561.0,7561.0,14367.0,14367.0,17391.0,17391.0,9830.0,9830.0,11342.0,11342.0,11342.0,11342.0,12098.0,12098.0,10586.0,10586.0,9074.0,9074.0
UNIVERSAL COLLEGE OF ENGG AND TECHNOLOGY,CSD,GTR,GUNTUR,COED,7785.0,7785.0,14791.0,14791.0,17905.0,17905.0,10120.0,10120.0,11677.0,11677.0,11677.0,11677.0,12456.0,12456.0,10899.0,10899.0,9342.0,9342.0
UNIVERSAL COLLEGE OF ENGG AND TECHNOLOGY,CSE,GTR,GUNTUR,COED,9187.0,9187.0,17456.0,17456.0,21130.0,21130.0,11943.0,11943.0,13781.0,13781.0,13781.0,13781.0,14699.0,14699.0,12862.0,12862.0,11025.0,11025.0
UNIVERSAL COLLEGE OF ENGG AND TECHNOLOGY,ECE,GTR,GUNTUR,COED,11003.0,11003.0,20905.0,20905.0,25306.0,25306.0,14304.0,14304.0,16504.0,16504.0,16504.0,16504.0,17604.0,17604.0,15404.0,15404.0,13203.0,13203.0
UNIVERSAL COLLEGE OF ENGG AND TECHNOLOGY,MEC,GTR,GUNTUR,COED,8551.0,8551.0,16246.0,16246.0,19666.0,19666.0,11116.0,11116.0,12826.0,12826.0,12826.0,12826.0,13681.0,13681.0,11971.0,11971.0,10261.0,10261.0
VAGDEVI COLLEGE OF PHARMACY,PHM,GTR,GURAZALA,COED,11895.0,11895.0,22600.0,22600.0,27358.0,27358.0,15463.0,15463.0,17842.0,17842.0,17842.0,17842.0,19032.0,19032.0,16653.0,16653.0,14274.0,14274.0
VIGNANS LARA INST. OF TECHNOLOGY AND SCI,CAI,GTR,VADLAMUDI,COED,1781.0,1781.0,3384.0,3384.0,4096.0,4096.0,2315.0,2315.0,2671.0,2671.0,2671.0,2671.0,2849.0,2849.0,2493.0,2493.0,2137.0,2137.0
VIGNANS LARA INST. OF TECHNOLOGY AND SCI,CIV,GTR,VADLAMUDI,COED,7351.0,7351.0,13966.0,13966.0,16907.0,16907.0,9556.0,9556.0,11026.0,11026.0,11026.0,11026.0,11761.0,11761.0,10291.0,10291.0,8821.0,8821.0
VIGNANS LARA INST. OF TECHNOLOGY AND SCI,CSD,GTR,VADLAMUDI,COED,2116.0,2116.0,4021.0,4021.0,4868.0,4868.0,2751.0,2751.0,3175.0,3175.0,3175.0,3175.0,3386.0,3386.0,2963.0,2963.0,2540.0,2540.0
VIGNANS LARA INST. OF TECHNOLOGY AND SCI,CSE,GTR,VADLAMUDI,COED,1909.0,1909.0,3627.0,3627.0,4391.0,4391.0,2482.0,2482.0,2864.0,2864.0,2864.0,2864.0,3054.0,3054.0,2673.0,2673.0,2291.0,2291.0
VIGNANS LARA INST. OF TECHNOLOGY AND SCI,CSM,GTR,VADLAMUDI,COED,1190.0,1190.0,2262.0,2262.0,2738.0,2738.0,1548.0,1548.0,1786.0,1786.0,1786.0,1786.0,1905.0,1905.0,1667.0,1667.0,1429.0,1429.0
VIGNANS LARA INST. OF TECHNOLOGY AND SCI,ECE,GTR,VADLAMUDI,COED,2591.0,2591.0,4923.0,4923.0,5959.0,5959.0,3368.0,3368.0,3886.0,3886.0,3886.0,3886.0,4145.0,4145.0,3627.0,3627.0,3109.0,3109.0
VIGNANS LARA INST. OF TECHNOLOGY AND SCI,EEE,GTR,VADLAMUDI,COED,4857.0,4857.0,9227.0,9227.0,11170.0,11170.0,6314.0,6314.0,7285.0,7285.0,7285.0,7285.0,7770.0,7770.0,6799.0,6799.0,5828.0,5828.0
VIGNANS LARA INST. OF TECHNOLOGY AND SCI,INF,GTR,VADLAMUDI,COED,2364.0,2364.0,4492.0,4492.0,5437.0,5437.0,3073.0,3073.0,3546.0,3546.0,3546.0,3546.0,3783.0,3783.0,3310.0,3310.0,2837.0,2837.0
VIGNANS LARA INST. OF TECHNOLOGY AND SCI,MEC,GTR,VADLAMUDI,COED,5581.0,5581.0,10603.0,10603.0,12836.0,12836.0,7255.0,7255.0,8371.0,8371.0,8371.0,8371.0,8929.0,8929.0,7813.0,7813.0,6697.0,6697.0
VIGNANS NIRULA INST OF TECH. AND SCI FOR WOMEN,CSD,GTR,GUNTUR,GIRLS,3384.0,3384.0,6430.0,6430.0,7784.0,7784.0,4400.0,4400.0,5077.0,5077.0,5077.0,5077.0,5415.0,5415.0,4738.0,4738.0,4061.0,4061.0
VIGNANS NIRULA INST OF TECH. AND SCI FOR WOMEN,CSE,GTR,GUNTUR,GIRLS,3227.0,3227.0,6131.0,6131.0,7421.0,7421.0,4195.0,4195.0,4840.0,4840.0,4840.0,4840.0,5163.0,5163.0,4517.0,4517.0,3872.0,3872.0
VIGNANS NIRULA INST OF TECH. AND SCI FOR WOMEN,CSM,GTR,GUNTUR,GIRLS,2516.0,2516.0,4780.0,4780.0,5786.0,5786.0,3270.0,3270.0,3774.0,3774.0,3774.0,3774.0,4025.0,4025.0,3522.0,3522.0,3019.0,3019.0
VIGNANS NIRULA INST OF TECH. AND SCI FOR WOMEN,ECE,GTR,GUNTUR,GIRLS,5036.0,5036.0,9569.0,9569.0,11583.0,11583.0,6547.0,6547.0,7554.0,7554.0,7554.0,7554.0,8058.0,8058.0,7051.0,7051.0,6043.0,6043.0
VIGNANS NIRULA INST OF TECH. AND SCI FOR WOMEN,EEE,GTR,GUNTUR,GIRLS,8795.0,8795.0,16710.0,16710.0,20228.0,20228.0,11433.0,11433.0,13192.0,13192.0,13192.0,13192.0,14071.0,14071.0,12313.0,12313.0,10554.0,10554.0
VIGNANS NIRULA INST OF TECH. AND SCI FOR WOMEN,INF,GTR,GUNTUR,GIRLS,5399.0,5399.0,10258.0,10258.0,12418.0,12418.0,7019.0,7019.0,8099.0,8099.0,8099.0,8099.0,8639.0,8639.0,7559.0,7559.0,6479.0,6479.0
VELAGA NAGESWARA RAO COLL OF ENGINEERING,CSD,GTR,PONNUR,COED,11176.0,11176.0,21234.0,21234.0,25704.0,25704.0,14529.0,14529.0,16764.0,16764.0,16764.0,16764.0,17881.0,17881.0,15646.0,15646.0,13411.0,13411.0
VELAGA NAGESWARA RAO COLL OF ENGINEERING,CSE,GTR,PONNUR,COED,9898.0,9898.0,18806.0,18806.0,22765.0,22765.0,12867.0,12867.0,14847.0,14847.0,14847.0,14847.0,15837.0,15837.0,13857.0,13857.0,11878.0,11878.0
VIGNAN PHARMACY COLLEGE,PHD,GTR,VADLAMUDI,COED,9136.0,9136.0,17358.0,17358.0,21012.0,21012.0,11876.0,11876.0,13703.0,13703.0,13703.0,13703.0,14617.0,14617.0,12790.0,12790.0,10963.0,10963.0
VIGNAN PHARMACY COLLEGE,PHM,GTR,VADLAMUDI,COED,2992.0,2992.0,5685.0,5685.0,6882.0,6882.0,3890.0,3890.0,4488.0,4488.0,4488.0,4488.0,4787.0,4787.0,4189.0,4189.0,3590.0,3590.0
VARAPRASAD REDDY INST OF TECHNOLOGY,ECE,GTR,SATTENAPALLY,COED,4969.0,4969.0,9442.0,9442.0,11430.0,11430.0,6460.0,6460.0,7454.0,7454.0,7454.0,7454.0,7951.0,7951.0,6957.0,6957.0,5963.0,5963.0
VARAPRASAD REDDY INST OF TECHNOLOGY,IOT,GTR,SATTENAPALLY,COED,3293.0,3293.0,6257.0,6257.0,7574.0,7574.0,4281.0,4281.0,4939.0,4939.0,4939.0,4939.0,5269.0,5269.0,4610.0,4610.0,3952.0,3952.0
VASIREDDY VENKATADRI INST. OF TECHNOLOGY,AID,GTR,GUNTUR,COED,1443.0,1443.0,2742.0,2742.0,3320.0,3320.0,1876.0,1876.0,2165.0,2165.0,2165.0,2165.0,2309.0,2309.0,2021.0,2021.0,1732.0,1732.0
VASIREDDY VENKATADRI INST. OF TECHNOLOGY,CAI,GTR,GUNTUR,COED,1516.0,1516.0,2881.0,2881.0,3487.0,3487.0,1971.0,1971.0,2274.0,2274.0,2274.0,2274.0,2426.0,2426.0,2123.0,2123.0,1819.0,1819.0
VASIREDDY VENKATADRI INST. OF TECHNOLOGY,CIC,GTR,GUNTUR,COED,1603.0,1603.0,3045.0,3045.0,3686.0,3686.0,2083.0,2083.0,2404.0,2404.0,2404.0,2404.0,2564.0,2564.0,2244.0,2244.0,1923.0,1923.0
VASIREDDY VENKATADRI INST. OF TECHNOLOGY,CIV,GTR,GUNTUR,COED,6034.0,6034.0,11465.0,11465.0,13878.0,13878.0,7844.0,7844.0,9051.0,9051.0,9051.0,9051.0,9655.0,9655.0,8448.0,8448.0,7241.0,7241.0
VASIREDDY VENKATADRI INST. OF TECHNOLOGY,CSE,GTR,GUNTUR,COED,1101.0,1101.0,2092.0,2092.0,2533.0,2533.0,1432.0,1432.0,1652.0,1652.0,1652.0,1652.0,1762.0,1762.0,1542.0,1542.0,1321.0,1321.0
VASIREDDY VENKATADRI INST. OF TECHNOLOGY,CSM,GTR,GUNTUR,COED,1165.0,1165.0,2213.0,2213.0,2679.0,2679.0,1514.0,1514.0,1747.0,1747.0,1747.0,1747.0,1864.0,1864.0,1631.0,1631.0,1398.0,1398.0
VASIREDDY VENKATADRI INST. OF TECHNOLOGY,CSO,GTR,GUNTUR,COED,1783.0,1783.0,3387.0,3387.0,4100.0,4100.0,2318.0,2318.0,2674.0,2674.0,2674.0,2674.0,2852.0,2852.0,2496.0,2496.0,2139.0,2139.0
VASIREDDY VENKATADRI INST. OF TECHNOLOGY,ECE,GTR,GUNTUR,COED,1391.0,1391.0,2643.0,2643.0,3200.0,3200.0,1809.0,1809.0,2087.0,2087.0,2087.0,2087.0,2226.0,2226.0,1948.0,1948.0,1670.0,1670.0
VASIREDDY VENKATADRI INST. OF TECHNOLOGY,EEE,GTR,GUNTUR,COED,4606.0,4606.0,8752.0,8752.0,10594.0,10594.0,5988.0,5988.0,6909.0,6909.0,6909.0,6909.0,7370.0,7370.0,6449.0,6449.0,5527.0,5527.0
VASIREDDY VENKATADRI INST. OF TECHNOLOGY,INF,GTR,GUNTUR,COED,1539.0,1539.0,2923.0,2923.0,3539.0,3539.0,2000.0,2000.0,2308.0,2308.0,2308.0,2308.0,2462.0,2462.0,2154.0,2154.0,1846.0,1846.0
VASIREDDY VENKATADRI INST. OF TECHNOLOGY,MEC,GTR,GUNTUR,COED,6971.0,6971.0,13245.0,13245.0,16033.0,16033.0,9062.0,9062.0,10457.0,10457.0,10457.0,10457.0,11154.0,11154.0,9759.0,9759.0,8365.0,8365.0
ANDHRA LOYOLA INSTT OF ENGG AND TECHNOLOGY,CIV,KRI,VIJAYAWADA,COED,2973.0,2973.0,5649.0,5649.0,6838.0,6838.0,3865.0,3865.0,4459.0,4459.0,4459.0,4459.0,4757.0,4757.0,4162.0,4162.0,3567.0,3567.0
ANDHRA LOYOLA INSTT OF ENGG AND TECHNOLOGY,CSD,KRI,VIJAYAWADA,COED,3071.0,3071.0,5834.0,5834.0,7063.0,7063.0,3992.0,3992.0,4606.0,4606.0,4606.0,4606.0,4913.0,4913.0,4299.0,4299.0,3685.0,3685.0
ANDHRA LOYOLA INSTT OF ENGG AND TECHNOLOGY,CSE,KRI,VIJAYAWADA,COED,3091.0,3091.0,5873.0,5873.0,7109.0,7109.0,4018.0,4018.0,4636.0,4636.0,4636.0,4636.0,4945.0,4945.0,4327.0,4327.0,3709.0,3709.0
ANDHRA LOYOLA INSTT OF ENGG AND TECHNOLOGY,CSM,KRI,VIJAYAWADA,COED,2713.0,2713.0,5154.0,5154.0,6239.0,6239.0,3526.0,3526.0,4069.0,4069.0,4069.0,4069.0,4340.0,4340.0,3798.0,3798.0,3255.0,3255.0
ANDHRA LOYOLA INSTT OF ENGG AND TECHNOLOGY,ECE,KRI,VIJAYAWADA,COED,5136.0,5136.0,9758.0,9758.0,11813.0,11813.0,6677.0,6677.0,7704.0,7704.0,7704.0,7704.0,8217.0,8217.0,7190.0,7190.0,6163.0,6163.0
ANDHRA LOYOLA INSTT OF ENGG AND TECHNOLOGY,EEE,KRI,VIJAYAWADA,COED,5515.0,5515.0,10479.0,10479.0,12685.0,12685.0,7170.0,7170.0,8273.0,8273.0,8273.0,8273.0,8824.0,8824.0,7721.0,7721.0,6618.0,6618.0
ANDHRA LOYOLA INSTT OF ENGG AND TECHNOLOGY,INF,KRI,VIJAYAWADA,COED,4698.0,4698.0,8927.0,8927.0,10806.0,10806.0,6108.0,6108.0,7047.0,7047.0,7047.0,7047.0,7517.0,7517.0,6577.0,6577.0,5638.0,5638.0
ANDHRA LOYOLA INSTT OF ENGG AND TECHNOLOGY,MEC,KRI,VIJAYAWADA,COED,8410.0,8410.0,15978.0,15978.0,19342.0,19342.0,10932.0,10932.0,12614.0,12614.0,12614.0,12614.0,13455.0,13455.0,11773.0,11773.0,10091.0,10091.0
AMRITA SAI INST. OF SCIENCE AND TECHNOLOGY,CBA,KRI,PARITALA,COED,8297.0,8297.0,15764.0,15764.0,19083.0,19083.0,10786.0,10786.0,12445.0,12445.0,12445.0,12445.0,13275.0,13275.0,11616.0,11616.0,9956.0,9956.0
AMRITA SAI INST. OF SCIENCE AND TECHNOLOGY,CIC,KRI,PARITALA,COED,6973.0,6973.0,13249.0,13249.0,16038.0,16038.0,9065.0,9065.0,10459.0,10459.0,10459.0,10459.0,11157.0,11157.0,9762.0,9762.0,8368.0,8368.0
AMRITA SAI INST. OF SCIENCE AND TECHNOLOGY,CIV,KRI,PARITALA,COED,9156.0,9156.0,17397.0,17397.0,21060.0,21060.0,11903.0,11903.0,13735.0,13735.0,13735.0,13735.0,14650.0,14650.0,12819.0,12819.0,10988.0,10988.0
AMRITA SAI INST. OF SCIENCE AND TECHNOLOGY,CSD,KRI,PARITALA,COED,4662.0,4662.0,8859.0,8859.0,10724.0,10724.0,6061.0,6061.0,6994.0,6994.0,6994.0,6994.0,7460.0,7460.0,6527.0,6527.0,5595.0,5595.0
AMRITA SAI INST. OF SCIENCE AND TECHNOLOGY,CSE,KRI,PARITALA,COED,7067.0,7067.0,13427.0,13427.0,16254.0,16254.0,9187.0,9187.0,10600.0,10600.0,10600.0,10600.0,11307.0,11307.0,9894.0,9894.0,8480.0,8480.0
AMRITA SAI INST. OF SCIENCE AND TECHNOLOGY,CSM,KRI,PARITALA,COED,5399.0,5399.0,10259.0,10259.0,12418.0,12418.0,7019.0,7019.0,8099.0,8099.0,8099.0,8099.0,8639.0,8639.0,7559.0,7559.0,6479.0,6479.0
AMRITA SAI INST. OF SCIENCE AND TECHNOLOGY,ECA,KRI,PARITALA,COED,11500.0,11500.0,21850.0,21850.0,26451.0,26451.0,14950.0,14950.0,17250.0,17250.0,17250.0,17250.0,18400.0,18400.0,16100.0,16100.0,13800.0,13800.0
AMRITA SAI INST. OF SCIENCE AND TECHNOLOGY,ECE,KRI,PARITALA,COED,8074.0,8074.0,15341.0,15341.0,18571.0,18571.0,10497.0,10497.0,12111.0,12111.0,12111.0,12111.0,12919.0,12919.0,11304.0,11304.0,9689.0,9689.0
AMRITA SAI INST. OF SCIENCE AND TECHNOLOGY,EEE,KRI,PARITALA,COED,8793.0,8793.0,16707.0,16707.0,20224.0,20224.0,11431.0,11431.0,13190.0,13190.0,13190.0,13190.0,14069.0,14069.0,12310.0,12310.0,10552.0,10552.0
AMRITA SAI INST. OF SCIENCE AND TECHNOLOGY,EVT,KRI,PARITALA,COED,7254.0,7254.0,13782.0,13782.0,16684.0,16684.0,9430.0,9430.0,10881.0,10881.0,10881.0,10881.0,11606.0,11606.0,10155.0,10155.0,8705.0,8705.0
AMRITA SAI INST. OF SCIENCE AND TECHNOLOGY,MEC,KRI,PARITALA,COED,,,,,,,,,,,,,,,,,,
DHANEKULA INST OF ENGG TECHNOLOGY,CIV,KRI,VIJAYAWADA,COED,6462.0,6462.0,12278.0,12278.0,14863.0,14863.0,8401.0,8401.0,9693.0,9693.0,9693.0,9693.0,10339.0,10339.0,9047.0,9047.0,7755.0,7755.0
DHANEKULA INST OF ENGG TECHNOLOGY,CSD,KRI,VIJAYAWADA,COED,3666.0,3666.0,6966.0,6966.0,8432.0,8432.0,4766.0,4766.0,5499.0,5499.0,5499.0,5499.0,5866.0,5866.0,5133.0,5133.0,4399.0,4399.0
DHANEKULA INST OF ENGG TECHNOLOGY,CSE,KRI,VIJAYAWADA,COED,3414.0,3414.0,6486.0,6486.0,7851.0,7851.0,4438.0,4438.0,5120.0,5120.0,5120.0,5120.0,5462.0,5462.0,4779.0,4779.0,4096.0,4096.0
DHANEKULA INST OF ENGG TECHNOLOGY,CSM,KRI,VIJAYAWADA,COED,3501.0,3501.0,6652.0,6652.0,8052.0,8052.0,4551.0,4551.0,5251.0,5251.0,5251.0,5251.0,5601.0,5601.0,4901.0,4901.0,4201.0,4201.0
DHANEKULA INST OF ENGG TECHNOLOGY,ECE,KRI,VIJAYAWADA,COED,4332.0,4332.0,8230.0,8230.0,9963.0,9963.0,5631.0,5631.0,6498.0,6498.0,6498.0,6498.0,6931.0,6931.0,6065.0,6065.0,5198.0,5198.0
DHANEKULA INST OF ENGG TECHNOLOGY,EEE,KRI,VIJAYAWADA,COED,,,,,,,,,,,,,,,,,,
DHANEKULA INST OF ENGG TECHNOLOGY,EII,KRI,VIJAYAWADA,COED,7701.0,7701.0,14631.0,14631.0,17712.0,17712.0,10011.0,10011.0,11551.0,11551.0,11551.0,11551.0,12321.0,12321.0,10781.0,10781.0,9241.0,9241.0
DHANEKULA INST OF ENGG TECHNOLOGY,INF,KRI,VIJAYAWADA,COED,4693.0,4693.0,8917.0,8917.0,10795.0,10795.0,6101.0,6101.0,7040.0,7040.0,7040.0,7040.0,7509.0,7509.0,6571.0,6571.0,5632.0,5632.0
DHANEKULA INST OF ENGG TECHNOLOGY,MEC,KRI,VIJAYAWADA,COED,8418.0,8418.0,15994.0,15994.0,19361.0,19361.0,10943.0,10943.0,12627.0,12627.0,12627.0,12627.0,13469.0,13469.0,11785.0,11785.0,10102.0,10102.0
SRI CHAITANYA -DJR COLL OF ENGG AND TECH,CIV,KRI,VIJAYAWADA,COED,11764.0,11764.0,22351.0,22351.0,27057.0,27057.0,15293.0,15293.0,17646.0,17646.0,17646.0,17646.0,18822.0,18822.0,16469.0,16469.0,14117.0,14117.0
SRI CHAITANYA -DJR COLL OF ENGG AND TECH,CSE,KRI,VIJAYAWADA,COED,,,,,,,,,,,,,,,,,,
SESHADRI RAO GUDLAVALLERU ENGINEERING COLLEGE,AID,KRI,GUDLAVALLERU,COED,1850.0,1850.0,3515.0,3515.0,4255.0,4255.0,2405.0,2405.0,2775.0,2775.0,2775.0,2775.0,2960.0,2960.0,2590.0,2590.0,2220.0,2220.0
SESHADRI RAO GUDLAVALLERU ENGINEERING COLLEGE,CIV,KRI,GUDLAVALLERU,COED,5625.0,5625.0,10688.0,10688.0,12939.0,12939.0,7313.0,7313.0,8438.0,8438.0,8438.0,8438.0,9001.0,9001.0,7876.0,7876.0,6751.0,6751.0
SESHADRI RAO GUDLAVALLERU ENGINEERING COLLEGE,CSE,KRI,GUDLAVALLERU,COED,1771.0,1771.0,3365.0,3365.0,4074.0,4074.0,2303.0,2303.0,2657.0,2657.0,2657.0,2657.0,2834.0,2834.0,2480.0,2480.0,2125.0,2125.0
SESHADRI RAO GUDLAVALLERU ENGINEERING COLLEGE,CSM,KRI,GUDLAVALLERU,COED,1543.0,1543.0,2931.0,2931.0,3548.0,3548.0,2005.0,2005.0,2314.0,2314.0,2314.0,2314.0,2468.0,2468.0,2160.0,2160.0,1851.0,1851.0
SESHADRI RAO GUDLAVALLERU ENGINEERING COLLEGE,ECE,KRI,GUDLAVALLERU,COED,2621.0,2621.0,4980.0,4980.0,6029.0,6029.0,3408.0,3408.0,3932.0,3932.0,3932.0,3932.0,4194.0,4194.0,3670.0,3670.0,3145.0,3145.0
SESHADRI RAO GUDLAVALLERU ENGINEERING COLLEGE,EEE,KRI,GUDLAVALLERU,COED,4857.0,4857.0,9228.0,9228.0,11171.0,11171.0,6314.0,6314.0,7286.0,7286.0,7286.0,7286.0,7771.0,7771.0,6800.0,6800.0,5828.0,5828.0
SESHADRI RAO GUDLAVALLERU ENGINEERING COLLEGE,INF,KRI,GUDLAVALLERU,COED,2661.0,2661.0,5055.0,5055.0,6120.0,6120.0,3459.0,3459.0,3991.0,3991.0,3991.0,3991.0,4257.0,4257.0,3725.0,3725.0,3193.0,3193.0
SESHADRI RAO GUDLAVALLERU ENGINEERING COLLEGE,IOT,KRI,GUDLAVALLERU,COED,3720.0,3720.0,7068.0,7068.0,8556.0,8556.0,4836.0,4836.0,5580.0,5580.0,5580.0,5580.0,5952.0,5952.0,5208.0,5208.0,4464.0,4464.0
SESHADRI RAO GUDLAVALLERU ENGINEERING COLLEGE,MEC,KRI,GUDLAVALLERU,COED,9972.0,9972.0,18947.0,18947.0,22935.0,22935.0,12963.0,12963.0,14958.0,14958.0,14958.0,14958.0,15955.0,15955.0,13961.0,13961.0,11966.0,11966.0
KRISHNA UNIVERSITY COLLEGE OF ENGG AND TECHNOLOGY-SELF FINAN,CSE,KRI,MACHILIPATNAM,COED,5306.0,5306.0,10082.0,10082.0,12204.0,12204.0,6898.0,6898.0,7959.0,7959.0,7959.0,7959.0,8490.0,8490.0,7429.0,7429.0,6367.0,6367.0
KRISHNA UNIVERSITY COLLEGE OF ENGG AND TECHNOLOGY-SELF FINAN,ECE,KRI,MACHILIPATNAM,COED,2962.0,2962.0,5627.0,5627.0,6812.0,6812.0,3850.0,3850.0,4443.0,4443.0,4443.0,4443.0,4739.0,4739.0,4147.0,4147.0,3554.0,3554.0
LAKIREDDY BALIREDDY COLLEGE OF ENGINEERING,AID,KRI,MYLAVARAM,COED,2105.0,2105.0,4000.0,4000.0,4843.0,4843.0,2737.0,2737.0,3158.0,3158.0,3158.0,3158.0,3369.0,3369.0,2948.0,2948.0,2527.0,2527.0
LAKIREDDY BALIREDDY COLLEGE OF ENGINEERING,ASE,KRI,MYLAVARAM,COED,2663.0,2663.0,5059.0,5059.0,6124.0,6124.0,3462.0,3462.0,3994.0,3994.0,3994.0,3994.0,4260.0,4260.0,3728.0,3728.0,3195.0,3195.0
LAKIREDDY BALIREDDY COLLEGE OF ENGINEERING,CIV,KRI,MYLAVARAM,COED,6215.0,6215.0,11809.0,11809.0,14295.0,14295.0,8080.0,8080.0,9323.0,9323.0,9323.0,9323.0,9945.0,9945.0,8702.0,8702.0,7459.0,7459.0
LAKIREDDY BALIREDDY COLLEGE OF ENGINEERING,CSE,KRI,MYLAVARAM,COED,2185.0,2185.0,4152.0,4152.0,5026.0,5026.0,2841.0,2841.0,3278.0,3278.0,3278.0,3278.0,3496.0,3496.0,3059.0,3059.0,2622.0,2622.0
LAKIREDDY BALIREDDY COLLEGE OF ENGINEERING,CSM,KRI,MYLAVARAM,COED,2268.0,2268.0,4310.0,4310.0,5217.0,5217.0,2949.0,2949.0,3402.0,3402.0,3402.0,3402.0,3629.0,3629.0,3175.0,3175.0,2722.0,2722.0
LAKIREDDY BALIREDDY COLLEGE OF ENGINEERING,ECE,KRI,MYLAVARAM,COED,2609.0,2609.0,4957.0,4957.0,6001.0,6001.0,3392.0,3392.0,3914.0,3914.0,3914.0,3914.0,4174.0,4174.0,3653.0,3653.0,3131.0,3131.0
LAKIREDDY BALIREDDY COLLEGE OF ENGINEERING,EEE,KRI,MYLAVARAM,COED,4845.0,4845.0,9206.0,9206.0,11144.0,11144.0,6299.0,6299.0,7268.0,7268.0,7268.0,7268.0,7753.0,7753.0,6784.0,6784.0,5815.0,5815.0
LAKIREDDY BALIREDDY COLLEGE OF ENGINEERING,INF,KRI,MYLAVARAM,COED,2624.0,2624.0,4985.0,4985.0,6034.0,6034.0,3411.0,3411.0,3935.0,3935.0,3935.0,3935.0,4198.0,4198.0,3673.0,3673.0,3148.0,3148.0
LAKIREDDY BALIREDDY COLLEGE OF ENGINEERING,MEC,KRI,MYLAVARAM,COED,5594.0,5594.0,10629.0,10629.0,12867.0,12867.0,7273.0,7273.0,8392.0,8392.0,8392.0,8392.0,8951.0,8951.0,7832.0,7832.0,6713.0,6713.0
LINGAYAS INST OF MGMT AND TECHNOLOGY,AID,KRI,VIJAYAWADA,COED,6917.0,6917.0,13143.0,13143.0,15910.0,15910.0,8992.0,8992.0,10376.0,10376.0,10376.0,10376.0,11068.0,11068.0,9684.0,9684.0,8301.0,8301.0
LINGAYAS INST OF MGMT AND TECHNOLOGY,AIM,KRI,VIJAYAWADA,COED,6580.0,6580.0,12502.0,12502.0,15134.0,15134.0,8554.0,8554.0,9870.0,9870.0,9870.0,9870.0,10528.0,10528.0,9212.0,9212.0,7896.0,7896.0
LINGAYAS INST OF MGMT AND TECHNOLOGY,CIV,KRI,VIJAYAWADA,COED,10595.0,10595.0,20130.0,20130.0,24368.0,24368.0,13773.0,13773.0,15892.0,15892.0,15892.0,15892.0,16952.0,16952.0,14833.0,14833.0,12714.0,12714.0
LINGAYAS INST OF MGMT AND TECHNOLOGY,CSE,KRI,VIJAYAWADA,COED,6878.0,6878.0,13068.0,13068.0,15820.0,15820.0,8942.0,8942.0,10317.0,10317.0,10317.0,10317.0,11005.0,11005.0,9629.0,9629.0,8254.0,8254.0
LINGAYAS INST OF MGMT AND TECHNOLOGY,ECE,KRI,VIJAYAWADA,COED,7251.0,7251.0,13777.0,13777.0,16678.0,16678.0,9427.0,9427.0,10877.0,10877.0,10877.0,10877.0,11602.0,11602.0,10152.0,10152.0,8701.0,8701.0
DVR AND DR.HS MIC COLLEGE OF TECHNOLOGY,AID,KRI,KANCHIKACHERLA,COED,4252.0,4252.0,8079.0,8079.0,9780.0,9780.0,5528.0,5528.0,6378.0,6378.0,6378.0,6378.0,6804.0,6804.0,5953.0,5953.0,5103.0,5103.0
DVR AND DR.HS MIC COLLEGE OF TECHNOLOGY,AIM,KRI,KANCHIKACHERLA,COED,3860.0,3860.0,7334.0,7334.0,8878.0,8878.0,5018.0,5018.0,5790.0,5790.0,5790.0,5790.0,6176.0,6176.0,5404.0,5404.0,4632.0,4632.0
DVR AND DR.HS MIC COLLEGE OF TECHNOLOGY,CIV,KRI,KANCHIKACHERLA,COED,6415.0,6415.0,12189.0,12189.0,14755.0,14755.0,8340.0,8340.0,9623.0,9623.0,9623.0,9623.0,10265.0,10265.0,8981.0,8981.0,7698.0,7698.0
DVR AND DR.HS MIC COLLEGE OF TECHNOLOGY,CSE,KRI,KANCHIKACHERLA,COED,3353.0,3353.0,6371.0,6371.0,7712.0,7712.0,4359.0,4359.0,5030.0,5030.0,5030.0,5030.0,5365.0,5365.0,4694.0,4694.0,4024.0,4024.0
DVR AND DR.HS MIC COLLEGE OF TECHNOLOGY,ECE,KRI,KANCHIKACHERLA,COED,4685.0,4685.0,8902.0,8902.0,10776.0,10776.0,6091.0,6091.0,7028.0,7028.0,7028.0,7028.0,7496.0,7496.0,6559.0,6559.0,5622.0,5622.0
DVR AND DR.HS MIC COLLEGE OF TECHNOLOGY,EEE,KRI,KANCHIKACHERLA,COED,6434.0,6434.0,12224.0,12224.0,14797.0,14797.0,8364.0,8364.0,9650.0,9650.0,9650.0,9650.0,10294.0,10294.0,9007.0,9007.0,7720.0,7720.0
DVR AND DR.HS MIC COLLEGE OF TECHNOLOGY,INF,KRI,KANCHIKACHERLA,COED,4808.0,4808.0,9136.0,9136.0,11059.0,11059.0,6251.0,6251.0,7213.0,7213.0,7213.0,7213.0,7693.0,7693.0,6732.0,6732.0,5770.0,5770.0
DVR AND DR.HS MIC COLLEGE OF TECHNOLOGY,MEC,KRI,KANCHIKACHERLA,COED,6267.0,6267.0,11907.0,11907.0,14414.0,14414.0,8147.0,8147.0,9400.0,9400.0,9400.0,9400.0,10027.0,10027.0,8773.0,8773.0,7520.0,7520.0
MANDAVA INSTITUTE OF ENGG AND TECHNOLOGY,CIV,KRI,JAGGAIAHPETA,COED,11976.0,11976.0,22754.0,22754.0,27544.0,27544.0,15569.0,15569.0,17964.0,17964.0,17964.0,17964.0,19161.0,19161.0,16766.0,16766.0,14371.0,14371.0
MANDAVA INSTITUTE OF ENGG AND TECHNOLOGY,CSE,KRI,JAGGAIAHPETA,COED,8418.0,8418.0,15994.0,15994.0,19361.0,19361.0,10943.0,10943.0,12627.0,12627.0,12627.0,12627.0,13469.0,13469.0,11785.0,11785.0,10102.0,10102.0
MANDAVA INSTITUTE OF ENGG AND TECHNOLOGY,CSM,KRI,JAGGAIAHPETA,COED,11109.0,11109.0,21107.0,21107.0,25550.0,25550.0,14441.0,14441.0,16663.0,16663.0,16663.0,16663.0,17774.0,17774.0,15552.0,15552.0,13331.0,13331.0
MANDAVA INSTITUTE OF ENGG AND TECHNOLOGY,ECE,KRI,JAGGAIAHPETA,COED,9134.0,9134.0,17354.0,17354.0,21007.0,21007.0,11874.0,11874.0,13700.0,13700.0,13700.0,13700.0,14614.0,14614.0,12787.0,12787.0,10960.0,10960.0
MANDAVA INSTITUTE OF ENGG AND TECHNOLOGY,MEC,KRI,JAGGAIAHPETA,COED,10956.0,10956.0,20816.0,20816.0,25199.0,25199.0,14243.0,14243.0,16434.0,16434.0,16434.0,16434.0,17530.0,17530.0,15338.0,15338.0,13147.0,13147.0
M.V.R.COLL OF ENGINEERING AND TECHNOLOGY,AID,KRI,PARITALA,COED,8408.0,8408.0,15975.0,15975.0,19338.0,19338.0,10930.0,10930.0,12612.0,12612.0,12612.0,12612.0,13453.0,13453.0,11771.0,11771.0,10090.0,10090.0
M.V.R.COLL OF ENGINEERING AND TECHNOLOGY,CAI,KRI,PARITALA,COED,8448.0,8448.0,16051.0,16051.0,19430.0,19430.0,10982.0,10982.0,12671.0,12671.0,12671.0,12671.0,13516.0,13516.0,11827.0,11827.0,10137.0,10137.0
M.V.R.COLL OF ENGINEERING AND TECHNOLOGY,CIV,KRI,PARITALA,COED,8646.0,8646.0,16428.0,16428.0,19887.0,19887.0,11240.0,11240.0,12970.0,12970.0,12970.0,12970.0,13834.0,13834.0,12105.0,12105.0,10376.0,10376.0
M.V.R.COLL OF ENGINEERING AND TECHNOLOGY,CSE,KRI,PARITALA,COED,6121.0,6121.0,11630.0,11630.0,14079.0,14079.0,7958.0,7958.0,9182.0,9182.0,9182.0,9182.0,9794.0,9794.0,8570.0,8570.0,7345.0,7345.0
M.V.R.COLL OF ENGINEERING AND TECHNOLOGY,ECE,KRI,PARITALA,COED,9344.0,9344.0,17754.0,17754.0,21492.0,21492.0,12148.0,12148.0,14017.0,14017.0,14017.0,14017.0,14951.0,14951.0,13082.0,13082.0,11213.0,11213.0
M.V.R.COLL OF ENGINEERING AND TECHNOLOGY,EEE,KRI,PARITALA,COED,10472.0,10472.0,19897.0,19897.0,24086.0,24086.0,13614.0,13614.0,15708.0,15708.0,15708.0,15708.0,16755.0,16755.0,14661.0,14661.0,12566.0,12566.0
M.V.R.COLL OF ENGINEERING AND TECHNOLOGY,MEC,KRI,PARITALA,COED,8965.0,8965.0,17034.0,17034.0,20620.0,20620.0,11655.0,11655.0,13448.0,13448.0,13448.0,13448.0,14345.0,14345.0,12552.0,12552.0,10758.0,10758.0
NRI INSTITUTE OF TECHNOLOGY,AIM,KRI,AGIRIPALLY,COED,3371.0,3371.0,6406.0,6406.0,7754.0,7754.0,4383.0,4383.0,5057.0,5057.0,5057.0,5057.0,5394.0,5394.0,4720.0,4720.0,4046.0,4046.0
NRI INSTITUTE OF TECHNOLOGY,CIV,KRI,AGIRIPALLY,COED,7545.0,7545.0,14336.0,14336.0,17354.0,17354.0,9809.0,9809.0,11318.0,11318.0,11318.0,11318.0,12073.0,12073.0,10564.0,10564.0,9054.0,9054.0
NRI INSTITUTE OF TECHNOLOGY,CSD,KRI,AGIRIPALLY,COED,3810.0,3810.0,7238.0,7238.0,8762.0,8762.0,4953.0,4953.0,5715.0,5715.0,5715.0,5715.0,6095.0,6095.0,5334.0,5334.0,4572.0,4572.0
NRI INSTITUTE OF TECHNOLOGY,CSE,KRI,AGIRIPALLY,COED,2591.0,2591.0,4924.0,4924.0,5960.0,5960.0,3369.0,3369.0,3887.0,3887.0,3887.0,3887.0,4146.0,4146.0,3628.0,3628.0,3110.0,3110.0
NRI INSTITUTE OF TECHNOLOGY,CSER,KRI,AGIRIPALLY,COED,5539.0,5539.0,10524.0,10524.0,12739.0,12739.0,7200.0,7200.0,8308.0,8308.0,8308.0,8308.0,8862.0,8862.0,7754.0,7754.0,6647.0,6647.0
NRI INSTITUTE OF TECHNOLOGY,CSM,KRI,AGIRIPALLY,COED,3339.0,3339.0,6343.0,6343.0,7679.0,7679.0,4340.0,4340.0,5008.0,5008.0,5008.0,5008.0,5342.0,5342.0,4674.0,4674.0,4006.0,4006.0
NRI INSTITUTE OF TECHNOLOGY,ECE,KRI,AGIRIPALLY,COED,3860.0,3860.0,7334.0,7334.0,8878.0,8878.0,5018.0,5018.0,5790.0,5790.0,5790.0,5790.0,6176.0,6176.0,5404.0,5404.0,4632.0,4632.0
NRI INSTITUTE OF TECHNOLOGY,EEE,KRI,AGIRIPALLY,COED,,,,,,,,,,,,,,,,,,
NRI INSTITUTE OF TECHNOLOGY,INF,KRI,AGIRIPALLY,COED,4259.0,4259.0,8092.0,8092.0,9796.0,9796.0,5537.0,5537.0,6388.0,6388.0,6388.0,6388.0,6814.0,6814.0,5963.0,5963.0,5111.0,5111.0
NRI INSTITUTE OF TECHNOLOGY,MEC,KRI,AGIRIPALLY,COED,6845.0,6845.0,13006.0,13006.0,15744.0,15744.0,8899.0,8899.0,10268.0,10268.0,10268.0,10268.0,10953.0,10953.0,9584.0,9584.0,8215.0,8215.0
PALADUGU PARVATHI DEVI COLLEGE OF ENGG AND TECH,CSD,KRI,VIJAYAWADA,COED,1042.0,1042.0,1980.0,1980.0,2397.0,2397.0,1355.0,1355.0,1563.0,1563.0,1563.0,1563.0,1667.0,1667.0,1459.0,1459.0,1250.0,1250.0
PALADUGU PARVATHI DEVI COLLEGE OF ENGG AND TECH,CSE,KRI,VIJAYAWADA,COED,8479.0,8479.0,16110.0,16110.0,19502.0,19502.0,11023.0,11023.0,12719.0,12719.0,12719.0,12719.0,13566.0,13566.0,11871.0,11871.0,10175.0,10175.0
PALADUGU PARVATHI DEVI COLLEGE OF ENGG AND TECH,CSM,KRI,VIJAYAWADA,COED,7232.0,7232.0,13741.0,13741.0,16634.0,16634.0,9402.0,9402.0,10848.0,10848.0,10848.0,10848.0,11571.0,11571.0,10125.0,10125.0,8679.0,8679.0
PALADUGU PARVATHI DEVI COLLEGE OF ENGG AND TECH,ECE,KRI,VIJAYAWADA,COED,8035.0,8035.0,15266.0,15266.0,18480.0,18480.0,10445.0,10445.0,12052.0,12052.0,12052.0,12052.0,12856.0,12856.0,11249.0,11249.0,9642.0,9642.0
PRASAD V POTLURI SIDDHARTHA INSTT OF TECHNOLOGY,CIV,KRI,VIJAYAWADA,COED,5318.0,5318.0,10105.0,10105.0,12232.0,12232.0,6914.0,6914.0,7978.0,7978.0,7978.0,7978.0,8510.0,8510.0,7446.0,7446.0,6382.0,6382.0
PRASAD V POTLURI SIDDHARTHA INSTT OF TECHNOLOGY,CSD,KRI,VIJAYAWADA,COED,1210.0,1210.0,2300.0,2300.0,2784.0,2784.0,1573.0,1573.0,1815.0,1815.0,1815.0,1815.0,1937.0,1937.0,1694.0,1694.0,1452.0,1452.0
PRASAD V POTLURI SIDDHARTHA INSTT OF TECHNOLOGY,CSE,KRI,VIJAYAWADA,COED,1089.0,1089.0,2069.0,2069.0,2504.0,2504.0,1415.0,1415.0,1633.0,1633.0,1633.0,1633.0,1742.0,1742.0,1524.0,1524.0,1307.0,1307.0
PRASAD V POTLURI SIDDHARTHA INSTT OF TECHNOLOGY,CSM,KRI,VIJAYAWADA,COED,1132.0,1132.0,2151.0,2151.0,2604.0,2604.0,1472.0,1472.0,1698.0,1698.0,1698.0,1698.0,1811.0,1811.0,1585.0,1585.0,1358.0,1358.0
PRASAD V POTLURI SIDDHARTHA INSTT OF TECHNOLOGY,ECE,KRI,VIJAYAWADA,COED,1993.0,1993.0,3787.0,3787.0,4585.0,4585.0,2591.0,2591.0,2990.0,2990.0,2990.0,2990.0,3189.0,3189.0,2791.0,2791.0,2392.0,2392.0
PRASAD V POTLURI SIDDHARTHA INSTT OF TECHNOLOGY,EEE,KRI,VIJAYAWADA,COED,4091.0,4091.0,7773.0,7773.0,9409.0,9409.0,5318.0,5318.0,6136.0,6136.0,6136.0,6136.0,6546.0,6546.0,5727.0,5727.0,4909.0,4909.0
PRASAD V POTLURI SIDDHARTHA INSTT OF TECHNOLOGY,INF,KRI,VIJAYAWADA,COED,1797.0,1797.0,3415.0,3415.0,4134.0,4134.0,2337.0,2337.0,2696.0,2696.0,2696.0,2696.0,2876.0,2876.0,2516.0,2516.0,2157.0,2157.0
PRASAD V POTLURI SIDDHARTHA INSTT OF TECHNOLOGY,MEC,KRI,VIJAYAWADA,COED,3894.0,3894.0,7398.0,7398.0,8956.0,8956.0,5062.0,5062.0,5841.0,5841.0,5841.0,5841.0,6230.0,6230.0,5451.0,5451.0,4673.0,4673.0
POTTI SRIRAMULU COLLEGE OF ENGG AND TECHNOLOGY,AID,KRI,VIJAYAWADA,COED,4043.0,4043.0,7682.0,7682.0,9299.0,9299.0,5256.0,5256.0,6064.0,6064.0,6064.0,6064.0,6469.0,6469.0,5660.0,5660.0,4852.0,4852.0
POTTI SRIRAMULU COLLEGE OF ENGG AND TECHNOLOGY,CAI,KRI,VIJAYAWADA,COED,4367.0,4367.0,8297.0,8297.0,10044.0,10044.0,5677.0,5677.0,6550.0,6550.0,6550.0,6550.0,6987.0,6987.0,6114.0,6114.0,5240.0,5240.0
POTTI SRIRAMULU COLLEGE OF ENGG AND TECHNOLOGY,CIC,KRI,VIJAYAWADA,COED,6049.0,6049.0,11493.0,11493.0,13913.0,13913.0,7864.0,7864.0,9073.0,9073.0,9073.0,9073.0,9678.0,9678.0,8469.0,8469.0,7259.0,7259.0
POTTI SRIRAMULU COLLEGE OF ENGG AND TECHNOLOGY,CSD,KRI,VIJAYAWADA,COED,3699.0,3699.0,7029.0,7029.0,8508.0,8508.0,4809.0,4809.0,5549.0,5549.0,5549.0,5549.0,5919.0,5919.0,5179.0,5179.0,4439.0,4439.0
POTTI SRIRAMULU COLLEGE OF ENGG AND TECHNOLOGY,CSE,KRI,VIJAYAWADA,COED,5366.0,5366.0,10196.0,10196.0,12342.0,12342.0,6976.0,6976.0,8049.0,8049.0,8049.0,8049.0,8586.0,8586.0,7513.0,7513.0,6439.0,6439.0
POTTI SRIRAMULU COLLEGE OF ENGG AND TECHNOLOGY,CSM,KRI,VIJAYAWADA,COED,3640.0,3640.0,6916.0,6916.0,8372.0,8372.0,4732.0,4732.0,5460.0,5460.0,5460.0,5460.0,5824.0,5824.0,5096.0,5096.0,4368.0,4368.0
POTTI SRIRAMULU COLLEGE OF ENGG AND TECHNOLOGY,CSO,KRI,VIJAYAWADA,COED,6230.0,6230.0,11837.0,11837.0,14329.0,14329.0,8099.0,8099.0,9345.0,9345.0,9345.0,9345.0,9968.0,9968.0,8722.0,8722.0,7476.0,7476.0
POTTI SRIRAMULU COLLEGE OF ENGG AND TECHNOLOGY,ECE,KRI,VIJAYAWADA,COED,6256.0,6256.0,11886.0,11886.0,14388.0,14388.0,8133.0,8133.0,9384.0,9384.0,9384.0,9384.0,10009.0,10009.0,8758.0,8758.0,7507.0,7507.0
POTTI SRIRAMULU COLLEGE OF ENGG AND TECHNOLOGY,EEE,KRI,VIJAYAWADA,COED,7247.0,7247.0,13768.0,13768.0,16667.0,16667.0,9421.0,9421.0,10870.0,10870.0,10870.0,10870.0,11595.0,11595.0,10145.0,10145.0,8696.0,8696.0
R.K.COLLEGE OF ENGINEERING,AIM,KRI,IBRAHIMPATNAM,COED,7436.0,7436.0,14128.0,14128.0,17102.0,17102.0,9666.0,9666.0,11154.0,11154.0,11154.0,11154.0,11897.0,11897.0,10410.0,10410.0,8923.0,8923.0
R.K.COLLEGE OF ENGINEERING,CIV,KRI,IBRAHIMPATNAM,COED,,,,,,,,,,,,,,,,,,
R.K.COLLEGE OF ENGINEERING,CSD,KRI,IBRAHIMPATNAM,COED,8097.0,8097.0,15384.0,15384.0,18623.0,18623.0,10526.0,10526.0,12145.0,12145.0,12145.0,12145.0,12955.0,12955.0,11336.0,11336.0,9716.0,9716.0
R.K.COLLEGE OF ENGINEERING,CSE,KRI,IBRAHIMPATNAM,COED,5653.0,5653.0,10742.0,10742.0,13003.0,13003.0,7349.0,7349.0,8480.0,8480.0,8480.0,8480.0,9046.0,9046.0,7915.0,7915.0,6784.0,6784.0
R.K.COLLEGE OF ENGINEERING,ECE,KRI,IBRAHIMPATNAM,COED,6769.0,6769.0,12862.0,12862.0,15570.0,15570.0,8800.0,8800.0,10154.0,10154.0,10154.0,10154.0,10831.0,10831.0,9477.0,9477.0,8123.0,8123.0
R.K.COLLEGE OF ENGINEERING,EEE,KRI,IBRAHIMPATNAM,COED,,,,,,,,,,,,,,,,,,
SRI SARATHI INSTITUTE OF ENGG. AND TECHNOLOGY,AID,KRI,NUZVID,COED,9928.0,9928.0,18862.0,18862.0,22833.0,22833.0,12906.0,12906.0,14891.0,14891.0,14891.0,14891.0,15884.0,15884.0,13899.0,13899.0,11913.0,11913.0
SRI SARATHI INSTITUTE OF ENGG. AND TECHNOLOGY,CSE,KRI,NUZVID,COED,8579.0,8579.0,16300.0,16300.0,19731.0,19731.0,11152.0,11152.0,12868.0,12868.0,12868.0,12868.0,13726.0,13726.0,12010.0,12010.0,10294.0,10294.0
SRI SARATHI INSTITUTE OF ENGG. AND TECHNOLOGY,ECE,KRI,NUZVID,COED,11397.0,11397.0,21654.0,21654.0,26212.0,26212.0,14816.0,14816.0,17095.0,17095.0,17095.0,17095.0,18235.0,18235.0,15955.0,15955.0,13676.0,13676.0
SRI SARATHI INSTITUTE OF ENGG. AND TECHNOLOGY,EEE,KRI,NUZVID,COED,7250.0,7250.0,13776.0,13776.0,16676.0,16676.0,9426.0,9426.0,10876.0,10876.0,10876.0,10876.0,11601.0,11601.0,10151.0,10151.0,8700.0,8700.0
SRI SIDDHAARTHA PHARM. COLLEGE,PHM,KRI,NUZVID,COED,9795.0,9795.0,18611.0,18611.0,22529.0,22529.0,12734.0,12734.0,14693.0,14693.0,14693.0,14693.0,15672.0,15672.0,13713.0,13713.0,11754.0,11754.0
S R K INST. OF TECHNOLOGY,CIV,KRI,VIJAYAWADA,COED,,,,,,,,,,,,,,,,,,
S R K INST. OF TECHNOLOGY,CSD,KRI,VIJAYAWADA,COED,5028.0,5028.0,9552.0,9552.0,11563.0,11563.0,6536.0,6536.0,7541.0,7541.0,7541.0,7541.0,8044.0,8044.0,7039.0,7039.0,6033.0,6033.0
S R K INST. OF TECHNOLOGY,CSE,KRI,VIJAYAWADA,COED,4296.0,4296.0,8163.0,8163.0,9882.0,9882.0,5585.0,5585.0,6445.0,6445.0,6445.0,6445.0,6874.0,6874.0,6015.0,6015.0,5156.0,5156.0
S R K INST. OF TECHNOLOGY,CSM,KRI,VIJAYAWADA,COED,5408.0,5408.0,10275.0,10275.0,12438.0,12438.0,7030.0,7030.0,8112.0,8112.0,8112.0,8112.0,8652.0,8652.0,7571.0,7571.0,6489.0,6489.0
S R K INST. OF TECHNOLOGY,ECE,KRI,VIJAYAWADA,COED,4347.0,4347.0,8259.0,8259.0,9997.0,9997.0,5651.0,5651.0,6520.0,6520.0,6520.0,6520.0,6955.0,6955.0,6085.0,6085.0,5216.0,5216.0
S R K INST. OF TECHNOLOGY,EEE,KRI,VIJAYAWADA,COED,9886.0,9886.0,18784.0,18784.0,22738.0,22738.0,12852.0,12852.0,14829.0,14829.0,14829.0,14829.0,15818.0,15818.0,13841.0,13841.0,11863.0,11863.0
S R K INST. OF TECHNOLOGY,EVT,KRI,VIJAYAWADA,COED,8576.0,8576.0,16294.0,16294.0,19724.0,19724.0,11148.0,11148.0,12863.0,12863.0,12863.0,12863.0,13721.0,13721.0,12006.0,12006.0,10291.0,10291.0
S R K INST. OF TECHNOLOGY,INF,KRI,VIJAYAWADA,COED,4436.0,4436.0,8428.0,8428.0,10203.0,10203.0,5767.0,5767.0,6654.0,6654.0,6654.0,6654.0,7097.0,7097.0,6210.0,6210.0,5323.0,5323.0
S R K INST. OF TECHNOLOGY,MEC,KRI,VIJAYAWADA,COED,11150.0,11150.0,21186.0,21186.0,25646.0,25646.0,14495.0,14495.0,16725.0,16725.0,16725.0,16725.0,17841.0,17841.0,15610.0,15610.0,13380.0,13380.0
SRI SUNFLOWER COLLEGE OF ENGG AND TECHNOLOGY,EEE,KRI,LANKAPALLI,COED,8669.0,8669.0,16470.0,16470.0,19938.0,19938.0,11269.0,11269.0,13003.0,13003.0,13003.0,13003.0,13870.0,13870.0,12136.0,12136.0,10402.0,10402.0
SRI VASAVI INSTT OF ENGINEERING AND TECHNOLOGY,CIV,KRI,PEDANA,COED,7325.0,7325.0,13918.0,13918.0,16848.0,16848.0,9523.0,9523.0,10988.0,10988.0,10988.0,10988.0,11720.0,11720.0,10255.0,10255.0,8790.0,8790.0
SRI VASAVI INSTT OF ENGINEERING AND TECHNOLOGY,CSE,KRI,PEDANA,COED,6241.0,6241.0,11858.0,11858.0,14354.0,14354.0,8113.0,8113.0,9361.0,9361.0,9361.0,9361.0,9986.0,9986.0,8737.0,8737.0,7489.0,7489.0
SRI VASAVI INSTT OF ENGINEERING AND TECHNOLOGY,CSM,KRI,PEDANA,COED,4478.0,4478.0,8509.0,8509.0,10300.0,10300.0,5822.0,5822.0,6717.0,6717.0,6717.0,6717.0,7165.0,7165.0,6270.0,6270.0,5374.0,5374.0
SRI VASAVI INSTT OF ENGINEERING AND TECHNOLOGY,ECE,KRI,PEDANA,COED,8018.0,8018.0,15233.0,15233.0,18441.0,18441.0,10423.0,10423.0,12026.0,12026.0,12026.0,12026.0,12828.0,12828.0,11225.0,11225.0,9621.0,9621.0
D M S S V H COLLEGE OF ENGINEERING,CSE,KRI,MACHILIPATNAM,COED,,,,,,,,,,,,,,,,,,
D M S S V H COLLEGE OF ENGINEERING,ECE,KRI,MACHILIPATNAM,COED,5180.0,5180.0,9841.0,9841.0,11913.0,11913.0,6734.0,6734.0,7770.0,7770.0,7770.0,7770.0,8287.0,8287.0,7252.0,7252.0,6216.0,6216.0
USHA RAMA COLL OF ENGG AND TECHNOLOGY,AID,KRI,TELAPROLU,COED,4738.0,4738.0,9002.0,9002.0,10897.0,10897.0,6159.0,6159.0,7106.0,7106.0,7106.0,7106.0,7580.0,7580.0,6633.0,6633.0,5685.0,5685.0
USHA RAMA COLL OF ENGG AND TECHNOLOGY,AIM,KRI,TELAPROLU,COED,4741.0,4741.0,9007.0,9007.0,10903.0,10903.0,6163.0,6163.0,7111.0,7111.0,7111.0,7111.0,7585.0,7585.0,6637.0,6637.0,5689.0,5689.0
USHA RAMA COLL OF ENGG AND TECHNOLOGY,CSE,KRI,TELAPROLU,COED,5233.0,5233.0,9943.0,9943.0,12036.0,12036.0,6803.0,6803.0,7849.0,7849.0,7849.0,7849.0,8373.0,8373.0,7326.0,7326.0,6280.0,6280.0
USHA RAMA COLL OF ENGG AND TECHNOLOGY,ECE,KRI,TELAPROLU,COED,6925.0,6925.0,13157.0,13157.0,15927.0,15927.0,9002.0,9002.0,10387.0,10387.0,10387.0,10387.0,11080.0,11080.0,9695.0,9695.0,8310.0,8310.0
USHA RAMA COLL OF ENGG AND TECHNOLOGY,EEE,KRI,TELAPROLU,COED,7714.0,7714.0,14656.0,14656.0,17741.0,17741.0,10028.0,10028.0,11570.0,11570.0,11570.0,11570.0,12342.0,12342.0,10799.0,10799.0,9256.0,9256.0
USHA RAMA COLL OF ENGG AND TECHNOLOGY,INF,KRI,TELAPROLU,COED,6077.0,6077.0,11547.0,11547.0,13978.0,13978.0,7900.0,7900.0,9116.0,9116.0,9116.0,9116.0,9724.0,9724.0,8508.0,8508.0,7293.0,7293.0
USHA RAMA COLL OF ENGG AND TECHNOLOGY,MEC,KRI,TELAPROLU,COED,,,,,,,,,,,,,,,,,,
VIKAS COLLEGE OF ENGINEERING AND TECHNOLOGY,AGR,KRI,VIJAYAWADA,COED,8867.0,8867.0,16848.0,16848.0,20395.0,20395.0,11528.0,11528.0,13301.0,13301.0,13301.0,13301.0,14188.0,14188.0,12414.0,12414.0,10641.0,10641.0
VIKAS COLLEGE OF ENGINEERING AND TECHNOLOGY,CIV,KRI,VIJAYAWADA,COED,10759.0,10759.0,20442.0,20442.0,24746.0,24746.0,13987.0,13987.0,16139.0,16139.0,16139.0,16139.0,17215.0,17215.0,15063.0,15063.0,12911.0,12911.0
VIKAS COLLEGE OF ENGINEERING AND TECHNOLOGY,CSD,KRI,VIJAYAWADA,COED,6677.0,6677.0,12686.0,12686.0,15357.0,15357.0,8680.0,8680.0,10016.0,10016.0,10016.0,10016.0,10683.0,10683.0,9348.0,9348.0,8013.0,8013.0
VIKAS COLLEGE OF ENGINEERING AND TECHNOLOGY,CSE,KRI,VIJAYAWADA,COED,7303.0,7303.0,13875.0,13875.0,16797.0,16797.0,9494.0,9494.0,10954.0,10954.0,10954.0,10954.0,11685.0,11685.0,10224.0,10224.0,8763.0,8763.0
VIKAS COLLEGE OF ENGINEERING AND TECHNOLOGY,CSM,KRI,VIJAYAWADA,COED,8405.0,8405.0,15970.0,15970.0,19332.0,19332.0,10927.0,10927.0,12608.0,12608.0,12608.0,12608.0,13448.0,13448.0,11767.0,11767.0,10086.0,10086.0
VIKAS COLLEGE OF ENGINEERING AND TECHNOLOGY,ECE,KRI,VIJAYAWADA,COED,6081.0,6081.0,11554.0,11554.0,13986.0,13986.0,7905.0,7905.0,9121.0,9121.0,9121.0,9121.0,9730.0,9730.0,8513.0,8513.0,7297.0,7297.0
VIKAS COLLEGE OF ENGINEERING AND TECHNOLOGY,EEE,KRI,VIJAYAWADA,COED,,,,,,,,,,,,,,,,,,
VIKAS COLLEGE OF ENGINEERING AND TECHNOLOGY,MEC,KRI,VIJAYAWADA,COED,,,,,,,,,,,,,,,,,,
VIKAS GROUP OF INSTITUTIONS,CIV,KRI,VIJAYAWADA RURAL,COED,7671.0,7671.0,14575.0,14575.0,17644.0,17644.0,9972.0,9972.0,11507.0,11507.0,11507.0,11507.0,12274.0,12274.0,10740.0,10740.0,9205.0,9205.0
VIKAS GROUP OF INSTITUTIONS,CSD,KRI,VIJAYAWADA RURAL,COED,8028.0,8028.0,15253.0,15253.0,18465.0,18465.0,10436.0,10436.0,12042.0,12042.0,12042.0,12042.0,12845.0,12845.0,11239.0,11239.0,9634.0,9634.0
VIKAS GROUP OF INSTITUTIONS,CSE,KRI,VIJAYAWADA RURAL,COED,8292.0,8292.0,15754.0,15754.0,19071.0,19071.0,10779.0,10779.0,12437.0,12437.0,12437.0,12437.0,13267.0,13267.0,11608.0,11608.0,9950.0,9950.0
VIKAS GROUP OF INSTITUTIONS,CSM,KRI,VIJAYAWADA RURAL,COED,3090.0,3090.0,5871.0,5871.0,7107.0,7107.0,4017.0,4017.0,4635.0,4635.0,4635.0,4635.0,4944.0,4944.0,4326.0,4326.0,3708.0,3708.0
VIKAS GROUP OF INSTITUTIONS,ECE,KRI,VIJAYAWADA RURAL,COED,8619.0,8619.0,16376.0,16376.0,19823.0,19823.0,11204.0,11204.0,12928.0,12928.0,12928.0,12928.0,13790.0,13790.0,12066.0,12066.0,10343.0,10343.0
VIKAS GROUP OF INSTITUTIONS,EEE,KRI,VIJAYAWADA RURAL,COED,,,,,,,,,,,,,,,,,,
VIKAS GROUP OF INSTITUTIONS,MEC,KRI,VIJAYAWADA RURAL,COED,10966.0,10966.0,20836.0,20836.0,25222.0,25222.0,14256.0,14256.0,16449.0,16449.0,16449.0,16449.0,17546.0,17546.0,15353.0,15353.0,13159.0,13159.0
SREE VAHINI INSTT OF SCIENCE AND TECHNOLOGY,CIV,KRI,TIRUVURU,COED,11958.0,11958.0,22720.0,22720.0,27504.0,27504.0,15546.0,15546.0,17937.0,17937.0,17937.0,17937.0,19133.0,19133.0,16741.0,16741.0,14350.0,14350.0
SREE VAHINI INSTT OF SCIENCE AND TECHNOLOGY,CSD,KRI,TIRUVURU,COED,9443.0,9443.0,17942.0,17942.0,21720.0,21720.0,12276.0,12276.0,14165.0,14165.0,14165.0,14165.0,15109.0,15109.0,13221.0,13221.0,11332.0,11332.0
SREE VAHINI INSTT OF SCIENCE AND TECHNOLOGY,CSE,KRI,TIRUVURU,COED,6984.0,6984.0,13270.0,13270.0,16063.0,16063.0,9079.0,9079.0,10476.0,10476.0,10476.0,10476.0,11175.0,11175.0,9778.0,9778.0,8381.0,8381.0
SREE VAHINI INSTT OF SCIENCE AND TECHNOLOGY,CSM,KRI,TIRUVURU,COED,7867.0,7867.0,14947.0,14947.0,18094.0,18094.0,10227.0,10227.0,11800.0,11800.0,11800.0,11800.0,12587.0,12587.0,11014.0,11014.0,9440.0,9440.0
SREE VAHINI INSTT OF SCIENCE AND TECHNOLOGY,ECE,KRI,TIRUVURU,COED,9321.0,9321.0,17709.0,17709.0,21438.0,21438.0,12117.0,12117.0,13981.0,13981.0,13981.0,13981.0,14913.0,14913.0,13049.0,13049.0,11185.0,11185.0
SREE VAHINI INSTT OF SCIENCE AND TECHNOLOGY,EEE,KRI,TIRUVURU,COED,11993.0,11993.0,22787.0,22787.0,27584.0,27584.0,15591.0,15591.0,17990.0,17990.0,17990.0,17990.0,19189.0,19189.0,16791.0,16791.0,14392.0,14392.0
SREE VAHINI INSTT OF SCIENCE AND TECHNOLOGY,MEC,KRI,TIRUVURU,COED,10198.0,10198.0,19376.0,19376.0,23455.0,23455.0,13257.0,13257.0,15297.0,15297.0,15297.0,15297.0,16316.0,16316.0,14277.0,14277.0,12237.0,12237.0
VIJAYA INST. OF TECHNOLOGY FOR WOMEN,AIM,KRI,VIJAYAWADA,GIRLS,10613.0,10613.0,20164.0,20164.0,24410.0,24410.0,13797.0,13797.0,15919.0,15919.0,15919.0,15919.0,16981.0,16981.0,14858.0,14858.0,12735.0,12735.0
VIJAYA INST. OF TECHNOLOGY FOR WOMEN,CSD,KRI,VIJAYAWADA,GIRLS,6806.0,6806.0,12932.0,12932.0,15655.0,15655.0,8848.0,8848.0,10210.0,10210.0,10210.0,10210.0,10890.0,10890.0,9529.0,9529.0,8168.0,8168.0
VIJAYA INST. OF TECHNOLOGY FOR WOMEN,CSE,KRI,VIJAYAWADA,GIRLS,5373.0,5373.0,10209.0,10209.0,12358.0,12358.0,6985.0,6985.0,8060.0,8060.0,8060.0,8060.0,8597.0,8597.0,7522.0,7522.0,6448.0,6448.0
VIJAYA INST. OF TECHNOLOGY FOR WOMEN,ECE,KRI,VIJAYAWADA,GIRLS,10235.0,10235.0,19447.0,19447.0,23541.0,23541.0,13306.0,13306.0,15353.0,15353.0,15353.0,15353.0,16377.0,16377.0,14329.0,14329.0,12282.0,12282.0
VIJAYA INST. OF TECHNOLOGY FOR WOMEN,INF,KRI,VIJAYAWADA,GIRLS,11242.0,11242.0,21361.0,21361.0,25858.0,25858.0,14615.0,14615.0,16864.0,16864.0,16864.0,16864.0,17988.0,17988.0,15739.0,15739.0,13491.0,13491.0
K V S R SIDDHARTHA COLLEGE OF PHARMACEUTICAL SCI.S,PHD,KRI,VIJAYAWADA,COED,7557.0,7557.0,14359.0,14359.0,17382.0,17382.0,9824.0,9824.0,11336.0,11336.0,11336.0,11336.0,12092.0,12092.0,10580.0,10580.0,9069.0,9069.0
VKR VNB AND AGK ENGINEERING COLLEGE,AID,KRI,GUDIVADA,COED,8940.0,8940.0,16986.0,16986.0,20562.0,20562.0,11622.0,11622.0,13410.0,13410.0,13410.0,13410.0,14304.0,14304.0,12516.0,12516.0,10728.0,10728.0
VKR VNB AND AGK ENGINEERING COLLEGE,CSE,KRI,GUDIVADA,COED,7175.0,7175.0,13633.0,13633.0,16503.0,16503.0,9328.0,9328.0,10763.0,10763.0,10763.0,10763.0,11480.0,11480.0,10045.0,10045.0,8610.0,8610.0
VKR VNB AND AGK ENGINEERING COLLEGE,CSM,KRI,GUDIVADA,COED,,,,,,,,,,,,,,,,,,
VKR VNB AND AGK ENGINEERING COLLEGE,ECE,KRI,GUDIVADA,COED,8591.0,8591.0,16323.0,16323.0,19760.0,19760.0,11169.0,11169.0,12887.0,12887.0,12887.0,12887.0,13746.0,13746.0,12028.0,12028.0,10310.0,10310.0
VKR VNB AND AGK ENGINEERING COLLEGE,MEC,KRI,GUDIVADA,COED,,,,,,,,,,,,,,,,,,
VALLABHANENI VENKATADRI INST OF PHARM SCIENCES,PHM,KRI,GUDLAVALLERU,COED,10978.0,10978.0,20858.0,20858.0,25249.0,25249.0,14271.0,14271.0,16467.0,16467.0,16467.0,16467.0,17565.0,17565.0,15369.0,15369.0,13174.0,13174.0
ABR COLLEGE OF ENGG AND TECHNOLOGY,AGR,PKS,KANIGIRI,COED,10558.0,10558.0,20060.0,20060.0,24283.0,24283.0,13725.0,13725.0,15837.0,15837.0,15837.0,15837.0,16892.0,16892.0,14781.0,14781.0,12669.0,12669.0
ABR COLLEGE OF ENGG AND TECHNOLOGY,CAI,PKS,KANIGIRI,COED,10179.0,10179.0,19340.0,19340.0,23412.0,23412.0,13233.0,13233.0,15269.0,15269.0,15269.0,15269.0,16287.0,16287.0,14251.0,14251.0,12215.0,12215.0
ABR COLLEGE OF ENGG AND TECHNOLOGY,CIV,PKS,KANIGIRI,COED,11737.0,11737.0,22300.0,22300.0,26995.0,26995.0,15258.0,15258.0,17606.0,17606.0,17606.0,17606.0,18779.0,18779.0,16432.0,16432.0,14084.0,14084.0
ABR COLLEGE OF ENGG AND TECHNOLOGY,CSD,PKS,KANIGIRI,COED,10983.0,10983.0,20868.0,20868.0,25261.0,25261.0,14278.0,14278.0,16475.0,16475.0,16475.0,16475.0,17573.0,17573.0,15377.0,15377.0,13180.0,13180.0
ABR COLLEGE OF ENGG AND TECHNOLOGY,CSE,PKS,KANIGIRI,COED,10653.0,10653.0,20241.0,20241.0,24502.0,24502.0,13849.0,13849.0,15980.0,15980.0,15980.0,15980.0,17045.0,17045.0,14914.0,14914.0,12784.0,12784.0
ABR COLLEGE OF ENGG AND TECHNOLOGY,ECE,PKS,KANIGIRI,COED,9572.0,9572.0,18186.0,18186.0,22015.0,22015.0,12443.0,12443.0,14358.0,14358.0,14358.0,14358.0,15315.0,15315.0,13400.0,13400.0,11486.0,11486.0
ABR COLLEGE OF ENGG AND TECHNOLOGY,EEE,PKS,KANIGIRI,COED,10731.0,10731.0,20389.0,20389.0,24681.0,24681.0,13950.0,13950.0,16096.0,16096.0,16096.0,16096.0,17169.0,17169.0,15023.0,15023.0,12877.0,12877.0
ABR COLLEGE OF ENGG AND TECHNOLOGY,MEC,PKS,KANIGIRI,COED,10823.0,10823.0,20564.0,20564.0,24893.0,24893.0,14070.0,14070.0,16235.0,16235.0,16235.0,16235.0,17317.0,17317.0,15152.0,15152.0,12988.0,12988.0
ABR COLLEGE OF ENGG AND TECHNOLOGY,MIN,PKS,KANIGIRI,COED,11923.0,11923.0,22653.0,22653.0,27422.0,27422.0,15499.0,15499.0,17884.0,17884.0,17884.0,17884.0,19076.0,19076.0,16692.0,16692.0,14307.0,14307.0
ST. ANNS COLLEGE OF ENGG. AND TECHNOLOGY,CIV,PKS,CHIRALA,COED,9074.0,9074.0,17240.0,17240.0,20869.0,20869.0,11796.0,11796.0,13610.0,13610.0,13610.0,13610.0,14518.0,14518.0,12703.0,12703.0,10888.0,10888.0
ST. ANNS COLLEGE OF ENGG. AND TECHNOLOGY,CSC,PKS,CHIRALA,COED,6355.0,6355.0,12075.0,12075.0,14617.0,14617.0,8262.0,8262.0,9533.0,9533.0,9533.0,9533.0,10168.0,10168.0,8897.0,8897.0,7626.0,7626.0
ST. ANNS COLLEGE OF ENGG. AND TECHNOLOGY,CSD,PKS,CHIRALA,COED,5247.0,5247.0,9970.0,9970.0,12069.0,12069.0,6822.0,6822.0,7871.0,7871.0,7871.0,7871.0,8396.0,8396.0,7346.0,7346.0,6297.0,6297.0
ST. ANNS COLLEGE OF ENGG. AND TECHNOLOGY,CSE,PKS,CHIRALA,COED,4590.0,4590.0,8721.0,8721.0,10557.0,10557.0,5967.0,5967.0,6885.0,6885.0,6885.0,6885.0,7344.0,7344.0,6426.0,6426.0,5508.0,5508.0
ST. ANNS COLLEGE OF ENGG. AND TECHNOLOGY,CSM,PKS,CHIRALA,COED,3749.0,3749.0,7122.0,7122.0,8622.0,8622.0,4873.0,4873.0,5623.0,5623.0,5623.0,5623.0,5998.0,5998.0,5248.0,5248.0,4498.0,4498.0
ST. ANNS COLLEGE OF ENGG. AND TECHNOLOGY,CSO,PKS,CHIRALA,COED,6485.0,6485.0,12321.0,12321.0,14915.0,14915.0,8430.0,8430.0,9727.0,9727.0,9727.0,9727.0,10376.0,10376.0,9079.0,9079.0,7782.0,7782.0
ST. ANNS COLLEGE OF ENGG. AND TECHNOLOGY,ECE,PKS,CHIRALA,COED,6316.0,6316.0,12001.0,12001.0,14527.0,14527.0,8211.0,8211.0,9474.0,9474.0,9474.0,9474.0,10106.0,10106.0,8843.0,8843.0,7579.0,7579.0
ST. ANNS COLLEGE OF ENGG. AND TECHNOLOGY,EEE,PKS,CHIRALA,COED,5719.0,5719.0,10866.0,10866.0,13154.0,13154.0,7435.0,7435.0,8578.0,8578.0,8578.0,8578.0,9150.0,9150.0,8006.0,8006.0,6863.0,6863.0
ST. ANNS COLLEGE OF ENGG. AND TECHNOLOGY,MEC,PKS,CHIRALA,COED,7793.0,7793.0,14806.0,14806.0,17923.0,17923.0,10130.0,10130.0,11689.0,11689.0,11689.0,11689.0,12468.0,12468.0,10910.0,10910.0,9351.0,9351.0
BELLAMKONDA INST OF TECHNOLOGY AND SCI,PHM,PKS,PODILI,COED,4475.0,4475.0,8503.0,8503.0,10293.0,10293.0,5818.0,5818.0,6713.0,6713.0,6713.0,6713.0,7160.0,7160.0,6265.0,6265.0,5370.0,5370.0
BVSR ENGINEERING COLLEGE,CIV,PKS,CHIMAKURTHY,COED,7417.0,7417.0,14092.0,14092.0,17059.0,17059.0,9642.0,9642.0,11125.0,11125.0,11125.0,11125.0,11867.0,11867.0,10384.0,10384.0,8900.0,8900.0
BVSR ENGINEERING COLLEGE,CSD,PKS,CHIMAKURTHY,COED,11971.0,11971.0,22744.0,22744.0,27532.0,27532.0,15562.0,15562.0,17956.0,17956.0,17956.0,17956.0,19153.0,19153.0,16759.0,16759.0,14365.0,14365.0
BVSR ENGINEERING COLLEGE,CSE,PKS,CHIMAKURTHY,COED,6556.0,6556.0,12457.0,12457.0,15079.0,15079.0,8523.0,8523.0,9834.0,9834.0,9834.0,9834.0,10490.0,10490.0,9179.0,9179.0,7868.0,7868.0
BVSR ENGINEERING COLLEGE,ECE,PKS,CHIMAKURTHY,COED,6639.0,6639.0,12615.0,12615.0,15270.0,15270.0,8631.0,8631.0,9959.0,9959.0,9959.0,9959.0,10623.0,10623.0,9295.0,9295.0,7967.0,7967.0
VRS AND YRN COLLEGE OF ENGG. AND TECHNOLOGY,CSE,PKS,CHIRALA,COED,5169.0,5169.0,9821.0,9821.0,11888.0,11888.0,6720.0,6720.0,7753.0,7753.0,7753.0,7753.0,8270.0,8270.0,7236.0,7236.0,6203.0,6203.0
VRS AND YRN COLLEGE OF ENGG. AND TECHNOLOGY,ECE,PKS,CHIRALA,COED,7688.0,7688.0,14608.0,14608.0,17683.0,17683.0,9995.0,9995.0,11532.0,11532.0,11532.0,11532.0,12301.0,12301.0,10764.0,10764.0,9226.0,9226.0
VRS AND YRN COLLEGE OF ENGG. AND TECHNOLOGY,MEC,PKS,CHIRALA,COED,9434.0,9434.0,17924.0,17924.0,21698.0,21698.0,12264.0,12264.0,14151.0,14151.0,14151.0,14151.0,15094.0,15094.0,13207.0,13207.0,11321.0,11321.0
CHIRALA ENGINEERING COLLEGE,CIV,PKS,CHIRALA,COED,9892.0,9892.0,18794.0,18794.0,22751.0,22751.0,12859.0,12859.0,14838.0,14838.0,14838.0,14838.0,15827.0,15827.0,13849.0,13849.0,11870.0,11870.0
CHIRALA ENGINEERING COLLEGE,CSE,PKS,CHIRALA,COED,8303.0,8303.0,15776.0,15776.0,19098.0,19098.0,10794.0,10794.0,12455.0,12455.0,12455.0,12455.0,13285.0,13285.0,11625.0,11625.0,9964.0,9964.0
CHIRALA ENGINEERING COLLEGE,ECE,PKS,CHIRALA,COED,,,,,,,,,,,,,,,,,,
INDIRA INST OF TECHNOLOGY SCI,CAI,PKS,MARKAPUR,COED,8968.0,8968.0,17039.0,17039.0,20626.0,20626.0,11658.0,11658.0,13451.0,13451.0,13451.0,13451.0,14348.0,14348.0,12555.0,12555.0,10761.0,10761.0
INDIRA INST OF TECHNOLOGY SCI,CSC,PKS,MARKAPUR,COED,10522.0,10522.0,19991.0,19991.0,24200.0,24200.0,13678.0,13678.0,15783.0,15783.0,15783.0,15783.0,16835.0,16835.0,14731.0,14731.0,12626.0,12626.0
INDIRA INST OF TECHNOLOGY SCI,CSE,PKS,MARKAPUR,COED,10136.0,10136.0,19259.0,19259.0,23313.0,23313.0,13177.0,13177.0,15204.0,15204.0,15204.0,15204.0,16218.0,16218.0,14190.0,14190.0,12163.0,12163.0
INDIRA INST OF TECHNOLOGY SCI,ECE,PKS,MARKAPUR,COED,7864.0,7864.0,14941.0,14941.0,18086.0,18086.0,10223.0,10223.0,11795.0,11795.0,11795.0,11795.0,12582.0,12582.0,11009.0,11009.0,9436.0,9436.0
KRISHNA CHAITANYA INST OF TECHNOLOGY AND SCIENCES,AIM,PKS,MARKAPUR,COED,11418.0,11418.0,21695.0,21695.0,26262.0,26262.0,14844.0,14844.0,17128.0,17128.0,17128.0,17128.0,18269.0,18269.0,15986.0,15986.0,13702.0,13702.0
KRISHNA CHAITANYA INST OF TECHNOLOGY AND SCIENCES,CAI,PKS,MARKAPUR,COED,7283.0,7283.0,13839.0,13839.0,16752.0,16752.0,9469.0,9469.0,10925.0,10925.0,10925.0,10925.0,11654.0,11654.0,10197.0,10197.0,8740.0,8740.0
KRISHNA CHAITANYA INST OF TECHNOLOGY AND SCIENCES,CIV,PKS,MARKAPUR,COED,2888.0,2888.0,5487.0,5487.0,6643.0,6643.0,3755.0,3755.0,4332.0,4332.0,4332.0,4332.0,4621.0,4621.0,4043.0,4043.0,3466.0,3466.0
KRISHNA CHAITANYA INST OF TECHNOLOGY AND SCIENCES,CSE,PKS,MARKAPUR,COED,9924.0,9924.0,18855.0,18855.0,22825.0,22825.0,12901.0,12901.0,14886.0,14886.0,14886.0,14886.0,15878.0,15878.0,13893.0,13893.0,11909.0,11909.0
KRISHNA CHAITANYA INST OF TECHNOLOGY AND SCIENCES,CSM,PKS,MARKAPUR,COED,6349.0,6349.0,12064.0,12064.0,14603.0,14603.0,8254.0,8254.0,9524.0,9524.0,9524.0,9524.0,10159.0,10159.0,8889.0,8889.0,7619.0,7619.0
KRISHNA CHAITANYA INST OF TECHNOLOGY AND SCIENCES,ECE,PKS,MARKAPUR,COED,10209.0,10209.0,19397.0,19397.0,23481.0,23481.0,13272.0,13272.0,15314.0,15314.0,15314.0,15314.0,16335.0,16335.0,14293.0,14293.0,12251.0,12251.0
MALINENI SUSEELAMMA WOMENS ENGG COLLEGE,CSE,PKS,SINGARAYAKONDA,GIRLS,10355.0,10355.0,19675.0,19675.0,23817.0,23817.0,13462.0,13462.0,15533.0,15533.0,15533.0,15533.0,16569.0,16569.0,14497.0,14497.0,12426.0,12426.0
PACE INSTITUTE OF TECHNOLOGY AND SCIENCES,AID,PKS,ONGOLE,COED,6303.0,6303.0,11975.0,11975.0,14496.0,14496.0,8193.0,8193.0,9454.0,9454.0,9454.0,9454.0,10084.0,10084.0,8824.0,8824.0,7563.0,7563.0
PACE INSTITUTE OF TECHNOLOGY AND SCIENCES,AIM,PKS,ONGOLE,COED,6304.0,6304.0,11978.0,11978.0,14500.0,14500.0,8196.0,8196.0,9457.0,9457.0,9457.0,9457.0,10087.0,10087.0,8826.0,8826.0,7565.0,7565.0
PACE INSTITUTE OF TECHNOLOGY AND SCIENCES,CIC,PKS,ONGOLE,COED,7342.0,7342.0,13949.0,13949.0,16886.0,16886.0,9544.0,9544.0,11013.0,11013.0,11013.0,11013.0,11747.0,11747.0,10279.0,10279.0,8810.0,8810.0
PACE INSTITUTE OF TECHNOLOGY AND SCIENCES,CIT,PKS,ONGOLE,COED,7023.0,7023.0,13343.0,13343.0,16152.0,16152.0,9129.0,9129.0,10534.0,10534.0,10534.0,10534.0,11236.0,11236.0,9832.0,9832.0,8427.0,8427.0
PACE INSTITUTE OF TECHNOLOGY AND SCIENCES,CIV,PKS,ONGOLE,COED,8461.0,8461.0,16076.0,16076.0,19461.0,19461.0,11000.0,11000.0,12692.0,12692.0,12692.0,12692.0,13538.0,13538.0,11846.0,11846.0,10154.0,10154.0
PACE INSTITUTE OF TECHNOLOGY AND SCIENCES,CSE,PKS,ONGOLE,COED,4957.0,4957.0,9419.0,9419.0,11402.0,11402.0,6445.0,6445.0,7436.0,7436.0,7436.0,7436.0,7932.0,7932.0,6940.0,6940.0,5949.0,5949.0
PACE INSTITUTE OF TECHNOLOGY AND SCIENCES,CSER,PKS,ONGOLE,COED,6228.0,6228.0,11834.0,11834.0,14325.0,14325.0,8097.0,8097.0,9342.0,9342.0,9342.0,9342.0,9965.0,9965.0,8719.0,8719.0,7474.0,7474.0
PACE INSTITUTE OF TECHNOLOGY AND SCIENCES,ECE,PKS,ONGOLE,COED,7453.0,7453.0,14161.0,14161.0,17142.0,17142.0,9689.0,9689.0,11180.0,11180.0,11180.0,11180.0,11925.0,11925.0,10434.0,10434.0,8944.0,8944.0
PACE INSTITUTE OF TECHNOLOGY AND SCIENCES,EEE,PKS,ONGOLE,COED,8058.0,8058.0,15310.0,15310.0,18534.0,18534.0,10476.0,10476.0,12087.0,12087.0,12087.0,12087.0,12893.0,12893.0,11281.0,11281.0,9670.0,9670.0
PACE INSTITUTE OF TECHNOLOGY AND SCIENCES,EVT,PKS,ONGOLE,COED,9345.0,9345.0,17755.0,17755.0,21493.0,21493.0,12148.0,12148.0,14017.0,14017.0,14017.0,14017.0,14952.0,14952.0,13083.0,13083.0,11214.0,11214.0
PACE INSTITUTE OF TECHNOLOGY AND SCIENCES,INF,PKS,ONGOLE,COED,6584.0,6584.0,12510.0,12510.0,15144.0,15144.0,8560.0,8560.0,9876.0,9876.0,9876.0,9876.0,10535.0,10535.0,9218.0,9218.0,7901.0,7901.0
PACE INSTITUTE OF TECHNOLOGY AND SCIENCES,MEC,PKS,ONGOLE,COED,10657.0,10657.0,20249.0,20249.0,24512.0,24512.0,13854.0,13854.0,15986.0,15986.0,15986.0,15986.0,17052.0,17052.0,14920.0,14920.0,12789.0,12789.0
PRAKASAM ENGINEERING COLLEGE,CAI,PKS,KANDKUR,COED,6951.0,6951.0,13208.0,13208.0,15988.0,15988.0,9037.0,9037.0,10427.0,10427.0,10427.0,10427.0,11122.0,11122.0,9732.0,9732.0,8342.0,8342.0
PRAKASAM ENGINEERING COLLEGE,CIV,PKS,KANDKUR,COED,9385.0,9385.0,17831.0,17831.0,21585.0,21585.0,12200.0,12200.0,14077.0,14077.0,14077.0,14077.0,15016.0,15016.0,13139.0,13139.0,11262.0,11262.0
PRAKASAM ENGINEERING COLLEGE,CSC,PKS,KANDKUR,COED,6418.0,6418.0,12194.0,12194.0,14761.0,14761.0,8343.0,8343.0,9627.0,9627.0,9627.0,9627.0,10269.0,10269.0,8985.0,8985.0,7701.0,7701.0
PRAKASAM ENGINEERING COLLEGE,CSE,PKS,KANDKUR,COED,6798.0,6798.0,12917.0,12917.0,15636.0,15636.0,8838.0,8838.0,10197.0,10197.0,10197.0,10197.0,10877.0,10877.0,9517.0,9517.0,8158.0,8158.0
PRAKASAM ENGINEERING COLLEGE,ECE,PKS,KANDKUR,COED,8871.0,8871.0,16854.0,16854.0,20403.0,20403.0,11532.0,11532.0,13306.0,13306.0,13306.0,13306.0,14193.0,14193.0,12419.0,12419.0,10645.0,10645.0
PRAKASAM ENGINEERING COLLEGE,EEE,PKS,KANDKUR,COED,11930.0,11930.0,22667.0,22667.0,27439.0,27439.0,15509.0,15509.0,17895.0,17895.0,17895.0,17895.0,19088.0,19088.0,16702.0,16702.0,14316.0,14316.0
PRAKASAM ENGINEERING COLLEGE,MEC,PKS,KANDKUR,COED,10746.0,10746.0,20417.0,20417.0,24716.0,24716.0,13970.0,13970.0,16119.0,16119.0,16119.0,16119.0,17194.0,17194.0,15044.0,15044.0,12895.0,12895.0
QIS COLLEGE OF ENGG. AND TECHNOLOGY,AI,PKS,ONGOLE,COED,4947.0,4947.0,9399.0,9399.0,11378.0,11378.0,6431.0,6431.0,7420.0,7420.0,7420.0,7420.0,7915.0,7915.0,6926.0,6926.0,5936.0,5936.0
QIS COLLEGE OF ENGG. AND TECHNOLOGY,AID,PKS,ONGOLE,COED,5815.0,5815.0,11049.0,11049.0,13375.0,13375.0,7560.0,7560.0,8723.0,8723.0,8723.0,8723.0,9304.0,9304.0,8141.0,8141.0,6978.0,6978.0
QIS COLLEGE OF ENGG. AND TECHNOLOGY,CIC,PKS,ONGOLE,COED,7734.0,7734.0,14694.0,14694.0,17788.0,17788.0,10054.0,10054.0,11601.0,11601.0,11601.0,11601.0,12374.0,12374.0,10827.0,10827.0,9281.0,9281.0
QIS COLLEGE OF ENGG. AND TECHNOLOGY,CIT,PKS,ONGOLE,COED,8033.0,8033.0,15262.0,15262.0,18475.0,18475.0,10443.0,10443.0,12049.0,12049.0,12049.0,12049.0,12852.0,12852.0,11246.0,11246.0,9639.0,9639.0
QIS COLLEGE OF ENGG. AND TECHNOLOGY,CIV,PKS,ONGOLE,COED,10504.0,10504.0,19957.0,19957.0,24159.0,24159.0,13655.0,13655.0,15756.0,15756.0,15756.0,15756.0,16806.0,16806.0,14705.0,14705.0,12605.0,12605.0
QIS COLLEGE OF ENGG. AND TECHNOLOGY,CSD,PKS,ONGOLE,COED,7075.0,7075.0,13442.0,13442.0,16272.0,16272.0,9197.0,9197.0,10612.0,10612.0,10612.0,10612.0,11319.0,11319.0,9904.0,9904.0,8490.0,8490.0
QIS COLLEGE OF ENGG. AND TECHNOLOGY,CSE,PKS,ONGOLE,COED,4952.0,4952.0,9409.0,9409.0,11389.0,11389.0,6437.0,6437.0,7428.0,7428.0,7428.0,7428.0,7923.0,7923.0,6933.0,6933.0,5942.0,5942.0
QIS COLLEGE OF ENGG. AND TECHNOLOGY,CSM,PKS,ONGOLE,COED,5257.0,5257.0,9988.0,9988.0,12090.0,12090.0,6834.0,6834.0,7885.0,7885.0,7885.0,7885.0,8411.0,8411.0,7359.0,7359.0,6308.0,6308.0
QIS COLLEGE OF ENGG. AND TECHNOLOGY,ECE,PKS,ONGOLE,COED,7450.0,7450.0,14155.0,14155.0,17135.0,17135.0,9685.0,9685.0,11175.0,11175.0,11175.0,11175.0,11920.0,11920.0,10430.0,10430.0,8940.0,8940.0
QIS COLLEGE OF ENGG. AND TECHNOLOGY,EEE,PKS,ONGOLE,COED,10799.0,10799.0,20517.0,20517.0,24837.0,24837.0,14038.0,14038.0,16198.0,16198.0,16198.0,16198.0,17278.0,17278.0,15118.0,15118.0,12958.0,12958.0
QIS COLLEGE OF ENGG. AND TECHNOLOGY,INF,PKS,ONGOLE,COED,9063.0,9063.0,17221.0,17221.0,20846.0,20846.0,11783.0,11783.0,13595.0,13595.0,13595.0,13595.0,14502.0,14502.0,12689.0,12689.0,10876.0,10876.0
QIS COLLEGE OF ENGG. AND TECHNOLOGY,MEC,PKS,ONGOLE,COED,9750.0,9750.0,18526.0,18526.0,22426.0,22426.0,12675.0,12675.0,14625.0,14625.0,14625.0,14625.0,15600.0,15600.0,13650.0,13650.0,11700.0,11700.0
QIS COLLEGE OF PHARMACY,PHD,PKS,ONGOLE,COED,9839.0,9839.0,18694.0,18694.0,22630.0,22630.0,12791.0,12791.0,14759.0,14759.0,14759.0,14759.0,15743.0,15743.0,13775.0,13775.0,11807.0,11807.0
RISE KRISHNA SAI GANDHI GROUP OF INSTITUTIONS,CSD,PKS,ONGOLE,COED,7470.0,7470.0,14193.0,14193.0,17180.0,17180.0,9711.0,9711.0,11205.0,11205.0,11205.0,11205.0,11952.0,11952.0,10458.0,10458.0,8964.0,8964.0
RISE KRISHNA SAI GANDHI GROUP OF INSTITUTIONS,CSE,PKS,ONGOLE,COED,6341.0,6341.0,12049.0,12049.0,14585.0,14585.0,8244.0,8244.0,9512.0,9512.0,9512.0,9512.0,10146.0,10146.0,8878.0,8878.0,7610.0,7610.0
RISE KRISHNA SAI GANDHI GROUP OF INSTITUTIONS,ECE,PKS,ONGOLE,COED,8051.0,8051.0,15297.0,15297.0,18518.0,18518.0,10467.0,10467.0,12077.0,12077.0,12077.0,12077.0,12882.0,12882.0,11272.0,11272.0,9661.0,9661.0
RISE KRISHNA SAI PRAKASAM GROUP OF INSTITUTIONS,CIV,PKS,ONGOLE,COED,8005.0,8005.0,15210.0,15210.0,18412.0,18412.0,10407.0,10407.0,12008.0,12008.0,12008.0,12008.0,12809.0,12809.0,11207.0,11207.0,9606.0,9606.0
RISE KRISHNA SAI PRAKASAM GROUP OF INSTITUTIONS,CSD,PKS,ONGOLE,COED,4095.0,4095.0,7780.0,7780.0,9418.0,9418.0,5323.0,5323.0,6142.0,6142.0,6142.0,6142.0,6551.0,6551.0,5733.0,5733.0,4914.0,4914.0
RISE KRISHNA SAI PRAKASAM GROUP OF INSTITUTIONS,CSE,PKS,ONGOLE,COED,4264.0,4264.0,8103.0,8103.0,9808.0,9808.0,5544.0,5544.0,6397.0,6397.0,6397.0,6397.0,6823.0,6823.0,5970.0,5970.0,5117.0,5117.0
RISE KRISHNA SAI PRAKASAM GROUP OF INSTITUTIONS,CSM,PKS,ONGOLE,COED,2014.0,2014.0,3826.0,3826.0,4632.0,4632.0,2618.0,2618.0,3021.0,3021.0,3021.0,3021.0,3222.0,3222.0,2819.0,2819.0,2417.0,2417.0
RISE KRISHNA SAI PRAKASAM GROUP OF INSTITUTIONS,ECE,PKS,ONGOLE,COED,5355.0,5355.0,10174.0,10174.0,12316.0,12316.0,6961.0,6961.0,8032.0,8032.0,8032.0,8032.0,8567.0,8567.0,7496.0,7496.0,6426.0,6426.0
RISE KRISHNA SAI PRAKASAM GROUP OF INSTITUTIONS,EEE,PKS,ONGOLE,COED,8390.0,8390.0,15941.0,15941.0,19296.0,19296.0,10907.0,10907.0,12585.0,12585.0,12585.0,12585.0,13424.0,13424.0,11746.0,11746.0,10068.0,10068.0
RISE KRISHNA SAI PRAKASAM GROUP OF INSTITUTIONS,MEC,PKS,ONGOLE,COED,9376.0,9376.0,17814.0,17814.0,21565.0,21565.0,12189.0,12189.0,14064.0,14064.0,14064.0,14064.0,15001.0,15001.0,13126.0,13126.0,11251.0,11251.0
DR SAMUEL GEORGE INSTITUTE OF ENGG. AND TECHNOLOGY,AIM,PKS,MARKAPUR,COED,11903.0,11903.0,22616.0,22616.0,27377.0,27377.0,15474.0,15474.0,17855.0,17855.0,17855.0,17855.0,19045.0,19045.0,16664.0,16664.0,14284.0,14284.0
DR SAMUEL GEORGE INSTITUTE OF ENGG. AND TECHNOLOGY,CSE,PKS,MARKAPUR,COED,11785.0,11785.0,22391.0,22391.0,27105.0,27105.0,15320.0,15320.0,17677.0,17677.0,17677.0,17677.0,18856.0,18856.0,16499.0,16499.0,14142.0,14142.0
DR SAMUEL GEORGE INSTITUTE OF ENGG. AND TECHNOLOGY,ECE,PKS,MARKAPUR,COED,11902.0,11902.0,22614.0,22614.0,27375.0,27375.0,15473.0,15473.0,17853.0,17853.0,17853.0,17853.0,19044.0,19044.0,16663.0,16663.0,14283.0,14283.0
DR SAMUEL GEORGE INSTITUTE OF ENGG. AND TECHNOLOGY,EEE,PKS,MARKAPUR,COED,4908.0,4908.0,9326.0,9326.0,11289.0,11289.0,6381.0,6381.0,7362.0,7362.0,7362.0,7362.0,7853.0,7853.0,6871.0,6871.0,5890.0,5890.0
ADITYA INSTITUTE OF TECHNOLOGY AND MGMT,CIV,SKL,TEKKALI,COED,5624.0,5624.0,10686.0,10686.0,12935.0,12935.0,7311.0,7311.0,8436.0,8436.0,8436.0,8436.0,8998.0,8998.0,7874.0,7874.0,6749.0,6749.0
ADITYA INSTITUTE OF TECHNOLOGY AND MGMT,CSD,SKL,TEKKALI,COED,2380.0,2380.0,4522.0,4522.0,5475.0,5475.0,3094.0,3094.0,3570.0,3570.0,3570.0,3570.0,3808.0,3808.0,3332.0,3332.0,2856.0,2856.0
ADITYA INSTITUTE OF TECHNOLOGY AND MGMT,CSE,SKL,TEKKALI,COED,1621.0,1621.0,3080.0,3080.0,3728.0,3728.0,2107.0,2107.0,2431.0,2431.0,2431.0,2431.0,2593.0,2593.0,2269.0,2269.0,1945.0,1945.0
ADITYA INSTITUTE OF TECHNOLOGY AND MGMT,CSM,SKL,TEKKALI,COED,2042.0,2042.0,3879.0,3879.0,4696.0,4696.0,2654.0,2654.0,3062.0,3062.0,3062.0,3062.0,3267.0,3267.0,2858.0,2858.0,2450.0,2450.0
ADITYA INSTITUTE OF TECHNOLOGY AND MGMT,ECE,SKL,TEKKALI,COED,2601.0,2601.0,4941.0,4941.0,5982.0,5982.0,3381.0,3381.0,3901.0,3901.0,3901.0,3901.0,4161.0,4161.0,3641.0,3641.0,3121.0,3121.0
ADITYA INSTITUTE OF TECHNOLOGY AND MGMT,EEE,SKL,TEKKALI,COED,3657.0,3657.0,6948.0,6948.0,8411.0,8411.0,4754.0,4754.0,5486.0,5486.0,5486.0,5486.0,5851.0,5851.0,5120.0,5120.0,4389.0,4389.0
ADITYA INSTITUTE OF TECHNOLOGY AND MGMT,INF,SKL,TEKKALI,COED,2652.0,2652.0,5038.0,5038.0,6099.0,6099.0,3447.0,3447.0,3977.0,3977.0,3977.0,3977.0,4243.0,4243.0,3712.0,3712.0,3182.0,3182.0
ADITYA INSTITUTE OF TECHNOLOGY AND MGMT,MEC,SKL,TEKKALI,COED,4672.0,4672.0,8876.0,8876.0,10745.0,10745.0,6073.0,6073.0,7008.0,7008.0,7008.0,7008.0,7475.0,7475.0,6541.0,6541.0,5606.0,5606.0
COLLEGE OF ENGINEERING BR AMBEDKAR UNIV SELF FINANCE,CIV,SKL,SRIKAKULAM,COED,9348.0,9348.0,17762.0,17762.0,21501.0,21501.0,12153.0,12153.0,14023.0,14023.0,14023.0,14023.0,14958.0,14958.0,13088.0,13088.0,11218.0,11218.0
COLLEGE OF ENGINEERING BR AMBEDKAR UNIV SELF FINANCE,CSE,SKL,SRIKAKULAM,COED,4125.0,4125.0,7837.0,7837.0,9487.0,9487.0,5362.0,5362.0,6187.0,6187.0,6187.0,6187.0,6600.0,6600.0,5775.0,5775.0,4950.0,4950.0
COLLEGE OF ENGINEERING BR AMBEDKAR UNIV SELF FINANCE,ECE,SKL,SRIKAKULAM,COED,3130.0,3130.0,5947.0,5947.0,7199.0,7199.0,4069.0,4069.0,4695.0,4695.0,4695.0,4695.0,5008.0,5008.0,4382.0,4382.0,3756.0,3756.0
COLLEGE OF ENGINEERING BR AMBEDKAR UNIV SELF FINANCE,EEE,SKL,SRIKAKULAM,COED,5831.0,5831.0,11078.0,11078.0,13410.0,13410.0,7580.0,7580.0,8746.0,8746.0,8746.0,8746.0,9329.0,9329.0,8163.0,8163.0,6997.0,6997.0
COLLEGE OF ENGINEERING BR AMBEDKAR UNIV SELF FINANCE,MEC,SKL,SRIKAKULAM,COED,7064.0,7064.0,13422.0,13422.0,16248.0,16248.0,9183.0,9183.0,10596.0,10596.0,10596.0,10596.0,11303.0,11303.0,9890.0,9890.0,8477.0,8477.0
G M R INSTITUTE OF TECHNOLOGY,CAD,SKL,RAJAM,COED,757.0,757.0,1439.0,1439.0,1742.0,1742.0,984.0,984.0,1136.0,1136.0,1136.0,1136.0,1212.0,1212.0,1060.0,1060.0,909.0,909.0
G M R INSTITUTE OF TECHNOLOGY,CIV,SKL,RAJAM,COED,3356.0,3356.0,6376.0,6376.0,7719.0,7719.0,4363.0,4363.0,5034.0,5034.0,5034.0,5034.0,5370.0,5370.0,4698.0,4698.0,4027.0,4027.0
G M R INSTITUTE OF TECHNOLOGY,CSE,SKL,RAJAM,COED,804.0,804.0,1527.0,1527.0,1848.0,1848.0,1045.0,1045.0,1205.0,1205.0,1205.0,1205.0,1286.0,1286.0,1125.0,1125.0,964.0,964.0
G M R INSTITUTE OF TECHNOLOGY,CSM,SKL,RAJAM,COED,664.0,664.0,1262.0,1262.0,1528.0,1528.0,864.0,864.0,996.0,996.0,996.0,996.0,1063.0,1063.0,930.0,930.0,797.0,797.0
G M R INSTITUTE OF TECHNOLOGY,ECE,SKL,RAJAM,COED,777.0,777.0,1477.0,1477.0,1787.0,1787.0,1010.0,1010.0,1166.0,1166.0,1166.0,1166.0,1243.0,1243.0,1088.0,1088.0,933.0,933.0
G M R INSTITUTE OF TECHNOLOGY,EEE,SKL,RAJAM,COED,2056.0,2056.0,3907.0,3907.0,4729.0,4729.0,2673.0,2673.0,3084.0,3084.0,3084.0,3084.0,3290.0,3290.0,2879.0,2879.0,2467.0,2467.0
G M R INSTITUTE OF TECHNOLOGY,INF,SKL,RAJAM,COED,994.0,994.0,1889.0,1889.0,2287.0,2287.0,1293.0,1293.0,1491.0,1491.0,1491.0,1491.0,1591.0,1591.0,1392.0,1392.0,1193.0,1193.0
G M R INSTITUTE OF TECHNOLOGY,MEC,SKL,RAJAM,COED,2766.0,2766.0,5256.0,5256.0,6362.0,6362.0,3596.0,3596.0,4149.0,4149.0,4149.0,4149.0,4426.0,4426.0,3872.0,3872.0,3319.0,3319.0
SRI SIVANI COLLEGE OF ENGINEERING,AIM,SKL,SRIKAKULAM,COED,6000.0,6000.0,11401.0,11401.0,13801.0,13801.0,7801.0,7801.0,9001.0,9001.0,9001.0,9001.0,9601.0,9601.0,8401.0,8401.0,7201.0,7201.0
SRI SIVANI COLLEGE OF ENGINEERING,CIV,SKL,SRIKAKULAM,COED,9394.0,9394.0,17849.0,17849.0,21607.0,21607.0,12213.0,12213.0,14092.0,14092.0,14092.0,14092.0,15031.0,15031.0,13152.0,13152.0,11273.0,11273.0
SRI SIVANI COLLEGE OF ENGINEERING,CSE,SKL,SRIKAKULAM,COED,6027.0,6027.0,11452.0,11452.0,13863.0,13863.0,7836.0,7836.0,9041.0,9041.0,9041.0,9041.0,9644.0,9644.0,8438.0,8438.0,7233.0,7233.0
SRI SIVANI COLLEGE OF ENGINEERING,ECE,SKL,SRIKAKULAM,COED,5920.0,5920.0,11249.0,11249.0,13617.0,13617.0,7696.0,7696.0,8880.0,8880.0,8880.0,8880.0,9472.0,9472.0,8288.0,8288.0,7104.0,7104.0
SRI SIVANI COLLEGE OF ENGINEERING,EEE,SKL,SRIKAKULAM,COED,8384.0,8384.0,15930.0,15930.0,19284.0,19284.0,10899.0,10899.0,12576.0,12576.0,12576.0,12576.0,13415.0,13415.0,11738.0,11738.0,10061.0,10061.0
SRI SIVANI COLLEGE OF ENGINEERING,MEC,SKL,SRIKAKULAM,COED,7452.0,7452.0,14159.0,14159.0,17139.0,17139.0,9687.0,9687.0,11178.0,11178.0,11178.0,11178.0,11923.0,11923.0,10433.0,10433.0,8942.0,8942.0
SR VENKATESWARA COLL OF ENGINEERING,AIM,SKL,SRIKAKULAM,COED,7893.0,7893.0,14996.0,14996.0,18153.0,18153.0,10261.0,10261.0,11839.0,11839.0,11839.0,11839.0,12628.0,12628.0,11050.0,11050.0,9471.0,9471.0
SR VENKATESWARA COLL OF ENGINEERING,CIV,SKL,SRIKAKULAM,COED,10866.0,10866.0,20646.0,20646.0,24993.0,24993.0,14126.0,14126.0,16300.0,16300.0,16300.0,16300.0,17386.0,17386.0,15213.0,15213.0,13040.0,13040.0
SR VENKATESWARA COLL OF ENGINEERING,CSE,SKL,SRIKAKULAM,COED,4934.0,4934.0,9375.0,9375.0,11348.0,11348.0,6414.0,6414.0,7401.0,7401.0,7401.0,7401.0,7894.0,7894.0,6908.0,6908.0,5921.0,5921.0
SR VENKATESWARA COLL OF ENGINEERING,CSM,SKL,SRIKAKULAM,COED,6966.0,6966.0,13235.0,13235.0,16021.0,16021.0,9055.0,9055.0,10449.0,10449.0,10449.0,10449.0,11145.0,11145.0,9752.0,9752.0,8359.0,8359.0
SR VENKATESWARA COLL OF ENGINEERING,ECE,SKL,SRIKAKULAM,COED,6435.0,6435.0,12226.0,12226.0,14799.0,14799.0,8365.0,8365.0,9652.0,9652.0,9652.0,9652.0,10295.0,10295.0,9008.0,9008.0,7721.0,7721.0
SR VENKATESWARA COLL OF ENGINEERING,EEE,SKL,SRIKAKULAM,COED,,,,,,,,,,,,,,,,,,
SR VENKATESWARA COLL OF ENGINEERING,MEC,SKL,SRIKAKULAM,COED,10600.0,10600.0,20141.0,20141.0,24381.0,24381.0,13780.0,13780.0,15901.0,15901.0,15901.0,15901.0,16961.0,16961.0,14841.0,14841.0,12720.0,12720.0
ANIL NEERUKONDA INSTITUTE OF TECHNOLOGY AND SCI,CHE,VSP,BHEEMUNIPATNAM,COED,3195.0,3195.0,6071.0,6071.0,7349.0,7349.0,4154.0,4154.0,4793.0,4793.0,4793.0,4793.0,5113.0,5113.0,4474.0,4474.0,3834.0,3834.0
ANIL NEERUKONDA INSTITUTE OF TECHNOLOGY AND SCI,CIV,VSP,BHEEMUNIPATNAM,COED,2588.0,2588.0,4917.0,4917.0,5952.0,5952.0,3364.0,3364.0,3882.0,3882.0,3882.0,3882.0,4140.0,4140.0,3623.0,3623.0,3105.0,3105.0
ANIL NEERUKONDA INSTITUTE OF TECHNOLOGY AND SCI,CSD,VSP,BHEEMUNIPATNAM,COED,808.0,808.0,1535.0,1535.0,1858.0,1858.0,1050.0,1050.0,1212.0,1212.0,1212.0,1212.0,1292.0,1292.0,1131.0,1131.0,969.0,969.0
ANIL NEERUKONDA INSTITUTE OF TECHNOLOGY AND SCI,CSE,VSP,BHEEMUNIPATNAM,COED,517.0,517.0,982.0,982.0,1189.0,1189.0,672.0,672.0,775.0,775.0,775.0,775.0,827.0,827.0,724.0,724.0,620.0,620.0
ANIL NEERUKONDA INSTITUTE OF TECHNOLOGY AND SCI,CSM,VSP,BHEEMUNIPATNAM,COED,667.0,667.0,1267.0,1267.0,1533.0,1533.0,867.0,867.0,1000.0,1000.0,1000.0,1000.0,1067.0,1067.0,933.0,933.0,800.0,800.0
ANIL NEERUKONDA INSTITUTE OF TECHNOLOGY AND SCI,ECE,VSP,BHEEMUNIPATNAM,COED,1139.0,1139.0,2165.0,2165.0,2620.0,2620.0,1481.0,1481.0,1709.0,1709.0,1709.0,1709.0,1823.0,1823.0,1595.0,1595.0,1367.0,1367.0
ANIL NEERUKONDA INSTITUTE OF TECHNOLOGY AND SCI,EEE,VSP,BHEEMUNIPATNAM,COED,2082.0,2082.0,3955.0,3955.0,4788.0,4788.0,2706.0,2706.0,3122.0,3122.0,3122.0,3122.0,3330.0,3330.0,2914.0,2914.0,2498.0,2498.0
ANIL NEERUKONDA INSTITUTE OF TECHNOLOGY AND SCI,INF,VSP,BHEEMUNIPATNAM,COED,998.0,998.0,1896.0,1896.0,2295.0,2295.0,1297.0,1297.0,1497.0,1497.0,1497.0,1497.0,1597.0,1597.0,1397.0,1397.0,1198.0,1198.0
ANIL NEERUKONDA INSTITUTE OF TECHNOLOGY AND SCI,MEC,VSP,BHEEMUNIPATNAM,COED,3332.0,3332.0,6331.0,6331.0,7664.0,7664.0,4332.0,4332.0,4998.0,4998.0,4998.0,4998.0,5331.0,5331.0,4665.0,4665.0,3998.0,3998.0
A U COLLEGE OF ENGG. VISAKHAPATNAM,BIO,VSP,VISAKHAPATNAM,COED,2167.0,2167.0,4117.0,4117.0,4984.0,4984.0,2817.0,2817.0,3250.0,3250.0,3250.0,3250.0,3467.0,3467.0,3034.0,3034.0,2600.0,2600.0
A U COLLEGE OF ENGG. VISAKHAPATNAM,CHE,VSP,VISAKHAPATNAM,COED,1130.0,1130.0,2147.0,2147.0,2600.0,2600.0,1469.0,1469.0,1695.0,1695.0,1695.0,1695.0,1808.0,1808.0,1582.0,1582.0,1356.0,1356.0
A U COLLEGE OF ENGG. VISAKHAPATNAM,CIV,VSP,VISAKHAPATNAM,COED,1248.0,1248.0,2370.0,2370.0,2869.0,2869.0,1622.0,1622.0,1871.0,1871.0,1871.0,1871.0,1996.0,1996.0,1747.0,1747.0,1497.0,1497.0
A U COLLEGE OF ENGG. VISAKHAPATNAM,CSE,VSP,VISAKHAPATNAM,COED,170.0,170.0,324.0,324.0,392.0,392.0,221.0,221.0,256.0,256.0,256.0,256.0,273.0,273.0,238.0,238.0,204.0,204.0
A U COLLEGE OF ENGG. VISAKHAPATNAM,ECE,VSP,VISAKHAPATNAM,COED,259.0,259.0,493.0,493.0,596.0,596.0,337.0,337.0,389.0,389.0,389.0,389.0,415.0,415.0,363.0,363.0,311.0,311.0
A U COLLEGE OF ENGG. VISAKHAPATNAM,EEE,VSP,VISAKHAPATNAM,COED,506.0,506.0,962.0,962.0,1164.0,1164.0,658.0,658.0,759.0,759.0,759.0,759.0,810.0,810.0,709.0,709.0,607.0,607.0
A U COLLEGE OF ENGG. VISAKHAPATNAM,GIN,VSP,VISAKHAPATNAM,COED,1772.0,1772.0,3367.0,3367.0,4076.0,4076.0,2304.0,2304.0,2658.0,2658.0,2658.0,2658.0,2835.0,2835.0,2481.0,2481.0,2126.0,2126.0
A U COLLEGE OF ENGG. VISAKHAPATNAM,IST,VSP,VISAKHAPATNAM,COED,897.0,897.0,1703.0,1703.0,2062.0,2062.0,1165.0,1165.0,1345.0,1345.0,1345.0,1345.0,1434.0,1434.0,1255.0,1255.0,1076.0,1076.0
A U COLLEGE OF ENGG. VISAKHAPATNAM,MEC,VSP,VISAKHAPATNAM,COED,855.0,855.0,1624.0,1624.0,1966.0,1966.0,1111.0,1111.0,1282.0,1282.0,1282.0,1282.0,1368.0,1368.0,1197.0,1197.0,1026.0,1026.0
A U COLLEGE OF ENGG. VISAKHAPATNAM,MET,VSP,VISAKHAPATNAM,COED,1742.0,1742.0,3310.0,3310.0,4007.0,4007.0,2265.0,2265.0,2613.0,2613.0,2613.0,2613.0,2788.0,2788.0,2439.0,2439.0,2091.0,2091.0
A U COLLEGE OF ENGG. VISAKHAPATNAM,NAM,VSP,VISAKHAPATNAM,COED,891.0,891.0,1692.0,1692.0,2048.0,2048.0,1158.0,1158.0,1336.0,1336.0,1336.0,1336.0,1425.0,1425.0,1247.0,1247.0,1069.0,1069.0
A U COLLEGE OF ENGG-SELF FINANCE VISAKHAPATNAM,INF,VSP,VISAKHAPATNAM,COED,526.0,526.0,999.0,999.0,1209.0,1209.0,683.0,683.0,788.0,788.0,788.0,788.0,841.0,841.0,736.0,736.0,631.0,631.0
AU COLLEGE OF ENGG. SCHOOL OF PHARMACY,PHM,VSP,VISAKHAPATNAM,COED,5660.0,5660.0,10755.0,10755.0,13019.0,13019.0,7358.0,7358.0,8491.0,8491.0,8491.0,8491.0,9057.0,9057.0,7924.0,7924.0,6792.0,6792.0
AU COLLEGE OF ENGG.SCHOOL OF PHARMACY-SELF FINANCE,PHD,VSP,VISAKHAPATNAM,COED,3976.0,3976.0,7553.0,7553.0,9144.0,9144.0,5168.0,5168.0,5963.0,5963.0,5963.0,5963.0,6361.0,6361.0,5566.0,5566.0,4771.0,4771.0
A U COLLEGE OF ENGG FOR WOMEN-SELF FINANCE,CIV,VSP,VISAKHAPATNAM,GIRLS,4634.0,4634.0,8804.0,8804.0,10657.0,10657.0,6024.0,6024.0,6950.0,6950.0,6950.0,6950.0,7414.0,7414.0,6487.0,6487.0,5560.0,5560.0
A U COLLEGE OF ENGG FOR WOMEN-SELF FINANCE,CSE,VSP,VISAKHAPATNAM,GIRLS,1044.0,1044.0,1984.0,1984.0,2402.0,2402.0,1358.0,1358.0,1567.0,1567.0,1567.0,1567.0,1671.0,1671.0,1462.0,1462.0,1253.0,1253.0
A U COLLEGE OF ENGG FOR WOMEN-SELF FINANCE,ECE,VSP,VISAKHAPATNAM,GIRLS,2031.0,2031.0,3859.0,3859.0,4672.0,4672.0,2640.0,2640.0,3047.0,3047.0,3047.0,3047.0,3250.0,3250.0,2844.0,2844.0,2437.0,2437.0
A U COLLEGE OF ENGG FOR WOMEN-SELF FINANCE,EEE,VSP,VISAKHAPATNAM,GIRLS,4945.0,4945.0,9396.0,9396.0,11374.0,11374.0,6429.0,6429.0,7418.0,7418.0,7418.0,7418.0,7912.0,7912.0,6923.0,6923.0,5934.0,5934.0
A U COLLEGE OF ENGG FOR WOMEN-SELF FINANCE,INF,VSP,VISAKHAPATNAM,GIRLS,1668.0,1668.0,3169.0,3169.0,3836.0,3836.0,2168.0,2168.0,2502.0,2502.0,2502.0,2502.0,2669.0,2669.0,2335.0,2335.0,2001.0,2001.0
A U COLLEGE OF ENGG FOR WOMEN-SELF FINANCE,MEC,VSP,VISAKHAPATNAM,GIRLS,5289.0,5289.0,10050.0,10050.0,12165.0,12165.0,6876.0,6876.0,7934.0,7934.0,7934.0,7934.0,8463.0,8463.0,7405.0,7405.0,6347.0,6347.0
AVANTHI INSTITUTE OF ENGG. AND TECHNOLOGY,CSD,VSP,NARSIPATNAM,COED,,,,,,,,,,,,,,,,,,
AVANTHI INSTITUTE OF ENGG. AND TECHNOLOGY,CSE,VSP,NARSIPATNAM,COED,5022.0,5022.0,9543.0,9543.0,11552.0,11552.0,6529.0,6529.0,7534.0,7534.0,7534.0,7534.0,8036.0,8036.0,7031.0,7031.0,6027.0,6027.0
AVANTHI INSTITUTE OF ENGG. AND TECHNOLOGY,CSM,VSP,NARSIPATNAM,COED,3372.0,3372.0,6407.0,6407.0,7755.0,7755.0,4383.0,4383.0,5058.0,5058.0,5058.0,5058.0,5395.0,5395.0,4721.0,4721.0,4046.0,4046.0
AVANTHI INSTITUTE OF ENGG. AND TECHNOLOGY,ECE,VSP,NARSIPATNAM,COED,5266.0,5266.0,10005.0,10005.0,12111.0,12111.0,6846.0,6846.0,7899.0,7899.0,7899.0,7899.0,8425.0,8425.0,7372.0,7372.0,6319.0,6319.0
AVANTHI INSTITUTE OF ENGG. AND TECHNOLOGY,EEE,VSP,NARSIPATNAM,COED,4814.0,4814.0,9147.0,9147.0,11073.0,11073.0,6259.0,6259.0,7221.0,7221.0,7221.0,7221.0,7703.0,7703.0,6740.0,6740.0,5777.0,5777.0
AVANTHI INSTITUTE OF ENGG. AND TECHNOLOGY,MEC,VSP,NARSIPATNAM,COED,10433.0,10433.0,19822.0,19822.0,23995.0,23995.0,13562.0,13562.0,15649.0,15649.0,15649.0,15649.0,16692.0,16692.0,14606.0,14606.0,12519.0,12519.0
BABA INST OF TECH AND SCIENCES,AIM,VSP,VISAKHAPATNAM,COED,6830.0,6830.0,12978.0,12978.0,15710.0,15710.0,8879.0,8879.0,10245.0,10245.0,10245.0,10245.0,10928.0,10928.0,9562.0,9562.0,8196.0,8196.0
BABA INST OF TECH AND SCIENCES,CIV,VSP,VISAKHAPATNAM,COED,2234.0,2234.0,4244.0,4244.0,5137.0,5137.0,2904.0,2904.0,3350.0,3350.0,3350.0,3350.0,3574.0,3574.0,3127.0,3127.0,2680.0,2680.0
BABA INST OF TECH AND SCIENCES,CS,VSP,VISAKHAPATNAM,COED,6187.0,6187.0,11755.0,11755.0,14229.0,14229.0,8043.0,8043.0,9280.0,9280.0,9280.0,9280.0,9899.0,9899.0,8661.0,8661.0,7424.0,7424.0
BABA INST OF TECH AND SCIENCES,CSE,VSP,VISAKHAPATNAM,COED,6577.0,6577.0,12497.0,12497.0,15127.0,15127.0,8550.0,8550.0,9866.0,9866.0,9866.0,9866.0,10523.0,10523.0,9208.0,9208.0,7893.0,7893.0
BABA INST OF TECH AND SCIENCES,ECE,VSP,VISAKHAPATNAM,COED,5817.0,5817.0,11052.0,11052.0,13379.0,13379.0,7562.0,7562.0,8725.0,8725.0,8725.0,8725.0,9307.0,9307.0,8144.0,8144.0,6980.0,6980.0
BABA INST OF TECH AND SCIENCES,EEE,VSP,VISAKHAPATNAM,COED,,,,,,,,,,,,,,,,,,
BABA INST OF TECH AND SCIENCES,MEC,VSP,VISAKHAPATNAM,COED,8031.0,8031.0,15259.0,15259.0,18471.0,18471.0,10440.0,10440.0,12047.0,12047.0,12047.0,12047.0,12850.0,12850.0,11243.0,11243.0,9637.0,9637.0
BEHARA COLLEGE OF ENGINEERING AND TECHNOLOGY,CSD,VSP,VISAKHAPATNAM,COED,3473.0,3473.0,6598.0,6598.0,7987.0,7987.0,4515.0,4515.0,5209.0,5209.0,5209.0,5209.0,5556.0,5556.0,4862.0,4862.0,4167.0,4167.0
BEHARA COLLEGE OF ENGINEERING AND TECHNOLOGY,CSE,VSP,VISAKHAPATNAM,COED,9179.0,9179.0,17440.0,17440.0,21111.0,21111.0,11932.0,11932.0,13768.0,13768.0,13768.0,13768.0,14686.0,14686.0,12850.0,12850.0,11015.0,11015.0
BEHARA COLLEGE OF ENGINEERING AND TECHNOLOGY,ECE,VSP,VISAKHAPATNAM,COED,7795.0,7795.0,14810.0,14810.0,17928.0,17928.0,10133.0,10133.0,11692.0,11692.0,11692.0,11692.0,12471.0,12471.0,10912.0,10912.0,9354.0,9354.0
BEHARA COLLEGE OF ENGINEERING AND TECHNOLOGY,MEC,VSP,VISAKHAPATNAM,COED,11490.0,11490.0,21832.0,21832.0,26428.0,26428.0,14937.0,14937.0,17235.0,17235.0,17235.0,17235.0,18385.0,18385.0,16086.0,16086.0,13788.0,13788.0
CHAITANYA ENGINEERING COLLEGE,AID,VSP,VISAKHAPATNAM,COED,10045.0,10045.0,19086.0,19086.0,23104.0,23104.0,13059.0,13059.0,15068.0,15068.0,15068.0,15068.0,16073.0,16073.0,14063.0,14063.0,12054.0,12054.0
CHAITANYA ENGINEERING COLLEGE,CAI,VSP,VISAKHAPATNAM,COED,6344.0,6344.0,12054.0,12054.0,14591.0,14591.0,8247.0,8247.0,9516.0,9516.0,9516.0,9516.0,10150.0,10150.0,8882.0,8882.0,7613.0,7613.0
CHAITANYA ENGINEERING COLLEGE,CIV,VSP,VISAKHAPATNAM,COED,6746.0,6746.0,12817.0,12817.0,15515.0,15515.0,8770.0,8770.0,10119.0,10119.0,10119.0,10119.0,10793.0,10793.0,9444.0,9444.0,8095.0,8095.0
CHAITANYA ENGINEERING COLLEGE,CSE,VSP,VISAKHAPATNAM,COED,6964.0,6964.0,13231.0,13231.0,16017.0,16017.0,9053.0,9053.0,10446.0,10446.0,10446.0,10446.0,11142.0,11142.0,9749.0,9749.0,8357.0,8357.0
CHAITANYA ENGINEERING COLLEGE,CSM,VSP,VISAKHAPATNAM,COED,5383.0,5383.0,10229.0,10229.0,12382.0,12382.0,6998.0,6998.0,8075.0,8075.0,8075.0,8075.0,8613.0,8613.0,7537.0,7537.0,6460.0,6460.0
CHAITANYA ENGINEERING COLLEGE,ECE,VSP,VISAKHAPATNAM,COED,5865.0,5865.0,11144.0,11144.0,13490.0,13490.0,7625.0,7625.0,8798.0,8798.0,8798.0,8798.0,9384.0,9384.0,8211.0,8211.0,7038.0,7038.0
CHAITANYA ENGINEERING COLLEGE,EEE,VSP,VISAKHAPATNAM,COED,,,,,,,,,,,,,,,,,,
CHAITANYA ENGINEERING COLLEGE,MEC,VSP,VISAKHAPATNAM,COED,7739.0,7739.0,14704.0,14704.0,17799.0,17799.0,10060.0,10060.0,11608.0,11608.0,11608.0,11608.0,12382.0,12382.0,10834.0,10834.0,9287.0,9287.0
DADI INSTT. OF ENGINEERING AND TECHNOLOGY,CIV,VSP,ANAKAPALLE,COED,8106.0,8106.0,15402.0,15402.0,18645.0,18645.0,10538.0,10538.0,12160.0,12160.0,12160.0,12160.0,12970.0,12970.0,11349.0,11349.0,9728.0,9728.0
DADI INSTT. OF ENGINEERING AND TECHNOLOGY,CSD,VSP,ANAKAPALLE,COED,5602.0,5602.0,10644.0,10644.0,12885.0,12885.0,7283.0,7283.0,8403.0,8403.0,8403.0,8403.0,8963.0,8963.0,7843.0,7843.0,6723.0,6723.0
DADI INSTT. OF ENGINEERING AND TECHNOLOGY,CSE,VSP,ANAKAPALLE,COED,4225.0,4225.0,8027.0,8027.0,9716.0,9716.0,5492.0,5492.0,6337.0,6337.0,6337.0,6337.0,6759.0,6759.0,5914.0,5914.0,5069.0,5069.0
DADI INSTT. OF ENGINEERING AND TECHNOLOGY,CSM,VSP,ANAKAPALLE,COED,5611.0,5611.0,10661.0,10661.0,12905.0,12905.0,7294.0,7294.0,8416.0,8416.0,8416.0,8416.0,8977.0,8977.0,7855.0,7855.0,6733.0,6733.0
DADI INSTT. OF ENGINEERING AND TECHNOLOGY,ECE,VSP,ANAKAPALLE,COED,3581.0,3581.0,6804.0,6804.0,8237.0,8237.0,4656.0,4656.0,5372.0,5372.0,5372.0,5372.0,5730.0,5730.0,5014.0,5014.0,4297.0,4297.0
DADI INSTT. OF ENGINEERING AND TECHNOLOGY,EEE,VSP,ANAKAPALLE,COED,7830.0,7830.0,14876.0,14876.0,18008.0,18008.0,10178.0,10178.0,11744.0,11744.0,11744.0,11744.0,12527.0,12527.0,10961.0,10961.0,9396.0,9396.0
DR L BULLAYYA COLL EGE OF ENGINEERING,CIV,VSP,VISAKHAPATNAM,COED,2909.0,2909.0,5527.0,5527.0,6691.0,6691.0,3782.0,3782.0,4364.0,4364.0,4364.0,4364.0,4655.0,4655.0,4073.0,4073.0,3491.0,3491.0
DR L BULLAYYA COLL EGE OF ENGINEERING,CSE,VSP,VISAKHAPATNAM,COED,3257.0,3257.0,6189.0,6189.0,7492.0,7492.0,4234.0,4234.0,4886.0,4886.0,4886.0,4886.0,5212.0,5212.0,4560.0,4560.0,3909.0,3909.0
DR L BULLAYYA COLL EGE OF ENGINEERING,ECE,VSP,VISAKHAPATNAM,COED,3715.0,3715.0,7058.0,7058.0,8544.0,8544.0,4829.0,4829.0,5572.0,5572.0,5572.0,5572.0,5944.0,5944.0,5201.0,5201.0,4458.0,4458.0
DR L BULLAYYA COLL EGE OF ENGINEERING,EEE,VSP,VISAKHAPATNAM,COED,4737.0,4737.0,8999.0,8999.0,10894.0,10894.0,6158.0,6158.0,7105.0,7105.0,7105.0,7105.0,7578.0,7578.0,6631.0,6631.0,5684.0,5684.0
GONNA INST OF INFO TECHNOLOGY SCIENCES,CIV,VSP,VISAKHAPATNAM,COED,10440.0,10440.0,19836.0,19836.0,24012.0,24012.0,13572.0,13572.0,15660.0,15660.0,15660.0,15660.0,16704.0,16704.0,14616.0,14616.0,12528.0,12528.0
GONNA INST OF INFO TECHNOLOGY SCIENCES,CSE,VSP,VISAKHAPATNAM,COED,8725.0,8725.0,16577.0,16577.0,20067.0,20067.0,11342.0,11342.0,13087.0,13087.0,13087.0,13087.0,13960.0,13960.0,12215.0,12215.0,10470.0,10470.0
GONNA INST OF INFO TECHNOLOGY SCIENCES,ECE,VSP,VISAKHAPATNAM,COED,6286.0,6286.0,11943.0,11943.0,14457.0,14457.0,8171.0,8171.0,9428.0,9428.0,9428.0,9428.0,10057.0,10057.0,8800.0,8800.0,7543.0,7543.0
GONNA INST OF INFO TECHNOLOGY SCIENCES,MEC,VSP,VISAKHAPATNAM,COED,8805.0,8805.0,16729.0,16729.0,20251.0,20251.0,11446.0,11446.0,13207.0,13207.0,13207.0,13207.0,14088.0,14088.0,12327.0,12327.0,10566.0,10566.0
GAYATHRI VIDYA PARISHAD COLL. OF ENGINEERING,CHE,VSP,VISAKHAPATNAM,COED,2912.0,2912.0,5533.0,5533.0,6698.0,6698.0,3786.0,3786.0,4368.0,4368.0,4368.0,4368.0,4659.0,4659.0,4077.0,4077.0,3494.0,3494.0
GAYATHRI VIDYA PARISHAD COLL. OF ENGINEERING,CIV,VSP,VISAKHAPATNAM,COED,3030.0,3030.0,5757.0,5757.0,6969.0,6969.0,3939.0,3939.0,4545.0,4545.0,4545.0,4545.0,4848.0,4848.0,4242.0,4242.0,3636.0,3636.0
GAYATHRI VIDYA PARISHAD COLL. OF ENGINEERING,CSD,VSP,VISAKHAPATNAM,COED,285.0,285.0,542.0,542.0,657.0,657.0,371.0,371.0,428.0,428.0,428.0,428.0,457.0,457.0,400.0,400.0,343.0,343.0
GAYATHRI VIDYA PARISHAD COLL. OF ENGINEERING,CSE,VSP,VISAKHAPATNAM,COED,259.0,259.0,492.0,492.0,596.0,596.0,337.0,337.0,389.0,389.0,389.0,389.0,414.0,414.0,363.0,363.0,311.0,311.0
GAYATHRI VIDYA PARISHAD COLL. OF ENGINEERING,CSM,VSP,VISAKHAPATNAM,COED,275.0,275.0,523.0,523.0,633.0,633.0,358.0,358.0,413.0,413.0,413.0,413.0,440.0,440.0,385.0,385.0,330.0,330.0
GAYATHRI VIDYA PARISHAD COLL. OF ENGINEERING,ECE,VSP,VISAKHAPATNAM,COED,458.0,458.0,870.0,870.0,1053.0,1053.0,595.0,595.0,687.0,687.0,687.0,687.0,733.0,733.0,641.0,641.0,550.0,550.0
GAYATHRI VIDYA PARISHAD COLL. OF ENGINEERING,EEE,VSP,VISAKHAPATNAM,COED,1557.0,1557.0,2959.0,2959.0,3582.0,3582.0,2024.0,2024.0,2336.0,2336.0,2336.0,2336.0,2492.0,2492.0,2180.0,2180.0,1869.0,1869.0
GAYATHRI VIDYA PARISHAD COLL. OF ENGINEERING,INF,VSP,VISAKHAPATNAM,COED,433.0,433.0,823.0,823.0,997.0,997.0,563.0,563.0,650.0,650.0,650.0,650.0,693.0,693.0,607.0,607.0,520.0,520.0
GAYATHRI VIDYA PARISHAD COLL. OF ENGINEERING,MEC,VSP,VISAKHAPATNAM,COED,1867.0,1867.0,3547.0,3547.0,4294.0,4294.0,2427.0,2427.0,2800.0,2800.0,2800.0,2800.0,2987.0,2987.0,2614.0,2614.0,2240.0,2240.0
GAYATHRI VIDYA PARISHAD COLL. OF ENGINEERING,MRB,VSP,VISAKHAPATNAM,COED,2611.0,2611.0,4961.0,4961.0,6006.0,6006.0,3395.0,3395.0,3917.0,3917.0,3917.0,3917.0,4178.0,4178.0,3656.0,3656.0,3133.0,3133.0
G V P COLLEGE FOR DEGREE AND PG COURSES,CIV,VSP,VISAKHAPATNAM,COED,2654.0,2654.0,5042.0,5042.0,6103.0,6103.0,3450.0,3450.0,3981.0,3981.0,3981.0,3981.0,4246.0,4246.0,3715.0,3715.0,3184.0,3184.0
G V P COLLEGE FOR DEGREE AND PG COURSES,CSE,VSP,VISAKHAPATNAM,COED,2849.0,2849.0,5413.0,5413.0,6553.0,6553.0,3704.0,3704.0,4274.0,4274.0,4274.0,4274.0,4559.0,4559.0,3989.0,3989.0,3419.0,3419.0
G V P COLLEGE FOR DEGREE AND PG COURSES,CSM,VSP,VISAKHAPATNAM,COED,1587.0,1587.0,3014.0,3014.0,3649.0,3649.0,2062.0,2062.0,2380.0,2380.0,2380.0,2380.0,2538.0,2538.0,2221.0,2221.0,1904.0,1904.0
G V P COLLEGE FOR DEGREE AND PG COURSES,ECE,VSP,VISAKHAPATNAM,COED,1600.0,1600.0,3040.0,3040.0,3680.0,3680.0,2080.0,2080.0,2400.0,2400.0,2400.0,2400.0,2560.0,2560.0,2240.0,2240.0,1920.0,1920.0
G V P COLLEGE FOR DEGREE AND PG COURSES,MEC,VSP,VISAKHAPATNAM,COED,5527.0,5527.0,10500.0,10500.0,12711.0,12711.0,7185.0,7185.0,8290.0,8290.0,8290.0,8290.0,8843.0,8843.0,7737.0,7737.0,6632.0,6632.0
GAYATHRI VIDYA PARISHAD COLL OF ENGG FOR WOMEN,CSE,VSP,VISAKHAPATNAM,GIRLS,1701.0,1701.0,3231.0,3231.0,3911.0,3911.0,2211.0,2211.0,2551.0,2551.0,2551.0,2551.0,2721.0,2721.0,2381.0,2381.0,2041.0,2041.0
GAYATHRI VIDYA PARISHAD COLL OF ENGG FOR WOMEN,CSM,VSP,VISAKHAPATNAM,GIRLS,1790.0,1790.0,3400.0,3400.0,4116.0,4116.0,2327.0,2327.0,2685.0,2685.0,2685.0,2685.0,2864.0,2864.0,2506.0,2506.0,2148.0,2148.0
GAYATHRI VIDYA PARISHAD COLL OF ENGG FOR WOMEN,ECE,VSP,VISAKHAPATNAM,GIRLS,2387.0,2387.0,4535.0,4535.0,5490.0,5490.0,3103.0,3103.0,3580.0,3580.0,3580.0,3580.0,3819.0,3819.0,3342.0,3342.0,2864.0,2864.0
GAYATHRI VIDYA PARISHAD COLL OF ENGG FOR WOMEN,EEE,VSP,VISAKHAPATNAM,GIRLS,4042.0,4042.0,7680.0,7680.0,9297.0,9297.0,5255.0,5255.0,6063.0,6063.0,6063.0,6063.0,6467.0,6467.0,5659.0,5659.0,4851.0,4851.0
GAYATHRI VIDYA PARISHAD COLL OF ENGG FOR WOMEN,INF,VSP,VISAKHAPATNAM,GIRLS,2543.0,2543.0,4831.0,4831.0,5848.0,5848.0,3305.0,3305.0,3814.0,3814.0,3814.0,3814.0,4068.0,4068.0,3560.0,3560.0,3051.0,3051.0
N S RAJU INSTITUTE OF ENGG AND TECHNOLOGY,CSE,VSP,DAKAMARRI VILLAGE,COED,4153.0,4153.0,7891.0,7891.0,9552.0,9552.0,5399.0,5399.0,6230.0,6230.0,6230.0,6230.0,6645.0,6645.0,5814.0,5814.0,4984.0,4984.0
N S RAJU INSTITUTE OF ENGG AND TECHNOLOGY,CSM,VSP,DAKAMARRI VILLAGE,COED,4727.0,4727.0,8980.0,8980.0,10871.0,10871.0,6145.0,6145.0,7090.0,7090.0,7090.0,7090.0,7563.0,7563.0,6617.0,6617.0,5672.0,5672.0
N S RAJU INSTITUTE OF ENGG AND TECHNOLOGY,ECE,VSP,DAKAMARRI VILLAGE,COED,5956.0,5956.0,11316.0,11316.0,13698.0,13698.0,7743.0,7743.0,8934.0,8934.0,8934.0,8934.0,9529.0,9529.0,8338.0,8338.0,7147.0,7147.0
N S RAJU INSTITUTE OF ENGG AND TECHNOLOGY,EEE,VSP,DAKAMARRI VILLAGE,COED,,,,,,,,,,,,,,,,,,
N S RAJU INSTITUTE OF ENGG AND TECHNOLOGY,MEC,VSP,DAKAMARRI VILLAGE,COED,6124.0,6124.0,11636.0,11636.0,14086.0,14086.0,7962.0,7962.0,9187.0,9187.0,9187.0,9187.0,9799.0,9799.0,8574.0,8574.0,7349.0,7349.0
NADIMPALLI SATYANARAYANA RAJU INSTITUTE OF TECHNOLOGY,CIV,VSP,VISAKHAPATNAM,COED,6558.0,6558.0,12460.0,12460.0,15083.0,15083.0,8525.0,8525.0,9836.0,9836.0,9836.0,9836.0,10492.0,10492.0,9181.0,9181.0,7869.0,7869.0
NADIMPALLI SATYANARAYANA RAJU INSTITUTE OF TECHNOLOGY,CSD,VSP,VISAKHAPATNAM,COED,3260.0,3260.0,6195.0,6195.0,7499.0,7499.0,4239.0,4239.0,4891.0,4891.0,4891.0,4891.0,5217.0,5217.0,4565.0,4565.0,3913.0,3913.0
NADIMPALLI SATYANARAYANA RAJU INSTITUTE OF TECHNOLOGY,CSE,VSP,VISAKHAPATNAM,COED,3228.0,3228.0,6133.0,6133.0,7424.0,7424.0,4196.0,4196.0,4842.0,4842.0,4842.0,4842.0,5164.0,5164.0,4519.0,4519.0,3873.0,3873.0
NADIMPALLI SATYANARAYANA RAJU INSTITUTE OF TECHNOLOGY,CSM,VSP,VISAKHAPATNAM,COED,3360.0,3360.0,6384.0,6384.0,7728.0,7728.0,4368.0,4368.0,5040.0,5040.0,5040.0,5040.0,5376.0,5376.0,4704.0,4704.0,4032.0,4032.0
NADIMPALLI SATYANARAYANA RAJU INSTITUTE OF TECHNOLOGY,ECE,VSP,VISAKHAPATNAM,COED,3528.0,3528.0,6704.0,6704.0,8115.0,8115.0,4587.0,4587.0,5292.0,5292.0,5292.0,5292.0,5645.0,5645.0,4940.0,4940.0,4234.0,4234.0
NADIMPALLI SATYANARAYANA RAJU INSTITUTE OF TECHNOLOGY,EEE,VSP,VISAKHAPATNAM,COED,4974.0,4974.0,9451.0,9451.0,11440.0,11440.0,6466.0,6466.0,7461.0,7461.0,7461.0,7461.0,7958.0,7958.0,6964.0,6964.0,5969.0,5969.0
NADIMPALLI SATYANARAYANA RAJU INSTITUTE OF TECHNOLOGY,MEC,VSP,VISAKHAPATNAM,COED,5096.0,5096.0,9683.0,9683.0,11722.0,11722.0,6625.0,6625.0,7645.0,7645.0,7645.0,7645.0,8154.0,8154.0,7135.0,7135.0,6116.0,6116.0
RAGHU ENGINEERING COLLEGE,CIV,VSP,BHEEMUNIPATNAM,COED,4816.0,4816.0,9150.0,9150.0,11076.0,11076.0,6260.0,6260.0,7223.0,7223.0,7223.0,7223.0,7705.0,7705.0,6742.0,6742.0,5779.0,5779.0
RAGHU ENGINEERING COLLEGE,CSC,VSP,BHEEMUNIPATNAM,COED,2108.0,2108.0,4006.0,4006.0,4849.0,4849.0,2741.0,2741.0,3162.0,3162.0,3162.0,3162.0,3373.0,3373.0,2952.0,2952.0,2530.0,2530.0
RAGHU ENGINEERING COLLEGE,CSD,VSP,BHEEMUNIPATNAM,COED,2498.0,2498.0,4746.0,4746.0,5745.0,5745.0,3247.0,3247.0,3746.0,3746.0,3746.0,3746.0,3996.0,3996.0,3497.0,3497.0,2997.0,2997.0
RAGHU ENGINEERING COLLEGE,CSE,VSP,BHEEMUNIPATNAM,COED,2178.0,2178.0,4139.0,4139.0,5010.0,5010.0,2832.0,2832.0,3267.0,3267.0,3267.0,3267.0,3485.0,3485.0,3050.0,3050.0,2614.0,2614.0
RAGHU ENGINEERING COLLEGE,CSM,VSP,BHEEMUNIPATNAM,COED,2437.0,2437.0,4631.0,4631.0,5606.0,5606.0,3169.0,3169.0,3656.0,3656.0,3656.0,3656.0,3900.0,3900.0,3412.0,3412.0,2925.0,2925.0
RAGHU ENGINEERING COLLEGE,CSO,VSP,BHEEMUNIPATNAM,COED,,,,,,,,,,,,,,,,,,
RAGHU ENGINEERING COLLEGE,ECE,VSP,BHEEMUNIPATNAM,COED,2094.0,2094.0,3979.0,3979.0,4817.0,4817.0,2722.0,2722.0,3141.0,3141.0,3141.0,3141.0,3351.0,3351.0,2932.0,2932.0,2513.0,2513.0
RAGHU ENGINEERING COLLEGE,EEE,VSP,BHEEMUNIPATNAM,COED,,,,,,,,,,,,,,,,,,
RAGHU ENGINEERING COLLEGE,MEC,VSP,BHEEMUNIPATNAM,COED,4162.0,4162.0,7908.0,7908.0,9573.0,9573.0,5411.0,5411.0,6243.0,6243.0,6243.0,6243.0,6660.0,6660.0,5827.0,5827.0,4995.0,4995.0
SANKETHIKA VIDYA PARISHAD ENGINEERING COLLEGE,AID,VSP,VISAKHAPATNAM,COED,9050.0,9050.0,17194.0,17194.0,20814.0,20814.0,11764.0,11764.0,13574.0,13574.0,13574.0,13574.0,14479.0,14479.0,12669.0,12669.0,10859.0,10859.0
SANKETHIKA VIDYA PARISHAD ENGINEERING COLLEGE,AIM,VSP,VISAKHAPATNAM,COED,6348.0,6348.0,12061.0,12061.0,14600.0,14600.0,8252.0,8252.0,9522.0,9522.0,9522.0,9522.0,10156.0,10156.0,8887.0,8887.0,7617.0,7617.0
SANKETHIKA VIDYA PARISHAD ENGINEERING COLLEGE,CIV,VSP,VISAKHAPATNAM,COED,9734.0,9734.0,18494.0,18494.0,22388.0,22388.0,12654.0,12654.0,14601.0,14601.0,14601.0,14601.0,15574.0,15574.0,13627.0,13627.0,11681.0,11681.0
SANKETHIKA VIDYA PARISHAD ENGINEERING COLLEGE,CSE,VSP,VISAKHAPATNAM,COED,5254.0,5254.0,9982.0,9982.0,12084.0,12084.0,6830.0,6830.0,7881.0,7881.0,7881.0,7881.0,8406.0,8406.0,7355.0,7355.0,6305.0,6305.0
SANKETHIKA VIDYA PARISHAD ENGINEERING COLLEGE,ECE,VSP,VISAKHAPATNAM,COED,5746.0,5746.0,10916.0,10916.0,13215.0,13215.0,7469.0,7469.0,8618.0,8618.0,8618.0,8618.0,9193.0,9193.0,8044.0,8044.0,6895.0,6895.0
SANKETHIKA VIDYA PARISHAD ENGINEERING COLLEGE,EEE,VSP,VISAKHAPATNAM,COED,7841.0,7841.0,14898.0,14898.0,18035.0,18035.0,10193.0,10193.0,11762.0,11762.0,11762.0,11762.0,12546.0,12546.0,10978.0,10978.0,9409.0,9409.0
SANKETHIKA VIDYA PARISHAD ENGINEERING COLLEGE,MEC,VSP,VISAKHAPATNAM,COED,5592.0,5592.0,10624.0,10624.0,12861.0,12861.0,7269.0,7269.0,8387.0,8387.0,8387.0,8387.0,8947.0,8947.0,7828.0,7828.0,6710.0,6710.0
SANKETHIKA VIDYA PARISHAD ENGINEERING COLLEGE-OFF CAMPUS,AI,VSP,VISAKHAPATNAM,COED,9378.0,9378.0,17818.0,17818.0,21569.0,21569.0,12191.0,12191.0,14067.0,14067.0,14067.0,14067.0,15005.0,15005.0,13129.0,13129.0,11254.0,11254.0
SANKETHIKA VIDYA PARISHAD ENGINEERING COLLEGE-OFF CAMPUS,CSE,VSP,VISAKHAPATNAM,COED,6708.0,6708.0,12745.0,12745.0,15428.0,15428.0,8720.0,8720.0,10062.0,10062.0,10062.0,10062.0,10733.0,10733.0,9391.0,9391.0,8049.0,8049.0
SANKETHIKA VIDYA PARISHAD ENGINEERING COLLEGE-OFF CAMPUS,ECE,VSP,VISAKHAPATNAM,COED,6679.0,6679.0,12690.0,12690.0,15362.0,15362.0,8683.0,8683.0,10018.0,10018.0,10018.0,10018.0,10686.0,10686.0,9351.0,9351.0,8015.0,8015.0
SIMHADRI EDNL SOC GRP OF INSTNS,CSE,VSP,SABBAVARAM,COED,,,,,,,,,,,,,,,,,,
SIMHADRI EDNL SOC GRP OF INSTNS,ECE,VSP,SABBAVARAM,COED,,,,,,,,,,,,,,,,,,
SIMHADRI EDNL SOC GRP OF INSTNS,EEE,VSP,SABBAVARAM,COED,9870.0,9870.0,18752.0,18752.0,22700.0,22700.0,12830.0,12830.0,14804.0,14804.0,14804.0,14804.0,15791.0,15791.0,13817.0,13817.0,11843.0,11843.0
VIGNANS INSTT OF ENGINEERING FOR WOMEN,CAI,VSP,VISAKHAPATNAM,GIRLS,3028.0,3028.0,5753.0,5753.0,6964.0,6964.0,3936.0,3936.0,4542.0,4542.0,4542.0,4542.0,4845.0,4845.0,4239.0,4239.0,3634.0,3634.0
VIGNANS INSTT OF ENGINEERING FOR WOMEN,CSC,VSP,VISAKHAPATNAM,GIRLS,2202.0,2202.0,4185.0,4185.0,5066.0,5066.0,2863.0,2863.0,3304.0,3304.0,3304.0,3304.0,3524.0,3524.0,3083.0,3083.0,2643.0,2643.0
VIGNANS INSTT OF ENGINEERING FOR WOMEN,CSD,VSP,VISAKHAPATNAM,GIRLS,2133.0,2133.0,4054.0,4054.0,4907.0,4907.0,2773.0,2773.0,3200.0,3200.0,3200.0,3200.0,3413.0,3413.0,2987.0,2987.0,2560.0,2560.0
VIGNANS INSTT OF ENGINEERING FOR WOMEN,CSE,VSP,VISAKHAPATNAM,GIRLS,2196.0,2196.0,4172.0,4172.0,5050.0,5050.0,2854.0,2854.0,3293.0,3293.0,3293.0,3293.0,3513.0,3513.0,3074.0,3074.0,2635.0,2635.0
VIGNANS INSTT OF ENGINEERING FOR WOMEN,CSM,VSP,VISAKHAPATNAM,GIRLS,2417.0,2417.0,4592.0,4592.0,5558.0,5558.0,3142.0,3142.0,3625.0,3625.0,3625.0,3625.0,3867.0,3867.0,3383.0,3383.0,2900.0,2900.0
VIGNANS INSTT OF ENGINEERING FOR WOMEN,ECE,VSP,VISAKHAPATNAM,GIRLS,3213.0,3213.0,6106.0,6106.0,7391.0,7391.0,4178.0,4178.0,4820.0,4820.0,4820.0,4820.0,5142.0,5142.0,4499.0,4499.0,3856.0,3856.0
VIGNANS INSTT OF ENGINEERING FOR WOMEN,EEE,VSP,VISAKHAPATNAM,GIRLS,4535.0,4535.0,8617.0,8617.0,10432.0,10432.0,5896.0,5896.0,6803.0,6803.0,6803.0,6803.0,7257.0,7257.0,6350.0,6350.0,5443.0,5443.0
VIGNANS INSTT OF ENGINEERING FOR WOMEN,INF,VSP,VISAKHAPATNAM,GIRLS,2119.0,2119.0,4026.0,4026.0,4874.0,4874.0,2755.0,2755.0,3178.0,3178.0,3178.0,3178.0,3390.0,3390.0,2966.0,2966.0,2543.0,2543.0
VIGNANS INSTT OF ENGINEERING FOR WOMEN,MEC,VSP,VISAKHAPATNAM,GIRLS,4527.0,4527.0,8602.0,8602.0,10413.0,10413.0,5885.0,5885.0,6791.0,6791.0,6791.0,6791.0,7244.0,7244.0,6338.0,6338.0,5433.0,5433.0
VIGNANS INSTITUTE OF INFORMATION TECHNOLOGY,AID,VSP,VISAKHAPATNAM,COED,1434.0,1434.0,2725.0,2725.0,3298.0,3298.0,1864.0,1864.0,2151.0,2151.0,2151.0,2151.0,2295.0,2295.0,2008.0,2008.0,1721.0,1721.0
VIGNANS INSTITUTE OF INFORMATION TECHNOLOGY,CAI,VSP,VISAKHAPATNAM,COED,1249.0,1249.0,2374.0,2374.0,2873.0,2873.0,1624.0,1624.0,1874.0,1874.0,1874.0,1874.0,1999.0,1999.0,1749.0,1749.0,1499.0,1499.0
VIGNANS INSTITUTE OF INFORMATION TECHNOLOGY,CIV,VSP,VISAKHAPATNAM,COED,4971.0,4971.0,9444.0,9444.0,11432.0,11432.0,6462.0,6462.0,7456.0,7456.0,7456.0,7456.0,7953.0,7953.0,6959.0,6959.0,5965.0,5965.0
VIGNANS INSTITUTE OF INFORMATION TECHNOLOGY,CSC,VSP,VISAKHAPATNAM,COED,1167.0,1167.0,2218.0,2218.0,2684.0,2684.0,1517.0,1517.0,1751.0,1751.0,1751.0,1751.0,1867.0,1867.0,1634.0,1634.0,1401.0,1401.0
VIGNANS INSTITUTE OF INFORMATION TECHNOLOGY,CSD,VSP,VISAKHAPATNAM,COED,1291.0,1291.0,2453.0,2453.0,2970.0,2970.0,1679.0,1679.0,1937.0,1937.0,1937.0,1937.0,2066.0,2066.0,1808.0,1808.0,1550.0,1550.0
VIGNANS INSTITUTE OF INFORMATION TECHNOLOGY,CSE,VSP,VISAKHAPATNAM,COED,1023.0,1023.0,1943.0,1943.0,2352.0,2352.0,1329.0,1329.0,1534.0,1534.0,1534.0,1534.0,1636.0,1636.0,1432.0,1432.0,1227.0,1227.0
VIGNANS INSTITUTE OF INFORMATION TECHNOLOGY,ECE,VSP,VISAKHAPATNAM,COED,1547.0,1547.0,2940.0,2940.0,3559.0,3559.0,2012.0,2012.0,2321.0,2321.0,2321.0,2321.0,2476.0,2476.0,2166.0,2166.0,1857.0,1857.0
VIGNANS INSTITUTE OF INFORMATION TECHNOLOGY,ECM,VSP,VISAKHAPATNAM,COED,2037.0,2037.0,3871.0,3871.0,4686.0,4686.0,2649.0,2649.0,3056.0,3056.0,3056.0,3056.0,3260.0,3260.0,2852.0,2852.0,2445.0,2445.0
VIGNANS INSTITUTE OF INFORMATION TECHNOLOGY,EEE,VSP,VISAKHAPATNAM,COED,2616.0,2616.0,4970.0,4970.0,6016.0,6016.0,3400.0,3400.0,3923.0,3923.0,3923.0,3923.0,4185.0,4185.0,3662.0,3662.0,3139.0,3139.0
VIGNANS INSTITUTE OF INFORMATION TECHNOLOGY,INF,VSP,VISAKHAPATNAM,COED,1292.0,1292.0,2455.0,2455.0,2972.0,2972.0,1680.0,1680.0,1938.0,1938.0,1938.0,1938.0,2068.0,2068.0,1809.0,1809.0,1551.0,1551.0
VIGNANS INSTITUTE OF INFORMATION TECHNOLOGY,MEC,VSP,VISAKHAPATNAM,COED,3563.0,3563.0,6770.0,6770.0,8195.0,8195.0,4632.0,4632.0,5345.0,5345.0,5345.0,5345.0,5701.0,5701.0,4988.0,4988.0,4276.0,4276.0
VISWANATHA INST OF PHARM SCI,PHD,VSP,VISAKHAPATNAM,COED,8306.0,8306.0,15782.0,15782.0,19105.0,19105.0,10798.0,10798.0,12460.0,12460.0,12460.0,12460.0,13290.0,13290.0,11629.0,11629.0,9968.0,9968.0
VISAKHA INST OF ENGG AND TECHNOLOGY,CIV,VSP,VISAKHAPATNAM,COED,5857.0,5857.0,11128.0,11128.0,13471.0,13471.0,7614.0,7614.0,8785.0,8785.0,8785.0,8785.0,9371.0,9371.0,8200.0,8200.0,7028.0,7028.0
VISAKHA INST OF ENGG AND TECHNOLOGY,CSC,VSP,VISAKHAPATNAM,COED,5071.0,5071.0,9634.0,9634.0,11662.0,11662.0,6592.0,6592.0,7606.0,7606.0,7606.0,7606.0,8113.0,8113.0,7099.0,7099.0,6085.0,6085.0
VISAKHA INST OF ENGG AND TECHNOLOGY,CSD,VSP,VISAKHAPATNAM,COED,6701.0,6701.0,12731.0,12731.0,15412.0,15412.0,8711.0,8711.0,10051.0,10051.0,10051.0,10051.0,10721.0,10721.0,9381.0,9381.0,8041.0,8041.0
VISAKHA INST OF ENGG AND TECHNOLOGY,CSE,VSP,VISAKHAPATNAM,COED,5730.0,5730.0,10886.0,10886.0,13178.0,13178.0,7448.0,7448.0,8594.0,8594.0,8594.0,8594.0,9167.0,9167.0,8021.0,8021.0,6875.0,6875.0
VISAKHA INST OF ENGG AND TECHNOLOGY,CSM,VSP,VISAKHAPATNAM,COED,4564.0,4564.0,8671.0,8671.0,10497.0,10497.0,5933.0,5933.0,6846.0,6846.0,6846.0,6846.0,7302.0,7302.0,6389.0,6389.0,5477.0,5477.0
VISAKHA INST OF ENGG AND TECHNOLOGY,ECE,VSP,VISAKHAPATNAM,COED,5550.0,5550.0,10545.0,10545.0,12765.0,12765.0,7215.0,7215.0,8325.0,8325.0,8325.0,8325.0,8880.0,8880.0,7770.0,7770.0,6660.0,6660.0
VISAKHA INST OF ENGG AND TECHNOLOGY,EEE,VSP,VISAKHAPATNAM,COED,,,,,,,,,,,,,,,,,,
VISAKHA INST OF ENGG AND TECHNOLOGY,MEC,VSP,VISAKHAPATNAM,COED,9715.0,9715.0,18458.0,18458.0,22344.0,22344.0,12629.0,12629.0,14572.0,14572.0,14572.0,14572.0,15544.0,15544.0,13601.0,13601.0,11658.0,11658.0
WELLFARE INST OF SCIENCE TECH AND MGMT,CIV,VSP,PINAGADI,COED,9562.0,9562.0,18168.0,18168.0,21992.0,21992.0,12430.0,12430.0,14343.0,14343.0,14343.0,14343.0,15299.0,15299.0,13387.0,13387.0,11474.0,11474.0
WELLFARE INST OF SCIENCE TECH AND MGMT,CSE,VSP,PINAGADI,COED,7002.0,7002.0,13304.0,13304.0,16105.0,16105.0,9103.0,9103.0,10503.0,10503.0,10503.0,10503.0,11204.0,11204.0,9803.0,9803.0,8403.0,8403.0
WELLFARE INST OF SCIENCE TECH AND MGMT,ECE,VSP,PINAGADI,COED,8471.0,8471.0,16095.0,16095.0,19484.0,19484.0,11012.0,11012.0,12707.0,12707.0,12707.0,12707.0,13554.0,13554.0,11860.0,11860.0,10165.0,10165.0
WELLFARE INST OF SCIENCE TECH AND MGMT,EEE,VSP,PINAGADI,COED,8797.0,8797.0,16715.0,16715.0,20234.0,20234.0,11437.0,11437.0,13196.0,13196.0,13196.0,13196.0,14076.0,14076.0,12316.0,12316.0,10557.0,10557.0
WELLFARE INST OF SCIENCE TECH AND MGMT,MEC,VSP,PINAGADI,COED,9493.0,9493.0,18037.0,18037.0,21834.0,21834.0,12341.0,12341.0,14239.0,14239.0,14239.0,14239.0,15189.0,15189.0,13290.0,13290.0,11391.0,11391.0
AVANTHIS RESEARCH AND TECHNOLOGICAL ACADEMY,CSC,VZM,BHOGAPURAM,COED,5487.0,5487.0,10425.0,10425.0,12620.0,12620.0,7133.0,7133.0,8230.0,8230.0,8230.0,8230.0,8779.0,8779.0,7682.0,7682.0,6584.0,6584.0
AVANTHIS RESEARCH AND TECHNOLOGICAL ACADEMY,CSE,VZM,BHOGAPURAM,COED,4074.0,4074.0,7741.0,7741.0,9371.0,9371.0,5297.0,5297.0,6111.0,6111.0,6111.0,6111.0,6519.0,6519.0,5704.0,5704.0,4889.0,4889.0
AVANTHIS RESEARCH AND TECHNOLOGICAL ACADEMY,CSM,VZM,BHOGAPURAM,COED,8185.0,8185.0,15552.0,15552.0,18826.0,18826.0,10641.0,10641.0,12278.0,12278.0,12278.0,12278.0,13096.0,13096.0,11459.0,11459.0,9822.0,9822.0
AVANTHIS RESEARCH AND TECHNOLOGICAL ACADEMY,ECE,VZM,BHOGAPURAM,COED,5309.0,5309.0,10088.0,10088.0,12211.0,12211.0,6902.0,6902.0,7964.0,7964.0,7964.0,7964.0,8495.0,8495.0,7433.0,7433.0,6371.0,6371.0
AVANTHIS RESEARCH AND TECHNOLOGICAL ACADEMY,EEE,VZM,BHOGAPURAM,COED,10549.0,10549.0,20044.0,20044.0,24263.0,24263.0,13714.0,13714.0,15824.0,15824.0,15824.0,15824.0,16879.0,16879.0,14769.0,14769.0,12659.0,12659.0
AVANTHIS RESEARCH AND TECHNOLOGICAL ACADEMY,MEC,VZM,BHOGAPURAM,COED,8657.0,8657.0,16448.0,16448.0,19911.0,19911.0,11254.0,11254.0,12985.0,12985.0,12985.0,12985.0,13851.0,13851.0,12120.0,12120.0,10388.0,10388.0
AVANTHIS ST THERESSA INSTITUTE OF ENGG AND TECHNOLOGY,CSE,VZM,CHEEPURUPALLI,COED,6440.0,6440.0,12237.0,12237.0,14813.0,14813.0,8372.0,8372.0,9661.0,9661.0,9661.0,9661.0,10305.0,10305.0,9017.0,9017.0,7728.0,7728.0
AVANTHIS ST THERESSA INSTITUTE OF ENGG AND TECHNOLOGY,CSM,VZM,CHEEPURUPALLI,COED,7561.0,7561.0,14365.0,14365.0,17390.0,17390.0,9829.0,9829.0,11341.0,11341.0,11341.0,11341.0,12097.0,12097.0,10585.0,10585.0,9073.0,9073.0
AVANTHIS ST THERESSA INSTITUTE OF ENGG AND TECHNOLOGY,ECE,VZM,CHEEPURUPALLI,COED,7571.0,7571.0,14384.0,14384.0,17413.0,17413.0,9842.0,9842.0,11356.0,11356.0,11356.0,11356.0,12113.0,12113.0,10599.0,10599.0,9085.0,9085.0
AVANTHIS ST THERESSA INSTITUTE OF ENGG AND TECHNOLOGY,EEE,VZM,CHEEPURUPALLI,COED,6627.0,6627.0,12592.0,12592.0,15243.0,15243.0,8616.0,8616.0,9941.0,9941.0,9941.0,9941.0,10604.0,10604.0,9278.0,9278.0,7953.0,7953.0
AVANTHIS ST THERESSA INSTITUTE OF ENGG AND TECHNOLOGY,MEC,VZM,CHEEPURUPALLI,COED,7948.0,7948.0,15100.0,15100.0,18279.0,18279.0,10332.0,10332.0,11921.0,11921.0,11921.0,11921.0,12716.0,12716.0,11127.0,11127.0,9537.0,9537.0
AVANTHI INST. OF ENGINEERING AND TECHNOLOGY,CSD,VZM,BHOGAPURAM,COED,4360.0,4360.0,8284.0,8284.0,10028.0,10028.0,5668.0,5668.0,6540.0,6540.0,6540.0,6540.0,6976.0,6976.0,6104.0,6104.0,5232.0,5232.0
AVANTHI INST. OF ENGINEERING AND TECHNOLOGY,CSE,VZM,BHOGAPURAM,COED,4276.0,4276.0,8125.0,8125.0,9835.0,9835.0,5559.0,5559.0,6414.0,6414.0,6414.0,6414.0,6842.0,6842.0,5987.0,5987.0,5131.0,5131.0
AVANTHI INST. OF ENGINEERING AND TECHNOLOGY,CSM,VZM,BHOGAPURAM,COED,5130.0,5130.0,9747.0,9747.0,11799.0,11799.0,6669.0,6669.0,7695.0,7695.0,7695.0,7695.0,8208.0,8208.0,7182.0,7182.0,6156.0,6156.0
AVANTHI INST. OF ENGINEERING AND TECHNOLOGY,ECE,VZM,BHOGAPURAM,COED,5594.0,5594.0,10629.0,10629.0,12867.0,12867.0,7273.0,7273.0,8391.0,8391.0,8391.0,8391.0,8951.0,8951.0,7832.0,7832.0,6713.0,6713.0
AVANTHI INST. OF ENGINEERING AND TECHNOLOGY,EEE,VZM,BHOGAPURAM,COED,6705.0,6705.0,12740.0,12740.0,15422.0,15422.0,8717.0,8717.0,10058.0,10058.0,10058.0,10058.0,10729.0,10729.0,9387.0,9387.0,8046.0,8046.0
AVANTHI INST. OF ENGINEERING AND TECHNOLOGY,MEC,VZM,BHOGAPURAM,COED,7851.0,7851.0,14916.0,14916.0,18056.0,18056.0,10206.0,10206.0,11776.0,11776.0,11776.0,11776.0,12561.0,12561.0,10991.0,10991.0,9421.0,9421.0
GOKUL GROUP OF INSTITUTIONS,CAI,VZM,BOBBILI,COED,9822.0,9822.0,18662.0,18662.0,22590.0,22590.0,12768.0,12768.0,14733.0,14733.0,14733.0,14733.0,15715.0,15715.0,13751.0,13751.0,11786.0,11786.0
GOKUL GROUP OF INSTITUTIONS,CSD,VZM,BOBBILI,COED,6560.0,6560.0,12464.0,12464.0,15088.0,15088.0,8528.0,8528.0,9840.0,9840.0,9840.0,9840.0,10496.0,10496.0,9184.0,9184.0,7872.0,7872.0
GOKUL GROUP OF INSTITUTIONS,CSE,VZM,BOBBILI,COED,,,,,,,,,,,,,,,,,,
GOKUL GROUP OF INSTITUTIONS,MEC,VZM,BOBBILI,COED,10829.0,10829.0,20576.0,20576.0,24908.0,24908.0,14078.0,14078.0,16244.0,16244.0,16244.0,16244.0,17327.0,17327.0,15161.0,15161.0,12995.0,12995.0
JNTUK COLLEGE OF ENGINEERING VIZIANAGARAM,CIV,VZM,VIZIANAGARAM,COED,1479.0,1479.0,2810.0,2810.0,3402.0,3402.0,1923.0,1923.0,2219.0,2219.0,2219.0,2219.0,2367.0,2367.0,2071.0,2071.0,1775.0,1775.0
JNTUK COLLEGE OF ENGINEERING VIZIANAGARAM,CSE,VZM,VIZIANAGARAM,COED,526.0,526.0,1000.0,1000.0,1211.0,1211.0,684.0,684.0,790.0,790.0,790.0,790.0,842.0,842.0,737.0,737.0,632.0,632.0
JNTUK COLLEGE OF ENGINEERING VIZIANAGARAM,ECE,VZM,VIZIANAGARAM,COED,572.0,572.0,1087.0,1087.0,1315.0,1315.0,743.0,743.0,858.0,858.0,858.0,858.0,915.0,915.0,801.0,801.0,686.0,686.0
JNTUK COLLEGE OF ENGINEERING VIZIANAGARAM,EEE,VZM,VIZIANAGARAM,COED,1057.0,1057.0,2008.0,2008.0,2431.0,2431.0,1374.0,1374.0,1586.0,1586.0,1586.0,1586.0,1691.0,1691.0,1480.0,1480.0,1268.0,1268.0
JNTUK COLLEGE OF ENGINEERING VIZIANAGARAM,INF,VZM,VIZIANAGARAM,COED,1211.0,1211.0,2301.0,2301.0,2786.0,2786.0,1575.0,1575.0,1817.0,1817.0,1817.0,1817.0,1938.0,1938.0,1696.0,1696.0,1454.0,1454.0
JNTUK COLLEGE OF ENGINEERING VIZIANAGARAM,MEC,VZM,VIZIANAGARAM,COED,2353.0,2353.0,4471.0,4471.0,5412.0,5412.0,3059.0,3059.0,3530.0,3530.0,3530.0,3530.0,3765.0,3765.0,3294.0,3294.0,2824.0,2824.0
JNTUK COLLEGE OF ENGINEERING VIZIANAGARAM,MET,VZM,VIZIANAGARAM,COED,,,,,,,,,,,,,,,,,,
LENDI INST OF ENGG AND TECHNOLOGY,CIT,VZM,VIZIANAGARAM,COED,2298.0,2298.0,4366.0,4366.0,5285.0,5285.0,2987.0,2987.0,3447.0,3447.0,3447.0,3447.0,3677.0,3677.0,3217.0,3217.0,2758.0,2758.0
LENDI INST OF ENGG AND TECHNOLOGY,CSE,VZM,VIZIANAGARAM,COED,1847.0,1847.0,3510.0,3510.0,4248.0,4248.0,2401.0,2401.0,2771.0,2771.0,2771.0,2771.0,2955.0,2955.0,2586.0,2586.0,2217.0,2217.0
LENDI INST OF ENGG AND TECHNOLOGY,CSM,VZM,VIZIANAGARAM,COED,1660.0,1660.0,3154.0,3154.0,3818.0,3818.0,2158.0,2158.0,2490.0,2490.0,2490.0,2490.0,2656.0,2656.0,2324.0,2324.0,1992.0,1992.0
LENDI INST OF ENGG AND TECHNOLOGY,CSS,VZM,VIZIANAGARAM,COED,2376.0,2376.0,4515.0,4515.0,5465.0,5465.0,3089.0,3089.0,3564.0,3564.0,3564.0,3564.0,3802.0,3802.0,3327.0,3327.0,2851.0,2851.0
LENDI INST OF ENGG AND TECHNOLOGY,ECE,VZM,VIZIANAGARAM,COED,2278.0,2278.0,4328.0,4328.0,5239.0,5239.0,2961.0,2961.0,3417.0,3417.0,3417.0,3417.0,3645.0,3645.0,3189.0,3189.0,2733.0,2733.0
LENDI INST OF ENGG AND TECHNOLOGY,EEE,VZM,VIZIANAGARAM,COED,3591.0,3591.0,6822.0,6822.0,8258.0,8258.0,4668.0,4668.0,5386.0,5386.0,5386.0,5386.0,5745.0,5745.0,5027.0,5027.0,4309.0,4309.0
LENDI INST OF ENGG AND TECHNOLOGY,MEC,VZM,VIZIANAGARAM,COED,4962.0,4962.0,9427.0,9427.0,11412.0,11412.0,6450.0,6450.0,7443.0,7443.0,7443.0,7443.0,7939.0,7939.0,6946.0,6946.0,5954.0,5954.0
MAHARAJAHS COLLEGE PHARMACY,PHM,VZM,VIZIANAGARAM,COED,9984.0,9984.0,18970.0,18970.0,22964.0,22964.0,12980.0,12980.0,14977.0,14977.0,14977.0,14977.0,15975.0,15975.0,13978.0,13978.0,11981.0,11981.0
MIRACLE EDNL SOC GROUP OF INSTNS,AID,VZM,BHOGAPURAM,COED,5645.0,5645.0,10726.0,10726.0,12984.0,12984.0,7339.0,7339.0,8468.0,8468.0,8468.0,8468.0,9032.0,9032.0,7903.0,7903.0,6774.0,6774.0
MIRACLE EDNL SOC GROUP OF INSTNS,CIV,VZM,BHOGAPURAM,COED,7527.0,7527.0,14301.0,14301.0,17311.0,17311.0,9785.0,9785.0,11290.0,11290.0,11290.0,11290.0,12043.0,12043.0,10537.0,10537.0,9032.0,9032.0
MIRACLE EDNL SOC GROUP OF INSTNS,CSE,VZM,BHOGAPURAM,COED,4423.0,4423.0,8403.0,8403.0,10172.0,10172.0,5750.0,5750.0,6634.0,6634.0,6634.0,6634.0,7076.0,7076.0,6192.0,6192.0,5307.0,5307.0
MIRACLE EDNL SOC GROUP OF INSTNS,ECE,VZM,BHOGAPURAM,COED,4772.0,4772.0,9066.0,9066.0,10975.0,10975.0,6203.0,6203.0,7158.0,7158.0,7158.0,7158.0,7635.0,7635.0,6681.0,6681.0,5726.0,5726.0
MIRACLE EDNL SOC GROUP OF INSTNS,EEE,VZM,BHOGAPURAM,COED,,,,,,,,,,,,,,,,,,
MIRACLE EDNL SOC GROUP OF INSTNS,MEC,VZM,BHOGAPURAM,COED,8266.0,8266.0,15706.0,15706.0,19013.0,19013.0,10746.0,10746.0,12400.0,12400.0,12400.0,12400.0,13226.0,13226.0,11573.0,11573.0,9920.0,9920.0
M V G R COLLEGE OF ENGINEERNG,CHE,VZM,VIZIANAGARAM,COED,3439.0,3439.0,6533.0,6533.0,7909.0,7909.0,4470.0,4470.0,5158.0,5158.0,5158.0,5158.0,5502.0,5502.0,4814.0,4814.0,4126.0,4126.0
M V G R COLLEGE OF ENGINEERNG,CIC,VZM,VIZIANAGARAM,COED,1332.0,1332.0,2532.0,2532.0,3065.0,3065.0,1732.0,1732.0,1999.0,1999.0,1999.0,1999.0,2132.0,2132.0,1865.0,1865.0,1599.0,1599.0
M V G R COLLEGE OF ENGINEERNG,CIT,VZM,VIZIANAGARAM,COED,1531.0,1531.0,2909.0,2909.0,3521.0,3521.0,1990.0,1990.0,2297.0,2297.0,2297.0,2297.0,2450.0,2450.0,2143.0,2143.0,1837.0,1837.0
M V G R COLLEGE OF ENGINEERNG,CIV,VZM,VIZIANAGARAM,COED,3206.0,3206.0,6091.0,6091.0,7374.0,7374.0,4168.0,4168.0,4809.0,4809.0,4809.0,4809.0,5130.0,5130.0,4488.0,4488.0,3847.0,3847.0
M V G R COLLEGE OF ENGINEERNG,CSD,VZM,VIZIANAGARAM,COED,761.0,761.0,1446.0,1446.0,1750.0,1750.0,989.0,989.0,1141.0,1141.0,1141.0,1141.0,1217.0,1217.0,1065.0,1065.0,913.0,913.0
M V G R COLLEGE OF ENGINEERNG,CSE,VZM,VIZIANAGARAM,COED,684.0,684.0,1299.0,1299.0,1573.0,1573.0,889.0,889.0,1026.0,1026.0,1026.0,1026.0,1094.0,1094.0,957.0,957.0,821.0,821.0
M V G R COLLEGE OF ENGINEERNG,CSM,VZM,VIZIANAGARAM,COED,705.0,705.0,1340.0,1340.0,1623.0,1623.0,917.0,917.0,1058.0,1058.0,1058.0,1058.0,1129.0,1129.0,988.0,988.0,847.0,847.0
M V G R COLLEGE OF ENGINEERNG,ECE,VZM,VIZIANAGARAM,COED,1296.0,1296.0,2463.0,2463.0,2982.0,2982.0,1685.0,1685.0,1944.0,1944.0,1944.0,1944.0,2074.0,2074.0,1815.0,1815.0,1556.0,1556.0
M V G R COLLEGE OF ENGINEERNG,EEE,VZM,VIZIANAGARAM,COED,2216.0,2216.0,4211.0,4211.0,5098.0,5098.0,2881.0,2881.0,3325.0,3325.0,3325.0,3325.0,3546.0,3546.0,3103.0,3103.0,2660.0,2660.0
M V G R COLLEGE OF ENGINEERNG,INF,VZM,VIZIANAGARAM,COED,1351.0,1351.0,2566.0,2566.0,3107.0,3107.0,1756.0,1756.0,2026.0,2026.0,2026.0,2026.0,2161.0,2161.0,1891.0,1891.0,1621.0,1621.0
M V G R COLLEGE OF ENGINEERNG,MEC,VZM,VIZIANAGARAM,COED,3051.0,3051.0,5798.0,5798.0,7018.0,7018.0,3967.0,3967.0,4577.0,4577.0,4577.0,4577.0,4882.0,4882.0,4272.0,4272.0,3662.0,3662.0
SATYA INST OF TECHNOLOGY AND MGMT,AID,VZM,VIZIANAGARAM,COED,6626.0,6626.0,12589.0,12589.0,15239.0,15239.0,8613.0,8613.0,9938.0,9938.0,9938.0,9938.0,10601.0,10601.0,9276.0,9276.0,7951.0,7951.0
SATYA INST OF TECHNOLOGY AND MGMT,CIV,VZM,VIZIANAGARAM,COED,9133.0,9133.0,17352.0,17352.0,21005.0,21005.0,11872.0,11872.0,13699.0,13699.0,13699.0,13699.0,14612.0,14612.0,12786.0,12786.0,10959.0,10959.0
SATYA INST OF TECHNOLOGY AND MGMT,CSE,VZM,VIZIANAGARAM,COED,4215.0,4215.0,8009.0,8009.0,9695.0,9695.0,5480.0,5480.0,6323.0,6323.0,6323.0,6323.0,6744.0,6744.0,5901.0,5901.0,5058.0,5058.0
SATYA INST OF TECHNOLOGY AND MGMT,ECE,VZM,VIZIANAGARAM,COED,,,,,,,,,,,,,,,,,,
SATYA INST OF TECHNOLOGY AND MGMT,EEE,VZM,VIZIANAGARAM,COED,6815.0,6815.0,12948.0,12948.0,15674.0,15674.0,8859.0,8859.0,10222.0,10222.0,10222.0,10222.0,10904.0,10904.0,9541.0,9541.0,8178.0,8178.0
SATYA INST OF TECHNOLOGY AND MGMT,MEC,VZM,VIZIANAGARAM,COED,7942.0,7942.0,15089.0,15089.0,18266.0,18266.0,10324.0,10324.0,11912.0,11912.0,11912.0,11912.0,12706.0,12706.0,11118.0,11118.0,9530.0,9530.0
BHIMAVARAM INST. OF ENGG. AND TECHNOLOGY,CSE,WG,BHIMAVARAM,COED,8445.0,8445.0,16045.0,16045.0,19423.0,19423.0,10978.0,10978.0,12667.0,12667.0,12667.0,12667.0,13511.0,13511.0,11822.0,11822.0,10134.0,10134.0
BHIMAVARAM INST. OF ENGG. AND TECHNOLOGY,CSM,WG,BHIMAVARAM,COED,314.0,314.0,597.0,597.0,722.0,722.0,408.0,408.0,471.0,471.0,471.0,471.0,502.0,502.0,440.0,440.0,377.0,377.0
BHIMAVARAM INST. OF ENGG. AND TECHNOLOGY,ECE,WG,BHIMAVARAM,COED,9091.0,9091.0,17273.0,17273.0,20909.0,20909.0,11818.0,11818.0,13636.0,13636.0,13636.0,13636.0,14546.0,14546.0,12727.0,12727.0,10909.0,10909.0
SIR C R R COLLEGE OF ENGINEERING,CAD,WG,ELURU,COED,3548.0,3548.0,6741.0,6741.0,8161.0,8161.0,4613.0,4613.0,5322.0,5322.0,5322.0,5322.0,5677.0,5677.0,4967.0,4967.0,4258.0,4258.0
SIR C R R COLLEGE OF ENGINEERING,CIV,WG,ELURU,COED,6566.0,6566.0,12475.0,12475.0,15101.0,15101.0,8535.0,8535.0,9848.0,9848.0,9848.0,9848.0,10505.0,10505.0,9192.0,9192.0,7879.0,7879.0
SIR C R R COLLEGE OF ENGINEERING,CSC,WG,ELURU,COED,3283.0,3283.0,6237.0,6237.0,7550.0,7550.0,4268.0,4268.0,4924.0,4924.0,4924.0,4924.0,5252.0,5252.0,4596.0,4596.0,3939.0,3939.0
SIR C R R COLLEGE OF ENGINEERING,CSE,WG,ELURU,COED,2458.0,2458.0,4670.0,4670.0,5653.0,5653.0,3195.0,3195.0,3687.0,3687.0,3687.0,3687.0,3933.0,3933.0,3441.0,3441.0,2949.0,2949.0
SIR C R R COLLEGE OF ENGINEERING,CSM,WG,ELURU,COED,2953.0,2953.0,5610.0,5610.0,6791.0,6791.0,3839.0,3839.0,4429.0,4429.0,4429.0,4429.0,4724.0,4724.0,4134.0,4134.0,3543.0,3543.0
SIR C R R COLLEGE OF ENGINEERING,ECE,WG,ELURU,COED,3245.0,3245.0,6165.0,6165.0,7463.0,7463.0,4218.0,4218.0,4867.0,4867.0,4867.0,4867.0,5192.0,5192.0,4543.0,4543.0,3894.0,3894.0
SIR C R R COLLEGE OF ENGINEERING,EEE,WG,ELURU,COED,6187.0,6187.0,11756.0,11756.0,14231.0,14231.0,8044.0,8044.0,9281.0,9281.0,9281.0,9281.0,9900.0,9900.0,8662.0,8662.0,7425.0,7425.0
SIR C R R COLLEGE OF ENGINEERING,INF,WG,ELURU,COED,4092.0,4092.0,7775.0,7775.0,9412.0,9412.0,5320.0,5320.0,6138.0,6138.0,6138.0,6138.0,6547.0,6547.0,5729.0,5729.0,4910.0,4910.0
SIR C R R COLLEGE OF ENGINEERING,MEC,WG,ELURU,COED,6414.0,6414.0,12187.0,12187.0,14753.0,14753.0,8339.0,8339.0,9622.0,9622.0,9622.0,9622.0,10263.0,10263.0,8980.0,8980.0,7697.0,7697.0
SIR C.R.REDDY COLLEGE OF PHARMACY,PHD,WG,ELURU,COED,9036.0,9036.0,17168.0,17168.0,20783.0,20783.0,11747.0,11747.0,13554.0,13554.0,13554.0,13554.0,14457.0,14457.0,12650.0,12650.0,10843.0,10843.0
SIR C.R.REDDY COLLEGE OF PHARMACY,PHM,WG,ELURU,COED,10788.0,10788.0,20498.0,20498.0,24813.0,24813.0,14025.0,14025.0,16183.0,16183.0,16183.0,16183.0,17262.0,17262.0,15104.0,15104.0,12946.0,12946.0
DNR COLLEGE OF ENGG AND TECH,AID,WG,BHIMAVARAM,COED,6836.0,6836.0,12989.0,12989.0,15723.0,15723.0,8887.0,8887.0,10254.0,10254.0,10254.0,10254.0,10938.0,10938.0,9571.0,9571.0,8203.0,8203.0
DNR COLLEGE OF ENGG AND TECH,CIV,WG,BHIMAVARAM,COED,9373.0,9373.0,17808.0,17808.0,21558.0,21558.0,12185.0,12185.0,14059.0,14059.0,14059.0,14059.0,14997.0,14997.0,13122.0,13122.0,11247.0,11247.0
DNR COLLEGE OF ENGG AND TECH,CSE,WG,BHIMAVARAM,COED,4633.0,4633.0,8804.0,8804.0,10657.0,10657.0,6023.0,6023.0,6950.0,6950.0,6950.0,6950.0,7414.0,7414.0,6487.0,6487.0,5560.0,5560.0
DNR COLLEGE OF ENGG AND TECH,CSM,WG,BHIMAVARAM,COED,7952.0,7952.0,15109.0,15109.0,18290.0,18290.0,10338.0,10338.0,11929.0,11929.0,11929.0,11929.0,12724.0,12724.0,11133.0,11133.0,9543.0,9543.0
DNR COLLEGE OF ENGG AND TECH,ECE,WG,BHIMAVARAM,COED,6831.0,6831.0,12979.0,12979.0,15712.0,15712.0,8881.0,8881.0,10247.0,10247.0,10247.0,10247.0,10930.0,10930.0,9564.0,9564.0,8197.0,8197.0
DNR COLLEGE OF ENGG AND TECH,EEE,WG,BHIMAVARAM,COED,,,,,,,,,,,,,,,,,,
DNR COLLEGE OF ENGG AND TECH,INF,WG,BHIMAVARAM,COED,9658.0,9658.0,18351.0,18351.0,22214.0,22214.0,12556.0,12556.0,14487.0,14487.0,14487.0,14487.0,15453.0,15453.0,13522.0,13522.0,11590.0,11590.0
DNR COLLEGE OF ENGG AND TECH,MEC,WG,BHIMAVARAM,COED,6792.0,6792.0,12905.0,12905.0,15622.0,15622.0,8830.0,8830.0,10188.0,10188.0,10188.0,10188.0,10867.0,10867.0,9509.0,9509.0,8150.0,8150.0
ELURU COLLEGE OF ENGG AND TECHNOLOGY,AID,WG,ELURU,COED,6304.0,6304.0,11977.0,11977.0,14499.0,14499.0,8195.0,8195.0,9456.0,9456.0,9456.0,9456.0,10086.0,10086.0,8825.0,8825.0,7565.0,7565.0
ELURU COLLEGE OF ENGG AND TECHNOLOGY,CSD,WG,ELURU,COED,7034.0,7034.0,13365.0,13365.0,16179.0,16179.0,9145.0,9145.0,10551.0,10551.0,10551.0,10551.0,11255.0,11255.0,9848.0,9848.0,8441.0,8441.0
ELURU COLLEGE OF ENGG AND TECHNOLOGY,CSE,WG,ELURU,COED,5784.0,5784.0,10989.0,10989.0,13303.0,13303.0,7519.0,7519.0,8676.0,8676.0,8676.0,8676.0,9254.0,9254.0,8097.0,8097.0,6941.0,6941.0
ELURU COLLEGE OF ENGG AND TECHNOLOGY,ECE,WG,ELURU,COED,9186.0,9186.0,17453.0,17453.0,21127.0,21127.0,11941.0,11941.0,13778.0,13778.0,13778.0,13778.0,14697.0,14697.0,12860.0,12860.0,11023.0,11023.0
ELURU COLLEGE OF ENGG AND TECHNOLOGY,EEE,WG,ELURU,COED,,,,,,,,,,,,,,,,,,
ELURU COLLEGE OF ENGG AND TECHNOLOGY,MEC,WG,ELURU,COED,,,,,,,,,,,,,,,,,,
HELAPURI INST OF TECH AND SCIENCE,CIV,WG,ELURU,COED,11210.0,11210.0,21300.0,21300.0,25784.0,25784.0,14574.0,14574.0,16816.0,16816.0,16816.0,16816.0,17937.0,17937.0,15695.0,15695.0,13452.0,13452.0
HELAPURI INST OF TECH AND SCIENCE,CSE,WG,ELURU,COED,6954.0,6954.0,13213.0,13213.0,15995.0,15995.0,9041.0,9041.0,10432.0,10432.0,10432.0,10432.0,11127.0,11127.0,9736.0,9736.0,8345.0,8345.0
HELAPURI INST OF TECH AND SCIENCE,CSM,WG,ELURU,COED,10517.0,10517.0,19982.0,19982.0,24188.0,24188.0,13672.0,13672.0,15775.0,15775.0,15775.0,15775.0,16827.0,16827.0,14723.0,14723.0,12620.0,12620.0
HELAPURI INST OF TECH AND SCIENCE,ECE,WG,ELURU,COED,,,,,,,,,,,,,,,,,,
RAMACHANDRA COLLEGE OF ENGINEERING,AID,WG,ELURU,COED,3350.0,3350.0,6365.0,6365.0,7705.0,7705.0,4355.0,4355.0,5025.0,5025.0,5025.0,5025.0,5360.0,5360.0,4690.0,4690.0,4020.0,4020.0
RAMACHANDRA COLLEGE OF ENGINEERING,CIV,WG,ELURU,COED,6035.0,6035.0,11466.0,11466.0,13879.0,13879.0,7845.0,7845.0,9052.0,9052.0,9052.0,9052.0,9655.0,9655.0,8448.0,8448.0,7241.0,7241.0
RAMACHANDRA COLLEGE OF ENGINEERING,CSC,WG,ELURU,COED,3795.0,3795.0,7211.0,7211.0,8729.0,8729.0,4934.0,4934.0,5693.0,5693.0,5693.0,5693.0,6072.0,6072.0,5313.0,5313.0,4554.0,4554.0
RAMACHANDRA COLLEGE OF ENGINEERING,CSE,WG,ELURU,COED,3108.0,3108.0,5905.0,5905.0,7148.0,7148.0,4040.0,4040.0,4662.0,4662.0,4662.0,4662.0,4972.0,4972.0,4351.0,4351.0,3729.0,3729.0
RAMACHANDRA COLLEGE OF ENGINEERING,CSM,WG,ELURU,COED,3202.0,3202.0,6085.0,6085.0,7366.0,7366.0,4163.0,4163.0,4804.0,4804.0,4804.0,4804.0,5124.0,5124.0,4483.0,4483.0,3843.0,3843.0
RAMACHANDRA COLLEGE OF ENGINEERING,CSO,WG,ELURU,COED,4445.0,4445.0,8445.0,8445.0,10223.0,10223.0,5778.0,5778.0,6667.0,6667.0,6667.0,6667.0,7112.0,7112.0,6223.0,6223.0,5334.0,5334.0
RAMACHANDRA COLLEGE OF ENGINEERING,ECE,WG,ELURU,COED,4196.0,4196.0,7973.0,7973.0,9651.0,9651.0,5455.0,5455.0,6294.0,6294.0,6294.0,6294.0,6714.0,6714.0,5875.0,5875.0,5035.0,5035.0
RAMACHANDRA COLLEGE OF ENGINEERING,EEE,WG,ELURU,COED,5633.0,5633.0,10703.0,10703.0,12957.0,12957.0,7323.0,7323.0,8450.0,8450.0,8450.0,8450.0,9013.0,9013.0,7887.0,7887.0,6760.0,6760.0
RAMACHANDRA COLLEGE OF ENGINEERING,MEC,WG,ELURU,COED,5199.0,5199.0,9877.0,9877.0,11957.0,11957.0,6758.0,6758.0,7798.0,7798.0,7798.0,7798.0,8318.0,8318.0,7278.0,7278.0,6238.0,6238.0
SASI INSTITUTE OF TECHNOLOGY AND ENGINEERING,AIM,WG,TADEPALLIGUDEM,COED,2919.0,2919.0,5546.0,5546.0,6714.0,6714.0,3795.0,3795.0,4379.0,4379.0,4379.0,4379.0,4671.0,4671.0,4087.0,4087.0,3503.0,3503.0
SASI INSTITUTE OF TECHNOLOGY AND ENGINEERING,CIC,WG,TADEPALLIGUDEM,COED,3636.0,3636.0,6908.0,6908.0,8362.0,8362.0,4726.0,4726.0,5453.0,5453.0,5453.0,5453.0,5817.0,5817.0,5090.0,5090.0,4363.0,4363.0
SASI INSTITUTE OF TECHNOLOGY AND ENGINEERING,CIV,WG,TADEPALLIGUDEM,COED,6293.0,6293.0,11957.0,11957.0,14474.0,14474.0,8181.0,8181.0,9440.0,9440.0,9440.0,9440.0,10069.0,10069.0,8810.0,8810.0,7552.0,7552.0
SASI INSTITUTE OF TECHNOLOGY AND ENGINEERING,CSD,WG,TADEPALLIGUDEM,COED,3314.0,3314.0,6296.0,6296.0,7622.0,7622.0,4308.0,4308.0,4971.0,4971.0,4971.0,4971.0,5302.0,5302.0,4639.0,4639.0,3977.0,3977.0
SASI INSTITUTE OF TECHNOLOGY AND ENGINEERING,CSE,WG,TADEPALLIGUDEM,COED,1857.0,1857.0,3528.0,3528.0,4271.0,4271.0,2414.0,2414.0,2786.0,2786.0,2786.0,2786.0,2971.0,2971.0,2600.0,2600.0,2228.0,2228.0
SASI INSTITUTE OF TECHNOLOGY AND ENGINEERING,CSM,WG,TADEPALLIGUDEM,COED,2824.0,2824.0,5365.0,5365.0,6494.0,6494.0,3671.0,3671.0,4235.0,4235.0,4235.0,4235.0,4518.0,4518.0,3953.0,3953.0,3388.0,3388.0
SASI INSTITUTE OF TECHNOLOGY AND ENGINEERING,CST,WG,TADEPALLIGUDEM,COED,3433.0,3433.0,6523.0,6523.0,7896.0,7896.0,4463.0,4463.0,5149.0,5149.0,5149.0,5149.0,5493.0,5493.0,4806.0,4806.0,4119.0,4119.0
SASI INSTITUTE OF TECHNOLOGY AND ENGINEERING,ECE,WG,TADEPALLIGUDEM,COED,3567.0,3567.0,6777.0,6777.0,8204.0,8204.0,4637.0,4637.0,5350.0,5350.0,5350.0,5350.0,5707.0,5707.0,4994.0,4994.0,4280.0,4280.0
SASI INSTITUTE OF TECHNOLOGY AND ENGINEERING,ECT,WG,TADEPALLIGUDEM,COED,5053.0,5053.0,9601.0,9601.0,11622.0,11622.0,6569.0,6569.0,7580.0,7580.0,7580.0,7580.0,8085.0,8085.0,7074.0,7074.0,6064.0,6064.0
SASI INSTITUTE OF TECHNOLOGY AND ENGINEERING,EEE,WG,TADEPALLIGUDEM,COED,5713.0,5713.0,10854.0,10854.0,13140.0,13140.0,7427.0,7427.0,8569.0,8569.0,8569.0,8569.0,9141.0,9141.0,7998.0,7998.0,6855.0,6855.0
SASI INSTITUTE OF TECHNOLOGY AND ENGINEERING,INF,WG,TADEPALLIGUDEM,COED,3366.0,3366.0,6395.0,6395.0,7741.0,7741.0,4376.0,4376.0,5049.0,5049.0,5049.0,5049.0,5385.0,5385.0,4712.0,4712.0,4039.0,4039.0
SASI INSTITUTE OF TECHNOLOGY AND ENGINEERING,MEC,WG,TADEPALLIGUDEM,COED,5874.0,5874.0,11160.0,11160.0,13510.0,13510.0,7636.0,7636.0,8811.0,8811.0,8811.0,8811.0,9398.0,9398.0,8223.0,8223.0,7048.0,7048.0
SRI VISHNU COLLEGE OF PHARMACY,PHD,WG,BHIMAVARAM,COED,9442.0,9442.0,17941.0,17941.0,21718.0,21718.0,12275.0,12275.0,14164.0,14164.0,14164.0,14164.0,15108.0,15108.0,13219.0,13219.0,11331.0,11331.0
SRI VISHNU COLLEGE OF PHARMACY,PHM,WG,BHIMAVARAM,COED,6973.0,6973.0,13248.0,13248.0,16037.0,16037.0,9065.0,9065.0,10459.0,10459.0,10459.0,10459.0,11156.0,11156.0,9762.0,9762.0,8367.0,8367.0
S R K R ENGINEERING COLLEGE,AID,WG,BHIMAVARAM,COED,869.0,869.0,1651.0,1651.0,1998.0,1998.0,1129.0,1129.0,1303.0,1303.0,1303.0,1303.0,1390.0,1390.0,1216.0,1216.0,1042.0,1042.0
S R K R ENGINEERING COLLEGE,AIM,WG,BHIMAVARAM,COED,685.0,685.0,1302.0,1302.0,1576.0,1576.0,891.0,891.0,1028.0,1028.0,1028.0,1028.0,1096.0,1096.0,959.0,959.0,822.0,822.0
S R K R ENGINEERING COLLEGE,CIC,WG,BHIMAVARAM,COED,916.0,916.0,1740.0,1740.0,2106.0,2106.0,1191.0,1191.0,1374.0,1374.0,1374.0,1374.0,1465.0,1465.0,1282.0,1282.0,1099.0,1099.0
S R K R ENGINEERING COLLEGE,CIT,WG,BHIMAVARAM,COED,1039.0,1039.0,1974.0,1974.0,2390.0,2390.0,1351.0,1351.0,1559.0,1559.0,1559.0,1559.0,1662.0,1662.0,1455.0,1455.0,1247.0,1247.0
S R K R ENGINEERING COLLEGE,CIV,WG,BHIMAVARAM,COED,4560.0,4560.0,8665.0,8665.0,10489.0,10489.0,5929.0,5929.0,6841.0,6841.0,6841.0,6841.0,7297.0,7297.0,6385.0,6385.0,5473.0,5473.0
S R K R ENGINEERING COLLEGE,CSB,WG,BHIMAVARAM,COED,1138.0,1138.0,2162.0,2162.0,2617.0,2617.0,1479.0,1479.0,1707.0,1707.0,1707.0,1707.0,1821.0,1821.0,1593.0,1593.0,1365.0,1365.0
S R K R ENGINEERING COLLEGE,CSE,WG,BHIMAVARAM,COED,528.0,528.0,1003.0,1003.0,1214.0,1214.0,686.0,686.0,792.0,792.0,792.0,792.0,845.0,845.0,739.0,739.0,633.0,633.0
S R K R ENGINEERING COLLEGE,CSG,WG,BHIMAVARAM,COED,1243.0,1243.0,2361.0,2361.0,2859.0,2859.0,1616.0,1616.0,1864.0,1864.0,1864.0,1864.0,1989.0,1989.0,1740.0,1740.0,1491.0,1491.0
S R K R ENGINEERING COLLEGE,ECE,WG,BHIMAVARAM,COED,937.0,937.0,1781.0,1781.0,2155.0,2155.0,1218.0,1218.0,1406.0,1406.0,1406.0,1406.0,1499.0,1499.0,1312.0,1312.0,1125.0,1125.0
S R K R ENGINEERING COLLEGE,EEE,WG,BHIMAVARAM,COED,2483.0,2483.0,4718.0,4718.0,5711.0,5711.0,3228.0,3228.0,3725.0,3725.0,3725.0,3725.0,3973.0,3973.0,3476.0,3476.0,2980.0,2980.0
S R K R ENGINEERING COLLEGE,INF,WG,BHIMAVARAM,COED,936.0,936.0,1778.0,1778.0,2153.0,2153.0,1217.0,1217.0,1404.0,1404.0,1404.0,1404.0,1497.0,1497.0,1310.0,1310.0,1123.0,1123.0
S R K R ENGINEERING COLLEGE,MEC,WG,BHIMAVARAM,COED,3078.0,3078.0,5849.0,5849.0,7080.0,7080.0,4002.0,4002.0,4617.0,4617.0,4617.0,4617.0,4925.0,4925.0,4309.0,4309.0,3694.0,3694.0
SWARNANDHRA COLL. OF ENGG AND TECHNOLOGY,AID,WG,NARSAPURAM,COED,4428.0,4428.0,8413.0,8413.0,10185.0,10185.0,5756.0,5756.0,6642.0,6642.0,6642.0,6642.0,7085.0,7085.0,6199.0,6199.0,5314.0,5314.0
SWARNANDHRA COLL. OF ENGG AND TECHNOLOGY,AIM,WG,NARSAPURAM,COED,4700.0,4700.0,8930.0,8930.0,10809.0,10809.0,6110.0,6110.0,7050.0,7050.0,7050.0,7050.0,7520.0,7520.0,6580.0,6580.0,5640.0,5640.0
SWARNANDHRA COLL. OF ENGG AND TECHNOLOGY,CIV,WG,NARSAPURAM,COED,8706.0,8706.0,16541.0,16541.0,20023.0,20023.0,11317.0,11317.0,13058.0,13058.0,13058.0,13058.0,13929.0,13929.0,12188.0,12188.0,10447.0,10447.0
SWARNANDHRA COLL. OF ENGG AND TECHNOLOGY,CSC,WG,NARSAPURAM,COED,5551.0,5551.0,10548.0,10548.0,12768.0,12768.0,7217.0,7217.0,8327.0,8327.0,8327.0,8327.0,8882.0,8882.0,7772.0,7772.0,6662.0,6662.0
SWARNANDHRA COLL. OF ENGG AND TECHNOLOGY,CSD,WG,NARSAPURAM,COED,6211.0,6211.0,11801.0,11801.0,14286.0,14286.0,8075.0,8075.0,9317.0,9317.0,9317.0,9317.0,9938.0,9938.0,8696.0,8696.0,7453.0,7453.0
SWARNANDHRA COLL. OF ENGG AND TECHNOLOGY,CSE,WG,NARSAPURAM,COED,3811.0,3811.0,7241.0,7241.0,8766.0,8766.0,4955.0,4955.0,5717.0,5717.0,5717.0,5717.0,6098.0,6098.0,5336.0,5336.0,4573.0,4573.0
SWARNANDHRA COLL. OF ENGG AND TECHNOLOGY,CSEB,WG,NARSAPURAM,COED,7527.0,7527.0,14302.0,14302.0,17313.0,17313.0,9786.0,9786.0,11291.0,11291.0,11291.0,11291.0,12044.0,12044.0,10538.0,10538.0,9033.0,9033.0
SWARNANDHRA COLL. OF ENGG AND TECHNOLOGY,ECE,WG,NARSAPURAM,COED,6064.0,6064.0,11522.0,11522.0,13948.0,13948.0,7884.0,7884.0,9097.0,9097.0,9097.0,9097.0,9703.0,9703.0,8490.0,8490.0,7277.0,7277.0
SWARNANDHRA COLL. OF ENGG AND TECHNOLOGY,EEE,WG,NARSAPURAM,COED,8320.0,8320.0,15807.0,15807.0,19135.0,19135.0,10816.0,10816.0,12479.0,12479.0,12479.0,12479.0,13311.0,13311.0,11647.0,11647.0,9984.0,9984.0
SWARNANDHRA COLL. OF ENGG AND TECHNOLOGY,INF,WG,NARSAPURAM,COED,6084.0,6084.0,11560.0,11560.0,13994.0,13994.0,7909.0,7909.0,9126.0,9126.0,9126.0,9126.0,9735.0,9735.0,8518.0,8518.0,7301.0,7301.0
SWARNANDHRA COLL. OF ENGG AND TECHNOLOGY,MEC,WG,NARSAPURAM,COED,8057.0,8057.0,15308.0,15308.0,18531.0,18531.0,10474.0,10474.0,12085.0,12085.0,12085.0,12085.0,12891.0,12891.0,11280.0,11280.0,9668.0,9668.0
SWARNANDHRA COLL. OF ENGG AND TECHNOLOGY,RBT,WG,NARSAPURAM,COED,6568.0,6568.0,12478.0,12478.0,15105.0,15105.0,8538.0,8538.0,9851.0,9851.0,9851.0,9851.0,10508.0,10508.0,9195.0,9195.0,7881.0,7881.0
SHRI VISHNU ENGG. COLLEGE FOR WOMEN,CAD,WG,BHIMAVARAM,GIRLS,463.0,463.0,880.0,880.0,1065.0,1065.0,602.0,602.0,695.0,695.0,695.0,695.0,741.0,741.0,649.0,649.0,556.0,556.0
SHRI VISHNU ENGG. COLLEGE FOR WOMEN,CIV,WG,BHIMAVARAM,GIRLS,2920.0,2920.0,5548.0,5548.0,6716.0,6716.0,3796.0,3796.0,4380.0,4380.0,4380.0,4380.0,4672.0,4672.0,4088.0,4088.0,3504.0,3504.0
SHRI VISHNU ENGG. COLLEGE FOR WOMEN,CSC,WG,BHIMAVARAM,GIRLS,564.0,564.0,1072.0,1072.0,1298.0,1298.0,734.0,734.0,846.0,846.0,846.0,846.0,903.0,903.0,790.0,790.0,677.0,677.0
SHRI VISHNU ENGG. COLLEGE FOR WOMEN,CSE,WG,BHIMAVARAM,GIRLS,316.0,316.0,601.0,601.0,728.0,728.0,411.0,411.0,475.0,475.0,475.0,475.0,506.0,506.0,443.0,443.0,380.0,380.0
SHRI VISHNU ENGG. COLLEGE FOR WOMEN,CSM,WG,BHIMAVARAM,GIRLS,410.0,410.0,780.0,780.0,944.0,944.0,533.0,533.0,615.0,615.0,615.0,615.0,657.0,657.0,574.0,574.0,492.0,492.0
SHRI VISHNU ENGG. COLLEGE FOR WOMEN,ECE,WG,BHIMAVARAM,GIRLS,709.0,709.0,1347.0,1347.0,1630.0,1630.0,921.0,921.0,1063.0,1063.0,1063.0,1063.0,1134.0,1134.0,992.0,992.0,850.0,850.0
SHRI VISHNU ENGG. COLLEGE FOR WOMEN,EEE,WG,BHIMAVARAM,GIRLS,1570.0,1570.0,2982.0,2982.0,3610.0,3610.0,2040.0,2040.0,2354.0,2354.0,2354.0,2354.0,2511.0,2511.0,2197.0,2197.0,1883.0,1883.0
SHRI VISHNU ENGG. COLLEGE FOR WOMEN,INF,WG,BHIMAVARAM,GIRLS,760.0,760.0,1444.0,1444.0,1748.0,1748.0,988.0,988.0,1140.0,1140.0,1140.0,1140.0,1216.0,1216.0,1064.0,1064.0,912.0,912.0
SHRI VISHNU ENGG. COLLEGE FOR WOMEN,MEC,WG,BHIMAVARAM,GIRLS,2841.0,2841.0,5398.0,5398.0,6534.0,6534.0,3693.0,3693.0,4261.0,4261.0,4261.0,4261.0,4545.0,4545.0,3977.0,3977.0,3409.0,3409.0
VISHNU GRP OF INSTNS - VISHNU INST OF TECHNOLOGY,CAD,WG,BHIMAVARAM,COED,555.0,555.0,1055.0,1055.0,1277.0,1277.0,722.0,722.0,833.0,833.0,833.0,833.0,888.0,888.0,777.0,777.0,666.0,666.0
VISHNU GRP OF INSTNS - VISHNU INST OF TECHNOLOGY,CIV,WG,BHIMAVARAM,COED,4157.0,4157.0,7897.0,7897.0,9560.0,9560.0,5403.0,5403.0,6235.0,6235.0,6235.0,6235.0,6650.0,6650.0,5819.0,5819.0,4988.0,4988.0
VISHNU GRP OF INSTNS - VISHNU INST OF TECHNOLOGY,CSB,WG,BHIMAVARAM,COED,758.0,758.0,1440.0,1440.0,1743.0,1743.0,985.0,985.0,1137.0,1137.0,1137.0,1137.0,1212.0,1212.0,1061.0,1061.0,909.0,909.0
VISHNU GRP OF INSTNS - VISHNU INST OF TECHNOLOGY,CSE,WG,BHIMAVARAM,COED,413.0,413.0,784.0,784.0,949.0,949.0,536.0,536.0,619.0,619.0,619.0,619.0,660.0,660.0,578.0,578.0,495.0,495.0
VISHNU GRP OF INSTNS - VISHNU INST OF TECHNOLOGY,CSM,WG,BHIMAVARAM,COED,524.0,524.0,995.0,995.0,1204.0,1204.0,681.0,681.0,785.0,785.0,785.0,785.0,838.0,838.0,733.0,733.0,628.0,628.0
VISHNU GRP OF INSTNS - VISHNU INST OF TECHNOLOGY,ECE,WG,BHIMAVARAM,COED,635.0,635.0,1207.0,1207.0,1462.0,1462.0,826.0,826.0,953.0,953.0,953.0,953.0,1017.0,1017.0,890.0,890.0,763.0,763.0
VISHNU GRP OF INSTNS - VISHNU INST OF TECHNOLOGY,EEE,WG,BHIMAVARAM,COED,1592.0,1592.0,3026.0,3026.0,3662.0,3662.0,2070.0,2070.0,2389.0,2389.0,2389.0,2389.0,2548.0,2548.0,2229.0,2229.0,1911.0,1911.0
VISHNU GRP OF INSTNS - VISHNU INST OF TECHNOLOGY,INF,WG,BHIMAVARAM,COED,1032.0,1032.0,1962.0,1962.0,2375.0,2375.0,1342.0,1342.0,1549.0,1549.0,1549.0,1549.0,1652.0,1652.0,1445.0,1445.0,1239.0,1239.0
VISHNU GRP OF INSTNS - VISHNU INST OF TECHNOLOGY,MEC,WG,BHIMAVARAM,COED,2398.0,2398.0,4556.0,4556.0,5515.0,5515.0,3117.0,3117.0,3597.0,3597.0,3597.0,3597.0,3836.0,3836.0,3357.0,3357.0,2877.0,2877.0
SRI VASAVI ENGINEERING COLLEGE,AIM,WG,TADEPALLIGUDEM,COED,1578.0,1578.0,2999.0,2999.0,3630.0,3630.0,2052.0,2052.0,2368.0,2368.0,2368.0,2368.0,2526.0,2526.0,2210.0,2210.0,1894.0,1894.0
SRI VASAVI ENGINEERING COLLEGE,CAI,WG,TADEPALLIGUDEM,COED,1940.0,1940.0,3686.0,3686.0,4462.0,4462.0,2522.0,2522.0,2910.0,2910.0,2910.0,2910.0,3104.0,3104.0,2716.0,2716.0,2328.0,2328.0
SRI VASAVI ENGINEERING COLLEGE,CIV,WG,TADEPALLIGUDEM,COED,5805.0,5805.0,11030.0,11030.0,13352.0,13352.0,7547.0,7547.0,8708.0,8708.0,8708.0,8708.0,9289.0,9289.0,8128.0,8128.0,6967.0,6967.0
SRI VASAVI ENGINEERING COLLEGE,CSD,WG,TADEPALLIGUDEM,COED,1773.0,1773.0,3368.0,3368.0,4077.0,4077.0,2305.0,2305.0,2659.0,2659.0,2659.0,2659.0,2836.0,2836.0,2482.0,2482.0,2127.0,2127.0
SRI VASAVI ENGINEERING COLLEGE,CSE,WG,TADEPALLIGUDEM,COED,1452.0,1452.0,2759.0,2759.0,3340.0,3340.0,1888.0,1888.0,2178.0,2178.0,2178.0,2178.0,2324.0,2324.0,2033.0,2033.0,1743.0,1743.0
SRI VASAVI ENGINEERING COLLEGE,CST,WG,TADEPALLIGUDEM,COED,1710.0,1710.0,3249.0,3249.0,3933.0,3933.0,2223.0,2223.0,2565.0,2565.0,2565.0,2565.0,2736.0,2736.0,2394.0,2394.0,2052.0,2052.0
SRI VASAVI ENGINEERING COLLEGE,ECE,WG,TADEPALLIGUDEM,COED,2491.0,2491.0,4733.0,4733.0,5730.0,5730.0,3239.0,3239.0,3737.0,3737.0,3737.0,3737.0,3986.0,3986.0,3488.0,3488.0,2990.0,2990.0
SRI VASAVI ENGINEERING COLLEGE,ECT,WG,TADEPALLIGUDEM,COED,2935.0,2935.0,5576.0,5576.0,6750.0,6750.0,3815.0,3815.0,4402.0,4402.0,4402.0,4402.0,4696.0,4696.0,4109.0,4109.0,3522.0,3522.0
SRI VASAVI ENGINEERING COLLEGE,EEE,WG,TADEPALLIGUDEM,COED,3654.0,3654.0,6943.0,6943.0,8404.0,8404.0,4750.0,4750.0,5481.0,5481.0,5481.0,5481.0,5847.0,5847.0,5116.0,5116.0,4385.0,4385.0
SRI VASAVI ENGINEERING COLLEGE,MEC,WG,TADEPALLIGUDEM,COED,6158.0,6158.0,11700.0,11700.0,14163.0,14163.0,8005.0,8005.0,9237.0,9237.0,9237.0,9237.0,9853.0,9853.0,8621.0,8621.0,7389.0,7389.0
WEST GODAVARI INSTT OF SCIENCE AND ENGINEERING,CSD,WG,NALLAJERLA,COED,9237.0,9237.0,17550.0,17550.0,21245.0,21245.0,12008.0,12008.0,13856.0,13856.0,13856.0,13856.0,14779.0,14779.0,12932.0,12932.0,11084.0,11084.0
WEST GODAVARI INSTT OF SCIENCE AND ENGINEERING,CSE,WG,NALLAJERLA,COED,7433.0,7433.0,14123.0,14123.0,17097.0,17097.0,9663.0,9663.0,11150.0,11150.0,11150.0,11150.0,11893.0,11893.0,10407.0,10407.0,8920.0,8920.0
WEST GODAVARI INSTT OF SCIENCE AND ENGINEERING,ECE,WG,NALLAJERLA,COED,7931.0,7931.0,15068.0,15068.0,18240.0,18240.0,10310.0,10310.0,11896.0,11896.0,11896.0,11896.0,12689.0,12689.0,11103.0,11103.0,9517.0,9517.0
WEST GODAVARI INSTT OF SCIENCE AND ENGINEERING,MEC,WG,NALLAJERLA,COED,,,,,,,,,,,,,,,,,,
ANANTHA LAKSHMI INST OF TECHNOLOGY AND SCI,CIV,ATP,ANANTAPURAMU,COED,11148.0,11148.0,21181.0,21181.0,25640.0,25640.0,14492.0,14492.0,16722.0,16722.0,16722.0,16722.0,17837.0,17837.0,15607.0,15607.0,13377.0,13377.0
ANANTHA LAKSHMI INST OF TECHNOLOGY AND SCI,CSD,ATP,ANANTAPURAMU,COED,5435.0,5435.0,10327.0,10327.0,12502.0,12502.0,7066.0,7066.0,8153.0,8153.0,8153.0,8153.0,8697.0,8697.0,7610.0,7610.0,6523.0,6523.0
ANANTHA LAKSHMI INST OF TECHNOLOGY AND SCI,CSE,ATP,ANANTAPURAMU,COED,4557.0,4557.0,8659.0,8659.0,10482.0,10482.0,5925.0,5925.0,6836.0,6836.0,6836.0,6836.0,7292.0,7292.0,6380.0,6380.0,5469.0,5469.0
ANANTHA LAKSHMI INST OF TECHNOLOGY AND SCI,CSM,ATP,ANANTAPURAMU,COED,5505.0,5505.0,10459.0,10459.0,12661.0,12661.0,7156.0,7156.0,8257.0,8257.0,8257.0,8257.0,8807.0,8807.0,7706.0,7706.0,6605.0,6605.0
ANANTHA LAKSHMI INST OF TECHNOLOGY AND SCI,ECE,ATP,ANANTAPURAMU,COED,6403.0,6403.0,12165.0,12165.0,14726.0,14726.0,8324.0,8324.0,9604.0,9604.0,9604.0,9604.0,10244.0,10244.0,8964.0,8964.0,7683.0,7683.0
ANANTHA LAKSHMI INST OF TECHNOLOGY AND SCI,EEE,ATP,ANANTAPURAMU,COED,8364.0,8364.0,15891.0,15891.0,19236.0,19236.0,10873.0,10873.0,12545.0,12545.0,12545.0,12545.0,13382.0,13382.0,11709.0,11709.0,10036.0,10036.0
ANANTHA LAKSHMI INST OF TECHNOLOGY AND SCI,MEC,ATP,ANANTAPURAMU,COED,7696.0,7696.0,14622.0,14622.0,17700.0,17700.0,10004.0,10004.0,11544.0,11544.0,11544.0,11544.0,12313.0,12313.0,10774.0,10774.0,9235.0,9235.0
BALAJI COLLEGE OF PHARMACY,PHD,ATP,ANANTAPURAMU,COED,10773.0,10773.0,20469.0,20469.0,24778.0,24778.0,14005.0,14005.0,16160.0,16160.0,16160.0,16160.0,17237.0,17237.0,15082.0,15082.0,12928.0,12928.0
CHIRANJEEVI REDDY INST OF ENGG AND TECHNOLOGY FOR WOMEN,CSE,ATP,ANANTAPURAMU,GIRLS,8405.0,8405.0,15969.0,15969.0,19330.0,19330.0,10926.0,10926.0,12607.0,12607.0,12607.0,12607.0,13447.0,13447.0,11766.0,11766.0,10085.0,10085.0
SIR C.V RAMAN INST OF TECHNOLOGY SCIENCES,AIM,ATP,TADIPATRI,COED,7867.0,7867.0,14947.0,14947.0,18094.0,18094.0,10227.0,10227.0,11800.0,11800.0,11800.0,11800.0,12587.0,12587.0,11014.0,11014.0,9440.0,9440.0
SIR C.V RAMAN INST OF TECHNOLOGY SCIENCES,CSE,ATP,TADIPATRI,COED,9337.0,9337.0,17740.0,17740.0,21475.0,21475.0,12138.0,12138.0,14006.0,14006.0,14006.0,14006.0,14939.0,14939.0,13072.0,13072.0,11204.0,11204.0
SIR C.V RAMAN INST OF TECHNOLOGY SCIENCES,ECE,ATP,TADIPATRI,COED,7747.0,7747.0,14719.0,14719.0,17818.0,17818.0,10071.0,10071.0,11620.0,11620.0,11620.0,11620.0,12395.0,12395.0,10846.0,10846.0,9296.0,9296.0
GATES INSTITUTE OF TECHNOLOGY,CAI,ATP,GOOTY,COED,5978.0,5978.0,11358.0,11358.0,13749.0,13749.0,7771.0,7771.0,8967.0,8967.0,8967.0,8967.0,9564.0,9564.0,8369.0,8369.0,7173.0,7173.0
GATES INSTITUTE OF TECHNOLOGY,CIV,ATP,GOOTY,COED,10746.0,10746.0,20417.0,20417.0,24716.0,24716.0,13970.0,13970.0,16119.0,16119.0,16119.0,16119.0,17193.0,17193.0,15044.0,15044.0,12895.0,12895.0
GATES INSTITUTE OF TECHNOLOGY,CSE,ATP,GOOTY,COED,4799.0,4799.0,9117.0,9117.0,11037.0,11037.0,6238.0,6238.0,7198.0,7198.0,7198.0,7198.0,7678.0,7678.0,6718.0,6718.0,5758.0,5758.0
GATES INSTITUTE OF TECHNOLOGY,ECE,ATP,GOOTY,COED,5998.0,5998.0,11396.0,11396.0,13795.0,13795.0,7797.0,7797.0,8997.0,8997.0,8997.0,8997.0,9597.0,9597.0,8397.0,8397.0,7198.0,7198.0
GATES INSTITUTE OF TECHNOLOGY,EEE,ATP,GOOTY,COED,7116.0,7116.0,13521.0,13521.0,16368.0,16368.0,9251.0,9251.0,10674.0,10674.0,10674.0,10674.0,11386.0,11386.0,9963.0,9963.0,8540.0,8540.0
GATES INSTITUTE OF TECHNOLOGY,MEC,ATP,GOOTY,COED,9432.0,9432.0,17921.0,17921.0,21694.0,21694.0,12262.0,12262.0,14148.0,14148.0,14148.0,14148.0,15092.0,15092.0,13205.0,13205.0,11319.0,11319.0
JNTUA COLLEGE OF ENGG. ANANTAPURAMU,CHE,ATP,ANANTAPURAMU,COED,4856.0,4856.0,9227.0,9227.0,11169.0,11169.0,6313.0,6313.0,7284.0,7284.0,7284.0,7284.0,7770.0,7770.0,6799.0,6799.0,5827.0,5827.0
JNTUA COLLEGE OF ENGG. ANANTAPURAMU,CIV,ATP,ANANTAPURAMU,COED,2959.0,2959.0,5623.0,5623.0,6807.0,6807.0,3847.0,3847.0,4439.0,4439.0,4439.0,4439.0,4735.0,4735.0,4143.0,4143.0,3551.0,3551.0
JNTUA COLLEGE OF ENGG. ANANTAPURAMU,CSE,ATP,ANANTAPURAMU,COED,555.0,555.0,1054.0,1054.0,1276.0,1276.0,721.0,721.0,832.0,832.0,832.0,832.0,888.0,888.0,777.0,777.0,666.0,666.0
JNTUA COLLEGE OF ENGG. ANANTAPURAMU,ECE,ATP,ANANTAPURAMU,COED,748.0,748.0,1421.0,1421.0,1720.0,1720.0,972.0,972.0,1122.0,1122.0,1122.0,1122.0,1197.0,1197.0,1047.0,1047.0,897.0,897.0
JNTUA COLLEGE OF ENGG. ANANTAPURAMU,EEE,ATP,ANANTAPURAMU,COED,1903.0,1903.0,3616.0,3616.0,4378.0,4378.0,2474.0,2474.0,2855.0,2855.0,2855.0,2855.0,3045.0,3045.0,2665.0,2665.0,2284.0,2284.0
JNTUA COLLEGE OF ENGG. ANANTAPURAMU,MEC,ATP,ANANTAPURAMU,COED,3131.0,3131.0,5948.0,5948.0,7200.0,7200.0,4070.0,4070.0,4696.0,4696.0,4696.0,4696.0,5009.0,5009.0,4383.0,4383.0,3757.0,3757.0
P.V.K.K. INSTITUTE OF TECHNOLOGY,CIV,ATP,ANANTAPURAMU,COED,10761.0,10761.0,20446.0,20446.0,24751.0,24751.0,13990.0,13990.0,16142.0,16142.0,16142.0,16142.0,17218.0,17218.0,15066.0,15066.0,12914.0,12914.0
P.V.K.K. INSTITUTE OF TECHNOLOGY,CSE,ATP,ANANTAPURAMU,COED,4970.0,4970.0,9442.0,9442.0,11430.0,11430.0,6460.0,6460.0,7454.0,7454.0,7454.0,7454.0,7951.0,7951.0,6957.0,6957.0,5963.0,5963.0
P.V.K.K. INSTITUTE OF TECHNOLOGY,ECE,ATP,ANANTAPURAMU,COED,6920.0,6920.0,13148.0,13148.0,15916.0,15916.0,8996.0,8996.0,10380.0,10380.0,10380.0,10380.0,11072.0,11072.0,9688.0,9688.0,8304.0,8304.0
P.V.K.K. INSTITUTE OF TECHNOLOGY,EEE,ATP,ANANTAPURAMU,COED,8660.0,8660.0,16454.0,16454.0,19918.0,19918.0,11258.0,11258.0,12990.0,12990.0,12990.0,12990.0,13856.0,13856.0,12124.0,12124.0,10392.0,10392.0
P.V.K.K. INSTITUTE OF TECHNOLOGY,MEC,ATP,ANANTAPURAMU,COED,11693.0,11693.0,22217.0,22217.0,26894.0,26894.0,15201.0,15201.0,17539.0,17539.0,17539.0,17539.0,18709.0,18709.0,16370.0,16370.0,14032.0,14032.0
P.V.K.K. INSTITUTE OF TECHNOLOGY-OFF CAMPUS,CSE,ATP,ANANTAPURAMU,COED,7679.0,7679.0,14589.0,14589.0,17661.0,17661.0,9982.0,9982.0,11518.0,11518.0,11518.0,11518.0,12286.0,12286.0,10750.0,10750.0,9214.0,9214.0
P.V.K.K. INSTITUTE OF TECHNOLOGY-OFF CAMPUS,CSG,ATP,ANANTAPURAMU,COED,11531.0,11531.0,21909.0,21909.0,26521.0,26521.0,14990.0,14990.0,17296.0,17296.0,17296.0,17296.0,18450.0,18450.0,16143.0,16143.0,13837.0,13837.0
P.V.K.K. INSTITUTE OF TECHNOLOGY-OFF CAMPUS,CSM,ATP,ANANTAPURAMU,COED,7209.0,7209.0,13696.0,13696.0,16580.0,16580.0,9371.0,9371.0,10813.0,10813.0,10813.0,10813.0,11534.0,11534.0,10092.0,10092.0,8650.0,8650.0
P.V.K.K. INSTITUTE OF TECHNOLOGY-OFF CAMPUS,ECE,ATP,ANANTAPURAMU,COED,8460.0,8460.0,16075.0,16075.0,19459.0,19459.0,10999.0,10999.0,12691.0,12691.0,12691.0,12691.0,13537.0,13537.0,11845.0,11845.0,10153.0,10153.0
SRI KRISHNADEVARAYA UNIV.COLL.OF ENG.- SELF FINANCE,CIV,ATP,ANANTAPURAMU,COED,9281.0,9281.0,17633.0,17633.0,21346.0,21346.0,12065.0,12065.0,13921.0,13921.0,13921.0,13921.0,14849.0,14849.0,12993.0,12993.0,11137.0,11137.0
SRI KRISHNADEVARAYA UNIV.COLL.OF ENG.- SELF FINANCE,CSE,ATP,ANANTAPURAMU,COED,4030.0,4030.0,7658.0,7658.0,9270.0,9270.0,5239.0,5239.0,6045.0,6045.0,6045.0,6045.0,6448.0,6448.0,5642.0,5642.0,4836.0,4836.0
SRI KRISHNADEVARAYA UNIV.COLL.OF ENG.- SELF FINANCE,ECE,ATP,ANANTAPURAMU,COED,5580.0,5580.0,10602.0,10602.0,12834.0,12834.0,7254.0,7254.0,8370.0,8370.0,8370.0,8370.0,8928.0,8928.0,7812.0,7812.0,6696.0,6696.0
SRI KRISHNADEVARAYA UNIV.COLL.OF ENG.- SELF FINANCE,EEE,ATP,ANANTAPURAMU,COED,5966.0,5966.0,11334.0,11334.0,13721.0,13721.0,7755.0,7755.0,8948.0,8948.0,8948.0,8948.0,9545.0,9545.0,8352.0,8352.0,7159.0,7159.0
SRI KRISHNADEVARAYA UNIV.COLL.OF ENG.- SELF FINANCE,MEC,ATP,ANANTAPURAMU,COED,9963.0,9963.0,18929.0,18929.0,22914.0,22914.0,12951.0,12951.0,14944.0,14944.0,14944.0,14944.0,15940.0,15940.0,13948.0,13948.0,11955.0,11955.0
SRINIVASA RAMANUJAN INST OF TECHNOLOGY,CIV,ATP,ANANTAPURAMU,COED,8783.0,8783.0,16687.0,16687.0,20200.0,20200.0,11417.0,11417.0,13174.0,13174.0,13174.0,13174.0,14052.0,14052.0,12296.0,12296.0,10539.0,10539.0
SRINIVASA RAMANUJAN INST OF TECHNOLOGY,CSE,ATP,ANANTAPURAMU,COED,3192.0,3192.0,6065.0,6065.0,7342.0,7342.0,4150.0,4150.0,4788.0,4788.0,4788.0,4788.0,5107.0,5107.0,4469.0,4469.0,3831.0,3831.0
SRINIVASA RAMANUJAN INST OF TECHNOLOGY,ECE,ATP,ANANTAPURAMU,COED,2874.0,2874.0,5460.0,5460.0,6610.0,6610.0,3736.0,3736.0,4311.0,4311.0,4311.0,4311.0,4598.0,4598.0,4023.0,4023.0,3449.0,3449.0
SRINIVASA RAMANUJAN INST OF TECHNOLOGY,EEE,ATP,ANANTAPURAMU,COED,6455.0,6455.0,12265.0,12265.0,14847.0,14847.0,8392.0,8392.0,9683.0,9683.0,9683.0,9683.0,10328.0,10328.0,9037.0,9037.0,7746.0,7746.0
SRINIVASA RAMANUJAN INST OF TECHNOLOGY,MEC,ATP,ANANTAPURAMU,COED,9643.0,9643.0,18321.0,18321.0,22178.0,22178.0,12535.0,12535.0,14464.0,14464.0,14464.0,14464.0,15428.0,15428.0,13500.0,13500.0,11571.0,11571.0
SANSKRITHI SCHOOL OF ENGINEERING,CIV,ATP,PUTAPARTHI,COED,8919.0,8919.0,16946.0,16946.0,20514.0,20514.0,11595.0,11595.0,13379.0,13379.0,13379.0,13379.0,14270.0,14270.0,12487.0,12487.0,10703.0,10703.0
SANSKRITHI SCHOOL OF ENGINEERING,CSE,ATP,PUTAPARTHI,COED,5258.0,5258.0,9991.0,9991.0,12094.0,12094.0,6836.0,6836.0,7887.0,7887.0,7887.0,7887.0,8413.0,8413.0,7362.0,7362.0,6310.0,6310.0
SANSKRITHI SCHOOL OF ENGINEERING,ECE,ATP,PUTAPARTHI,COED,5375.0,5375.0,10213.0,10213.0,12363.0,12363.0,6988.0,6988.0,8063.0,8063.0,8063.0,8063.0,8600.0,8600.0,7525.0,7525.0,6450.0,6450.0
SANSKRITHI SCHOOL OF ENGINEERING,EEE,ATP,PUTAPARTHI,COED,8290.0,8290.0,15751.0,15751.0,19067.0,19067.0,10777.0,10777.0,12435.0,12435.0,12435.0,12435.0,13264.0,13264.0,11606.0,11606.0,9948.0,9948.0
SANSKRITHI SCHOOL OF ENGINEERING,MEC,ATP,PUTAPARTHI,COED,8253.0,8253.0,15680.0,15680.0,18981.0,18981.0,10729.0,10729.0,12379.0,12379.0,12379.0,12379.0,13204.0,13204.0,11554.0,11554.0,9903.0,9903.0
SRI VENKATESWARA INST OF TECHNOLOGY,CIV,ATP,ANANTAPURAMU,COED,8615.0,8615.0,16368.0,16368.0,19813.0,19813.0,11199.0,11199.0,12922.0,12922.0,12922.0,12922.0,13783.0,13783.0,12060.0,12060.0,10337.0,10337.0
SRI VENKATESWARA INST OF TECHNOLOGY,CSD,ATP,ANANTAPURAMU,COED,,,,,,,,,,,,,,,,,,
SRI VENKATESWARA INST OF TECHNOLOGY,CSE,ATP,ANANTAPURAMU,COED,8499.0,8499.0,16148.0,16148.0,19547.0,19547.0,11048.0,11048.0,12748.0,12748.0,12748.0,12748.0,13598.0,13598.0,11898.0,11898.0,10199.0,10199.0
SRI VENKATESWARA INST OF TECHNOLOGY,CSM,ATP,ANANTAPURAMU,COED,9496.0,9496.0,18042.0,18042.0,21840.0,21840.0,12344.0,12344.0,14244.0,14244.0,14244.0,14244.0,15193.0,15193.0,13294.0,13294.0,11395.0,11395.0
SRI VENKATESWARA INST OF TECHNOLOGY,ECE,ATP,ANANTAPURAMU,COED,7647.0,7647.0,14530.0,14530.0,17589.0,17589.0,9942.0,9942.0,11471.0,11471.0,11471.0,11471.0,12236.0,12236.0,10706.0,10706.0,9177.0,9177.0
SRI VENKATESWARA INST OF TECHNOLOGY,MEC,ATP,ANANTAPURAMU,COED,11921.0,11921.0,22649.0,22649.0,27417.0,27417.0,15497.0,15497.0,17881.0,17881.0,17881.0,17881.0,19073.0,19073.0,16689.0,16689.0,14305.0,14305.0
TADIPATRI ENGG COLLEGE,CSD,ATP,TADIPATRI,COED,7367.0,7367.0,13997.0,13997.0,16943.0,16943.0,9577.0,9577.0,11050.0,11050.0,11050.0,11050.0,11787.0,11787.0,10313.0,10313.0,8840.0,8840.0
TADIPATRI ENGG COLLEGE,CSE,ATP,TADIPATRI,COED,8074.0,8074.0,15341.0,15341.0,18570.0,18570.0,10496.0,10496.0,12111.0,12111.0,12111.0,12111.0,12918.0,12918.0,11304.0,11304.0,9689.0,9689.0
TADIPATRI ENGG COLLEGE,ECE,ATP,TADIPATRI,COED,7699.0,7699.0,14628.0,14628.0,17708.0,17708.0,10009.0,10009.0,11548.0,11548.0,11548.0,11548.0,12318.0,12318.0,10779.0,10779.0,9239.0,9239.0
TADIPATRI ENGG COLLEGE,EEE,ATP,TADIPATRI,COED,10184.0,10184.0,19350.0,19350.0,23424.0,23424.0,13239.0,13239.0,15276.0,15276.0,15276.0,15276.0,16295.0,16295.0,14258.0,14258.0,12221.0,12221.0
ADITYA COLLEGE OF ENGINEERING,AID,CTR,MADANAPALLE,COED,4903.0,4903.0,9316.0,9316.0,11277.0,11277.0,6374.0,6374.0,7354.0,7354.0,7354.0,7354.0,7845.0,7845.0,6864.0,6864.0,5884.0,5884.0
ADITYA COLLEGE OF ENGINEERING,CAI,CTR,MADANAPALLE,COED,4172.0,4172.0,7927.0,7927.0,9596.0,9596.0,5424.0,5424.0,6258.0,6258.0,6258.0,6258.0,6675.0,6675.0,5841.0,5841.0,5007.0,5007.0
ADITYA COLLEGE OF ENGINEERING,CIV,CTR,MADANAPALLE,COED,9974.0,9974.0,18950.0,18950.0,22940.0,22940.0,12966.0,12966.0,14961.0,14961.0,14961.0,14961.0,15958.0,15958.0,13963.0,13963.0,11969.0,11969.0
ADITYA COLLEGE OF ENGINEERING,CSE,CTR,MADANAPALLE,COED,4857.0,4857.0,9229.0,9229.0,11171.0,11171.0,6314.0,6314.0,7286.0,7286.0,7286.0,7286.0,7771.0,7771.0,6800.0,6800.0,5829.0,5829.0
ADITYA COLLEGE OF ENGINEERING,ECE,CTR,MADANAPALLE,COED,9264.0,9264.0,17602.0,17602.0,21308.0,21308.0,12044.0,12044.0,13897.0,13897.0,13897.0,13897.0,14823.0,14823.0,12970.0,12970.0,11117.0,11117.0
ADITYA COLLEGE OF ENGINEERING,EEE,CTR,MADANAPALLE,COED,7543.0,7543.0,14332.0,14332.0,17349.0,17349.0,9806.0,9806.0,11315.0,11315.0,11315.0,11315.0,12069.0,12069.0,10561.0,10561.0,9052.0,9052.0
ANNAMACHARYA INST OF TECHNOLOGYAND SCIENCES,AID,CTR,TIRUPATHI,COED,4730.0,4730.0,8988.0,8988.0,10880.0,10880.0,6150.0,6150.0,7096.0,7096.0,7096.0,7096.0,7569.0,7569.0,6623.0,6623.0,5677.0,5677.0
ANNAMACHARYA INST OF TECHNOLOGYAND SCIENCES,AIM,CTR,TIRUPATHI,COED,3726.0,3726.0,7079.0,7079.0,8570.0,8570.0,4844.0,4844.0,5589.0,5589.0,5589.0,5589.0,5962.0,5962.0,5216.0,5216.0,4471.0,4471.0
ANNAMACHARYA INST OF TECHNOLOGYAND SCIENCES,CIC,CTR,TIRUPATHI,COED,4595.0,4595.0,8731.0,8731.0,10569.0,10569.0,5974.0,5974.0,6893.0,6893.0,6893.0,6893.0,7352.0,7352.0,6433.0,6433.0,5514.0,5514.0
ANNAMACHARYA INST OF TECHNOLOGYAND SCIENCES,CIT,CTR,TIRUPATHI,COED,6068.0,6068.0,11529.0,11529.0,13956.0,13956.0,7888.0,7888.0,9102.0,9102.0,9102.0,9102.0,9708.0,9708.0,8495.0,8495.0,7281.0,7281.0
ANNAMACHARYA INST OF TECHNOLOGYAND SCIENCES,CIV,CTR,TIRUPATHI,COED,9149.0,9149.0,17384.0,17384.0,21044.0,21044.0,11894.0,11894.0,13724.0,13724.0,13724.0,13724.0,14639.0,14639.0,12809.0,12809.0,10979.0,10979.0
ANNAMACHARYA INST OF TECHNOLOGYAND SCIENCES,CSD,CTR,TIRUPATHI,COED,3809.0,3809.0,7238.0,7238.0,8761.0,8761.0,4952.0,4952.0,5714.0,5714.0,5714.0,5714.0,6095.0,6095.0,5333.0,5333.0,4571.0,4571.0
ANNAMACHARYA INST OF TECHNOLOGYAND SCIENCES,CSE,CTR,TIRUPATHI,COED,4327.0,4327.0,8221.0,8221.0,9952.0,9952.0,5625.0,5625.0,6491.0,6491.0,6491.0,6491.0,6923.0,6923.0,6058.0,6058.0,5192.0,5192.0
ANNAMACHARYA INST OF TECHNOLOGYAND SCIENCES,ECE,CTR,TIRUPATHI,COED,3775.0,3775.0,7173.0,7173.0,8684.0,8684.0,4908.0,4908.0,5663.0,5663.0,5663.0,5663.0,6041.0,6041.0,5286.0,5286.0,4531.0,4531.0
ANNAMACHARYA INST OF TECHNOLOGYAND SCIENCES,EEE,CTR,TIRUPATHI,COED,7208.0,7208.0,13695.0,13695.0,16578.0,16578.0,9370.0,9370.0,10812.0,10812.0,10812.0,10812.0,11532.0,11532.0,10091.0,10091.0,8649.0,8649.0
ANNAMACHARYA INST OF TECHNOLOGYAND SCIENCES,MEC,CTR,TIRUPATHI,COED,10929.0,10929.0,20765.0,20765.0,25137.0,25137.0,14208.0,14208.0,16393.0,16393.0,16393.0,16393.0,17486.0,17486.0,15301.0,15301.0,13115.0,13115.0
CHADALAWADA RAMANAMMA ENGG. COLLEGE,CAI,CTR,TIRUPATHI,COED,9250.0,9250.0,17576.0,17576.0,21276.0,21276.0,12025.0,12025.0,13875.0,13875.0,13875.0,13875.0,14800.0,14800.0,12950.0,12950.0,11100.0,11100.0
CHADALAWADA RAMANAMMA ENGG. COLLEGE,CSD,CTR,TIRUPATHI,COED,9487.0,9487.0,18025.0,18025.0,21820.0,21820.0,12333.0,12333.0,14230.0,14230.0,14230.0,14230.0,15179.0,15179.0,13282.0,13282.0,11384.0,11384.0
CHADALAWADA RAMANAMMA ENGG. COLLEGE,CSE,CTR,TIRUPATHI,COED,8163.0,8163.0,15510.0,15510.0,18776.0,18776.0,10612.0,10612.0,12245.0,12245.0,12245.0,12245.0,13061.0,13061.0,11429.0,11429.0,9796.0,9796.0
CHADALAWADA RAMANAMMA ENGG. COLLEGE,CSM,CTR,TIRUPATHI,COED,8126.0,8126.0,15439.0,15439.0,18689.0,18689.0,10564.0,10564.0,12189.0,12189.0,12189.0,12189.0,13001.0,13001.0,11376.0,11376.0,9751.0,9751.0
CHADALAWADA RAMANAMMA ENGG. COLLEGE,ECE,CTR,TIRUPATHI,COED,7180.0,7180.0,13642.0,13642.0,16514.0,16514.0,9334.0,9334.0,10770.0,10770.0,10770.0,10770.0,11488.0,11488.0,10052.0,10052.0,8616.0,8616.0
CHADALAWADA RAMANAMMA ENGG. COLLEGE,EEE,CTR,TIRUPATHI,COED,9991.0,9991.0,18983.0,18983.0,22979.0,22979.0,12988.0,12988.0,14986.0,14986.0,14986.0,14986.0,15986.0,15986.0,13987.0,13987.0,11989.0,11989.0
GOLDEN VALLEY INTEGRATED CAMPUS,CSE,CTR,MADANAPALLE,COED,9508.0,9508.0,18065.0,18065.0,21868.0,21868.0,12360.0,12360.0,14262.0,14262.0,14262.0,14262.0,15212.0,15212.0,13311.0,13311.0,11409.0,11409.0
GOLDEN VALLEY INTEGRATED CAMPUS,ECE,CTR,MADANAPALLE,COED,7917.0,7917.0,15042.0,15042.0,18209.0,18209.0,10292.0,10292.0,11876.0,11876.0,11876.0,11876.0,12667.0,12667.0,11084.0,11084.0,9500.0,9500.0
JNTUA COLLEGE OF ENGINEERING. KALIKIRI,CIV,CTR,KALIKIRI,COED,4637.0,4637.0,8811.0,8811.0,10666.0,10666.0,6029.0,6029.0,6956.0,6956.0,6956.0,6956.0,7420.0,7420.0,6492.0,6492.0,5565.0,5565.0
JNTUA COLLEGE OF ENGINEERING. KALIKIRI,CSE,CTR,KALIKIRI,COED,860.0,860.0,1633.0,1633.0,1977.0,1977.0,1118.0,1118.0,1289.0,1289.0,1289.0,1289.0,1375.0,1375.0,1204.0,1204.0,1032.0,1032.0
JNTUA COLLEGE OF ENGINEERING. KALIKIRI,ECE,CTR,KALIKIRI,COED,1221.0,1221.0,2319.0,2319.0,2807.0,2807.0,1587.0,1587.0,1831.0,1831.0,1831.0,1831.0,1953.0,1953.0,1709.0,1709.0,1465.0,1465.0
JNTUA COLLEGE OF ENGINEERING. KALIKIRI,EEE,CTR,KALIKIRI,COED,3962.0,3962.0,7528.0,7528.0,9113.0,9113.0,5151.0,5151.0,5943.0,5943.0,5943.0,5943.0,6339.0,6339.0,5547.0,5547.0,4755.0,4755.0
JNTUA COLLEGE OF ENGINEERING. KALIKIRI,FDT,CTR,KALIKIRI,COED,6996.0,6996.0,13292.0,13292.0,16091.0,16091.0,9095.0,9095.0,10494.0,10494.0,10494.0,10494.0,11193.0,11193.0,9794.0,9794.0,8395.0,8395.0
JNTUA COLLEGE OF ENGINEERING. KALIKIRI,MEC,CTR,KALIKIRI,COED,9095.0,9095.0,17281.0,17281.0,20919.0,20919.0,11824.0,11824.0,13643.0,13643.0,13643.0,13643.0,14552.0,14552.0,12733.0,12733.0,10914.0,10914.0
KMM INST OF TECHNOLOGY AND SCIENCE,CAI,CTR,TIRUPATHI,COED,9082.0,9082.0,17256.0,17256.0,20889.0,20889.0,11807.0,11807.0,13623.0,13623.0,13623.0,13623.0,14532.0,14532.0,12715.0,12715.0,10899.0,10899.0
KMM INST OF TECHNOLOGY AND SCIENCE,CSD,CTR,TIRUPATHI,COED,6160.0,6160.0,11704.0,11704.0,14168.0,14168.0,8008.0,8008.0,9240.0,9240.0,9240.0,9240.0,9856.0,9856.0,8624.0,8624.0,7392.0,7392.0
KMM INST OF TECHNOLOGY AND SCIENCE,CSE,CTR,TIRUPATHI,COED,9056.0,9056.0,17207.0,17207.0,20830.0,20830.0,11773.0,11773.0,13585.0,13585.0,13585.0,13585.0,14490.0,14490.0,12679.0,12679.0,10868.0,10868.0
KMM INST OF TECHNOLOGY AND SCIENCE,ECE,CTR,TIRUPATHI,COED,8138.0,8138.0,15463.0,15463.0,18718.0,18718.0,10580.0,10580.0,12208.0,12208.0,12208.0,12208.0,13021.0,13021.0,11394.0,11394.0,9766.0,9766.0
KMM INST OF TECHNOLOGY AND SCIENCE,EEE,CTR,TIRUPATHI,COED,6573.0,6573.0,12489.0,12489.0,15118.0,15118.0,8545.0,8545.0,9860.0,9860.0,9860.0,9860.0,10517.0,10517.0,9202.0,9202.0,7888.0,7888.0
KUPPAM ENGINEERING COLLEGE,CIV,CTR,KUPPAM,COED,10744.0,10744.0,20414.0,20414.0,24712.0,24712.0,13968.0,13968.0,16116.0,16116.0,16116.0,16116.0,17191.0,17191.0,15042.0,15042.0,12893.0,12893.0
KUPPAM ENGINEERING COLLEGE,CSD,CTR,KUPPAM,COED,2819.0,2819.0,5356.0,5356.0,6484.0,6484.0,3665.0,3665.0,4229.0,4229.0,4229.0,4229.0,4510.0,4510.0,3947.0,3947.0,3383.0,3383.0
KUPPAM ENGINEERING COLLEGE,CSE,CTR,KUPPAM,COED,6720.0,6720.0,12768.0,12768.0,15455.0,15455.0,8736.0,8736.0,10080.0,10080.0,10080.0,10080.0,10752.0,10752.0,9408.0,9408.0,8064.0,8064.0
KUPPAM ENGINEERING COLLEGE,CSM,CTR,KUPPAM,COED,6958.0,6958.0,13220.0,13220.0,16003.0,16003.0,9045.0,9045.0,10437.0,10437.0,10437.0,10437.0,11133.0,11133.0,9741.0,9741.0,8350.0,8350.0
KUPPAM ENGINEERING COLLEGE,ECE,CTR,KUPPAM,COED,8112.0,8112.0,15412.0,15412.0,18657.0,18657.0,10545.0,10545.0,12168.0,12168.0,12168.0,12168.0,12979.0,12979.0,11357.0,11357.0,9734.0,9734.0
KUPPAM ENGINEERING COLLEGE,EEE,CTR,KUPPAM,COED,7527.0,7527.0,14301.0,14301.0,17312.0,17312.0,9785.0,9785.0,11290.0,11290.0,11290.0,11290.0,12043.0,12043.0,10538.0,10538.0,9032.0,9032.0
KUPPAM ENGINEERING COLLEGE,MEC,CTR,KUPPAM,COED,9308.0,9308.0,17686.0,17686.0,21409.0,21409.0,12101.0,12101.0,13962.0,13962.0,13962.0,13962.0,14893.0,14893.0,13031.0,13031.0,11170.0,11170.0
MADANAPALLY INSTITUTE OF TECHNOLOGY AND SCI,CAI,CTR,MADANAPALLE,COED,1811.0,1811.0,3441.0,3441.0,4165.0,4165.0,2354.0,2354.0,2717.0,2717.0,2717.0,2717.0,2898.0,2898.0,2535.0,2535.0,2173.0,2173.0
MADANAPALLY INSTITUTE OF TECHNOLOGY AND SCI,CIV,CTR,MADANAPALLE,COED,5737.0,5737.0,10900.0,10900.0,13195.0,13195.0,7458.0,7458.0,8605.0,8605.0,8605.0,8605.0,9179.0,9179.0,8032.0,8032.0,6884.0,6884.0
MADANAPALLY INSTITUTE OF TECHNOLOGY AND SCI,CSC,CTR,MADANAPALLE,COED,2241.0,2241.0,4259.0,4259.0,5155.0,5155.0,2914.0,2914.0,3362.0,3362.0,3362.0,3362.0,3586.0,3586.0,3138.0,3138.0,2690.0,2690.0
MADANAPALLY INSTITUTE OF TECHNOLOGY AND SCI,CSD,CTR,MADANAPALLE,COED,2071.0,2071.0,3935.0,3935.0,4764.0,4764.0,2693.0,2693.0,3107.0,3107.0,3107.0,3107.0,3314.0,3314.0,2900.0,2900.0,2486.0,2486.0
MADANAPALLY INSTITUTE OF TECHNOLOGY AND SCI,CSE,CTR,MADANAPALLE,COED,1327.0,1327.0,2521.0,2521.0,3052.0,3052.0,1725.0,1725.0,1990.0,1990.0,1990.0,1990.0,2123.0,2123.0,1858.0,1858.0,1592.0,1592.0
MADANAPALLY INSTITUTE OF TECHNOLOGY AND SCI,CSM,CTR,MADANAPALLE,COED,1318.0,1318.0,2505.0,2505.0,3032.0,3032.0,1714.0,1714.0,1978.0,1978.0,1978.0,1978.0,2109.0,2109.0,1846.0,1846.0,1582.0,1582.0
MADANAPALLY INSTITUTE OF TECHNOLOGY AND SCI,CST,CTR,MADANAPALLE,COED,2710.0,2710.0,5148.0,5148.0,6232.0,6232.0,3522.0,3522.0,4064.0,4064.0,4064.0,4064.0,4335.0,4335.0,3793.0,3793.0,3251.0,3251.0
MADANAPALLY INSTITUTE OF TECHNOLOGY AND SCI,ECE,CTR,MADANAPALLE,COED,2252.0,2252.0,4278.0,4278.0,5179.0,5179.0,2927.0,2927.0,3377.0,3377.0,3377.0,3377.0,3603.0,3603.0,3152.0,3152.0,2702.0,2702.0
MADANAPALLY INSTITUTE OF TECHNOLOGY AND SCI,EEE,CTR,MADANAPALLE,COED,3835.0,3835.0,7286.0,7286.0,8820.0,8820.0,4985.0,4985.0,5752.0,5752.0,5752.0,5752.0,6136.0,6136.0,5369.0,5369.0,4602.0,4602.0
MADANAPALLY INSTITUTE OF TECHNOLOGY AND SCI,MEC,CTR,MADANAPALLE,COED,6998.0,6998.0,13297.0,13297.0,16096.0,16096.0,9098.0,9098.0,10498.0,10498.0,10498.0,10498.0,11197.0,11197.0,9798.0,9798.0,8398.0,8398.0
MJR COLLEGE OF ENGG AND TECHNOLOGY,CAI,CTR,PILER,COED,8671.0,8671.0,16474.0,16474.0,19942.0,19942.0,11272.0,11272.0,13006.0,13006.0,13006.0,13006.0,13873.0,13873.0,12139.0,12139.0,10405.0,10405.0
MJR COLLEGE OF ENGG AND TECHNOLOGY,CIV,CTR,PILER,COED,10272.0,10272.0,19516.0,19516.0,23624.0,23624.0,13353.0,13353.0,15407.0,15407.0,15407.0,15407.0,16434.0,16434.0,14380.0,14380.0,12326.0,12326.0
MJR COLLEGE OF ENGG AND TECHNOLOGY,CSC,CTR,PILER,COED,6072.0,6072.0,11537.0,11537.0,13965.0,13965.0,7894.0,7894.0,9108.0,9108.0,9108.0,9108.0,9715.0,9715.0,8501.0,8501.0,7286.0,7286.0
MJR COLLEGE OF ENGG AND TECHNOLOGY,CSE,CTR,PILER,COED,7945.0,7945.0,15095.0,15095.0,18273.0,18273.0,10328.0,10328.0,11917.0,11917.0,11917.0,11917.0,12712.0,12712.0,11123.0,11123.0,9534.0,9534.0
MJR COLLEGE OF ENGG AND TECHNOLOGY,ECE,CTR,PILER,COED,8733.0,8733.0,16593.0,16593.0,20087.0,20087.0,11353.0,11353.0,13100.0,13100.0,13100.0,13100.0,13973.0,13973.0,12227.0,12227.0,10480.0,10480.0
MJR COLLEGE OF ENGG AND TECHNOLOGY,EEE,CTR,PILER,COED,10390.0,10390.0,19740.0,19740.0,23896.0,23896.0,13507.0,13507.0,15585.0,15585.0,15585.0,15585.0,16623.0,16623.0,14546.0,14546.0,12468.0,12468.0
MOTHER THERESA INST OF ENGG AND TECH,AID,CTR,PALAMNER,COED,5182.0,5182.0,9847.0,9847.0,11920.0,11920.0,6737.0,6737.0,7774.0,7774.0,7774.0,7774.0,8292.0,8292.0,7255.0,7255.0,6219.0,6219.0
MOTHER THERESA INST OF ENGG AND TECH,CAI,CTR,PALAMNER,COED,4933.0,4933.0,9373.0,9373.0,11346.0,11346.0,6413.0,6413.0,7400.0,7400.0,7400.0,7400.0,7893.0,7893.0,6906.0,6906.0,5920.0,5920.0
MOTHER THERESA INST OF ENGG AND TECH,CIV,CTR,PALAMNER,COED,11814.0,11814.0,22448.0,22448.0,27173.0,27173.0,15359.0,15359.0,17722.0,17722.0,17722.0,17722.0,18903.0,18903.0,16540.0,16540.0,14177.0,14177.0
MOTHER THERESA INST OF ENGG AND TECH,CSD,CTR,PALAMNER,COED,6255.0,6255.0,11885.0,11885.0,14387.0,14387.0,8132.0,8132.0,9383.0,9383.0,9383.0,9383.0,10009.0,10009.0,8758.0,8758.0,7506.0,7506.0
MOTHER THERESA INST OF ENGG AND TECH,CSE,CTR,PALAMNER,COED,4732.0,4732.0,8990.0,8990.0,10883.0,10883.0,6151.0,6151.0,7098.0,7098.0,7098.0,7098.0,7571.0,7571.0,6624.0,6624.0,5678.0,5678.0
MOTHER THERESA INST OF ENGG AND TECH,ECE,CTR,PALAMNER,COED,6236.0,6236.0,11848.0,11848.0,14343.0,14343.0,8107.0,8107.0,9354.0,9354.0,9354.0,9354.0,9977.0,9977.0,8730.0,8730.0,7483.0,7483.0
MOTHER THERESA INST OF ENGG AND TECH,EEE,CTR,PALAMNER,COED,8524.0,8524.0,16196.0,16196.0,19606.0,19606.0,11082.0,11082.0,12787.0,12787.0,12787.0,12787.0,13639.0,13639.0,11934.0,11934.0,10229.0,10229.0
SIDDHARTH INSTITUTE OF ENGG. AND TECHNOLOGY,CAD,CTR,PUTTUR,COED,4787.0,4787.0,9095.0,9095.0,11010.0,11010.0,6223.0,6223.0,7181.0,7181.0,7181.0,7181.0,7659.0,7659.0,6702.0,6702.0,5744.0,5744.0
SIDDHARTH INSTITUTE OF ENGG. AND TECHNOLOGY,CAI,CTR,PUTTUR,COED,1552.0,1552.0,2948.0,2948.0,3569.0,3569.0,2017.0,2017.0,2328.0,2328.0,2328.0,2328.0,2483.0,2483.0,2172.0,2172.0,1862.0,1862.0
SIDDHARTH INSTITUTE OF ENGG. AND TECHNOLOGY,CCC,CTR,PUTTUR,COED,7027.0,7027.0,13351.0,13351.0,16162.0,16162.0,9135.0,9135.0,10540.0,10540.0,10540.0,10540.0,11243.0,11243.0,9837.0,9837.0,8432.0,8432.0
SIDDHARTH INSTITUTE OF ENGG. AND TECHNOLOGY,CIA,CTR,PUTTUR,COED,5407.0,5407.0,10274.0,10274.0,12437.0,12437.0,7030.0,7030.0,8111.0,8111.0,8111.0,8111.0,8652.0,8652.0,7570.0,7570.0,6489.0,6489.0
SIDDHARTH INSTITUTE OF ENGG. AND TECHNOLOGY,CIC,CTR,PUTTUR,COED,6217.0,6217.0,11813.0,11813.0,14300.0,14300.0,8083.0,8083.0,9326.0,9326.0,9326.0,9326.0,9948.0,9948.0,8704.0,8704.0,7461.0,7461.0
SIDDHARTH INSTITUTE OF ENGG. AND TECHNOLOGY,CIT,CTR,PUTTUR,COED,5602.0,5602.0,10644.0,10644.0,12885.0,12885.0,7283.0,7283.0,8403.0,8403.0,8403.0,8403.0,8964.0,8964.0,7843.0,7843.0,6723.0,6723.0
SIDDHARTH INSTITUTE OF ENGG. AND TECHNOLOGY,CIV,CTR,PUTTUR,COED,11009.0,11009.0,20917.0,20917.0,25321.0,25321.0,14312.0,14312.0,16514.0,16514.0,16514.0,16514.0,17615.0,17615.0,15413.0,15413.0,13211.0,13211.0
SIDDHARTH INSTITUTE OF ENGG. AND TECHNOLOGY,CSE,CTR,PUTTUR,COED,3639.0,3639.0,6914.0,6914.0,8370.0,8370.0,4731.0,4731.0,5459.0,5459.0,5459.0,5459.0,5823.0,5823.0,5095.0,5095.0,4367.0,4367.0
SIDDHARTH INSTITUTE OF ENGG. AND TECHNOLOGY,CSM,CTR,PUTTUR,COED,3836.0,3836.0,7289.0,7289.0,8823.0,8823.0,4987.0,4987.0,5754.0,5754.0,5754.0,5754.0,6138.0,6138.0,5371.0,5371.0,4604.0,4604.0
SIDDHARTH INSTITUTE OF ENGG. AND TECHNOLOGY,ECE,CTR,PUTTUR,COED,5721.0,5721.0,10871.0,10871.0,13159.0,13159.0,7438.0,7438.0,8582.0,8582.0,8582.0,8582.0,9154.0,9154.0,8010.0,8010.0,6866.0,6866.0
SIDDHARTH INSTITUTE OF ENGG. AND TECHNOLOGY,EEE,CTR,PUTTUR,COED,9903.0,9903.0,18816.0,18816.0,22777.0,22777.0,12874.0,12874.0,14855.0,14855.0,14855.0,14855.0,15845.0,15845.0,13864.0,13864.0,11884.0,11884.0
SIDDHARTH INSTITUTE OF ENGG. AND TECHNOLOGY,MEC,CTR,PUTTUR,COED,9272.0,9272.0,17617.0,17617.0,21326.0,21326.0,12054.0,12054.0,13908.0,13908.0,13908.0,13908.0,14836.0,14836.0,12981.0,12981.0,11127.0,11127.0
SIDDARTHA EDNL ACADEMY GRP OF INSTNS,CAI,CTR,TIRUPATHI,COED,7720.0,7720.0,14668.0,14668.0,17756.0,17756.0,10036.0,10036.0,11580.0,11580.0,11580.0,11580.0,12352.0,12352.0,10808.0,10808.0,9264.0,9264.0
SIDDARTHA EDNL ACADEMY GRP OF INSTNS,CSE,CTR,TIRUPATHI,COED,8116.0,8116.0,15420.0,15420.0,18667.0,18667.0,10551.0,10551.0,12174.0,12174.0,12174.0,12174.0,12986.0,12986.0,11362.0,11362.0,9739.0,9739.0
SIDDARTHA EDNL ACADEMY GRP OF INSTNS,CSM,CTR,TIRUPATHI,COED,11213.0,11213.0,21304.0,21304.0,25789.0,25789.0,14576.0,14576.0,16819.0,16819.0,16819.0,16819.0,17940.0,17940.0,15698.0,15698.0,13455.0,13455.0
SIDDARTHA EDNL ACADEMY GRP OF INSTNS,ECE,CTR,TIRUPATHI,COED,10519.0,10519.0,19986.0,19986.0,24194.0,24194.0,13675.0,13675.0,15779.0,15779.0,15779.0,15779.0,16831.0,16831.0,14727.0,14727.0,12623.0,12623.0
SIDDARTHA EDNL ACADEMY GRP OF INSTNS,EEE,CTR,TIRUPATHI,COED,9411.0,9411.0,17880.0,17880.0,21644.0,21644.0,12234.0,12234.0,14116.0,14116.0,14116.0,14116.0,15057.0,15057.0,13175.0,13175.0,11293.0,11293.0
SIDDARTHA EDNL ACADEMY GRP OF INSTNS,MEC,CTR,TIRUPATHI,COED,10118.0,10118.0,19225.0,19225.0,23272.0,23272.0,13154.0,13154.0,15177.0,15177.0,15177.0,15177.0,16189.0,16189.0,14166.0,14166.0,12142.0,12142.0
SREE RAMA ENGINEERING COLLEGE,AID,CTR,TIRUPATHI,COED,6152.0,6152.0,11689.0,11689.0,14150.0,14150.0,7998.0,7998.0,9228.0,9228.0,9228.0,9228.0,9843.0,9843.0,8613.0,8613.0,7383.0,7383.0
SREE RAMA ENGINEERING COLLEGE,CIV,CTR,TIRUPATHI,COED,11432.0,11432.0,21720.0,21720.0,26293.0,26293.0,14861.0,14861.0,17147.0,17147.0,17147.0,17147.0,18290.0,18290.0,16004.0,16004.0,13718.0,13718.0
SREE RAMA ENGINEERING COLLEGE,CSE,CTR,TIRUPATHI,COED,6441.0,6441.0,12239.0,12239.0,14815.0,14815.0,8374.0,8374.0,9662.0,9662.0,9662.0,9662.0,10306.0,10306.0,9018.0,9018.0,7730.0,7730.0
SREE RAMA ENGINEERING COLLEGE,ECE,CTR,TIRUPATHI,COED,6778.0,6778.0,12877.0,12877.0,15588.0,15588.0,8811.0,8811.0,10166.0,10166.0,10166.0,10166.0,10844.0,10844.0,9489.0,9489.0,8133.0,8133.0
SREE RAMA ENGINEERING COLLEGE,EEE,CTR,TIRUPATHI,COED,9218.0,9218.0,17514.0,17514.0,21201.0,21201.0,11983.0,11983.0,13827.0,13827.0,13827.0,13827.0,14749.0,14749.0,12905.0,12905.0,11061.0,11061.0
SREE RAMA ENGINEERING COLLEGE,MEC,CTR,TIRUPATHI,COED,10268.0,10268.0,19508.0,19508.0,23615.0,23615.0,13348.0,13348.0,15401.0,15401.0,15401.0,15401.0,16428.0,16428.0,14375.0,14375.0,12321.0,12321.0
SRINIVASA INSTITUTE OF TECHNOLOGY AND MANG STUDIES,CAI,CTR,CHITTOOR,COED,8473.0,8473.0,16098.0,16098.0,19487.0,19487.0,11015.0,11015.0,12709.0,12709.0,12709.0,12709.0,13557.0,13557.0,11862.0,11862.0,10167.0,10167.0
SRINIVASA INSTITUTE OF TECHNOLOGY AND MANG STUDIES,CSD,CTR,CHITTOOR,COED,9080.0,9080.0,17252.0,17252.0,20884.0,20884.0,11804.0,11804.0,13620.0,13620.0,13620.0,13620.0,14528.0,14528.0,12712.0,12712.0,10896.0,10896.0
SRINIVASA INSTITUTE OF TECHNOLOGY AND MANG STUDIES,CSE,CTR,CHITTOOR,COED,7426.0,7426.0,14110.0,14110.0,17081.0,17081.0,9654.0,9654.0,11140.0,11140.0,11140.0,11140.0,11882.0,11882.0,10397.0,10397.0,8912.0,8912.0
SRINIVASA INSTITUTE OF TECHNOLOGY AND MANG STUDIES,CSM,CTR,CHITTOOR,COED,11040.0,11040.0,20975.0,20975.0,25391.0,25391.0,14351.0,14351.0,16559.0,16559.0,16559.0,16559.0,17663.0,17663.0,15455.0,15455.0,13247.0,13247.0
SRINIVASA INSTITUTE OF TECHNOLOGY AND MANG STUDIES,ECE,CTR,CHITTOOR,COED,7905.0,7905.0,15019.0,15019.0,18181.0,18181.0,10276.0,10276.0,11857.0,11857.0,11857.0,11857.0,12647.0,12647.0,11066.0,11066.0,9486.0,9486.0
SRINIVASA INSTITUTE OF TECHNOLOGY AND MANG STUDIES,EEE,CTR,CHITTOOR,COED,,,,,,,,,,,,,,,,,,
SRINIVASA INSTITUTE OF TECHNOLOGY AND MANG STUDIES,MEC,CTR,CHITTOOR,COED,6149.0,6149.0,11684.0,11684.0,14144.0,14144.0,7994.0,7994.0,9224.0,9224.0,9224.0,9224.0,9839.0,9839.0,8609.0,8609.0,7379.0,7379.0
SRI VENKATESWARA COLL OF ENGINEERING,CIV,CTR,TIRUPATHI,COED,6806.0,6806.0,12932.0,12932.0,15654.0,15654.0,8848.0,8848.0,10209.0,10209.0,10209.0,10209.0,10890.0,10890.0,9529.0,9529.0,8168.0,8168.0
SRI VENKATESWARA COLL OF ENGINEERING,CSC,CTR,TIRUPATHI,COED,2069.0,2069.0,3931.0,3931.0,4759.0,4759.0,2690.0,2690.0,3104.0,3104.0,3104.0,3104.0,3311.0,3311.0,2897.0,2897.0,2483.0,2483.0
SRI VENKATESWARA COLL OF ENGINEERING,CSD,CTR,TIRUPATHI,COED,2654.0,2654.0,5042.0,5042.0,6104.0,6104.0,3450.0,3450.0,3981.0,3981.0,3981.0,3981.0,4246.0,4246.0,3715.0,3715.0,3185.0,3185.0
SRI VENKATESWARA COLL OF ENGINEERING,CSE,CTR,TIRUPATHI,COED,2178.0,2178.0,4139.0,4139.0,5010.0,5010.0,2832.0,2832.0,3267.0,3267.0,3267.0,3267.0,3485.0,3485.0,3049.0,3049.0,2614.0,2614.0
SRI VENKATESWARA COLL OF ENGINEERING,CSM,CTR,TIRUPATHI,COED,2080.0,2080.0,3953.0,3953.0,4785.0,4785.0,2705.0,2705.0,3121.0,3121.0,3121.0,3121.0,3329.0,3329.0,2913.0,2913.0,2497.0,2497.0
SRI VENKATESWARA COLL OF ENGINEERING,ECE,CTR,TIRUPATHI,COED,2738.0,2738.0,5203.0,5203.0,6298.0,6298.0,3560.0,3560.0,4107.0,4107.0,4107.0,4107.0,4381.0,4381.0,3834.0,3834.0,3286.0,3286.0
SRI VENKATESWARA COLL OF ENGINEERING,EEE,CTR,TIRUPATHI,COED,5485.0,5485.0,10421.0,10421.0,12614.0,12614.0,7130.0,7130.0,8227.0,8227.0,8227.0,8227.0,8775.0,8775.0,7678.0,7678.0,6581.0,6581.0
SRI VENKATESWARA COLL OF ENGINEERING,INF,CTR,TIRUPATHI,COED,3368.0,3368.0,6399.0,6399.0,7746.0,7746.0,4378.0,4378.0,5052.0,5052.0,5052.0,5052.0,5388.0,5388.0,4715.0,4715.0,4041.0,4041.0
SRI VENKATESWARA COLL OF ENGINEERING,MEC,CTR,TIRUPATHI,COED,7287.0,7287.0,13845.0,13845.0,16760.0,16760.0,9473.0,9473.0,10931.0,10931.0,10931.0,10931.0,11659.0,11659.0,10202.0,10202.0,8744.0,8744.0
SRI VENKATESWARA COLLEGE OF PHARMACY,PHD,CTR,CHITTOOR,COED,11340.0,11340.0,21545.0,21545.0,26081.0,26081.0,14741.0,14741.0,17009.0,17009.0,17009.0,17009.0,18143.0,18143.0,15875.0,15875.0,13607.0,13607.0
SRI VENKATESWARA COLLEGE OF ENGG. AND TECHNOLOGY,CAI,CTR,CHITTOOR,COED,5746.0,5746.0,10917.0,10917.0,13215.0,13215.0,7469.0,7469.0,8618.0,8618.0,8618.0,8618.0,9193.0,9193.0,8044.0,8044.0,6895.0,6895.0
SRI VENKATESWARA COLLEGE OF ENGG. AND TECHNOLOGY,CIV,CTR,CHITTOOR,COED,10836.0,10836.0,20589.0,20589.0,24924.0,24924.0,14087.0,14087.0,16255.0,16255.0,16255.0,16255.0,17338.0,17338.0,15171.0,15171.0,13004.0,13004.0
SRI VENKATESWARA COLLEGE OF ENGG. AND TECHNOLOGY,CSB,CTR,CHITTOOR,COED,9798.0,9798.0,18617.0,18617.0,22537.0,22537.0,12738.0,12738.0,14698.0,14698.0,14698.0,14698.0,15678.0,15678.0,13718.0,13718.0,11758.0,11758.0
SRI VENKATESWARA COLLEGE OF ENGG. AND TECHNOLOGY,CSC,CTR,CHITTOOR,COED,5070.0,5070.0,9634.0,9634.0,11662.0,11662.0,6591.0,6591.0,7605.0,7605.0,7605.0,7605.0,8112.0,8112.0,7098.0,7098.0,6084.0,6084.0
SRI VENKATESWARA COLLEGE OF ENGG. AND TECHNOLOGY,CSD,CTR,CHITTOOR,COED,5861.0,5861.0,11136.0,11136.0,13481.0,13481.0,7620.0,7620.0,8792.0,8792.0,8792.0,8792.0,9378.0,9378.0,8206.0,8206.0,7034.0,7034.0
SRI VENKATESWARA COLLEGE OF ENGG. AND TECHNOLOGY,CSE,CTR,CHITTOOR,COED,5398.0,5398.0,10257.0,10257.0,12416.0,12416.0,7018.0,7018.0,8098.0,8098.0,8098.0,8098.0,8637.0,8637.0,7558.0,7558.0,6478.0,6478.0
SRI VENKATESWARA COLLEGE OF ENGG. AND TECHNOLOGY,CSM,CTR,CHITTOOR,COED,4520.0,4520.0,8588.0,8588.0,10396.0,10396.0,5876.0,5876.0,6780.0,6780.0,6780.0,6780.0,7232.0,7232.0,6328.0,6328.0,5424.0,5424.0
SRI VENKATESWARA COLLEGE OF ENGG. AND TECHNOLOGY,CSO,CTR,CHITTOOR,COED,11282.0,11282.0,21436.0,21436.0,25949.0,25949.0,14667.0,14667.0,16924.0,16924.0,16924.0,16924.0,18052.0,18052.0,15795.0,15795.0,13539.0,13539.0
SRI VENKATESWARA COLLEGE OF ENGG. AND TECHNOLOGY,ECE,CTR,CHITTOOR,COED,7009.0,7009.0,13318.0,13318.0,16121.0,16121.0,9112.0,9112.0,10514.0,10514.0,10514.0,10514.0,11215.0,11215.0,9813.0,9813.0,8411.0,8411.0
SRI VENKATESWARA COLLEGE OF ENGG. AND TECHNOLOGY,EEE,CTR,CHITTOOR,COED,6953.0,6953.0,13210.0,13210.0,15991.0,15991.0,9038.0,9038.0,10429.0,10429.0,10429.0,10429.0,11124.0,11124.0,9734.0,9734.0,8343.0,8343.0
SRI VENKATESWARA COLLEGE OF ENGG. AND TECHNOLOGY,INF,CTR,CHITTOOR,COED,9043.0,9043.0,17182.0,17182.0,20800.0,20800.0,11756.0,11756.0,13565.0,13565.0,13565.0,13565.0,14469.0,14469.0,12661.0,12661.0,10852.0,10852.0
SRI VENKATESWARA COLLEGE OF ENGG. AND TECHNOLOGY,MEC,CTR,CHITTOOR,COED,11683.0,11683.0,22197.0,22197.0,26870.0,26870.0,15188.0,15188.0,17524.0,17524.0,17524.0,17524.0,18692.0,18692.0,16356.0,16356.0,14019.0,14019.0
S.V COLLEGE OF ENGINEERING,AID,CTR,PUTTUR,COED,9638.0,9638.0,18313.0,18313.0,22168.0,22168.0,12530.0,12530.0,14458.0,14458.0,14458.0,14458.0,15421.0,15421.0,13494.0,13494.0,11566.0,11566.0
S.V COLLEGE OF ENGINEERING,CSE,CTR,PUTTUR,COED,11959.0,11959.0,22723.0,22723.0,27507.0,27507.0,15547.0,15547.0,17939.0,17939.0,17939.0,17939.0,19135.0,19135.0,16743.0,16743.0,14351.0,14351.0
S.V COLLEGE OF ENGINEERING,ECE,CTR,PUTTUR,COED,11800.0,11800.0,22419.0,22419.0,27139.0,27139.0,15340.0,15340.0,17699.0,17699.0,17699.0,17699.0,18879.0,18879.0,16519.0,16519.0,14160.0,14160.0
SRI VENKATESA PERUMAL COLLEGE OF ENGG. AND TECH,CAI,CTR,PUTTUR,COED,7925.0,7925.0,15058.0,15058.0,18228.0,18228.0,10303.0,10303.0,11888.0,11888.0,11888.0,11888.0,12680.0,12680.0,11095.0,11095.0,9510.0,9510.0
SRI VENKATESA PERUMAL COLLEGE OF ENGG. AND TECH,CSD,CTR,PUTTUR,COED,6596.0,6596.0,12532.0,12532.0,15171.0,15171.0,8575.0,8575.0,9894.0,9894.0,9894.0,9894.0,10553.0,10553.0,9234.0,9234.0,7915.0,7915.0
SRI VENKATESA PERUMAL COLLEGE OF ENGG. AND TECH,CSE,CTR,PUTTUR,COED,8194.0,8194.0,15568.0,15568.0,18846.0,18846.0,10652.0,10652.0,12291.0,12291.0,12291.0,12291.0,13110.0,13110.0,11471.0,11471.0,9833.0,9833.0
SRI VENKATESA PERUMAL COLLEGE OF ENGG. AND TECH,CSM,CTR,PUTTUR,COED,6990.0,6990.0,13281.0,13281.0,16078.0,16078.0,9087.0,9087.0,10485.0,10485.0,10485.0,10485.0,11184.0,11184.0,9786.0,9786.0,8388.0,8388.0
SRI VENKATESA PERUMAL COLLEGE OF ENGG. AND TECH,ECE,CTR,PUTTUR,COED,7199.0,7199.0,13679.0,13679.0,16558.0,16558.0,9359.0,9359.0,10799.0,10799.0,10799.0,10799.0,11519.0,11519.0,10079.0,10079.0,8639.0,8639.0
SRI VENKATESA PERUMAL COLLEGE OF ENGG. AND TECH,EEE,CTR,PUTTUR,COED,8513.0,8513.0,16175.0,16175.0,19580.0,19580.0,11067.0,11067.0,12770.0,12770.0,12770.0,12770.0,13621.0,13621.0,11918.0,11918.0,10216.0,10216.0
SRI VENKATESA PERUMAL COLLEGE OF ENGG. AND TECH,MEC,CTR,PUTTUR,COED,6306.0,6306.0,11982.0,11982.0,14504.0,14504.0,8198.0,8198.0,9459.0,9459.0,9459.0,9459.0,10090.0,10090.0,8829.0,8829.0,7567.0,7567.0
S V U COLLEGE OF ENGG. TIRUPATHI,CHE,CTR,TIRUPATHI,COED,6298.0,6298.0,11966.0,11966.0,14485.0,14485.0,8187.0,8187.0,9447.0,9447.0,9447.0,9447.0,10077.0,10077.0,8817.0,8817.0,7558.0,7558.0
S V U COLLEGE OF ENGG. TIRUPATHI,CIV,CTR,TIRUPATHI,COED,3259.0,3259.0,6192.0,6192.0,7496.0,7496.0,4237.0,4237.0,4889.0,4889.0,4889.0,4889.0,5214.0,5214.0,4563.0,4563.0,3911.0,3911.0
S V U COLLEGE OF ENGG. TIRUPATHI,CSE,CTR,TIRUPATHI,COED,425.0,425.0,808.0,808.0,978.0,978.0,553.0,553.0,638.0,638.0,638.0,638.0,680.0,680.0,595.0,595.0,510.0,510.0
S V U COLLEGE OF ENGG. TIRUPATHI,ECE,CTR,TIRUPATHI,COED,632.0,632.0,1201.0,1201.0,1454.0,1454.0,822.0,822.0,948.0,948.0,948.0,948.0,1011.0,1011.0,885.0,885.0,759.0,759.0
S V U COLLEGE OF ENGG. TIRUPATHI,EEE,CTR,TIRUPATHI,COED,1197.0,1197.0,2275.0,2275.0,2754.0,2754.0,1557.0,1557.0,1796.0,1796.0,1796.0,1796.0,1916.0,1916.0,1676.0,1676.0,1437.0,1437.0
S V U COLLEGE OF ENGG. TIRUPATHI,MEC,CTR,TIRUPATHI,COED,3249.0,3249.0,6172.0,6172.0,7472.0,7472.0,4223.0,4223.0,4873.0,4873.0,4873.0,4873.0,5198.0,5198.0,4548.0,4548.0,3898.0,3898.0
S V U COLLEGE OF ENGG. -SELF SUPPORTING-TIRUPATHI,CSE,CTR,TIRUPATHI,COED,6055.0,6055.0,11504.0,11504.0,13926.0,13926.0,7871.0,7871.0,9082.0,9082.0,9082.0,9082.0,9688.0,9688.0,8477.0,8477.0,7266.0,7266.0
VEMU INSTITUTE OF TECHNOLOGY,CAI,CTR,CHITTOOR,COED,3486.0,3486.0,6623.0,6623.0,8017.0,8017.0,4531.0,4531.0,5229.0,5229.0,5229.0,5229.0,5577.0,5577.0,4880.0,4880.0,4183.0,4183.0
VEMU INSTITUTE OF TECHNOLOGY,CIT,CTR,CHITTOOR,COED,6207.0,6207.0,11794.0,11794.0,14276.0,14276.0,8069.0,8069.0,9311.0,9311.0,9311.0,9311.0,9931.0,9931.0,8690.0,8690.0,7449.0,7449.0
VEMU INSTITUTE OF TECHNOLOGY,CIV,CTR,CHITTOOR,COED,9050.0,9050.0,17196.0,17196.0,20816.0,20816.0,11765.0,11765.0,13576.0,13576.0,13576.0,13576.0,14481.0,14481.0,12671.0,12671.0,10860.0,10860.0
VEMU INSTITUTE OF TECHNOLOGY,CSE,CTR,CHITTOOR,COED,4283.0,4283.0,8138.0,8138.0,9852.0,9852.0,5568.0,5568.0,6425.0,6425.0,6425.0,6425.0,6853.0,6853.0,5997.0,5997.0,5140.0,5140.0
VEMU INSTITUTE OF TECHNOLOGY,CSM,CTR,CHITTOOR,COED,4578.0,4578.0,8697.0,8697.0,10528.0,10528.0,5951.0,5951.0,6866.0,6866.0,6866.0,6866.0,7324.0,7324.0,6409.0,6409.0,5493.0,5493.0
VEMU INSTITUTE OF TECHNOLOGY,ECE,CTR,CHITTOOR,COED,5730.0,5730.0,10886.0,10886.0,13178.0,13178.0,7448.0,7448.0,8594.0,8594.0,8594.0,8594.0,9167.0,9167.0,8021.0,8021.0,6875.0,6875.0
VEMU INSTITUTE OF TECHNOLOGY,EEE,CTR,CHITTOOR,COED,8537.0,8537.0,16220.0,16220.0,19635.0,19635.0,11098.0,11098.0,12805.0,12805.0,12805.0,12805.0,13659.0,13659.0,11952.0,11952.0,10244.0,10244.0
VEMU INSTITUTE OF TECHNOLOGY,MEC,CTR,CHITTOOR,COED,11909.0,11909.0,22628.0,22628.0,27392.0,27392.0,15482.0,15482.0,17864.0,17864.0,17864.0,17864.0,19055.0,19055.0,16673.0,16673.0,14291.0,14291.0
VISWAM ENGINEERING COLLEGE,AID,CTR,MADANAPALLE,COED,5493.0,5493.0,10437.0,10437.0,12634.0,12634.0,7141.0,7141.0,8240.0,8240.0,8240.0,8240.0,8789.0,8789.0,7690.0,7690.0,6592.0,6592.0
VISWAM ENGINEERING COLLEGE,CIV,CTR,MADANAPALLE,COED,9867.0,9867.0,18747.0,18747.0,22694.0,22694.0,12827.0,12827.0,14800.0,14800.0,14800.0,14800.0,15787.0,15787.0,13814.0,13814.0,11840.0,11840.0
VISWAM ENGINEERING COLLEGE,CS,CTR,MADANAPALLE,COED,6889.0,6889.0,13089.0,13089.0,15845.0,15845.0,8956.0,8956.0,10334.0,10334.0,10334.0,10334.0,11023.0,11023.0,9645.0,9645.0,8267.0,8267.0
VISWAM ENGINEERING COLLEGE,CSE,CTR,MADANAPALLE,COED,5279.0,5279.0,10030.0,10030.0,12141.0,12141.0,6862.0,6862.0,7918.0,7918.0,7918.0,7918.0,8446.0,8446.0,7390.0,7390.0,6334.0,6334.0
VISWAM ENGINEERING COLLEGE,CST,CTR,MADANAPALLE,COED,7949.0,7949.0,15104.0,15104.0,18284.0,18284.0,10334.0,10334.0,11924.0,11924.0,11924.0,11924.0,12719.0,12719.0,11129.0,11129.0,9539.0,9539.0
VISWAM ENGINEERING COLLEGE,ECE,CTR,MADANAPALLE,COED,7229.0,7229.0,13736.0,13736.0,16628.0,16628.0,9398.0,9398.0,10844.0,10844.0,10844.0,10844.0,11567.0,11567.0,10121.0,10121.0,8675.0,8675.0
VISWAM ENGINEERING COLLEGE,EEE,CTR,MADANAPALLE,COED,9518.0,9518.0,18085.0,18085.0,21892.0,21892.0,12374.0,12374.0,14277.0,14277.0,14277.0,14277.0,15229.0,15229.0,13326.0,13326.0,11422.0,11422.0
VISWAM ENGINEERING COLLEGE,MEC,CTR,MADANAPALLE,COED,10523.0,10523.0,19993.0,19993.0,24202.0,24202.0,13679.0,13679.0,15784.0,15784.0,15784.0,15784.0,16836.0,16836.0,14732.0,14732.0,12627.0,12627.0
VIJAYAM INSTITUTE OF TECHNOLOGY,AID,CTR,CHITTOOR,COED,11880.0,11880.0,22572.0,22572.0,27324.0,27324.0,15444.0,15444.0,17820.0,17820.0,17820.0,17820.0,19008.0,19008.0,16632.0,16632.0,14256.0,14256.0
VIJAYAM INSTITUTE OF TECHNOLOGY,CSE,CTR,CHITTOOR,COED,10547.0,10547.0,20039.0,20039.0,24257.0,24257.0,13711.0,13711.0,15820.0,15820.0,15820.0,15820.0,16875.0,16875.0,14765.0,14765.0,12656.0,12656.0
VIJAYAM INSTITUTE OF TECHNOLOGY,ECE,CTR,CHITTOOR,COED,9141.0,9141.0,17367.0,17367.0,21024.0,21024.0,11883.0,11883.0,13711.0,13711.0,13711.0,13711.0,14625.0,14625.0,12797.0,12797.0,10969.0,10969.0
ANNAMACHARYA INST OF TECH AND SCI,AID,KDP,KADAPA,COED,5426.0,5426.0,10309.0,10309.0,12480.0,12480.0,7054.0,7054.0,8139.0,8139.0,8139.0,8139.0,8682.0,8682.0,7596.0,7596.0,6511.0,6511.0
ANNAMACHARYA INST OF TECH AND SCI,CIV,KDP,KADAPA,COED,9889.0,9889.0,18789.0,18789.0,22744.0,22744.0,12855.0,12855.0,14833.0,14833.0,14833.0,14833.0,15822.0,15822.0,13844.0,13844.0,11866.0,11866.0
ANNAMACHARYA INST OF TECH AND SCI,CSE,KDP,KADAPA,COED,4787.0,4787.0,9095.0,9095.0,11010.0,11010.0,6223.0,6223.0,7180.0,7180.0,7180.0,7180.0,7659.0,7659.0,6702.0,6702.0,5744.0,5744.0
ANNAMACHARYA INST OF TECH AND SCI,CSM,KDP,KADAPA,COED,5213.0,5213.0,9905.0,9905.0,11990.0,11990.0,6777.0,6777.0,7820.0,7820.0,7820.0,7820.0,8341.0,8341.0,7298.0,7298.0,6256.0,6256.0
ANNAMACHARYA INST OF TECH AND SCI,ECE,KDP,KADAPA,COED,5991.0,5991.0,11383.0,11383.0,13779.0,13779.0,7788.0,7788.0,8986.0,8986.0,8986.0,8986.0,9585.0,9585.0,8387.0,8387.0,7189.0,7189.0
ANNAMACHARYA INST OF TECH AND SCI,EEE,KDP,KADAPA,COED,6889.0,6889.0,13089.0,13089.0,15845.0,15845.0,8956.0,8956.0,10334.0,10334.0,10334.0,10334.0,11022.0,11022.0,9645.0,9645.0,8267.0,8267.0
ANNAMACHARYA INST OF TECH AND SCI,MEC,KDP,KADAPA,COED,9188.0,9188.0,17456.0,17456.0,21131.0,21131.0,11944.0,11944.0,13781.0,13781.0,13781.0,13781.0,14700.0,14700.0,12863.0,12863.0,11025.0,11025.0
ACHARYA COLLEGE OF ENGINEERING,CSE,KDP,BADVEL,COED,9291.0,9291.0,17652.0,17652.0,21369.0,21369.0,12078.0,12078.0,13936.0,13936.0,13936.0,13936.0,14865.0,14865.0,13007.0,13007.0,11149.0,11149.0
ACHARYA COLLEGE OF ENGINEERING,ECE,KDP,BADVEL,COED,9128.0,9128.0,17344.0,17344.0,20995.0,20995.0,11867.0,11867.0,13692.0,13692.0,13692.0,13692.0,14605.0,14605.0,12779.0,12779.0,10954.0,10954.0
BHASKAR  INSTITUTE  OF TECHNOLOGY & SCIENCE,AI,KDP,RAYACHOTY,COED,5616.0,5616.0,10670.0,10670.0,12917.0,12917.0,7301.0,7301.0,8424.0,8424.0,8424.0,8424.0,8986.0,8986.0,7862.0,7862.0,6739.0,6739.0
BHASKAR  INSTITUTE  OF TECHNOLOGY & SCIENCE,CSE,KDP,RAYACHOTY,COED,10535.0,10535.0,20016.0,20016.0,24230.0,24230.0,13695.0,13695.0,15802.0,15802.0,15802.0,15802.0,16855.0,16855.0,14748.0,14748.0,12641.0,12641.0
CHAITANYA BHARATHI INSTITUTE OF TECHNOLOGY,CAI,KDP,PALLAVOLU,COED,8463.0,8463.0,16080.0,16080.0,19465.0,19465.0,11002.0,11002.0,12695.0,12695.0,12695.0,12695.0,13541.0,13541.0,11849.0,11849.0,10156.0,10156.0
CHAITANYA BHARATHI INSTITUTE OF TECHNOLOGY,CIV,KDP,PALLAVOLU,COED,9948.0,9948.0,18902.0,18902.0,22881.0,22881.0,12933.0,12933.0,14923.0,14923.0,14923.0,14923.0,15917.0,15917.0,13928.0,13928.0,11938.0,11938.0
CHAITANYA BHARATHI INSTITUTE OF TECHNOLOGY,CSE,KDP,PALLAVOLU,COED,8032.0,8032.0,15260.0,15260.0,18473.0,18473.0,10441.0,10441.0,12047.0,12047.0,12047.0,12047.0,12851.0,12851.0,11244.0,11244.0,9638.0,9638.0
CHAITANYA BHARATHI INSTITUTE OF TECHNOLOGY,CSM,KDP,PALLAVOLU,COED,5237.0,5237.0,9950.0,9950.0,12045.0,12045.0,6808.0,6808.0,7855.0,7855.0,7855.0,7855.0,8379.0,8379.0,7331.0,7331.0,6284.0,6284.0
CHAITANYA BHARATHI INSTITUTE OF TECHNOLOGY,ECE,KDP,PALLAVOLU,COED,6286.0,6286.0,11944.0,11944.0,14459.0,14459.0,8172.0,8172.0,9430.0,9430.0,9430.0,9430.0,10058.0,10058.0,8801.0,8801.0,7544.0,7544.0
CHAITANYA BHARATHI INSTITUTE OF TECHNOLOGY,EEE,KDP,PALLAVOLU,COED,8927.0,8927.0,16961.0,16961.0,20532.0,20532.0,11605.0,11605.0,13390.0,13390.0,13390.0,13390.0,14283.0,14283.0,12497.0,12497.0,10712.0,10712.0
CHAITANYA BHARATHI INSTITUTE OF TECHNOLOGY,MEC,KDP,PALLAVOLU,COED,10183.0,10183.0,19349.0,19349.0,23422.0,23422.0,13238.0,13238.0,15275.0,15275.0,15275.0,15275.0,16293.0,16293.0,14257.0,14257.0,12220.0,12220.0
GOUTHAMI INST OF TECHNOLOGY MGMT FOR WOMEN,CSE,KDP,PRODDATUR,GIRLS,8514.0,8514.0,16177.0,16177.0,19583.0,19583.0,11069.0,11069.0,12772.0,12772.0,12772.0,12772.0,13623.0,13623.0,11920.0,11920.0,10217.0,10217.0
GOUTHAMI INST OF TECHNOLOGY MGMT FOR WOMEN,CSM,KDP,PRODDATUR,GIRLS,10019.0,10019.0,19037.0,19037.0,23045.0,23045.0,13025.0,13025.0,15029.0,15029.0,15029.0,15029.0,16031.0,16031.0,14027.0,14027.0,12023.0,12023.0
GOUTHAMI INST OF TECHNOLOGY MGMT FOR WOMEN,ECE,KDP,PRODDATUR,GIRLS,7207.0,7207.0,13694.0,13694.0,16577.0,16577.0,9370.0,9370.0,10811.0,10811.0,10811.0,10811.0,11532.0,11532.0,10090.0,10090.0,8649.0,8649.0
GOUTHAMI INST OF TECHNOLOGY MGMT FOR WOMEN,EEE,KDP,PRODDATUR,GIRLS,11081.0,11081.0,21053.0,21053.0,25486.0,25486.0,14405.0,14405.0,16621.0,16621.0,16621.0,16621.0,17729.0,17729.0,15513.0,15513.0,13297.0,13297.0
JNTUA COLLEGE OF ENGG PULIVENDULA,CIV,KDP,PULIVENDULA,COED,5611.0,5611.0,10660.0,10660.0,12904.0,12904.0,7294.0,7294.0,8416.0,8416.0,8416.0,8416.0,8977.0,8977.0,7855.0,7855.0,6733.0,6733.0
JNTUA COLLEGE OF ENGG PULIVENDULA,CSE,KDP,PULIVENDULA,COED,948.0,948.0,1801.0,1801.0,2180.0,2180.0,1232.0,1232.0,1422.0,1422.0,1422.0,1422.0,1516.0,1516.0,1327.0,1327.0,1137.0,1137.0
JNTUA COLLEGE OF ENGG PULIVENDULA,ECE,KDP,PULIVENDULA,COED,1196.0,1196.0,2272.0,2272.0,2751.0,2751.0,1555.0,1555.0,1794.0,1794.0,1794.0,1794.0,1914.0,1914.0,1674.0,1674.0,1435.0,1435.0
JNTUA COLLEGE OF ENGG PULIVENDULA,EEE,KDP,PULIVENDULA,COED,4310.0,4310.0,8189.0,8189.0,9913.0,9913.0,5603.0,5603.0,6465.0,6465.0,6465.0,6465.0,6896.0,6896.0,6034.0,6034.0,5172.0,5172.0
JNTUA COLLEGE OF ENGG PULIVENDULA,MEC,KDP,PULIVENDULA,COED,8448.0,8448.0,16051.0,16051.0,19430.0,19430.0,10982.0,10982.0,12672.0,12672.0,12672.0,12672.0,13516.0,13516.0,11827.0,11827.0,10137.0,10137.0
KANDULA LAKSHUMMA MEMORIAL COLLEGE OF ENGG FOR WOMEN,AID,KDP,KADAPA,GIRLS,10445.0,10445.0,19846.0,19846.0,24024.0,24024.0,13579.0,13579.0,15668.0,15668.0,15668.0,15668.0,16712.0,16712.0,14623.0,14623.0,12534.0,12534.0
KANDULA LAKSHUMMA MEMORIAL COLLEGE OF ENGG FOR WOMEN,AIM,KDP,KADAPA,GIRLS,8611.0,8611.0,16361.0,16361.0,19805.0,19805.0,11194.0,11194.0,12916.0,12916.0,12916.0,12916.0,13778.0,13778.0,12055.0,12055.0,10333.0,10333.0
KANDULA LAKSHUMMA MEMORIAL COLLEGE OF ENGG FOR WOMEN,CSE,KDP,KADAPA,GIRLS,8540.0,8540.0,16226.0,16226.0,19641.0,19641.0,11102.0,11102.0,12810.0,12810.0,12810.0,12810.0,13664.0,13664.0,11956.0,11956.0,10248.0,10248.0
KANDULA LAKSHUMMA MEMORIAL COLLEGE OF ENGG FOR WOMEN,ECE,KDP,KADAPA,GIRLS,11825.0,11825.0,22468.0,22468.0,27198.0,27198.0,15373.0,15373.0,17738.0,17738.0,17738.0,17738.0,18920.0,18920.0,16555.0,16555.0,14190.0,14190.0
KANDULA OBUL REDDY MEMORIAL COLL. OF ENGG.,AID,KDP,KADAPA,COED,3854.0,3854.0,7323.0,7323.0,8865.0,8865.0,5011.0,5011.0,5782.0,5782.0,5782.0,5782.0,6167.0,6167.0,5396.0,5396.0,4625.0,4625.0
KANDULA OBUL REDDY MEMORIAL COLL. OF ENGG.,AIM,KDP,KADAPA,COED,11681.0,11681.0,22194.0,22194.0,26866.0,26866.0,15185.0,15185.0,17521.0,17521.0,17521.0,17521.0,18689.0,18689.0,16353.0,16353.0,14017.0,14017.0
KANDULA OBUL REDDY MEMORIAL COLL. OF ENGG.,CSE,KDP,KADAPA,COED,7289.0,7289.0,13850.0,13850.0,16766.0,16766.0,9476.0,9476.0,10934.0,10934.0,10934.0,10934.0,11663.0,11663.0,10205.0,10205.0,8747.0,8747.0
KANDULA OBUL REDDY MEMORIAL COLL. OF ENGG.,ECE,KDP,KADAPA,COED,9192.0,9192.0,17465.0,17465.0,21142.0,21142.0,11950.0,11950.0,13788.0,13788.0,13788.0,13788.0,14708.0,14708.0,12869.0,12869.0,11031.0,11031.0
K S R M COLLEGE OF ENGINEERING,AIM,KDP,KADAPA,COED,3730.0,3730.0,7086.0,7086.0,8578.0,8578.0,4848.0,4848.0,5594.0,5594.0,5594.0,5594.0,5967.0,5967.0,5221.0,5221.0,4475.0,4475.0
K S R M COLLEGE OF ENGINEERING,CIV,KDP,KADAPA,COED,9807.0,9807.0,18634.0,18634.0,22557.0,22557.0,12750.0,12750.0,14711.0,14711.0,14711.0,14711.0,15692.0,15692.0,13730.0,13730.0,11769.0,11769.0
K S R M COLLEGE OF ENGINEERING,CSD,KDP,KADAPA,COED,4080.0,4080.0,7752.0,7752.0,9384.0,9384.0,5304.0,5304.0,6120.0,6120.0,6120.0,6120.0,6528.0,6528.0,5712.0,5712.0,4896.0,4896.0
K S R M COLLEGE OF ENGINEERING,CSE,KDP,KADAPA,COED,4511.0,4511.0,8570.0,8570.0,10375.0,10375.0,5864.0,5864.0,6766.0,6766.0,6766.0,6766.0,7217.0,7217.0,6315.0,6315.0,5413.0,5413.0
K S R M COLLEGE OF ENGINEERING,CSM,KDP,KADAPA,COED,4115.0,4115.0,7818.0,7818.0,9463.0,9463.0,5349.0,5349.0,6172.0,6172.0,6172.0,6172.0,6583.0,6583.0,5760.0,5760.0,4937.0,4937.0
K S R M COLLEGE OF ENGINEERING,ECE,KDP,KADAPA,COED,4751.0,4751.0,9027.0,9027.0,10928.0,10928.0,6177.0,6177.0,7127.0,7127.0,7127.0,7127.0,7602.0,7602.0,6652.0,6652.0,5701.0,5701.0
K S R M COLLEGE OF ENGINEERING,EEE,KDP,KADAPA,COED,6601.0,6601.0,12543.0,12543.0,15183.0,15183.0,8582.0,8582.0,9902.0,9902.0,9902.0,9902.0,10562.0,10562.0,9242.0,9242.0,7922.0,7922.0
K S R M COLLEGE OF ENGINEERING,MEC,KDP,KADAPA,COED,9653.0,9653.0,18341.0,18341.0,22203.0,22203.0,12549.0,12549.0,14480.0,14480.0,14480.0,14480.0,15445.0,15445.0,13515.0,13515.0,11584.0,11584.0
NIRMALA COLLEGE OF PHARMACY,PHM,KDP,KADAPA,COED,11180.0,11180.0,21242.0,21242.0,25714.0,25714.0,14534.0,14534.0,16770.0,16770.0,16770.0,16770.0,17888.0,17888.0,15652.0,15652.0,13416.0,13416.0
SRI ANNAMACHARYA INSTITUTE OF TECHNOLOGY AND SCIENCE,CSD,KDP,RAJAMPETA,COED,7426.0,7426.0,14110.0,14110.0,17081.0,17081.0,9654.0,9654.0,11140.0,11140.0,11140.0,11140.0,11882.0,11882.0,10397.0,10397.0,8912.0,8912.0
SRI ANNAMACHARYA INSTITUTE OF TECHNOLOGY AND SCIENCE,CSE,KDP,RAJAMPETA,COED,8846.0,8846.0,16807.0,16807.0,20346.0,20346.0,11500.0,11500.0,13269.0,13269.0,13269.0,13269.0,14153.0,14153.0,12384.0,12384.0,10615.0,10615.0
SRI ANNAMACHARYA INSTITUTE OF TECHNOLOGY AND SCIENCE,CSM,KDP,RAJAMPETA,COED,,,,,,,,,,,,,,,,,,
SRI ANNAMACHARYA INSTITUTE OF TECHNOLOGY AND SCIENCE,ECE,KDP,RAJAMPETA,COED,4086.0,4086.0,7763.0,7763.0,9398.0,9398.0,5312.0,5312.0,6129.0,6129.0,6129.0,6129.0,6537.0,6537.0,5720.0,5720.0,4903.0,4903.0
SAI RAJESWARI INSTITUTE OF TECHNOLOGY,CIV,KDP,PRODDATUR,COED,,,,,,,,,,,,,,,,,,
SAI RAJESWARI INSTITUTE OF TECHNOLOGY,CSE,KDP,PRODDATUR,COED,8105.0,8105.0,15400.0,15400.0,18642.0,18642.0,10537.0,10537.0,12158.0,12158.0,12158.0,12158.0,12969.0,12969.0,11347.0,11347.0,9726.0,9726.0
SAI RAJESWARI INSTITUTE OF TECHNOLOGY,CSM,KDP,PRODDATUR,COED,7718.0,7718.0,14664.0,14664.0,17751.0,17751.0,10033.0,10033.0,11577.0,11577.0,11577.0,11577.0,12348.0,12348.0,10805.0,10805.0,9261.0,9261.0
SAI RAJESWARI INSTITUTE OF TECHNOLOGY,ECE,KDP,PRODDATUR,COED,9396.0,9396.0,17853.0,17853.0,21612.0,21612.0,12215.0,12215.0,14095.0,14095.0,14095.0,14095.0,15034.0,15034.0,13155.0,13155.0,11276.0,11276.0
SAI RAJESWARI INSTITUTE OF TECHNOLOGY,EEE,KDP,PRODDATUR,COED,9520.0,9520.0,18087.0,18087.0,21895.0,21895.0,12376.0,12376.0,14279.0,14279.0,14279.0,14279.0,15231.0,15231.0,13327.0,13327.0,11424.0,11424.0
SRI SAI INSTITUTE OF TECHNOLOGY. AND SCI.,CSE,KDP,RAYCHOTI,COED,8205.0,8205.0,15590.0,15590.0,18872.0,18872.0,10667.0,10667.0,12308.0,12308.0,12308.0,12308.0,13128.0,13128.0,11487.0,11487.0,9846.0,9846.0
SRI SAI INSTITUTE OF TECHNOLOGY. AND SCI.,ECE,KDP,RAYCHOTI,COED,9431.0,9431.0,17919.0,17919.0,21691.0,21691.0,12260.0,12260.0,14146.0,14146.0,14146.0,14146.0,15089.0,15089.0,13203.0,13203.0,11317.0,11317.0
SRI SAI INSTITUTE OF TECHNOLOGY. AND SCI.,MEC,KDP,RAYCHOTI,COED,9673.0,9673.0,18379.0,18379.0,22249.0,22249.0,12575.0,12575.0,14510.0,14510.0,14510.0,14510.0,15477.0,15477.0,13543.0,13543.0,11608.0,11608.0
SRINIVASA INST OF TECHNOLOGY  AND SCIENCE,AIM,KDP,KADAPA,COED,8357.0,8357.0,15879.0,15879.0,19222.0,19222.0,10864.0,10864.0,12536.0,12536.0,12536.0,12536.0,13372.0,13372.0,11700.0,11700.0,10029.0,10029.0
SRINIVASA INST OF TECHNOLOGY  AND SCIENCE,CSE,KDP,KADAPA,COED,11850.0,11850.0,22516.0,22516.0,27256.0,27256.0,15406.0,15406.0,17776.0,17776.0,17776.0,17776.0,18961.0,18961.0,16591.0,16591.0,14221.0,14221.0
SRINIVASA INST OF TECHNOLOGY  AND SCIENCE,ECE,KDP,KADAPA,COED,9347.0,9347.0,17759.0,17759.0,21498.0,21498.0,12151.0,12151.0,14020.0,14020.0,14020.0,14020.0,14955.0,14955.0,13086.0,13086.0,11216.0,11216.0
SRI VENKATESWARA COLLEGE OF ENGINEERING,CSE,KDP,KADAPA,COED,9395.0,9395.0,17850.0,17850.0,21608.0,21608.0,12213.0,12213.0,14092.0,14092.0,14092.0,14092.0,15032.0,15032.0,13153.0,13153.0,11274.0,11274.0
SRI VENKATESWARA COLLEGE OF ENGINEERING,CSM,KDP,KADAPA,COED,6556.0,6556.0,12456.0,12456.0,15079.0,15079.0,8523.0,8523.0,9834.0,9834.0,9834.0,9834.0,10490.0,10490.0,9178.0,9178.0,7867.0,7867.0
SRI VENKATESWARA COLLEGE OF ENGINEERING,ECE,KDP,KADAPA,COED,9681.0,9681.0,18393.0,18393.0,22265.0,22265.0,12585.0,12585.0,14521.0,14521.0,14521.0,14521.0,15489.0,15489.0,13553.0,13553.0,11617.0,11617.0
SRI VENKATESWARA INST. OF SCIENCE AND TECHNOLOGY,CSE,KDP,KADAPA,COED,6115.0,6115.0,11618.0,11618.0,14063.0,14063.0,7949.0,7949.0,9172.0,9172.0,9172.0,9172.0,9783.0,9783.0,8560.0,8560.0,7337.0,7337.0
SRI VENKATESWARA INST. OF SCIENCE AND TECHNOLOGY,ECE,KDP,KADAPA,COED,11076.0,11076.0,21045.0,21045.0,25476.0,25476.0,14399.0,14399.0,16615.0,16615.0,16615.0,16615.0,17722.0,17722.0,15507.0,15507.0,13292.0,13292.0
VAAGDEVI INSTITUTE OF TECHNOLOGY. AND SCI.,CSE,KDP,PRODDATUR,COED,10012.0,10012.0,19023.0,19023.0,23028.0,23028.0,13016.0,13016.0,15018.0,15018.0,15018.0,15018.0,16020.0,16020.0,14017.0,14017.0,12015.0,12015.0
VAAGDEVI INSTITUTE OF TECHNOLOGY. AND SCI.,ECE,KDP,PRODDATUR,COED,9040.0,9040.0,17176.0,17176.0,20792.0,20792.0,11752.0,11752.0,13560.0,13560.0,13560.0,13560.0,14464.0,14464.0,12656.0,12656.0,10848.0,10848.0
YGVU YSR ENGINEERING COLLEGE,CIV,KDP,PRODDATUR,COED,,,,,,,,,,,,,,,,,,
YGVU YSR ENGINEERING COLLEGE,CSE,KDP,PRODDATUR,COED,5346.0,5346.0,10156.0,10156.0,12295.0,12295.0,6949.0,6949.0,8018.0,8018.0,8018.0,8018.0,8553.0,8553.0,7484.0,7484.0,6415.0,6415.0
YGVU YSR ENGINEERING COLLEGE,ECE,KDP,PRODDATUR,COED,6512.0,6512.0,12373.0,12373.0,14977.0,14977.0,8465.0,8465.0,9768.0,9768.0,9768.0,9768.0,10419.0,10419.0,9117.0,9117.0,7814.0,7814.0
YGVU YSR ENGINEERING COLLEGE,EEE,KDP,PRODDATUR,COED,3895.0,3895.0,7401.0,7401.0,8959.0,8959.0,5064.0,5064.0,5843.0,5843.0,5843.0,5843.0,6232.0,6232.0,5453.0,5453.0,4674.0,4674.0
YGVU YSR ENGINEERING COLLEGE,MEC,KDP,PRODDATUR,COED,10489.0,10489.0,19930.0,19930.0,24125.0,24125.0,13636.0,13636.0,15734.0,15734.0,15734.0,15734.0,16783.0,16783.0,14685.0,14685.0,12587.0,12587.0
YGVU YSR ENGINEERING COLLEGE,MMT,KDP,PRODDATUR,COED,11681.0,11681.0,22194.0,22194.0,26866.0,26866.0,15185.0,15185.0,17521.0,17521.0,17521.0,17521.0,18690.0,18690.0,16353.0,16353.0,14017.0,14017.0
ASHOKA WOMEN'S ENGINEERING COLLEGE,CAI,KNL,KURNOOL,GIRLS,5066.0,5066.0,9625.0,9625.0,11651.0,11651.0,6586.0,6586.0,7599.0,7599.0,7599.0,7599.0,8105.0,8105.0,7092.0,7092.0,6079.0,6079.0
ASHOKA WOMEN'S ENGINEERING COLLEGE,CIV,KNL,KURNOOL,GIRLS,7752.0,7752.0,14730.0,14730.0,17831.0,17831.0,10078.0,10078.0,11629.0,11629.0,11629.0,11629.0,12404.0,12404.0,10853.0,10853.0,9303.0,9303.0
ASHOKA WOMEN'S ENGINEERING COLLEGE,CSE,KNL,KURNOOL,GIRLS,4288.0,4288.0,8147.0,8147.0,9862.0,9862.0,5574.0,5574.0,6431.0,6431.0,6431.0,6431.0,6860.0,6860.0,6003.0,6003.0,5145.0,5145.0
ASHOKA WOMEN'S ENGINEERING COLLEGE,ECE,KNL,KURNOOL,GIRLS,6293.0,6293.0,11958.0,11958.0,14475.0,14475.0,8181.0,8181.0,9440.0,9440.0,9440.0,9440.0,10069.0,10069.0,8811.0,8811.0,7552.0,7552.0
ASHOKA WOMEN'S ENGINEERING COLLEGE,EEE,KNL,KURNOOL,GIRLS,8684.0,8684.0,16499.0,16499.0,19973.0,19973.0,11289.0,11289.0,13026.0,13026.0,13026.0,13026.0,13894.0,13894.0,12157.0,12157.0,10421.0,10421.0
ASHOKA WOMEN'S ENGINEERING COLLEGE-OFF CAMPUS,CIV,KNL,CHINNATEKURU VILLAGE,GIRLS,9904.0,9904.0,18817.0,18817.0,22778.0,22778.0,12875.0,12875.0,14856.0,14856.0,14856.0,14856.0,15846.0,15846.0,13865.0,13865.0,11884.0,11884.0
ASHOKA WOMEN'S ENGINEERING COLLEGE-OFF CAMPUS,CSE,KNL,CHINNATEKURU VILLAGE,GIRLS,4634.0,4634.0,8805.0,8805.0,10659.0,10659.0,6025.0,6025.0,6951.0,6951.0,6951.0,6951.0,7415.0,7415.0,6488.0,6488.0,5561.0,5561.0
ASHOKA WOMEN'S ENGINEERING COLLEGE-OFF CAMPUS,ECE,KNL,CHINNATEKURU VILLAGE,GIRLS,5646.0,5646.0,10727.0,10727.0,12985.0,12985.0,7339.0,7339.0,8468.0,8468.0,8468.0,8468.0,9033.0,9033.0,7904.0,7904.0,6775.0,6775.0
ASHOKA WOMEN'S ENGINEERING COLLEGE-OFF CAMPUS,EEE,KNL,CHINNATEKURU VILLAGE,GIRLS,,,,,,,,,,,,,,,,,,
SVR ENGINEERING COLLEGE,CAI,KNL,NANDYAL,COED,7370.0,7370.0,14004.0,14004.0,16952.0,16952.0,9582.0,9582.0,11056.0,11056.0,11056.0,11056.0,11793.0,11793.0,10319.0,10319.0,8845.0,8845.0
SVR ENGINEERING COLLEGE,CIV,KNL,NANDYAL,COED,11486.0,11486.0,21823.0,21823.0,26417.0,26417.0,14931.0,14931.0,17228.0,17228.0,17228.0,17228.0,18377.0,18377.0,16080.0,16080.0,13783.0,13783.0
SVR ENGINEERING COLLEGE,CSE,KNL,NANDYAL,COED,7031.0,7031.0,13359.0,13359.0,16172.0,16172.0,9141.0,9141.0,10547.0,10547.0,10547.0,10547.0,11250.0,11250.0,9844.0,9844.0,8437.0,8437.0
SVR ENGINEERING COLLEGE,ECE,KNL,NANDYAL,COED,6574.0,6574.0,12491.0,12491.0,15121.0,15121.0,8547.0,8547.0,9862.0,9862.0,9862.0,9862.0,10519.0,10519.0,9204.0,9204.0,7889.0,7889.0
SVR ENGINEERING COLLEGE,EEE,KNL,NANDYAL,COED,4749.0,4749.0,9024.0,9024.0,10924.0,10924.0,6174.0,6174.0,7124.0,7124.0,7124.0,7124.0,7599.0,7599.0,6649.0,6649.0,5699.0,5699.0
SVR ENGINEERING COLLEGE,MEC,KNL,NANDYAL,COED,9765.0,9765.0,18554.0,18554.0,22460.0,22460.0,12695.0,12695.0,14648.0,14648.0,14648.0,14648.0,15624.0,15624.0,13671.0,13671.0,11718.0,11718.0
BHEEMA INST OF TECHNOLOGY AND SCI,CSE,KNL,ADONI,COED,8160.0,8160.0,15503.0,15503.0,18767.0,18767.0,10608.0,10608.0,12240.0,12240.0,12240.0,12240.0,13055.0,13055.0,11424.0,11424.0,9792.0,9792.0
BHEEMA INST OF TECHNOLOGY AND SCI,CSM,KNL,ADONI,COED,8878.0,8878.0,16869.0,16869.0,20420.0,20420.0,11542.0,11542.0,13318.0,13318.0,13318.0,13318.0,14205.0,14205.0,12430.0,12430.0,10654.0,10654.0
BHEEMA INST OF TECHNOLOGY AND SCI,ECE,KNL,ADONI,COED,7046.0,7046.0,13387.0,13387.0,16205.0,16205.0,9159.0,9159.0,10568.0,10568.0,10568.0,10568.0,11273.0,11273.0,9864.0,9864.0,8455.0,8455.0
BRINDAVAN INST OF TECHNOLOGY AND SCI,CSE,KNL,KURNOOL,COED,11600.0,11600.0,22041.0,22041.0,26681.0,26681.0,15081.0,15081.0,17401.0,17401.0,17401.0,17401.0,18561.0,18561.0,16241.0,16241.0,13920.0,13920.0
G PULLA REDDY ENGINEERING. COLLEGE,CIV,KNL,KURNOOL,COED,5874.0,5874.0,11161.0,11161.0,13510.0,13510.0,7636.0,7636.0,8811.0,8811.0,8811.0,8811.0,9399.0,9399.0,8224.0,8224.0,7049.0,7049.0
G PULLA REDDY ENGINEERING. COLLEGE,CSD,KNL,KURNOOL,COED,1249.0,1249.0,2374.0,2374.0,2873.0,2873.0,1624.0,1624.0,1874.0,1874.0,1874.0,1874.0,1999.0,1999.0,1749.0,1749.0,1499.0,1499.0
G PULLA REDDY ENGINEERING. COLLEGE,CSE,KNL,KURNOOL,COED,903.0,903.0,1716.0,1716.0,2077.0,2077.0,1174.0,1174.0,1354.0,1354.0,1354.0,1354.0,1445.0,1445.0,1264.0,1264.0,1084.0,1084.0
G PULLA REDDY ENGINEERING. COLLEGE,CSM,KNL,KURNOOL,COED,945.0,945.0,1796.0,1796.0,2174.0,2174.0,1229.0,1229.0,1418.0,1418.0,1418.0,1418.0,1512.0,1512.0,1323.0,1323.0,1134.0,1134.0
G PULLA REDDY ENGINEERING. COLLEGE,ECE,KNL,KURNOOL,COED,1097.0,1097.0,2085.0,2085.0,2524.0,2524.0,1427.0,1427.0,1646.0,1646.0,1646.0,1646.0,1756.0,1756.0,1536.0,1536.0,1317.0,1317.0
G PULLA REDDY ENGINEERING. COLLEGE,EEE,KNL,KURNOOL,COED,3296.0,3296.0,6263.0,6263.0,7581.0,7581.0,4285.0,4285.0,4944.0,4944.0,4944.0,4944.0,5274.0,5274.0,4615.0,4615.0,3955.0,3955.0
G PULLA REDDY ENGINEERING. COLLEGE,MEC,KNL,KURNOOL,COED,5724.0,5724.0,10876.0,10876.0,13166.0,13166.0,7441.0,7441.0,8586.0,8586.0,8586.0,8586.0,9159.0,9159.0,8014.0,8014.0,6869.0,6869.0
ST.JOHNS COLLEGE OF PHARM SCI,PHD,KNL,YEMMIGANOOR,COED,9744.0,9744.0,18513.0,18513.0,22411.0,22411.0,12667.0,12667.0,14616.0,14616.0,14616.0,14616.0,15590.0,15590.0,13641.0,13641.0,11693.0,11693.0
ST. JOHNS COLLEGE OF ENGG. AND TECHNOLOGY,CAI,KNL,YEMMIGANOOR,COED,6386.0,6386.0,12133.0,12133.0,14687.0,14687.0,8301.0,8301.0,9578.0,9578.0,9578.0,9578.0,10217.0,10217.0,8940.0,8940.0,7663.0,7663.0
ST. JOHNS COLLEGE OF ENGG. AND TECHNOLOGY,CIV,KNL,YEMMIGANOOR,COED,,,,,,,,,,,,,,,,,,
ST. JOHNS COLLEGE OF ENGG. AND TECHNOLOGY,CSD,KNL,YEMMIGANOOR,COED,8843.0,8843.0,16801.0,16801.0,20338.0,20338.0,11495.0,11495.0,13264.0,13264.0,13264.0,13264.0,14148.0,14148.0,12380.0,12380.0,10611.0,10611.0
ST. JOHNS COLLEGE OF ENGG. AND TECHNOLOGY,CSE,KNL,YEMMIGANOOR,COED,5686.0,5686.0,10803.0,10803.0,13077.0,13077.0,7392.0,7392.0,8529.0,8529.0,8529.0,8529.0,9097.0,9097.0,7960.0,7960.0,6823.0,6823.0
ST. JOHNS COLLEGE OF ENGG. AND TECHNOLOGY,ECE,KNL,YEMMIGANOOR,COED,9159.0,9159.0,17402.0,17402.0,21066.0,21066.0,11907.0,11907.0,13739.0,13739.0,13739.0,13739.0,14655.0,14655.0,12823.0,12823.0,10991.0,10991.0
ST. JOHNS COLLEGE OF ENGG. AND TECHNOLOGY,EEE,KNL,YEMMIGANOOR,COED,7811.0,7811.0,14841.0,14841.0,17966.0,17966.0,10155.0,10155.0,11717.0,11717.0,11717.0,11717.0,12498.0,12498.0,10936.0,10936.0,9374.0,9374.0
ST. JOHNS COLLEGE OF ENGG. AND TECHNOLOGY,MEC,KNL,YEMMIGANOOR,COED,10375.0,10375.0,19713.0,19713.0,23863.0,23863.0,13488.0,13488.0,15563.0,15563.0,15563.0,15563.0,16600.0,16600.0,14525.0,14525.0,12450.0,12450.0
DR.K V SUBBA REDDY INST OF PHARMACY,PHM,KNL,KURNOOL,COED,11041.0,11041.0,20978.0,20978.0,25395.0,25395.0,14353.0,14353.0,16562.0,16562.0,16562.0,16562.0,17666.0,17666.0,15458.0,15458.0,13249.0,13249.0
DR.K.V.SUBBA REDDY INST. OF TECHNOLOGY,AI,KNL,KURNOOL,COED,6278.0,6278.0,11928.0,11928.0,14439.0,14439.0,8161.0,8161.0,9417.0,9417.0,9417.0,9417.0,10045.0,10045.0,8789.0,8789.0,7533.0,7533.0
DR.K.V.SUBBA REDDY INST. OF TECHNOLOGY,CIV,KNL,KURNOOL,COED,,,,,,,,,,,,,,,,,,
DR.K.V.SUBBA REDDY INST. OF TECHNOLOGY,CSD,KNL,KURNOOL,COED,5455.0,5455.0,10365.0,10365.0,12547.0,12547.0,7092.0,7092.0,8183.0,8183.0,8183.0,8183.0,8728.0,8728.0,7637.0,7637.0,6546.0,6546.0
DR.K.V.SUBBA REDDY INST. OF TECHNOLOGY,CSE,KNL,KURNOOL,COED,5546.0,5546.0,10537.0,10537.0,12755.0,12755.0,7210.0,7210.0,8319.0,8319.0,8319.0,8319.0,8873.0,8873.0,7764.0,7764.0,6655.0,6655.0
DR.K.V.SUBBA REDDY INST. OF TECHNOLOGY,CSM,KNL,KURNOOL,COED,4732.0,4732.0,8991.0,8991.0,10884.0,10884.0,6152.0,6152.0,7098.0,7098.0,7098.0,7098.0,7571.0,7571.0,6625.0,6625.0,5678.0,5678.0
DR.K.V.SUBBA REDDY INST. OF TECHNOLOGY,ECE,KNL,KURNOOL,COED,5050.0,5050.0,9595.0,9595.0,11615.0,11615.0,6565.0,6565.0,7575.0,7575.0,7575.0,7575.0,8080.0,8080.0,7070.0,7070.0,6060.0,6060.0
DR.K.V.SUBBA REDDY INST. OF TECHNOLOGY,EEE,KNL,KURNOOL,COED,7446.0,7446.0,14147.0,14147.0,17125.0,17125.0,9679.0,9679.0,11168.0,11168.0,11168.0,11168.0,11913.0,11913.0,10424.0,10424.0,8935.0,8935.0
DR.K.V.SUBBA REDDY INST. OF TECHNOLOGY,MEC,KNL,KURNOOL,COED,8850.0,8850.0,16814.0,16814.0,20354.0,20354.0,11504.0,11504.0,13274.0,13274.0,13274.0,13274.0,14159.0,14159.0,12389.0,12389.0,10620.0,10620.0
G.PULLAIAH COLL. OF ENGG. AND TECHNOLOGY,CAI,KNL,KURNOOL,COED,3081.0,3081.0,5854.0,5854.0,7086.0,7086.0,4005.0,4005.0,4621.0,4621.0,4621.0,4621.0,4929.0,4929.0,4313.0,4313.0,3697.0,3697.0
G.PULLAIAH COLL. OF ENGG. AND TECHNOLOGY,CIV,KNL,KURNOOL,COED,5653.0,5653.0,10740.0,10740.0,13001.0,13001.0,7348.0,7348.0,8479.0,8479.0,8479.0,8479.0,9044.0,9044.0,7914.0,7914.0,6783.0,6783.0
G.PULLAIAH COLL. OF ENGG. AND TECHNOLOGY,CSE,KNL,KURNOOL,COED,2684.0,2684.0,5099.0,5099.0,6172.0,6172.0,3489.0,3489.0,4025.0,4025.0,4025.0,4025.0,4294.0,4294.0,3757.0,3757.0,3220.0,3220.0
G.PULLAIAH COLL. OF ENGG. AND TECHNOLOGY,ECE,KNL,KURNOOL,COED,2622.0,2622.0,4981.0,4981.0,6030.0,6030.0,3408.0,3408.0,3932.0,3932.0,3932.0,3932.0,4195.0,4195.0,3670.0,3670.0,3146.0,3146.0
G.PULLAIAH COLL. OF ENGG. AND TECHNOLOGY,EEE,KNL,KURNOOL,COED,4872.0,4872.0,9258.0,9258.0,11207.0,11207.0,6334.0,6334.0,7309.0,7309.0,7309.0,7309.0,7796.0,7796.0,6821.0,6821.0,5847.0,5847.0
G.PULLAIAH COLL. OF ENGG. AND TECHNOLOGY,MEC,KNL,KURNOOL,COED,5843.0,5843.0,11102.0,11102.0,13439.0,13439.0,7596.0,7596.0,8765.0,8765.0,8765.0,8765.0,9349.0,9349.0,8180.0,8180.0,7012.0,7012.0
RAVINDRA COLLEGE OF ENGG FOR WOMEN,CSE,KNL,KURNOOL,GIRLS,4098.0,4098.0,7785.0,7785.0,9424.0,9424.0,5327.0,5327.0,6146.0,6146.0,6146.0,6146.0,6556.0,6556.0,5737.0,5737.0,4917.0,4917.0
RAVINDRA COLLEGE OF ENGG FOR WOMEN,ECE,KNL,KURNOOL,GIRLS,4909.0,4909.0,9328.0,9328.0,11291.0,11291.0,6382.0,6382.0,7364.0,7364.0,7364.0,7364.0,7855.0,7855.0,6873.0,6873.0,5891.0,5891.0
RAJIV GANDHI MEMORIAL COLLEGE OF ENGG. AND TECH.,CIV,KNL,NANDYAL,COED,8329.0,8329.0,15825.0,15825.0,19156.0,19156.0,10827.0,10827.0,12493.0,12493.0,12493.0,12493.0,13326.0,13326.0,11660.0,11660.0,9995.0,9995.0
RAJIV GANDHI MEMORIAL COLLEGE OF ENGG. AND TECH.,CSC,KNL,NANDYAL,COED,3079.0,3079.0,5849.0,5849.0,7081.0,7081.0,4002.0,4002.0,4618.0,4618.0,4618.0,4618.0,4926.0,4926.0,4310.0,4310.0,3694.0,3694.0
RAJIV GANDHI MEMORIAL COLLEGE OF ENGG. AND TECH.,CSD,KNL,NANDYAL,COED,2985.0,2985.0,5672.0,5672.0,6866.0,6866.0,3881.0,3881.0,4478.0,4478.0,4478.0,4478.0,4777.0,4777.0,4180.0,4180.0,3582.0,3582.0
RAJIV GANDHI MEMORIAL COLLEGE OF ENGG. AND TECH.,CSE,KNL,NANDYAL,COED,2623.0,2623.0,4984.0,4984.0,6033.0,6033.0,3410.0,3410.0,3935.0,3935.0,3935.0,3935.0,4197.0,4197.0,3673.0,3673.0,3148.0,3148.0
RAJIV GANDHI MEMORIAL COLLEGE OF ENGG. AND TECH.,CSM,KNL,NANDYAL,COED,2239.0,2239.0,4254.0,4254.0,5150.0,5150.0,2911.0,2911.0,3359.0,3359.0,3359.0,3359.0,3583.0,3583.0,3135.0,3135.0,2687.0,2687.0
RAJIV GANDHI MEMORIAL COLLEGE OF ENGG. AND TECH.,ECE,KNL,NANDYAL,COED,2698.0,2698.0,5125.0,5125.0,6204.0,6204.0,3507.0,3507.0,4046.0,4046.0,4046.0,4046.0,4316.0,4316.0,3777.0,3777.0,3237.0,3237.0
RAJIV GANDHI MEMORIAL COLLEGE OF ENGG. AND TECH.,EEE,KNL,NANDYAL,COED,5937.0,5937.0,11280.0,11280.0,13655.0,13655.0,7718.0,7718.0,8905.0,8905.0,8905.0,8905.0,9499.0,9499.0,8311.0,8311.0,7124.0,7124.0
RAJIV GANDHI MEMORIAL COLLEGE OF ENGG. AND TECH.,MEC,KNL,NANDYAL,COED,7964.0,7964.0,15132.0,15132.0,18317.0,18317.0,10353.0,10353.0,11946.0,11946.0,11946.0,11946.0,12742.0,12742.0,11150.0,11150.0,9557.0,9557.0
RAYALASEEMA UNIVERSITY COLLEGE OF ENGG-SELF FINANCE,AI,KNL,KURNOOL,COED,9552.0,9552.0,18148.0,18148.0,21969.0,21969.0,12417.0,12417.0,14328.0,14328.0,14328.0,14328.0,15283.0,15283.0,13372.0,13372.0,11462.0,11462.0
RAYALASEEMA UNIVERSITY COLLEGE OF ENGG-SELF FINANCE,CIV,KNL,KURNOOL,COED,9543.0,9543.0,18132.0,18132.0,21950.0,21950.0,12406.0,12406.0,14315.0,14315.0,14315.0,14315.0,15269.0,15269.0,13361.0,13361.0,11452.0,11452.0
RAYALASEEMA UNIVERSITY COLLEGE OF ENGG-SELF FINANCE,CSE,KNL,KURNOOL,COED,5738.0,5738.0,10902.0,10902.0,13198.0,13198.0,7460.0,7460.0,8607.0,8607.0,8607.0,8607.0,9181.0,9181.0,8033.0,8033.0,6886.0,6886.0
RAYALASEEMA UNIVERSITY COLLEGE OF ENGG-SELF FINANCE,ECE,KNL,KURNOOL,COED,5687.0,5687.0,10806.0,10806.0,13081.0,13081.0,7393.0,7393.0,8531.0,8531.0,8531.0,8531.0,9100.0,9100.0,7962.0,7962.0,6825.0,6825.0
RAYALASEEMA UNIVERSITY COLLEGE OF ENGG-SELF FINANCE,MEC,KNL,KURNOOL,COED,10487.0,10487.0,19925.0,19925.0,24120.0,24120.0,13633.0,13633.0,15730.0,15730.0,15730.0,15730.0,16779.0,16779.0,14682.0,14682.0,12584.0,12584.0
SANTHIRAM ENGINEERING COLLEGE,CSD,KNL,NANDYAL,COED,6093.0,6093.0,11577.0,11577.0,14014.0,14014.0,7921.0,7921.0,9140.0,9140.0,9140.0,9140.0,9749.0,9749.0,8530.0,8530.0,7312.0,7312.0
SANTHIRAM ENGINEERING COLLEGE,CSE,KNL,NANDYAL,COED,4898.0,4898.0,9306.0,9306.0,11265.0,11265.0,6367.0,6367.0,7347.0,7347.0,7347.0,7347.0,7837.0,7837.0,6857.0,6857.0,5878.0,5878.0
SANTHIRAM ENGINEERING COLLEGE,CSM,KNL,NANDYAL,COED,5405.0,5405.0,10269.0,10269.0,12431.0,12431.0,7026.0,7026.0,8107.0,8107.0,8107.0,8107.0,8648.0,8648.0,7567.0,7567.0,6486.0,6486.0
SANTHIRAM ENGINEERING COLLEGE,ECE,KNL,NANDYAL,COED,5620.0,5620.0,10678.0,10678.0,12926.0,12926.0,7306.0,7306.0,8430.0,8430.0,8430.0,8430.0,8992.0,8992.0,7868.0,7868.0,6744.0,6744.0
ANDHRA ENGINEERING COLLEGE,AIM,NLR,ATMAKUR N,COED,7446.0,7446.0,14148.0,14148.0,17127.0,17127.0,9680.0,9680.0,11169.0,11169.0,11169.0,11169.0,11914.0,11914.0,10425.0,10425.0,8936.0,8936.0
ANDHRA ENGINEERING COLLEGE,CSE,NLR,ATMAKUR N,COED,6037.0,6037.0,11471.0,11471.0,13886.0,13886.0,7849.0,7849.0,9056.0,9056.0,9056.0,9056.0,9660.0,9660.0,8452.0,8452.0,7245.0,7245.0
ANDHRA ENGINEERING COLLEGE,ECE,NLR,ATMAKUR N,COED,6690.0,6690.0,12712.0,12712.0,15388.0,15388.0,8698.0,8698.0,10036.0,10036.0,10036.0,10036.0,10705.0,10705.0,9367.0,9367.0,8029.0,8029.0
DAMISETTY BALA SURESH INST OF TECHNOLOGY,CAI,NLR,KAVALI,COED,6227.0,6227.0,11832.0,11832.0,14323.0,14323.0,8095.0,8095.0,9341.0,9341.0,9341.0,9341.0,9964.0,9964.0,8718.0,8718.0,7473.0,7473.0
DAMISETTY BALA SURESH INST OF TECHNOLOGY,CSE,NLR,KAVALI,COED,7571.0,7571.0,14385.0,14385.0,17413.0,17413.0,9842.0,9842.0,11356.0,11356.0,11356.0,11356.0,12113.0,12113.0,10599.0,10599.0,9085.0,9085.0
DAMISETTY BALA SURESH INST OF TECHNOLOGY,ECE,NLR,KAVALI,COED,11543.0,11543.0,21931.0,21931.0,26548.0,26548.0,15006.0,15006.0,17314.0,17314.0,17314.0,17314.0,18468.0,18468.0,16160.0,16160.0,13851.0,13851.0
DAMISETTY BALA SURESH INST OF TECHNOLOGY,EEE,NLR,KAVALI,COED,3407.0,3407.0,6473.0,6473.0,7835.0,7835.0,4429.0,4429.0,5110.0,5110.0,5110.0,5110.0,5451.0,5451.0,4769.0,4769.0,4088.0,4088.0
GOKULA KRISHNA COLLEGE OF ENGINEERING,CSE,NLR,SULLURPET,COED,9271.0,9271.0,17614.0,17614.0,21322.0,21322.0,12052.0,12052.0,13906.0,13906.0,13906.0,13906.0,14833.0,14833.0,12979.0,12979.0,11125.0,11125.0
GOKULA KRISHNA COLLEGE OF ENGINEERING,ECE,NLR,SULLURPET,COED,,,,,,,,,,,,,,,,,,
GOKULA KRISHNA COLLEGE OF ENGINEERING,MEC,NLR,SULLURPET,COED,10791.0,10791.0,20503.0,20503.0,24820.0,24820.0,14028.0,14028.0,16187.0,16187.0,16187.0,16187.0,17266.0,17266.0,15108.0,15108.0,12949.0,12949.0
GEETHANJALI INST OF SCIENCE AND TECHNOLOGY,AID,NLR,NELLORE,COED,4460.0,4460.0,8474.0,8474.0,10258.0,10258.0,5798.0,5798.0,6690.0,6690.0,6690.0,6690.0,7136.0,7136.0,6244.0,6244.0,5352.0,5352.0
GEETHANJALI INST OF SCIENCE AND TECHNOLOGY,CIV,NLR,NELLORE,COED,8820.0,8820.0,16759.0,16759.0,20287.0,20287.0,11467.0,11467.0,13231.0,13231.0,13231.0,13231.0,14113.0,14113.0,12349.0,12349.0,10585.0,10585.0
GEETHANJALI INST OF SCIENCE AND TECHNOLOGY,CSE,NLR,NELLORE,COED,4550.0,4550.0,8645.0,8645.0,10465.0,10465.0,5915.0,5915.0,6825.0,6825.0,6825.0,6825.0,7280.0,7280.0,6370.0,6370.0,5460.0,5460.0
GEETHANJALI INST OF SCIENCE AND TECHNOLOGY,CSM,NLR,NELLORE,COED,3423.0,3423.0,6504.0,6504.0,7873.0,7873.0,4450.0,4450.0,5135.0,5135.0,5135.0,5135.0,5477.0,5477.0,4792.0,4792.0,4108.0,4108.0
GEETHANJALI INST OF SCIENCE AND TECHNOLOGY,ECE,NLR,NELLORE,COED,5255.0,5255.0,9985.0,9985.0,12087.0,12087.0,6832.0,6832.0,7883.0,7883.0,7883.0,7883.0,8408.0,8408.0,7357.0,7357.0,6306.0,6306.0
GEETHANJALI INST OF SCIENCE AND TECHNOLOGY,EEE,NLR,NELLORE,COED,4425.0,4425.0,8408.0,8408.0,10178.0,10178.0,5753.0,5753.0,6638.0,6638.0,6638.0,6638.0,7080.0,7080.0,6195.0,6195.0,5310.0,5310.0
GEETHANJALI INST OF SCIENCE AND TECHNOLOGY,MEC,NLR,NELLORE,COED,,,,,,,,,,,,,,,,,,
NARAYANA ENGINEERING COLLEGE,CAI,NLR,NELLORE,COED,1981.0,1981.0,3764.0,3764.0,4556.0,4556.0,2575.0,2575.0,2971.0,2971.0,2971.0,2971.0,3169.0,3169.0,2773.0,2773.0,2377.0,2377.0
NARAYANA ENGINEERING COLLEGE,CIV,NLR,NELLORE,COED,4869.0,4869.0,9251.0,9251.0,11199.0,11199.0,6330.0,6330.0,7304.0,7304.0,7304.0,7304.0,7791.0,7791.0,6817.0,6817.0,5843.0,5843.0
NARAYANA ENGINEERING COLLEGE,CSD,NLR,NELLORE,COED,2533.0,2533.0,4814.0,4814.0,5827.0,5827.0,3293.0,3293.0,3800.0,3800.0,3800.0,3800.0,4053.0,4053.0,3547.0,3547.0,3040.0,3040.0
NARAYANA ENGINEERING COLLEGE,CSE,NLR,NELLORE,COED,1954.0,1954.0,3712.0,3712.0,4493.0,4493.0,2540.0,2540.0,2930.0,2930.0,2930.0,2930.0,3126.0,3126.0,2735.0,2735.0,2344.0,2344.0
NARAYANA ENGINEERING COLLEGE,CSM,NLR,NELLORE,COED,1520.0,1520.0,2887.0,2887.0,3495.0,3495.0,1976.0,1976.0,2279.0,2279.0,2279.0,2279.0,2431.0,2431.0,2127.0,2127.0,1824.0,1824.0
NARAYANA ENGINEERING COLLEGE,ECA,NLR,NELLORE,COED,,,,,,,,,,,,,,,,,,
NARAYANA ENGINEERING COLLEGE,ECE,NLR,NELLORE,COED,3351.0,3351.0,6367.0,6367.0,7708.0,7708.0,4356.0,4356.0,5027.0,5027.0,5027.0,5027.0,5362.0,5362.0,4692.0,4692.0,4021.0,4021.0
NARAYANA ENGINEERING COLLEGE,EEE,NLR,NELLORE,COED,5465.0,5465.0,10384.0,10384.0,12571.0,12571.0,7105.0,7105.0,8198.0,8198.0,8198.0,8198.0,8745.0,8745.0,7652.0,7652.0,6559.0,6559.0
NARAYANA ENGINEERING COLLEGE,EVT,NLR,NELLORE,COED,4285.0,4285.0,8142.0,8142.0,9856.0,9856.0,5571.0,5571.0,6428.0,6428.0,6428.0,6428.0,6856.0,6856.0,5999.0,5999.0,5142.0,5142.0
NARAYANA ENGINEERING COLLEGE,MEC,NLR,NELLORE,COED,7554.0,7554.0,14352.0,14352.0,17373.0,17373.0,9820.0,9820.0,11330.0,11330.0,11330.0,11330.0,12086.0,12086.0,10575.0,10575.0,9064.0,9064.0
NBKR INSTITUTE OF SCI. AND TECHNOLOGY,AID,NLR,VIDYANAGAR,COED,3711.0,3711.0,7051.0,7051.0,8536.0,8536.0,4824.0,4824.0,5567.0,5567.0,5567.0,5567.0,5938.0,5938.0,5196.0,5196.0,4453.0,4453.0
NBKR INSTITUTE OF SCI. AND TECHNOLOGY,CIV,NLR,VIDYANAGAR,COED,9268.0,9268.0,17609.0,17609.0,21316.0,21316.0,12048.0,12048.0,13902.0,13902.0,13902.0,13902.0,14828.0,14828.0,12975.0,12975.0,11121.0,11121.0
NBKR INSTITUTE OF SCI. AND TECHNOLOGY,CSE,NLR,VIDYANAGAR,COED,3559.0,3559.0,6762.0,6762.0,8185.0,8185.0,4626.0,4626.0,5338.0,5338.0,5338.0,5338.0,5694.0,5694.0,4982.0,4982.0,4271.0,4271.0
NBKR INSTITUTE OF SCI. AND TECHNOLOGY,ECE,NLR,VIDYANAGAR,COED,4812.0,4812.0,9143.0,9143.0,11068.0,11068.0,6256.0,6256.0,7218.0,7218.0,7218.0,7218.0,7700.0,7700.0,6737.0,6737.0,5775.0,5775.0
NBKR INSTITUTE OF SCI. AND TECHNOLOGY,EEE,NLR,VIDYANAGAR,COED,6955.0,6955.0,13215.0,13215.0,15997.0,15997.0,9042.0,9042.0,10433.0,10433.0,10433.0,10433.0,11128.0,11128.0,9737.0,9737.0,8346.0,8346.0
NBKR INSTITUTE OF SCI. AND TECHNOLOGY,MEC,NLR,VIDYANAGAR,COED,8459.0,8459.0,16072.0,16072.0,19456.0,19456.0,10997.0,10997.0,12689.0,12689.0,12689.0,12689.0,13535.0,13535.0,11843.0,11843.0,10151.0,10151.0
NARAYANA ENGINEERING COLLEGE,CIV,NLR,GUDUR,COED,10666.0,10666.0,20265.0,20265.0,24532.0,24532.0,13866.0,13866.0,15999.0,15999.0,15999.0,15999.0,17065.0,17065.0,14932.0,14932.0,12799.0,12799.0
NARAYANA ENGINEERING COLLEGE,CSE,NLR,GUDUR,COED,3958.0,3958.0,7520.0,7520.0,9103.0,9103.0,5145.0,5145.0,5937.0,5937.0,5937.0,5937.0,6333.0,6333.0,5541.0,5541.0,4750.0,4750.0
NARAYANA ENGINEERING COLLEGE,CSM,NLR,GUDUR,COED,3451.0,3451.0,6558.0,6558.0,7938.0,7938.0,4487.0,4487.0,5177.0,5177.0,5177.0,5177.0,5522.0,5522.0,4832.0,4832.0,4142.0,4142.0
NARAYANA ENGINEERING COLLEGE,ECA,NLR,GUDUR,COED,8792.0,8792.0,16704.0,16704.0,20221.0,20221.0,11429.0,11429.0,13188.0,13188.0,13188.0,13188.0,14067.0,14067.0,12309.0,12309.0,10550.0,10550.0
NARAYANA ENGINEERING COLLEGE,ECE,NLR,GUDUR,COED,4864.0,4864.0,9242.0,9242.0,11188.0,11188.0,6324.0,6324.0,7297.0,7297.0,7297.0,7297.0,7783.0,7783.0,6810.0,6810.0,5837.0,5837.0
NARAYANA ENGINEERING COLLEGE,EEE,NLR,GUDUR,COED,,,,,,,,,,,,,,,,,,
NARAYANA ENGINEERING COLLEGE,EVT,NLR,GUDUR,COED,5916.0,5916.0,11240.0,11240.0,13606.0,13606.0,7690.0,7690.0,8873.0,8873.0,8873.0,8873.0,9465.0,9465.0,8282.0,8282.0,7099.0,7099.0
NARAYANA ENGINEERING COLLEGE,MEC,NLR,GUDUR,COED,7322.0,7322.0,13911.0,13911.0,16840.0,16840.0,9518.0,9518.0,10983.0,10983.0,10983.0,10983.0,11715.0,11715.0,10251.0,10251.0,8786.0,8786.0
PRIYADARSHINI INST OF TECHNOLOGY,CSE,NLR,NELLORE,COED,,,,,,,,,,,,,,,,,,
PRIYADARSHINI COLL OF ENGG. AND TECHNOLOGY,CSE,NLR,NELLORE,COED,7695.0,7695.0,14621.0,14621.0,17699.0,17699.0,10004.0,10004.0,11543.0,11543.0,11543.0,11543.0,12312.0,12312.0,10773.0,10773.0,9234.0,9234.0
PRIYADARSHINI COLL OF ENGG. AND TECHNOLOGY,EEE,NLR,NELLORE,COED,6985.0,6985.0,13272.0,13272.0,16067.0,16067.0,9081.0,9081.0,10478.0,10478.0,10478.0,10478.0,11177.0,11177.0,9780.0,9780.0,8383.0,8383.0
PRIYADARSHINI COLL OF ENGG. AND TECHNOLOGY,MEC,NLR,NELLORE,COED,7078.0,7078.0,13448.0,13448.0,16279.0,16279.0,9201.0,9201.0,10617.0,10617.0,10617.0,10617.0,11325.0,11325.0,9909.0,9909.0,8494.0,8494.0
RAMIREDDY SUBBA RAMIREDDY ENGG COLLEGE,AID,NLR,NELLORE,COED,7794.0,7794.0,14808.0,14808.0,17926.0,17926.0,10132.0,10132.0,11691.0,11691.0,11691.0,11691.0,12470.0,12470.0,10911.0,10911.0,9353.0,9353.0
RAMIREDDY SUBBA RAMIREDDY ENGG COLLEGE,CIV,NLR,NELLORE,COED,5825.0,5825.0,11068.0,11068.0,13398.0,13398.0,7573.0,7573.0,8738.0,8738.0,8738.0,8738.0,9320.0,9320.0,8155.0,8155.0,6990.0,6990.0
RAMIREDDY SUBBA RAMIREDDY ENGG COLLEGE,CSE,NLR,NELLORE,COED,7522.0,7522.0,14292.0,14292.0,17300.0,17300.0,9778.0,9778.0,11283.0,11283.0,11283.0,11283.0,12035.0,12035.0,10531.0,10531.0,9026.0,9026.0
RAMIREDDY SUBBA RAMIREDDY ENGG COLLEGE,ECE,NLR,NELLORE,COED,7554.0,7554.0,14352.0,14352.0,17373.0,17373.0,9820.0,9820.0,11330.0,11330.0,11330.0,11330.0,12086.0,12086.0,10575.0,10575.0,9064.0,9064.0
RAMIREDDY SUBBA RAMIREDDY ENGG COLLEGE,EEE,NLR,NELLORE,COED,7232.0,7232.0,13740.0,13740.0,16633.0,16633.0,9401.0,9401.0,10847.0,10847.0,10847.0,10847.0,11571.0,11571.0,10124.0,10124.0,8678.0,8678.0
AUDHISANKARA COLLEGE OF ENGG. AND TECHNOLOGY,AID,NLR,GUDUR,COED,8425.0,8425.0,16007.0,16007.0,19377.0,19377.0,10952.0,10952.0,12637.0,12637.0,12637.0,12637.0,13480.0,13480.0,11795.0,11795.0,10110.0,10110.0
AUDHISANKARA COLLEGE OF ENGG. AND TECHNOLOGY,CAI,NLR,GUDUR,COED,11884.0,11884.0,22580.0,22580.0,27333.0,27333.0,15449.0,15449.0,17826.0,17826.0,17826.0,17826.0,19014.0,19014.0,16638.0,16638.0,14261.0,14261.0
AUDHISANKARA COLLEGE OF ENGG. AND TECHNOLOGY,CIV,NLR,GUDUR,COED,10241.0,10241.0,19458.0,19458.0,23554.0,23554.0,13313.0,13313.0,15361.0,15361.0,15361.0,15361.0,16385.0,16385.0,14337.0,14337.0,12289.0,12289.0
AUDHISANKARA COLLEGE OF ENGG. AND TECHNOLOGY,CSD,NLR,GUDUR,COED,11958.0,11958.0,22720.0,22720.0,27503.0,27503.0,15545.0,15545.0,17937.0,17937.0,17937.0,17937.0,19133.0,19133.0,16741.0,16741.0,14350.0,14350.0
AUDHISANKARA COLLEGE OF ENGG. AND TECHNOLOGY,CSE,NLR,GUDUR,COED,8294.0,8294.0,15758.0,15758.0,19076.0,19076.0,10782.0,10782.0,12441.0,12441.0,12441.0,12441.0,13270.0,13270.0,11611.0,11611.0,9953.0,9953.0
AUDHISANKARA COLLEGE OF ENGG. AND TECHNOLOGY,CSM,NLR,GUDUR,COED,11596.0,11596.0,22033.0,22033.0,26671.0,26671.0,15075.0,15075.0,17394.0,17394.0,17394.0,17394.0,18554.0,18554.0,16235.0,16235.0,13915.0,13915.0
AUDHISANKARA COLLEGE OF ENGG. AND TECHNOLOGY,ECE,NLR,GUDUR,COED,9588.0,9588.0,18217.0,18217.0,22052.0,22052.0,12464.0,12464.0,14382.0,14382.0,14382.0,14382.0,15341.0,15341.0,13423.0,13423.0,11505.0,11505.0
AUDHISANKARA COLLEGE OF ENGG. AND TECHNOLOGY,EEE,NLR,GUDUR,COED,9512.0,9512.0,18073.0,18073.0,21877.0,21877.0,12365.0,12365.0,14268.0,14268.0,14268.0,14268.0,15219.0,15219.0,13317.0,13317.0,11414.0,11414.0
AUDHISANKARA COLLEGE OF ENGG. AND TECHNOLOGY,MEC,NLR,GUDUR,COED,4393.0,4393.0,8347.0,8347.0,10105.0,10105.0,5711.0,5711.0,6590.0,6590.0,6590.0,6590.0,7029.0,7029.0,6151.0,6151.0,5272.0,5272.0
SREE VENKATESWARA COLL OF ENGG,AID,NLR,NORTH RAJU PALEM,COED,7703.0,7703.0,14635.0,14635.0,17716.0,17716.0,10013.0,10013.0,11554.0,11554.0,11554.0,11554.0,12324.0,12324.0,10784.0,10784.0,9243.0,9243.0
SREE VENKATESWARA COLL OF ENGG,CAI,NLR,NORTH RAJU PALEM,COED,9001.0,9001.0,17102.0,17102.0,20702.0,20702.0,11701.0,11701.0,13501.0,13501.0,13501.0,13501.0,14401.0,14401.0,12601.0,12601.0,10801.0,10801.0
SREE VENKATESWARA COLL OF ENGG,CSE,NLR,NORTH RAJU PALEM,COED,8100.0,8100.0,15391.0,15391.0,18631.0,18631.0,10530.0,10530.0,12150.0,12150.0,12150.0,12150.0,12960.0,12960.0,11340.0,11340.0,9720.0,9720.0
SREE VENKATESWARA COLL OF ENGG,CSM,NLR,NORTH RAJU PALEM,COED,8028.0,8028.0,15254.0,15254.0,18465.0,18465.0,10437.0,10437.0,12042.0,12042.0,12042.0,12042.0,12845.0,12845.0,11240.0,11240.0,9634.0,9634.0
SREE VENKATESWARA COLL OF ENGG,ECE,NLR,NORTH RAJU PALEM,COED,6975.0,6975.0,13253.0,13253.0,16043.0,16043.0,9068.0,9068.0,10463.0,10463.0,10463.0,10463.0,11161.0,11161.0,9766.0,9766.0,8370.0,8370.0
SREE VENKATESWARA COLL OF ENGG,EVT,NLR,NORTH RAJU PALEM,COED,8298.0,8298.0,15766.0,15766.0,19085.0,19085.0,10787.0,10787.0,12447.0,12447.0,12447.0,12447.0,13277.0,13277.0,11617.0,11617.0,9957.0,9957.0
P B R VISVODAYA INSTITUTE OF TECHNOLOGY AND SCI.,AIM,NLR,KAVALI,COED,7261.0,7261.0,13796.0,13796.0,16700.0,16700.0,9439.0,9439.0,10891.0,10891.0,10891.0,10891.0,11618.0,11618.0,10165.0,10165.0,8713.0,8713.0
P B R VISVODAYA INSTITUTE OF TECHNOLOGY AND SCI.,CAI,NLR,KAVALI,COED,6073.0,6073.0,11540.0,11540.0,13969.0,13969.0,7896.0,7896.0,9110.0,9110.0,9110.0,9110.0,9718.0,9718.0,8503.0,8503.0,7288.0,7288.0
P B R VISVODAYA INSTITUTE OF TECHNOLOGY AND SCI.,CSE,NLR,KAVALI,COED,5738.0,5738.0,10902.0,10902.0,13197.0,13197.0,7459.0,7459.0,8607.0,8607.0,8607.0,8607.0,9180.0,9180.0,8033.0,8033.0,6885.0,6885.0
P B R VISVODAYA INSTITUTE OF TECHNOLOGY AND SCI.,CSO,NLR,KAVALI,COED,8864.0,8864.0,16842.0,16842.0,20388.0,20388.0,11524.0,11524.0,13296.0,13296.0,13296.0,13296.0,14183.0,14183.0,12410.0,12410.0,10637.0,10637.0
P B R VISVODAYA INSTITUTE OF TECHNOLOGY AND SCI.,ECE,NLR,KAVALI,COED,5679.0,5679.0,10790.0,10790.0,13061.0,13061.0,7383.0,7383.0,8518.0,8518.0,8518.0,8518.0,9086.0,9086.0,7950.0,7950.0,6815.0,6815.0
P B R VISVODAYA INSTITUTE OF TECHNOLOGY AND SCI.,EEE,NLR,KAVALI,COED,9167.0,9167.0,17418.0,17418.0,21085.0,21085.0,11917.0,11917.0,13751.0,13751.0,13751.0,13751.0,14668.0,14668.0,12834.0,12834.0,11001.0,11001.0
P B R VISVODAYA INSTITUTE OF TECHNOLOGY AND SCI.,MEC,NLR,KAVALI,COED,11054.0,11054.0,21003.0,21003.0,25425.0,25425.0,14371.0,14371.0,16582.0,16582.0,16582.0,16582.0,17687.0,17687.0,15476.0,15476.0,13265.0,13265.0
BHARATIYA ENGG SCI. &TECH INNOVATION UNIVERSITY,AI,ATP,ANANTAPUR,COED,9509.0,9509.0,18066.0,18066.0,21870.0,21870.0,12361.0,12361.0,14263.0,14263.0,14263.0,14263.0,15214.0,15214.0,13312.0,13312.0,11410.0,11410.0
BHARATIYA ENGG SCI. &TECH INNOVATION UNIVERSITY,AI,ATP,ANANTAPUR,COED,8538.0,8538.0,16222.0,16222.0,19637.0,19637.0,11099.0,11099.0,12807.0,12807.0,12807.0,12807.0,13660.0,13660.0,11953.0,11953.0,10245.0,10245.0
BHARATIYA ENGG SCI. &TECH INNOVATION UNIVERSITY,CS,ATP,ANANTAPUR,COED,,,,,,,,,,,,,,,,,,
BHARATIYA ENGG SCI. &TECH INNOVATION UNIVERSITY,CS,ATP,ANANTAPUR,COED,10850.0,10850.0,20615.0,20615.0,24955.0,24955.0,14105.0,14105.0,16275.0,16275.0,16275.0,16275.0,17360.0,17360.0,15190.0,15190.0,13020.0,13020.0
BHARATIYA ENGG SCI. &TECH INNOVATION UNIVERSITY,CSE,ATP,ANANTAPUR,COED,11218.0,11218.0,21314.0,21314.0,25801.0,25801.0,14583.0,14583.0,16827.0,16827.0,16827.0,16827.0,17949.0,17949.0,15705.0,15705.0,13461.0,13461.0
BHARATIYA ENGG SCI. &TECH INNOVATION UNIVERSITY,CSE,ATP,ANANTAPUR,COED,4974.0,4974.0,9451.0,9451.0,11440.0,11440.0,6466.0,6466.0,7461.0,7461.0,7461.0,7461.0,7959.0,7959.0,6964.0,6964.0,5969.0,5969.0
BHARATIYA ENGG SCI. &TECH INNOVATION UNIVERSITY,DS,ATP,ANANTAPUR,COED,9530.0,9530.0,18107.0,18107.0,21919.0,21919.0,12389.0,12389.0,14295.0,14295.0,14295.0,14295.0,15248.0,15248.0,13342.0,13342.0,11436.0,11436.0
BHARATIYA ENGG SCI. &TECH INNOVATION UNIVERSITY,DS,ATP,ANANTAPUR,COED,,,,,,,,,,,,,,,,,,
COLLEGE OF AGRICULTURAL ENGINEERING,AGR,ATP,MADAKASIRA,COED,9349.0,9349.0,17764.0,17764.0,21503.0,21503.0,12154.0,12154.0,14024.0,14024.0,14024.0,14024.0,14959.0,14959.0,13089.0,13089.0,11219.0,11219.0
APOLLO UNIVERSITY,CAD,CTR,CHITTOOR,COED,4001.0,4001.0,7601.0,7601.0,9202.0,9202.0,5201.0,5201.0,6001.0,6001.0,6001.0,6001.0,6401.0,6401.0,5601.0,5601.0,4801.0,4801.0
APOLLO UNIVERSITY,CAD,CTR,CHITTOOR,COED,1318.0,1318.0,2504.0,2504.0,3031.0,3031.0,1713.0,1713.0,1977.0,1977.0,1977.0,1977.0,2109.0,2109.0,1845.0,1845.0,1581.0,1581.0
APOLLO UNIVERSITY,CSC,CTR,CHITTOOR,COED,1533.0,1533.0,2914.0,2914.0,3527.0,3527.0,1993.0,1993.0,2300.0,2300.0,2300.0,2300.0,2454.0,2454.0,2147.0,2147.0,1840.0,1840.0
APOLLO UNIVERSITY,CSC,CTR,CHITTOOR,COED,1107.0,1107.0,2103.0,2103.0,2545.0,2545.0,1439.0,1439.0,1660.0,1660.0,1660.0,1660.0,1771.0,1771.0,1549.0,1549.0,1328.0,1328.0
APOLLO UNIVERSITY,CSE,CTR,CHITTOOR,COED,3385.0,3385.0,6431.0,6431.0,7785.0,7785.0,4400.0,4400.0,5077.0,5077.0,5077.0,5077.0,5415.0,5415.0,4739.0,4739.0,4062.0,4062.0
APOLLO UNIVERSITY,CSE,CTR,CHITTOOR,COED,1833.0,1833.0,3483.0,3483.0,4216.0,4216.0,2383.0,2383.0,2750.0,2750.0,2750.0,2750.0,2933.0,2933.0,2566.0,2566.0,2200.0,2200.0
APOLLO UNIVERSITY,CSM,CTR,CHITTOOR,COED,1958.0,1958.0,3720.0,3720.0,4503.0,4503.0,2545.0,2545.0,2937.0,2937.0,2937.0,2937.0,3133.0,3133.0,2741.0,2741.0,2350.0,2350.0
APOLLO UNIVERSITY,CSM,CTR,CHITTOOR,COED,829.0,829.0,1575.0,1575.0,1906.0,1906.0,1077.0,1077.0,1243.0,1243.0,1243.0,1243.0,1326.0,1326.0,1160.0,1160.0,995.0,995.0
SVVU COLLEGE OF DAIRY TECHNOLOGY,BDT,CTR,TIRUPATHI,COED,9211.0,9211.0,17501.0,17501.0,21186.0,21186.0,11975.0,11975.0,13817.0,13817.0,13817.0,13817.0,14738.0,14738.0,12896.0,12896.0,11054.0,11054.0
SVVU COLLEGE OF DAIRY TECHNOLOGY,BDT,CTR,TIRUPATHI,COED,5843.0,5843.0,11101.0,11101.0,13439.0,13439.0,7596.0,7596.0,8764.0,8764.0,8764.0,8764.0,9349.0,9349.0,8180.0,8180.0,7011.0,7011.0
MOHAN BABU UNIVERSITY,CIV,CTR,RANGAMPETA,COED,9219.0,9219.0,17515.0,17515.0,21203.0,21203.0,11984.0,11984.0,13828.0,13828.0,13828.0,13828.0,14750.0,14750.0,12906.0,12906.0,11062.0,11062.0
MOHAN BABU UNIVERSITY,CIV,CTR,RANGAMPETA,COED,7779.0,7779.0,14779.0,14779.0,17891.0,17891.0,10112.0,10112.0,11668.0,11668.0,11668.0,11668.0,12446.0,12446.0,10890.0,10890.0,9334.0,9334.0
MOHAN BABU UNIVERSITY,CSC,CTR,RANGAMPETA,COED,1443.0,1443.0,2742.0,2742.0,3319.0,3319.0,1876.0,1876.0,2165.0,2165.0,2165.0,2165.0,2309.0,2309.0,2020.0,2020.0,1732.0,1732.0
MOHAN BABU UNIVERSITY,CSC,CTR,RANGAMPETA,COED,1900.0,1900.0,3610.0,3610.0,4370.0,4370.0,2470.0,2470.0,2850.0,2850.0,2850.0,2850.0,3040.0,3040.0,2660.0,2660.0,2280.0,2280.0
MOHAN BABU UNIVERSITY,CSD,CTR,RANGAMPETA,COED,2358.0,2358.0,4480.0,4480.0,5423.0,5423.0,3065.0,3065.0,3537.0,3537.0,3537.0,3537.0,3773.0,3773.0,3301.0,3301.0,2829.0,2829.0
MOHAN BABU UNIVERSITY,CSD,CTR,RANGAMPETA,COED,1589.0,1589.0,3020.0,3020.0,3656.0,3656.0,2066.0,2066.0,2384.0,2384.0,2384.0,2384.0,2543.0,2543.0,2225.0,2225.0,1907.0,1907.0
MOHAN BABU UNIVERSITY,CSE,CTR,RANGAMPETA,COED,1972.0,1972.0,3746.0,3746.0,4535.0,4535.0,2563.0,2563.0,2958.0,2958.0,2958.0,2958.0,3155.0,3155.0,2760.0,2760.0,2366.0,2366.0
MOHAN BABU UNIVERSITY,CSE,CTR,RANGAMPETA,COED,1533.0,1533.0,2913.0,2913.0,3526.0,3526.0,1993.0,1993.0,2300.0,2300.0,2300.0,2300.0,2453.0,2453.0,2147.0,2147.0,1840.0,1840.0
MOHAN BABU UNIVERSITY,CSM,CTR,RANGAMPETA,COED,2059.0,2059.0,3912.0,3912.0,4736.0,4736.0,2677.0,2677.0,3089.0,3089.0,3089.0,3089.0,3294.0,3294.0,2883.0,2883.0,2471.0,2471.0
MOHAN BABU UNIVERSITY,CSM,CTR,RANGAMPETA,COED,1204.0,1204.0,2288.0,2288.0,2769.0,2769.0,1565.0,1565.0,1806.0,1806.0,1806.0,1806.0,1926.0,1926.0,1686.0,1686.0,1445.0,1445.0
MOHAN BABU UNIVERSITY,ECE,CTR,RANGAMPETA,COED,2980.0,2980.0,5662.0,5662.0,6855.0,6855.0,3874.0,3874.0,4470.0,4470.0,4470.0,4470.0,4768.0,4768.0,4172.0,4172.0,3576.0,3576.0
MOHAN BABU UNIVERSITY,ECE,CTR,RANGAMPETA,COED,1693.0,1693.0,3217.0,3217.0,3894.0,3894.0,2201.0,2201.0,2539.0,2539.0,2539.0,2539.0,2709.0,2709.0,2370.0,2370.0,2032.0,2032.0
MOHAN BABU UNIVERSITY,EEE,CTR,RANGAMPETA,COED,5167.0,5167.0,9817.0,9817.0,11883.0,11883.0,6717.0,6717.0,7750.0,7750.0,7750.0,7750.0,8267.0,8267.0,7233.0,7233.0,6200.0,6200.0
MOHAN BABU UNIVERSITY,EEE,CTR,RANGAMPETA,COED,4288.0,4288.0,8147.0,8147.0,9863.0,9863.0,5575.0,5575.0,6432.0,6432.0,6432.0,6432.0,6861.0,6861.0,6003.0,6003.0,5146.0,5146.0
MOHAN BABU UNIVERSITY,EIE,CTR,RANGAMPETA,COED,7323.0,7323.0,13913.0,13913.0,16843.0,16843.0,9520.0,9520.0,10984.0,10984.0,10984.0,10984.0,11717.0,11717.0,10252.0,10252.0,8787.0,8787.0
MOHAN BABU UNIVERSITY,EIE,CTR,RANGAMPETA,COED,6626.0,6626.0,12589.0,12589.0,15240.0,15240.0,8614.0,8614.0,9939.0,9939.0,9939.0,9939.0,10601.0,10601.0,9276.0,9276.0,7951.0,7951.0
MOHAN BABU UNIVERSITY,INF,CTR,RANGAMPETA,COED,3119.0,3119.0,5926.0,5926.0,7174.0,7174.0,4055.0,4055.0,4679.0,4679.0,4679.0,4679.0,4991.0,4991.0,4367.0,4367.0,3743.0,3743.0
MOHAN BABU UNIVERSITY,INF,CTR,RANGAMPETA,COED,2163.0,2163.0,4110.0,4110.0,4975.0,4975.0,2812.0,2812.0,3245.0,3245.0,3245.0,3245.0,3461.0,3461.0,3028.0,3028.0,2596.0,2596.0
MOHAN BABU UNIVERSITY,MEC,CTR,RANGAMPETA,COED,6170.0,6170.0,11724.0,11724.0,14192.0,14192.0,8022.0,8022.0,9256.0,9256.0,9256.0,9256.0,9873.0,9873.0,8639.0,8639.0,7405.0,7405.0
MOHAN BABU UNIVERSITY,MEC,CTR,RANGAMPETA,COED,3589.0,3589.0,6819.0,6819.0,8255.0,8255.0,4666.0,4666.0,5384.0,5384.0,5384.0,5384.0,5743.0,5743.0,5025.0,5025.0,4307.0,4307.0
SCHOOL OF ENGG. TECH. SPMVV - SELF FINANCE,CSE,CTR,TIRUPATHI,GIRLS,3347.0,3347.0,6359.0,6359.0,7698.0,7698.0,4351.0,4351.0,5020.0,5020.0,5020.0,5020.0,5355.0,5355.0,4686.0,4686.0,4016.0,4016.0
SCHOOL OF ENGG. TECH. SPMVV - SELF FINANCE,CSE,CTR,TIRUPATHI,GIRLS,1176.0,1176.0,2235.0,2235.0,2705.0,2705.0,1529.0,1529.0,1764.0,1764.0,1764.0,1764.0,1882.0,1882.0,1647.0,1647.0,1411.0,1411.0
SCHOOL OF ENGG. TECH. SPMVV - SELF FINANCE,ECE,CTR,TIRUPATHI,GIRLS,3497.0,3497.0,6644.0,6644.0,8042.0,8042.0,4546.0,4546.0,5245.0,5245.0,5245.0,5245.0,5595.0,5595.0,4895.0,4895.0,4196.0,4196.0
SCHOOL OF ENGG. TECH. SPMVV - SELF FINANCE,ECE,CTR,TIRUPATHI,GIRLS,2437.0,2437.0,4630.0,4630.0,5605.0,5605.0,3168.0,3168.0,3655.0,3655.0,3655.0,3655.0,3899.0,3899.0,3412.0,3412.0,2924.0,2924.0
SCHOOL OF ENGG. TECH. SPMVV - SELF FINANCE,EEE,CTR,TIRUPATHI,GIRLS,5390.0,5390.0,10241.0,10241.0,12397.0,12397.0,7007.0,7007.0,8085.0,8085.0,8085.0,8085.0,8624.0,8624.0,7546.0,7546.0,6468.0,6468.0
SCHOOL OF ENGG. TECH. SPMVV - SELF FINANCE,EEE,CTR,TIRUPATHI,GIRLS,5637.0,5637.0,10710.0,10710.0,12965.0,12965.0,7328.0,7328.0,8455.0,8455.0,8455.0,8455.0,9019.0,9019.0,7892.0,7892.0,6764.0,6764.0
SCHOOL OF ENGG. TECH. SPMVV - SELF FINANCE,MEC,CTR,TIRUPATHI,GIRLS,10316.0,10316.0,19601.0,19601.0,23727.0,23727.0,13411.0,13411.0,15474.0,15474.0,15474.0,15474.0,16506.0,16506.0,14443.0,14443.0,12379.0,12379.0
SCHOOL OF ENGG. TECH. SPMVV - SELF FINANCE,MEC,CTR,TIRUPATHI,GIRLS,8360.0,8360.0,15883.0,15883.0,19227.0,19227.0,10868.0,10868.0,12539.0,12539.0,12539.0,12539.0,13375.0,13375.0,11703.0,11703.0,10032.0,10032.0
ADITYA  UNIVERSITY,AGR,EG,SURAMPALEM,COED,8811.0,8811.0,16742.0,16742.0,20266.0,20266.0,11455.0,11455.0,13217.0,13217.0,13217.0,13217.0,14098.0,14098.0,12336.0,12336.0,10574.0,10574.0
ADITYA  UNIVERSITY,AGR,EG,SURAMPALEM,COED,9243.0,9243.0,17562.0,17562.0,21259.0,21259.0,12016.0,12016.0,13865.0,13865.0,13865.0,13865.0,14789.0,14789.0,12940.0,12940.0,11092.0,11092.0
ADITYA  UNIVERSITY,AIM,EG,SURAMPALEM,COED,1087.0,1087.0,2066.0,2066.0,2501.0,2501.0,1413.0,1413.0,1631.0,1631.0,1631.0,1631.0,1740.0,1740.0,1522.0,1522.0,1305.0,1305.0
ADITYA  UNIVERSITY,AIM,EG,SURAMPALEM,COED,2071.0,2071.0,3935.0,3935.0,4764.0,4764.0,2693.0,2693.0,3107.0,3107.0,3107.0,3107.0,3314.0,3314.0,2900.0,2900.0,2485.0,2485.0
ADITYA  UNIVERSITY,CIV,EG,SURAMPALEM,COED,4082.0,4082.0,7756.0,7756.0,9388.0,9388.0,5306.0,5306.0,6123.0,6123.0,6123.0,6123.0,6531.0,6531.0,5715.0,5715.0,4898.0,4898.0
ADITYA  UNIVERSITY,CIV,EG,SURAMPALEM,COED,11345.0,11345.0,21556.0,21556.0,26094.0,26094.0,14749.0,14749.0,17018.0,17018.0,17018.0,17018.0,18152.0,18152.0,15883.0,15883.0,13614.0,13614.0
ADITYA  UNIVERSITY,CSD,EG,SURAMPALEM,COED,1075.0,1075.0,2043.0,2043.0,2473.0,2473.0,1398.0,1398.0,1613.0,1613.0,1613.0,1613.0,1720.0,1720.0,1505.0,1505.0,1290.0,1290.0
ADITYA  UNIVERSITY,CSD,EG,SURAMPALEM,COED,1609.0,1609.0,3056.0,3056.0,3700.0,3700.0,2091.0,2091.0,2413.0,2413.0,2413.0,2413.0,2574.0,2574.0,2252.0,2252.0,1930.0,1930.0
ADITYA  UNIVERSITY,CSE,EG,SURAMPALEM,COED,683.0,683.0,1297.0,1297.0,1570.0,1570.0,888.0,888.0,1024.0,1024.0,1024.0,1024.0,1092.0,1092.0,956.0,956.0,819.0,819.0
ADITYA  UNIVERSITY,CSE,EG,SURAMPALEM,COED,1268.0,1268.0,2409.0,2409.0,2916.0,2916.0,1648.0,1648.0,1902.0,1902.0,1902.0,1902.0,2029.0,2029.0,1775.0,1775.0,1522.0,1522.0
ADITYA  UNIVERSITY,ECE,EG,SURAMPALEM,COED,1310.0,1310.0,2490.0,2490.0,3014.0,3014.0,1704.0,1704.0,1966.0,1966.0,1966.0,1966.0,2097.0,2097.0,1835.0,1835.0,1572.0,1572.0
ADITYA  UNIVERSITY,ECE,EG,SURAMPALEM,COED,3147.0,3147.0,5980.0,5980.0,7239.0,7239.0,4092.0,4092.0,4721.0,4721.0,4721.0,4721.0,5036.0,5036.0,4406.0,4406.0,3777.0,3777.0
ADITYA  UNIVERSITY,EEE,EG,SURAMPALEM,COED,2036.0,2036.0,3869.0,3869.0,4684.0,4684.0,2647.0,2647.0,3055.0,3055.0,3055.0,3055.0,3258.0,3258.0,2851.0,2851.0,2444.0,2444.0
ADITYA  UNIVERSITY,EEE,EG,SURAMPALEM,COED,6428.0,6428.0,12213.0,12213.0,14784.0,14784.0,8356.0,8356.0,9642.0,9642.0,9642.0,9642.0,10284.0,10284.0,8999.0,8999.0,7713.0,7713.0
ADITYA  UNIVERSITY,INF,EG,SURAMPALEM,COED,1208.0,1208.0,2296.0,2296.0,2779.0,2779.0,1571.0,1571.0,1813.0,1813.0,1813.0,1813.0,1933.0,1933.0,1692.0,1692.0,1450.0,1450.0
ADITYA  UNIVERSITY,INF,EG,SURAMPALEM,COED,3342.0,3342.0,6350.0,6350.0,7686.0,7686.0,4344.0,4344.0,5013.0,5013.0,5013.0,5013.0,5347.0,5347.0,4679.0,4679.0,4010.0,4010.0
ADITYA  UNIVERSITY,MEC,EG,SURAMPALEM,COED,2906.0,2906.0,5522.0,5522.0,6685.0,6685.0,3778.0,3778.0,4360.0,4360.0,4360.0,4360.0,4650.0,4650.0,4069.0,4069.0,3488.0,3488.0
ADITYA  UNIVERSITY,MEC,EG,SURAMPALEM,COED,1628.0,1628.0,3093.0,3093.0,3744.0,3744.0,2116.0,2116.0,2442.0,2442.0,2442.0,2442.0,2604.0,2604.0,2279.0,2279.0,1953.0,1953.0
ADITYA  UNIVERSITY,MIN,EG,SURAMPALEM,COED,4664.0,4664.0,8862.0,8862.0,10727.0,10727.0,6063.0,6063.0,6996.0,6996.0,6996.0,6996.0,7463.0,7463.0,6530.0,6530.0,5597.0,5597.0
ADITYA  UNIVERSITY,MIN,EG,SURAMPALEM,COED,9297.0,9297.0,17665.0,17665.0,21383.0,21383.0,12086.0,12086.0,13946.0,13946.0,13946.0,13946.0,14875.0,14875.0,13016.0,13016.0,11157.0,11157.0
ADITYA  UNIVERSITY,PET,EG,SURAMPALEM,COED,4667.0,4667.0,8868.0,8868.0,10735.0,10735.0,6067.0,6067.0,7001.0,7001.0,7001.0,7001.0,7467.0,7467.0,6534.0,6534.0,5601.0,5601.0
ADITYA  UNIVERSITY,PET,EG,SURAMPALEM,COED,3332.0,3332.0,6331.0,6331.0,7663.0,7663.0,4331.0,4331.0,4998.0,4998.0,4998.0,4998.0,5331.0,5331.0,4665.0,4665.0,3998.0,3998.0
GODAVARI GLOBAL UNIVERSITY,AGR,EG,RAJAHMUNDRY,COED,9624.0,9624.0,18285.0,18285.0,22134.0,22134.0,12511.0,12511.0,14435.0,14435.0,14435.0,14435.0,15398.0,15398.0,13473.0,13473.0,11548.0,11548.0
GODAVARI GLOBAL UNIVERSITY,AGR,EG,RAJAHMUNDRY,COED,9624.0,9624.0,18285.0,18285.0,22134.0,22134.0,12511.0,12511.0,14435.0,14435.0,14435.0,14435.0,15398.0,15398.0,13473.0,13473.0,11548.0,11548.0
GODAVARI GLOBAL UNIVERSITY,AUT,EG,RAJAHMUNDRY,COED,6921.0,6921.0,13149.0,13149.0,15917.0,15917.0,8997.0,8997.0,10381.0,10381.0,10381.0,10381.0,11073.0,11073.0,9689.0,9689.0,8305.0,8305.0
GODAVARI GLOBAL UNIVERSITY,AUT,EG,RAJAHMUNDRY,COED,8674.0,8674.0,16480.0,16480.0,19950.0,19950.0,11276.0,11276.0,13011.0,13011.0,13011.0,13011.0,13878.0,13878.0,12143.0,12143.0,10409.0,10409.0
GODAVARI GLOBAL UNIVERSITY,CIV,EG,RAJAHMUNDRY,COED,5275.0,5275.0,10022.0,10022.0,12132.0,12132.0,6857.0,6857.0,7912.0,7912.0,7912.0,7912.0,8440.0,8440.0,7385.0,7385.0,6330.0,6330.0
GODAVARI GLOBAL UNIVERSITY,CIV,EG,RAJAHMUNDRY,COED,5686.0,5686.0,10804.0,10804.0,13079.0,13079.0,7392.0,7392.0,8530.0,8530.0,8530.0,8530.0,9098.0,9098.0,7961.0,7961.0,6824.0,6824.0
GODAVARI GLOBAL UNIVERSITY,CSC,EG,RAJAHMUNDRY,COED,2799.0,2799.0,5318.0,5318.0,6438.0,6438.0,3639.0,3639.0,4199.0,4199.0,4199.0,4199.0,4479.0,4479.0,3919.0,3919.0,3359.0,3359.0
GODAVARI GLOBAL UNIVERSITY,CSC,EG,RAJAHMUNDRY,COED,6666.0,6666.0,12666.0,12666.0,15333.0,15333.0,8666.0,8666.0,9999.0,9999.0,9999.0,9999.0,10666.0,10666.0,9333.0,9333.0,8000.0,8000.0
GODAVARI GLOBAL UNIVERSITY,CSD,EG,RAJAHMUNDRY,COED,3212.0,3212.0,6103.0,6103.0,7388.0,7388.0,4176.0,4176.0,4818.0,4818.0,4818.0,4818.0,5140.0,5140.0,4497.0,4497.0,3855.0,3855.0
GODAVARI GLOBAL UNIVERSITY,CSD,EG,RAJAHMUNDRY,COED,6404.0,6404.0,12168.0,12168.0,14730.0,14730.0,8326.0,8326.0,9606.0,9606.0,9606.0,9606.0,10247.0,10247.0,8966.0,8966.0,7685.0,7685.0
GODAVARI GLOBAL UNIVERSITY,CSE,EG,RAJAHMUNDRY,COED,2840.0,2840.0,5395.0,5395.0,6531.0,6531.0,3691.0,3691.0,4259.0,4259.0,4259.0,4259.0,4543.0,4543.0,3975.0,3975.0,3408.0,3408.0
GODAVARI GLOBAL UNIVERSITY,CSE,EG,RAJAHMUNDRY,COED,7253.0,7253.0,13781.0,13781.0,16682.0,16682.0,9429.0,9429.0,10879.0,10879.0,10879.0,10879.0,11605.0,11605.0,10154.0,10154.0,8703.0,8703.0
GODAVARI GLOBAL UNIVERSITY,CSM,EG,RAJAHMUNDRY,COED,2821.0,2821.0,5360.0,5360.0,6488.0,6488.0,3667.0,3667.0,4231.0,4231.0,4231.0,4231.0,4513.0,4513.0,3949.0,3949.0,3385.0,3385.0
GODAVARI GLOBAL UNIVERSITY,CSM,EG,RAJAHMUNDRY,COED,9957.0,9957.0,18918.0,18918.0,22900.0,22900.0,12944.0,12944.0,14935.0,14935.0,14935.0,14935.0,15931.0,15931.0,13939.0,13939.0,11948.0,11948.0
GODAVARI GLOBAL UNIVERSITY,ECE,EG,RAJAHMUNDRY,COED,3239.0,3239.0,6154.0,6154.0,7450.0,7450.0,4211.0,4211.0,4858.0,4858.0,4858.0,4858.0,5182.0,5182.0,4535.0,4535.0,3887.0,3887.0
GODAVARI GLOBAL UNIVERSITY,ECE,EG,RAJAHMUNDRY,COED,3658.0,3658.0,6950.0,6950.0,8413.0,8413.0,4755.0,4755.0,5487.0,5487.0,5487.0,5487.0,5853.0,5853.0,5121.0,5121.0,4389.0,4389.0
GODAVARI GLOBAL UNIVERSITY,EEE,EG,RAJAHMUNDRY,COED,5426.0,5426.0,10309.0,10309.0,12479.0,12479.0,7053.0,7053.0,8139.0,8139.0,8139.0,8139.0,8681.0,8681.0,7596.0,7596.0,6511.0,6511.0
GODAVARI GLOBAL UNIVERSITY,EEE,EG,RAJAHMUNDRY,COED,5662.0,5662.0,10757.0,10757.0,13022.0,13022.0,7360.0,7360.0,8493.0,8493.0,8493.0,8493.0,9059.0,9059.0,7926.0,7926.0,6794.0,6794.0
GODAVARI GLOBAL UNIVERSITY,MEC,EG,RAJAHMUNDRY,COED,6467.0,6467.0,12288.0,12288.0,14875.0,14875.0,8407.0,8407.0,9701.0,9701.0,9701.0,9701.0,10348.0,10348.0,9054.0,9054.0,7761.0,7761.0
GODAVARI GLOBAL UNIVERSITY,MEC,EG,RAJAHMUNDRY,COED,5600.0,5600.0,10639.0,10639.0,12879.0,12879.0,7280.0,7280.0,8400.0,8400.0,8400.0,8400.0,8960.0,8960.0,7840.0,7840.0,6720.0,6720.0
GODAVARI GLOBAL UNIVERSITY,MIN,EG,RAJAHMUNDRY,COED,9842.0,9842.0,18701.0,18701.0,22638.0,22638.0,12795.0,12795.0,14764.0,14764.0,14764.0,14764.0,15748.0,15748.0,13779.0,13779.0,11811.0,11811.0
GODAVARI GLOBAL UNIVERSITY,MIN,EG,RAJAHMUNDRY,COED,11575.0,11575.0,21992.0,21992.0,26622.0,26622.0,15047.0,15047.0,17362.0,17362.0,17362.0,17362.0,18519.0,18519.0,16204.0,16204.0,13890.0,13890.0
Dr. N T R COLLEGE OF AGRICULTURAL ENGINEERING,AGR,GTR,BAPATLA,COED,7305.0,7305.0,13880.0,13880.0,16802.0,16802.0,9497.0,9497.0,10958.0,10958.0,10958.0,10958.0,11688.0,11688.0,10227.0,10227.0,8766.0,8766.0
Dr. N T R COLLEGE OF FOOD SCIENCE AND TECHNOLOGY,FDT,GTR,BAPATLA,COED,9648.0,9648.0,18331.0,18331.0,22190.0,22190.0,12542.0,12542.0,14471.0,14471.0,14471.0,14471.0,15436.0,15436.0,13507.0,13507.0,11577.0,11577.0
S R M UNIVERSITY AP,CIV,GTR,AMARAVATHI,COED,555.0,555.0,1055.0,1055.0,1277.0,1277.0,722.0,722.0,833.0,833.0,833.0,833.0,888.0,888.0,777.0,777.0,666.0,666.0
S R M UNIVERSITY AP,CIV,GTR,AMARAVATHI,COED,1466.0,1466.0,2786.0,2786.0,3372.0,3372.0,1906.0,1906.0,2199.0,2199.0,2199.0,2199.0,2346.0,2346.0,2053.0,2053.0,1759.0,1759.0
S R M UNIVERSITY AP,CSE,GTR,AMARAVATHI,COED,258.0,258.0,490.0,490.0,593.0,593.0,335.0,335.0,387.0,387.0,387.0,387.0,413.0,413.0,361.0,361.0,310.0,310.0
S R M UNIVERSITY AP,CSE,GTR,AMARAVATHI,COED,488.0,488.0,927.0,927.0,1123.0,1123.0,634.0,634.0,732.0,732.0,732.0,732.0,781.0,781.0,683.0,683.0,586.0,586.0
S R M UNIVERSITY AP,ECE,GTR,AMARAVATHI,COED,205.0,205.0,389.0,389.0,471.0,471.0,266.0,266.0,307.0,307.0,307.0,307.0,327.0,327.0,286.0,286.0,246.0,246.0
S R M UNIVERSITY AP,ECE,GTR,AMARAVATHI,COED,449.0,449.0,853.0,853.0,1032.0,1032.0,583.0,583.0,673.0,673.0,673.0,673.0,718.0,718.0,628.0,628.0,539.0,539.0
S R M UNIVERSITY AP,EEE,GTR,AMARAVATHI,COED,342.0,342.0,650.0,650.0,787.0,787.0,445.0,445.0,513.0,513.0,513.0,513.0,547.0,547.0,479.0,479.0,410.0,410.0
S R M UNIVERSITY AP,EEE,GTR,AMARAVATHI,COED,546.0,546.0,1036.0,1036.0,1255.0,1255.0,709.0,709.0,818.0,818.0,818.0,818.0,873.0,873.0,764.0,764.0,655.0,655.0
S R M UNIVERSITY AP,MEC,GTR,AMARAVATHI,COED,393.0,393.0,747.0,747.0,904.0,904.0,511.0,511.0,590.0,590.0,590.0,590.0,629.0,629.0,550.0,550.0,472.0,472.0
S R M UNIVERSITY AP,MEC,GTR,AMARAVATHI,COED,344.0,344.0,653.0,653.0,791.0,791.0,447.0,447.0,516.0,516.0,516.0,516.0,550.0,550.0,481.0,481.0,413.0,413.0
VIT-AP UNIVERSITY,CBC,GTR,AMARAVATHI,COED,267.0,267.0,508.0,508.0,614.0,614.0,347.0,347.0,401.0,401.0,401.0,401.0,427.0,427.0,374.0,374.0,321.0,321.0
VIT-AP UNIVERSITY,CBC,GTR,AMARAVATHI,COED,400.0,400.0,759.0,759.0,919.0,919.0,520.0,520.0,599.0,599.0,599.0,599.0,639.0,639.0,560.0,560.0,480.0,480.0
VIT-AP UNIVERSITY,CDA,GTR,AMARAVATHI,COED,236.0,236.0,449.0,449.0,543.0,543.0,307.0,307.0,354.0,354.0,354.0,354.0,378.0,378.0,331.0,331.0,283.0,283.0
VIT-AP UNIVERSITY,CDA,GTR,AMARAVATHI,COED,371.0,371.0,705.0,705.0,853.0,853.0,482.0,482.0,557.0,557.0,557.0,557.0,594.0,594.0,519.0,519.0,445.0,445.0
VIT-AP UNIVERSITY,CSB,GTR,AMARAVATHI,COED,318.0,318.0,605.0,605.0,732.0,732.0,414.0,414.0,477.0,477.0,477.0,477.0,509.0,509.0,446.0,446.0,382.0,382.0
VIT-AP UNIVERSITY,CSB,GTR,AMARAVATHI,COED,570.0,570.0,1084.0,1084.0,1312.0,1312.0,742.0,742.0,856.0,856.0,856.0,856.0,913.0,913.0,799.0,799.0,684.0,684.0
VIT-AP UNIVERSITY,CSC,GTR,AMARAVATHI,COED,263.0,263.0,500.0,500.0,605.0,605.0,342.0,342.0,395.0,395.0,395.0,395.0,421.0,421.0,368.0,368.0,316.0,316.0
VIT-AP UNIVERSITY,CSC,GTR,AMARAVATHI,COED,471.0,471.0,894.0,894.0,1082.0,1082.0,612.0,612.0,706.0,706.0,706.0,706.0,753.0,753.0,659.0,659.0,565.0,565.0
VIT-AP UNIVERSITY,CSE,GTR,AMARAVATHI,COED,231.0,231.0,438.0,438.0,531.0,531.0,300.0,300.0,346.0,346.0,346.0,346.0,369.0,369.0,323.0,323.0,277.0,277.0
VIT-AP UNIVERSITY,CSE,GTR,AMARAVATHI,COED,456.0,456.0,866.0,866.0,1048.0,1048.0,592.0,592.0,683.0,683.0,683.0,683.0,729.0,729.0,638.0,638.0,547.0,547.0
VIT-AP UNIVERSITY,CSM,GTR,AMARAVATHI,COED,254.0,254.0,482.0,482.0,583.0,583.0,330.0,330.0,381.0,381.0,381.0,381.0,406.0,406.0,355.0,355.0,304.0,304.0
VIT-AP UNIVERSITY,CSM,GTR,AMARAVATHI,COED,444.0,444.0,844.0,844.0,1021.0,1021.0,577.0,577.0,666.0,666.0,666.0,666.0,710.0,710.0,622.0,622.0,533.0,533.0
VIT-AP UNIVERSITY,CSW,GTR,AMARAVATHI,COED,271.0,271.0,515.0,515.0,623.0,623.0,352.0,352.0,406.0,406.0,406.0,406.0,433.0,433.0,379.0,379.0,325.0,325.0
VIT-AP UNIVERSITY,CSW,GTR,AMARAVATHI,COED,492.0,492.0,935.0,935.0,1132.0,1132.0,640.0,640.0,738.0,738.0,738.0,738.0,787.0,787.0,689.0,689.0,590.0,590.0
VIT-AP UNIVERSITY,ECE,GTR,AMARAVATHI,COED,305.0,305.0,580.0,580.0,702.0,702.0,397.0,397.0,458.0,458.0,458.0,458.0,489.0,489.0,427.0,427.0,366.0,366.0
VIT-AP UNIVERSITY,ECE,GTR,AMARAVATHI,COED,230.0,230.0,438.0,438.0,530.0,530.0,299.0,299.0,346.0,346.0,346.0,346.0,369.0,369.0,322.0,322.0,276.0,276.0
VIT-AP UNIVERSITY,ECES,GTR,AMARAVATHI,COED,245.0,245.0,465.0,465.0,563.0,563.0,318.0,318.0,367.0,367.0,367.0,367.0,392.0,392.0,343.0,343.0,294.0,294.0
VIT-AP UNIVERSITY,ECES,GTR,AMARAVATHI,COED,442.0,442.0,839.0,839.0,1016.0,1016.0,574.0,574.0,663.0,663.0,663.0,663.0,707.0,707.0,618.0,618.0,530.0,530.0
VIT-AP UNIVERSITY,ECV,GTR,AMARAVATHI,COED,303.0,303.0,576.0,576.0,697.0,697.0,394.0,394.0,455.0,455.0,455.0,455.0,485.0,485.0,424.0,424.0,364.0,364.0
VIT-AP UNIVERSITY,ECV,GTR,AMARAVATHI,COED,463.0,463.0,880.0,880.0,1065.0,1065.0,602.0,602.0,695.0,695.0,695.0,695.0,741.0,741.0,648.0,648.0,556.0,556.0
VIT-AP UNIVERSITY,MAD,GTR,AMARAVATHI,COED,572.0,572.0,1086.0,1086.0,1315.0,1315.0,743.0,743.0,858.0,858.0,858.0,858.0,915.0,915.0,800.0,800.0,686.0,686.0
VIT-AP UNIVERSITY,MAD,GTR,AMARAVATHI,COED,415.0,415.0,789.0,789.0,955.0,955.0,540.0,540.0,623.0,623.0,623.0,623.0,664.0,664.0,581.0,581.0,498.0,498.0
VIT-AP UNIVERSITY,MEC,GTR,AMARAVATHI,COED,534.0,534.0,1015.0,1015.0,1228.0,1228.0,694.0,694.0,801.0,801.0,801.0,801.0,854.0,854.0,748.0,748.0,641.0,641.0
VIT-AP UNIVERSITY,MEC,GTR,AMARAVATHI,COED,809.0,809.0,1537.0,1537.0,1861.0,1861.0,1052.0,1052.0,1214.0,1214.0,1214.0,1214.0,1295.0,1295.0,1133.0,1133.0,971.0,971.0
VIT-AP UNIVERSITY,MRB,GTR,AMARAVATHI,COED,508.0,508.0,966.0,966.0,1169.0,1169.0,661.0,661.0,762.0,762.0,762.0,762.0,813.0,813.0,712.0,712.0,610.0,610.0
VIT-AP UNIVERSITY,MRB,GTR,AMARAVATHI,COED,1205.0,1205.0,2290.0,2290.0,2772.0,2772.0,1567.0,1567.0,1808.0,1808.0,1808.0,1808.0,1928.0,1928.0,1687.0,1687.0,1446.0,1446.0
VIT-AP UNIVERSITY-5 YEAR INTEGRATED MTECH,CSE,GTR,AMARAVATHI,COED,378.0,378.0,719.0,719.0,870.0,870.0,492.0,492.0,567.0,567.0,567.0,567.0,605.0,605.0,529.0,529.0,454.0,454.0
VIT-AP UNIVERSITY-5 YEAR INTEGRATED MTECH,CSE,GTR,AMARAVATHI,COED,662.0,662.0,1257.0,1257.0,1522.0,1522.0,860.0,860.0,992.0,992.0,992.0,992.0,1059.0,1059.0,926.0,926.0,794.0,794.0
VIT-AP UNIVERSITY-5 YEAR INTEGRATED MTECH,SWE,GTR,AMARAVATHI,COED,712.0,712.0,1352.0,1352.0,1637.0,1637.0,925.0,925.0,1068.0,1068.0,1068.0,1068.0,1139.0,1139.0,997.0,997.0,854.0,854.0
VIT-AP UNIVERSITY-5 YEAR INTEGRATED MTECH,SWE,GTR,AMARAVATHI,COED,952.0,952.0,1808.0,1808.0,2189.0,2189.0,1237.0,1237.0,1427.0,1427.0,1427.0,1427.0,1523.0,1523.0,1332.0,1332.0,1142.0,1142.0
ANNAMACHARYA  UNIVERSITY,AID,KDP,RAJAMPETA,COED,4935.0,4935.0,9377.0,9377.0,11351.0,11351.0,6416.0,6416.0,7403.0,7403.0,7403.0,7403.0,7896.0,7896.0,6909.0,6909.0,5922.0,5922.0
ANNAMACHARYA  UNIVERSITY,AID,KDP,RAJAMPETA,COED,2763.0,2763.0,5249.0,5249.0,6355.0,6355.0,3592.0,3592.0,4144.0,4144.0,4144.0,4144.0,4421.0,4421.0,3868.0,3868.0,3315.0,3315.0
ANNAMACHARYA  UNIVERSITY,AIM,KDP,RAJAMPETA,COED,7917.0,7917.0,15043.0,15043.0,18210.0,18210.0,10292.0,10292.0,11876.0,11876.0,11876.0,11876.0,12668.0,12668.0,11084.0,11084.0,9501.0,9501.0
ANNAMACHARYA  UNIVERSITY,AIM,KDP,RAJAMPETA,COED,2656.0,2656.0,5047.0,5047.0,6110.0,6110.0,3453.0,3453.0,3985.0,3985.0,3985.0,3985.0,4250.0,4250.0,3719.0,3719.0,3188.0,3188.0
ANNAMACHARYA  UNIVERSITY,CAI,KDP,RAJAMPETA,COED,6702.0,6702.0,12733.0,12733.0,15414.0,15414.0,8712.0,8712.0,10053.0,10053.0,10053.0,10053.0,10723.0,10723.0,9383.0,9383.0,8042.0,8042.0
ANNAMACHARYA  UNIVERSITY,CAI,KDP,RAJAMPETA,COED,2644.0,2644.0,5024.0,5024.0,6082.0,6082.0,3438.0,3438.0,3966.0,3966.0,3966.0,3966.0,4231.0,4231.0,3702.0,3702.0,3173.0,3173.0
ANNAMACHARYA  UNIVERSITY,CIC,KDP,RAJAMPETA,COED,8939.0,8939.0,16984.0,16984.0,20560.0,20560.0,11621.0,11621.0,13408.0,13408.0,13408.0,13408.0,14302.0,14302.0,12515.0,12515.0,10727.0,10727.0
ANNAMACHARYA  UNIVERSITY,CIC,KDP,RAJAMPETA,COED,3251.0,3251.0,6177.0,6177.0,7477.0,7477.0,4226.0,4226.0,4877.0,4877.0,4877.0,4877.0,5202.0,5202.0,4551.0,4551.0,3901.0,3901.0
ANNAMACHARYA  UNIVERSITY,CIV,KDP,RAJAMPETA,COED,11879.0,11879.0,22570.0,22570.0,27322.0,27322.0,15443.0,15443.0,17818.0,17818.0,17818.0,17818.0,19006.0,19006.0,16630.0,16630.0,14255.0,14255.0
ANNAMACHARYA  UNIVERSITY,CIV,KDP,RAJAMPETA,COED,8352.0,8352.0,15870.0,15870.0,19211.0,19211.0,10858.0,10858.0,12529.0,12529.0,12529.0,12529.0,13364.0,13364.0,11693.0,11693.0,10023.0,10023.0
ANNAMACHARYA  UNIVERSITY,CSD,KDP,RAJAMPETA,COED,5546.0,5546.0,10538.0,10538.0,12756.0,12756.0,7210.0,7210.0,8319.0,8319.0,8319.0,8319.0,8874.0,8874.0,7765.0,7765.0,6655.0,6655.0
ANNAMACHARYA  UNIVERSITY,CSD,KDP,RAJAMPETA,COED,2599.0,2599.0,4937.0,4937.0,5977.0,5977.0,3378.0,3378.0,3898.0,3898.0,3898.0,3898.0,4158.0,4158.0,3638.0,3638.0,3118.0,3118.0
ANNAMACHARYA  UNIVERSITY,CSE,KDP,RAJAMPETA,COED,5147.0,5147.0,9778.0,9778.0,11837.0,11837.0,6691.0,6691.0,7720.0,7720.0,7720.0,7720.0,8234.0,8234.0,7205.0,7205.0,6176.0,6176.0
ANNAMACHARYA  UNIVERSITY,CSE,KDP,RAJAMPETA,COED,2237.0,2237.0,4251.0,4251.0,5146.0,5146.0,2908.0,2908.0,3356.0,3356.0,3356.0,3356.0,3580.0,3580.0,3132.0,3132.0,2685.0,2685.0
ANNAMACHARYA  UNIVERSITY,CSM,KDP,RAJAMPETA,COED,4319.0,4319.0,8206.0,8206.0,9934.0,9934.0,5615.0,5615.0,6479.0,6479.0,6479.0,6479.0,6910.0,6910.0,6047.0,6047.0,5183.0,5183.0
ANNAMACHARYA  UNIVERSITY,CSM,KDP,RAJAMPETA,COED,1839.0,1839.0,3494.0,3494.0,4229.0,4229.0,2391.0,2391.0,2758.0,2758.0,2758.0,2758.0,2942.0,2942.0,2574.0,2574.0,2207.0,2207.0
ANNAMACHARYA  UNIVERSITY,ECE,KDP,RAJAMPETA,COED,4431.0,4431.0,8419.0,8419.0,10191.0,10191.0,5760.0,5760.0,6646.0,6646.0,6646.0,6646.0,7090.0,7090.0,6203.0,6203.0,5317.0,5317.0
ANNAMACHARYA  UNIVERSITY,ECE,KDP,RAJAMPETA,COED,2187.0,2187.0,4156.0,4156.0,5031.0,5031.0,2844.0,2844.0,3281.0,3281.0,3281.0,3281.0,3500.0,3500.0,3062.0,3062.0,2625.0,2625.0
ANNAMACHARYA  UNIVERSITY,EEE,KDP,RAJAMPETA,COED,3093.0,3093.0,5876.0,5876.0,7113.0,7113.0,4021.0,4021.0,4639.0,4639.0,4639.0,4639.0,4948.0,4948.0,4330.0,4330.0,3711.0,3711.0
ANNAMACHARYA  UNIVERSITY,EEE,KDP,RAJAMPETA,COED,4428.0,4428.0,8414.0,8414.0,10185.0,10185.0,5757.0,5757.0,6643.0,6643.0,6643.0,6643.0,7085.0,7085.0,6200.0,6200.0,5314.0,5314.0
ANNAMACHARYA  UNIVERSITY,MEC,KDP,RAJAMPETA,COED,11685.0,11685.0,22201.0,22201.0,26875.0,26875.0,15190.0,15190.0,17527.0,17527.0,17527.0,17527.0,18696.0,18696.0,16359.0,16359.0,14022.0,14022.0
ANNAMACHARYA  UNIVERSITY,MEC,KDP,RAJAMPETA,COED,4785.0,4785.0,9092.0,9092.0,11006.0,11006.0,6221.0,6221.0,7178.0,7178.0,7178.0,7178.0,7657.0,7657.0,6699.0,6699.0,5742.0,5742.0
COLLEGE OF FOOD SCIENCE AND TECHNOLOGY,FDT,KDP,PULIVENDULA,COED,5999.0,5999.0,11399.0,11399.0,13798.0,13798.0,7799.0,7799.0,8999.0,8999.0,8999.0,8999.0,9599.0,9599.0,8399.0,8399.0,7199.0,7199.0
DR.YSR ARCHITECTURE AND FINE ARTS UNIVERSITY,GDT,KDP,KADAPA,COED,8538.0,8538.0,16223.0,16223.0,19638.0,19638.0,11100.0,11100.0,12808.0,12808.0,12808.0,12808.0,13661.0,13661.0,11954.0,11954.0,10246.0,10246.0
DR.YSR ARCHITECTURE AND FINE ARTS UNIVERSITY,GDT,KDP,KADAPA,COED,11251.0,11251.0,21376.0,21376.0,25876.0,25876.0,14626.0,14626.0,16876.0,16876.0,16876.0,16876.0,18001.0,18001.0,15751.0,15751.0,13501.0,13501.0
CENTURION UNIVERSITY OF TECHNOLOGY & MANAGEMENT,CIC,VZM,TEKKALI,COED,3950.0,3950.0,7504.0,7504.0,9084.0,9084.0,5135.0,5135.0,5924.0,5924.0,5924.0,5924.0,6319.0,6319.0,5530.0,5530.0,4740.0,4740.0
CENTURION UNIVERSITY OF TECHNOLOGY & MANAGEMENT,CIC,VZM,TEKKALI,COED,1964.0,1964.0,3731.0,3731.0,4516.0,4516.0,2553.0,2553.0,2945.0,2945.0,2945.0,2945.0,3142.0,3142.0,2749.0,2749.0,2356.0,2356.0
CENTURION UNIVERSITY OF TECHNOLOGY & MANAGEMENT,CN,VZM,TEKKALI,COED,4007.0,4007.0,7613.0,7613.0,9216.0,9216.0,5209.0,5209.0,6010.0,6010.0,6010.0,6010.0,6411.0,6411.0,5610.0,5610.0,4808.0,4808.0
CENTURION UNIVERSITY OF TECHNOLOGY & MANAGEMENT,CN,VZM,TEKKALI,COED,7785.0,7785.0,14792.0,14792.0,17907.0,17907.0,10121.0,10121.0,11678.0,11678.0,11678.0,11678.0,12457.0,12457.0,10900.0,10900.0,9343.0,9343.0
CENTURION UNIVERSITY OF TECHNOLOGY & MANAGEMENT,CSBS,VZM,TEKKALI,COED,4783.0,4783.0,9087.0,9087.0,11000.0,11000.0,6218.0,6218.0,7174.0,7174.0,7174.0,7174.0,7652.0,7652.0,6696.0,6696.0,5739.0,5739.0
CENTURION UNIVERSITY OF TECHNOLOGY & MANAGEMENT,CSBS,VZM,TEKKALI,COED,5717.0,5717.0,10862.0,10862.0,13149.0,13149.0,7432.0,7432.0,8575.0,8575.0,8575.0,8575.0,9147.0,9147.0,8004.0,8004.0,6860.0,6860.0
CENTURION UNIVERSITY OF TECHNOLOGY & MANAGEMENT,CSD,VZM,TEKKALI,COED,3334.0,3334.0,6335.0,6335.0,7669.0,7669.0,4335.0,4335.0,5002.0,5002.0,5002.0,5002.0,5335.0,5335.0,4668.0,4668.0,4001.0,4001.0
CENTURION UNIVERSITY OF TECHNOLOGY & MANAGEMENT,CSD,VZM,TEKKALI,COED,1448.0,1448.0,2751.0,2751.0,3330.0,3330.0,1882.0,1882.0,2172.0,2172.0,2172.0,2172.0,2317.0,2317.0,2027.0,2027.0,1737.0,1737.0
CENTURION UNIVERSITY OF TECHNOLOGY & MANAGEMENT,CSM,VZM,TEKKALI,COED,2065.0,2065.0,3923.0,3923.0,4749.0,4749.0,2684.0,2684.0,3097.0,3097.0,3097.0,3097.0,3304.0,3304.0,2891.0,2891.0,2478.0,2478.0
CENTURION UNIVERSITY OF TECHNOLOGY & MANAGEMENT,CSM,VZM,TEKKALI,COED,6399.0,6399.0,12159.0,12159.0,14718.0,14718.0,8319.0,8319.0,9599.0,9599.0,9599.0,9599.0,10239.0,10239.0,8959.0,8959.0,7679.0,7679.0
CENTURION UNIVERSITY OF TECHNOLOGY & MANAGEMENT,CSW,VZM,TEKKALI,COED,3162.0,3162.0,6008.0,6008.0,7272.0,7272.0,4111.0,4111.0,4743.0,4743.0,4743.0,4743.0,5059.0,5059.0,4427.0,4427.0,3794.0,3794.0
CENTURION UNIVERSITY OF TECHNOLOGY & MANAGEMENT,CSW,VZM,TEKKALI,COED,9149.0,9149.0,17383.0,17383.0,21042.0,21042.0,11893.0,11893.0,13723.0,13723.0,13723.0,13723.0,14638.0,14638.0,12808.0,12808.0,10979.0,10979.0
CENTURION UNIVERSITY OF TECHNOLOGY & MANAGEMENT,EBM,VZM,TEKKALI,COED,5661.0,5661.0,10756.0,10756.0,13021.0,13021.0,7360.0,7360.0,8492.0,8492.0,8492.0,8492.0,9058.0,9058.0,7926.0,7926.0,6794.0,6794.0
CENTURION UNIVERSITY OF TECHNOLOGY & MANAGEMENT,EBM,VZM,TEKKALI,COED,5035.0,5035.0,9567.0,9567.0,11581.0,11581.0,6546.0,6546.0,7553.0,7553.0,7553.0,7553.0,8056.0,8056.0,7049.0,7049.0,6042.0,6042.0
CENTURION UNIVERSITY OF TECHNOLOGY & MANAGEMENT,ECE,VZM,TEKKALI,COED,1238.0,1238.0,2352.0,2352.0,2847.0,2847.0,1609.0,1609.0,1856.0,1856.0,1856.0,1856.0,1980.0,1980.0,1733.0,1733.0,1485.0,1485.0
CENTURION UNIVERSITY OF TECHNOLOGY & MANAGEMENT,ECE,VZM,TEKKALI,COED,5208.0,5208.0,9895.0,9895.0,11978.0,11978.0,6770.0,6770.0,7812.0,7812.0,7812.0,7812.0,8333.0,8333.0,7291.0,7291.0,6249.0,6249.0
CENTURION UNIVERSITY OF TECHNOLOGY & MANAGEMENT,EII,VZM,TEKKALI,COED,7527.0,7527.0,14300.0,14300.0,17311.0,17311.0,9785.0,9785.0,11290.0,11290.0,11290.0,11290.0,12043.0,12043.0,10537.0,10537.0,9032.0,9032.0
CENTURION UNIVERSITY OF TECHNOLOGY & MANAGEMENT,EII,VZM,TEKKALI,COED,7201.0,7201.0,13682.0,13682.0,16562.0,16562.0,9361.0,9361.0,10801.0,10801.0,10801.0,10801.0,11521.0,11521.0,10081.0,10081.0,8641.0,8641.0
CENTURION UNIVERSITY OF TECHNOLOGY & MANAGEMENT,MAU,VZM,TEKKALI,COED,3740.0,3740.0,7107.0,7107.0,8603.0,8603.0,4862.0,4862.0,5610.0,5610.0,5610.0,5610.0,5984.0,5984.0,5236.0,5236.0,4488.0,4488.0
CENTURION UNIVERSITY OF TECHNOLOGY & MANAGEMENT,MAU,VZM,TEKKALI,COED,10277.0,10277.0,19526.0,19526.0,23637.0,23637.0,13360.0,13360.0,15416.0,15416.0,15416.0,15416.0,16443.0,16443.0,14388.0,14388.0,12332.0,12332.0
CENTURION UNIVERSITY OF TECHNOLOGY & MANAGEMENT,MEC,VZM,TEKKALI,COED,6821.0,6821.0,12960.0,12960.0,15688.0,15688.0,8867.0,8867.0,10231.0,10231.0,10231.0,10231.0,10913.0,10913.0,9549.0,9549.0,8185.0,8185.0
CENTURION UNIVERSITY OF TECHNOLOGY & MANAGEMENT,MEC,VZM,TEKKALI,COED,6452.0,6452.0,12259.0,12259.0,14840.0,14840.0,8388.0,8388.0,9678.0,9678.0,9678.0,9678.0,10324.0,10324.0,9033.0,9033.0,7743.0,7743.0
CENTURION UNIVERSITY OF TECHNOLOGY & MANAGEMENT,MII,VZM,TEKKALI,COED,11484.0,11484.0,21820.0,21820.0,26414.0,26414.0,14930.0,14930.0,17226.0,17226.0,17226.0,17226.0,18375.0,18375.0,16078.0,16078.0,13781.0,13781.0
CENTURION UNIVERSITY OF TECHNOLOGY & MANAGEMENT,MMM,VZM,TEKKALI,COED,9692.0,9692.0,18415.0,18415.0,22291.0,22291.0,12599.0,12599.0,14538.0,14538.0,14538.0,14538.0,15507.0,15507.0,13569.0,13569.0,11630.0,11630.0
CENTURION UNIVERSITY OF TECHNOLOGY & MANAGEMENT,MMM,VZM,TEKKALI,COED,10838.0,10838.0,20593.0,20593.0,24928.0,24928.0,14090.0,14090.0,16258.0,16258.0,16258.0,16258.0,17341.0,17341.0,15174.0,15174.0,13006.0,13006.0
