Institute_Group,Institute,Academic Program Name,Quota,Gender,OPEN (CRL) Round 1,OPEN (PwD) (CRL) Round 1,OPEN (CRL) Round 2,OPEN (PwD) (CRL) Round 2,OPEN (CRL) Round 3,OPEN (PwD) (CRL) Round 3,OPEN (CRL) Round 4,OPEN (PwD) (CRL) Round 4,OPEN (CRL) Round 5,OPEN (PwD) (CRL) Round 5,OPEN (CRL) Round 6,OPEN (PwD) (CRL) Round 6,EWS (Category Rank) Round 1,EWS (PwD) (Category Rank) Round 1,EWS (Category Rank) Round 2,EWS (PwD) (Category Rank) Round 2,EWS (Category Rank) Round 3,EWS (PwD) (Category Rank) Round 3,EWS (Category Rank) Round 4,EWS (PwD) (Category Rank) Round 4,EWS (Category Rank) Round 5,EWS (PwD) (Category Rank) Round 5,EWS (Category Rank) Round 6,EWS (PwD) (Category Rank) Round 6,OBC-NCL (Category Rank) Round 1,OBC-NCL (PwD) (Category Rank) Round 1,OBC-NCL (Category Rank) Round 2,OBC-NCL (PwD) (Category Rank) Round 2,OBC-NCL (Category Rank) Round 3,OBC-NCL (PwD) (Category Rank) Round 3,OBC-NCL (Category Rank) Round 4,OBC-NCL (PwD) (Category Rank) Round 4,OBC-NCL (Category Rank) Round 5,OBC-NCL (PwD) (Category Rank) Round 5,OBC-NCL (Category Rank) Round 6,OBC-NCL (PwD) (Category Rank) Round 6,SC (Category Rank) Round 1,SC (PwD) (Category Rank) Round 1,SC (Category Rank) Round 2,SC (PwD) (Category Rank) Round 2,SC (Category Rank) Round 3,SC (PwD) (Category Rank) Round 3,SC (Category Rank) Round 4,SC (PwD) (Category Rank) Round 4,SC (Category Rank) Round 5,SC (PwD) (Category Rank) Round 5,SC (Category Rank) Round 6,SC (PwD) (Category Rank) Round 6,ST (Category Rank) Round 1,ST (PwD) (Category Rank) Round 1,ST (Category Rank) Round 2,ST (PwD) (Category Rank) Round 2,ST (Category Rank) Round 3,ST (PwD) (Category Rank) Round 3,ST (Category Rank) Round 4,ST (PwD) (Category Rank) Round 4,ST (Category Rank) Round 5,ST (PwD) (Category Rank) Round 5,ST (Category Rank) Round 6,ST (PwD) (Category Rank) Round 6
GFTI,"Assam University, Silchar","Agricultural Engineering (4 Years, Bachelor of Technology)",AI,Female-only (including Supernumerary),68243.0,,68243.0,,68243.0,,68243.0,,68243.0,,86651.0,,,,,,,,,,,,,,24871.0,,25747.0,,25747.0,,25747.0,,25747.0,,31327.0,,,,,,,,,,,,,,,,,,,,,,,,,
GFTI,"Assam University, Silchar","Agricultural Engineering (4 Years, Bachelor of Technology)",AI,Gender-Neutral,66923.0,1032.0,73662.0,1032.0,77136.0,1032.0,77136.0,1032.0,80704.0,1032.0,88476.0,1032.0,10958.0,,11690.0,,13158.0,,13158.0,,13458.0,,15343.0,,23389.0,,26857.0,,28846.0,,28846.0,,29422.0,,31848.0,,12119.0,,13512.0,,14075.0,,14075.0,,14075.0,,14075.0,,4635.0,,5856.0,,6064.0,,6064.0,,6064.0,,6064.0,
GFTI,"Assam University, Silchar","Agricultural Engineering (4 Years, Bachelor of Technology)",HS,Female-only (including Supernumerary),129629.0,,129629.0,,129629.0,,129629.0,,129629.0,,129629.0,,,,,,,,,,,,,,70635.0,,77452.0,,77452.0,,77452.0,,79678.0,,117238.0,,14181.0,,21049.0,,21049.0,,21049.0,,21049.0,,21049.0,,,,,,,,,,,,,
GFTI,"Assam University, Silchar","Agricultural Engineering (4 Years, Bachelor of Technology)",HS,Gender-Neutral,141227.0,,159214.0,,184210.0,,184210.0,,219741.0,,246536.0,,23746.0,,30183.0,,35694.0,,35694.0,,38007.0,,40209.0,,69612.0,,85861.0,,95341.0,,95341.0,,107142.0,,127136.0,,21582.0,,21841.0,,22101.0,,22101.0,,22101.0,,24756.0,,6618.0,,7236.0,,8707.0,,8707.0,,8707.0,,9527.0,
GFTI,"Assam University, Silchar","Computer Science and Engineering (4 Years, Bachelor of Technology)",AI,Female-only (including Supernumerary),44196.0,,49476.0,,49476.0,,49476.0,,49476.0,,49476.0,,,,,,,,,,,,,,16458.0,,21274.0,,21274.0,,21274.0,,21274.0,,21274.0,,,,,,,,,,,,,,,,,,,,,,,,,
GFTI,"Assam University, Silchar","Computer Science and Engineering (4 Years, Bachelor of Technology)",AI,Gender-Neutral,45009.0,1027.0,48985.0,1618.0,52326.0,1618.0,52326.0,1618.0,54614.0,1618.0,58926.0,1618.0,7753.0,,8300.0,,8300.0,,8300.0,,8368.0,,9188.0,,17023.0,,18377.0,,18389.0,,18389.0,,19410.0,,20538.0,,8992.0,,9658.0,,10055.0,,10055.0,,10303.0,,10559.0,,3944.0,,3962.0,,3962.0,,3962.0,,3962.0,,3962.0,
GFTI,"Assam University, Silchar","Computer Science and Engineering (4 Years, Bachelor of Technology)",HS,Female-only (including Supernumerary),58413.0,,115147.0,,120410.0,,120410.0,,128240.0,,128714.0,,,,,,,,,,,,,,65659.0,,69071.0,,70503.0,,70503.0,,70503.0,,70503.0,,11992.0,,12197.0,,12197.0,,12197.0,,12197.0,,16085.0,,,,,,,,,,,,,
GFTI,"Assam University, Silchar","Computer Science and Engineering (4 Years, Bachelor of Technology)",HS,Gender-Neutral,84087.0,3099.0,87732.0,3099.0,87938.0,3099.0,87938.0,3099.0,88494.0,3099.0,98436.0,3099.0,14070.0,,15801.0,,16299.0,,16299.0,,16299.0,,17225.0,,46885.0,,56970.0,,58429.0,,58429.0,,58429.0,,63382.0,,13347.0,,13772.0,,13772.0,,13772.0,,13772.0,,14298.0,,4841.0,,5440.0,,5440.0,,5440.0,,5792.0,,5792.0,
GFTI,"Assam University, Silchar","Electronics and Communication Engineering (4 Years, Bachelor of Technology)",AI,Female-only (including Supernumerary),57126.0,,57628.0,,57628.0,,57628.0,,57628.0,,64485.0,,,,,,,,,,,,,,17591.0,,22835.0,,22835.0,,22835.0,,22835.0,,22835.0,,,,,,,,,,,,,,,,,,,,,,,,,
GFTI,"Assam University, Silchar","Electronics and Communication Engineering (4 Years, Bachelor of Technology)",AI,Gender-Neutral,50710.0,2475.0,59214.0,3972.0,60376.0,3972.0,60376.0,3972.0,60499.0,3972.0,67237.0,,8126.0,,9212.0,,9513.0,,9513.0,,9513.0,,10088.0,,17790.0,,20009.0,,21809.0,,21809.0,,21979.0,,22756.0,,9425.0,,11017.0,,11466.0,,11466.0,,11558.0,,11619.0,,3962.0,,4717.0,,4717.0,,4717.0,,4717.0,,4717.0,
GFTI,"Assam University, Silchar","Electronics and Communication Engineering (4 Years, Bachelor of Technology)",HS,Female-only (including Supernumerary),89120.0,,110055.0,,110055.0,,110055.0,,110055.0,,110055.0,,,,,,,,,,,,,,70503.0,,70503.0,,73828.0,,73828.0,,73828.0,,73828.0,,13772.0,,14723.0,,14723.0,,14723.0,,14723.0,,17977.0,,,,,,,,,,,,,
GFTI,"Assam University, Silchar","Electronics and Communication Engineering (4 Years, Bachelor of Technology)",HS,Gender-Neutral,92405.0,3211.0,95560.0,,101205.0,,101205.0,,114043.0,,128531.0,,17225.0,,17736.0,,18065.0,,18065.0,,18065.0,,23746.0,,54835.0,,69245.0,,74823.0,,74823.0,,77667.0,,81167.0,,14268.0,,14795.0,,14851.0,,14851.0,,14910.0,,18203.0,,5877.0,,6010.0,,6010.0,,6010.0,,6112.0,,6595.0,
GFTI,"Birla Institute of Technology, Deoghar Off-Campus","Computer Science and Engineering (4 Years, Bachelor of Technology)",AI,Female-only (including Supernumerary),49057.0,,53432.0,,55138.0,,55138.0,,57735.0,,57876.0,,,,,,,,,,,,,,,,,,,,,,,,,,,,,,,,,,,,,,,,,,,,,,,,,
GFTI,"Birla Institute of Technology, Deoghar Off-Campus","Computer Science and Engineering (4 Years, Bachelor of Technology)",AI,Gender-Neutral,46953.0,2169.0,49631.0,2311.0,51065.0,2311.0,51065.0,2311.0,52039.0,2311.0,57517.0,2311.0,7169.0,,7729.0,,7933.0,,7933.0,,8012.0,,9031.0,,17899.0,984.0,19266.0,,19801.0,,19801.0,,20160.0,,21559.0,,10097.0,,10772.0,,10956.0,,10956.0,,11018.0,,11416.0,,4775.0,,5198.0,,5639.0,,5639.0,,5816.0,,5878.0,
GFTI,"Birla Institute of Technology, Deoghar Off-Campus","Computer Science and Engineering (4 Years, Bachelor of Technology)",HS,Female-only (including Supernumerary),92468.0,,92809.0,,92809.0,,92809.0,,107147.0,,133232.0,,,,,,,,,,,,,,,,,,,,,,,,,,,,,,,,,,,,,,,,,,,,,,,,,
GFTI,"Birla Institute of Technology, Deoghar Off-Campus","Computer Science and Engineering (4 Years, Bachelor of Technology)",HS,Gender-Neutral,83196.0,3517.0,95523.0,,104254.0,,104254.0,,106444.0,,113577.0,,16294.0,,17147.0,,18523.0,,18523.0,,18523.0,,19522.0,,,,,,,,,,,,,,19214.0,,22156.0,,24974.0,,24974.0,,25522.0,,26630.0,,12885.0,,25137.0,,35686.0,,35686.0,,34523.0,,34523.0,
GFTI,"Birla Institute of Technology, Deoghar Off-Campus","Electrical and Electronics Engineering (4 Years, Bachelor of Technology)",AI,Female-only (including Supernumerary),56686.0,,66173.0,,67724.0,,67724.0,,67724.0,,68715.0,,,,,,,,,,,,,,,,,,,,,,,,,,,,,,,,,,,,,,,,,,,,,,,,,
GFTI,"Birla Institute of Technology, Deoghar Off-Campus","Electrical and Electronics Engineering (4 Years, Bachelor of Technology)",AI,Gender-Neutral,56684.0,1696.0,61726.0,,62513.0,,62513.0,,64514.0,,68479.0,,8844.0,,9757.0,,10070.0,,10070.0,,10070.0,,10376.0,,19015.0,1465.0,21120.0,,22691.0,,22691.0,,23041.0,,25052.0,,10463.0,,11442.0,,11952.0,,11952.0,,11952.0,,11952.0,,5200.0,,5907.0,,6204.0,,6204.0,,6247.0,,6493.0,
GFTI,"Birla Institute of Technology, Deoghar Off-Campus","Electrical and Electronics Engineering (4 Years, Bachelor of Technology)",HS,Female-only (including Supernumerary),108276.0,,114510.0,,114689.0,,114689.0,,133600.0,,138829.0,,,,,,,,,,,,,,,,,,,,,,,,,,,,,,,,,,,,,,,,,,,,,,,,,
GFTI,"Birla Institute of Technology, Deoghar Off-Campus","Electrical and Electronics Engineering (4 Years, Bachelor of Technology)",HS,Gender-Neutral,99408.0,,114689.0,,124523.0,,124523.0,,137091.0,,144484.0,,19202.0,,20553.0,,22563.0,,22563.0,,26818.0,,27594.0,,,,,,,,,,,,,,22156.0,,26628.0,,28056.0,,28056.0,,29840.0,,31323.0,,17508.0,,37125.0,,46744.0,,46744.0,,15410.0,,15410.0,
GFTI,"Birla Institute of Technology, Deoghar Off-Campus","Electronics and Communication Engineering (4 Years, Bachelor of Technology)",AI,Female-only (including Supernumerary),55572.0,,63115.0,,63756.0,,63756.0,,64824.0,,66733.0,,,,,,,,,,,,,,,,,,,,,,,,,,,,,,,,,,,,,,,,,,,,,,,,,
GFTI,"Birla Institute of Technology, Deoghar Off-Campus","Electronics and Communication Engineering (4 Years, Bachelor of Technology)",AI,Gender-Neutral,55073.0,3847.0,61107.0,,62268.0,,62268.0,,62547.0,,66125.0,,8012.0,,9469.0,,9629.0,,9629.0,,9919.0,,10278.0,,19756.0,1740.0,21677.0,,22405.0,,22405.0,,22718.0,,23232.0,,11018.0,,12184.0,,12405.0,,12405.0,,12771.0,,12956.0,,5130.0,,6114.0,,6225.0,,6225.0,,6445.0,,6445.0,
GFTI,"Birla Institute of Technology, Deoghar Off-Campus","Electronics and Communication Engineering (4 Years, Bachelor of Technology)",HS,Female-only (including Supernumerary),94505.0,,114061.0,,127946.0,,127946.0,,133232.0,,147287.0,,,,,,,,,,,,,,,,,,,,,,,,,,,,,,,,,,,,,,,,,,,,,,,,,
GFTI,"Birla Institute of Technology, Deoghar Off-Campus","Electronics and Communication Engineering (4 Years, Bachelor of Technology)",HS,Gender-Neutral,92107.0,,103375.0,,117036.0,,117036.0,,124523.0,,133575.0,,18523.0,,19245.0,,20244.0,,20244.0,,22563.0,,22884.0,,,,,,,,,,,,,,21240.0,,24617.0,,27049.0,,27049.0,,27049.0,,29840.0,,23711.0,,42858.0,,,,,,,,,
GFTI,"Birla Institute of Technology, Deoghar Off-Campus","Mechanical Engineering (4 Years, Bachelor of Technology)",AI,Female-only (including Supernumerary),62889.0,,70086.0,,70086.0,,70086.0,,70086.0,,76206.0,,,,,,,,,,,,,,,,,,,,,,,,,,,,,,,,,,,,,,,,,,,,,,,,,
GFTI,"Birla Institute of Technology, Deoghar Off-Campus","Mechanical Engineering (4 Years, Bachelor of Technology)",AI,Gender-Neutral,59607.0,,64285.0,,66982.0,,66982.0,,70172.0,,73343.0,,9390.0,,9762.0,,9919.0,,9919.0,,11069.0,,11218.0,,20910.0,,22994.0,,24413.0,,24413.0,,24413.0,,26484.0,,11171.0,,12009.0,,12009.0,,12009.0,,12009.0,,12704.0,,5712.0,,6536.0,,6705.0,,6705.0,,6705.0,,6705.0,
GFTI,"Birla Institute of Technology, Deoghar Off-Campus","Mechanical Engineering (4 Years, Bachelor of Technology)",HS,Female-only (including Supernumerary),113306.0,,117011.0,,143194.0,,143194.0,,144300.0,,153471.0,,,,,,,,,,,,,,,,,,,,,,,,,,,,,,,,,,,,,,,,,,,,,,,,,
GFTI,"Birla Institute of Technology, Deoghar Off-Campus","Mechanical Engineering (4 Years, Bachelor of Technology)",HS,Gender-Neutral,101643.0,,115842.0,,125236.0,,125236.0,,138712.0,,146293.0,,18440.0,,19779.0,,20398.0,,20398.0,,26869.0,,28039.0,,,,,,,,,,,,,,22259.0,,26807.0,,28679.0,,28679.0,,30159.0,,33268.0,,16888.0,,23597.0,,43156.0,,43156.0,,32874.0,,32874.0,
GFTI,"Birla Institute of Technology, Mesra, Ranchi","Architecture (5 Years, Bachelor of Architecture)",AI,Gender-Neutral,648.0,,809.0,,910.0,,910.0,,1014.0,,1016.0,,265.0,,280.0,,297.0,,297.0,,353.0,,353.0,,438.0,,478.0,,494.0,,494.0,,494.0,,571.0,,206.0,,269.0,,279.0,,279.0,,327.0,,341.0,,56.0,,56.0,,56.0,,56.0,,56.0,,172.0,
GFTI,"Birla Institute of Technology, Mesra, Ranchi","Architecture (5 Years, Bachelor of Architecture)",HS,Gender-Neutral,1527.0,,2236.0,,3038.0,,3038.0,,3406.0,,3690.0,,1169.0,,1169.0,,1169.0,,1169.0,,1169.0,,1169.0,,,,,,,,,,,,,,1292.0,,1319.0,,1319.0,,1319.0,,1319.0,,1319.0,,285.0,,318.0,,318.0,,318.0,,318.0,,318.0,
GFTI,"Birla Institute of Technology, Mesra, Ranchi","Artificial Intelligence and Machine Learning (4 Years, Bachelor of Technology)",AI,Female-only (including Supernumerary),28439.0,,29608.0,,29608.0,,29608.0,,30228.0,,31292.0,,,,,,,,,,,,,,,,,,,,,,,,,,,,,,,,,,,,,,,,,,,,,,,,,
GFTI,"Birla Institute of Technology, Mesra, Ranchi","Artificial Intelligence and Machine Learning (4 Years, Bachelor of Technology)",AI,Gender-Neutral,18212.0,567.0,19027.0,1000.0,19027.0,1000.0,19027.0,1000.0,19181.0,1000.0,20008.0,1000.0,3258.0,,3291.0,,3291.0,,3291.0,,3291.0,,3651.0,,8080.0,578.0,8241.0,1058.0,8241.0,1735.0,8241.0,1735.0,8241.0,1735.0,8528.0,1735.0,5686.0,,6504.0,,6975.0,,6975.0,,6988.0,,6988.0,,2984.0,,3251.0,,3422.0,,3422.0,,3422.0,,3602.0,
GFTI,"Birla Institute of Technology, Mesra, Ranchi","Artificial Intelligence and Machine Learning (4 Years, Bachelor of Technology)",HS,Female-only (including Supernumerary),47214.0,,53742.0,,56359.0,,56359.0,,56359.0,,56359.0,,,,,,,,,,,,,,,,,,,,,,,,,,,,,,,,,,,,,,,,,,,,,,,,,
GFTI,"Birla Institute of Technology, Mesra, Ranchi","Artificial Intelligence and Machine Learning (4 Years, Bachelor of Technology)",HS,Gender-Neutral,34355.0,1058.0,34822.0,1322.0,34822.0,1322.0,34822.0,1322.0,35188.0,1322.0,37238.0,1322.0,6743.0,,7524.0,,7524.0,,7524.0,,7524.0,,7559.0,,,,,,,,,,,,,,10115.0,,11296.0,,11296.0,,11296.0,,11296.0,,11296.0,,7998.0,,8993.0,,8993.0,,8993.0,,9098.0,,12245.0,
GFTI,"Birla Institute of Technology, Mesra, Ranchi","Bio Technology (4 Years, Bachelor of Technology)",AI,Female-only (including Supernumerary),39577.0,,52616.0,,56476.0,,56476.0,,63804.0,,64019.0,,,,,,,,,,,,,,,,,,,,,,,,,,,,,,,,,,,,,,,,,,,,,,,,,
GFTI,"Birla Institute of Technology, Mesra, Ranchi","Bio Technology (4 Years, Bachelor of Technology)",AI,Gender-Neutral,46939.0,2889.0,52339.0,3137.0,53621.0,,53621.0,,54300.0,,59086.0,,8391.0,,8842.0,,8842.0,,8842.0,,8842.0,,8842.0,,15947.0,,19615.0,,19929.0,,19929.0,,20543.0,,21336.0,,9657.0,,10352.0,,11112.0,,11112.0,,11112.0,,11173.0,,4899.0,,4899.0,,4899.0,,4899.0,,4899.0,,4899.0,
GFTI,"Birla Institute of Technology, Mesra, Ranchi","Bio Technology (4 Years, Bachelor of Technology)",HS,Female-only (including Supernumerary),55797.0,,93231.0,,93231.0,,93231.0,,93231.0,,101650.0,,,,,,,,,,,,,,,,,,,,,,,,,,,,,,,,,,,,,,,,,,,,,,,,,
GFTI,"Birla Institute of Technology, Mesra, Ranchi","Bio Technology (4 Years, Bachelor of Technology)",HS,Gender-Neutral,84818.0,,94953.0,,101107.0,,101107.0,,102330.0,,113717.0,,15011.0,,17012.0,,17147.0,,17147.0,,17147.0,,17894.0,,,,,,,,,,,,,,21755.0,,23977.0,,24580.0,,24580.0,,24580.0,,26859.0,,19837.0,,28119.0,,33724.0,,33724.0,,33724.0,,33724.0,
GFTI,"Birla Institute of Technology, Mesra, Ranchi","Chemical Engineering (4 Years, Bachelor of Technology)",AI,Female-only (including Supernumerary),49373.0,,53515.0,,57928.0,,57928.0,,57928.0,,63036.0,,,,,,,,,,,,,,,,,,,,,,,,,,,,,,,,,,,,,,,,,,,,,,,,,
GFTI,"Birla Institute of Technology, Mesra, Ranchi","Chemical Engineering (4 Years, Bachelor of Technology)",AI,Gender-Neutral,47248.0,2083.0,49382.0,3978.0,50905.0,,50905.0,,51144.0,,54554.0,,7620.0,,7917.0,,8094.0,,8094.0,,8094.0,,8527.0,,17577.0,1294.0,18560.0,1709.0,19018.0,,19018.0,,19131.0,,20139.0,,9729.0,,10857.0,,11101.0,,11101.0,,11173.0,,11329.0,,5123.0,,5506.0,,5524.0,,5524.0,,5831.0,,5908.0,
GFTI,"Birla Institute of Technology, Mesra, Ranchi","Chemical Engineering (4 Years, Bachelor of Technology)",HS,Female-only (including Supernumerary),84314.0,,91055.0,,95695.0,,95695.0,,95695.0,,101554.0,,,,,,,,,,,,,,,,,,,,,,,,,,,,,,,,,,,,,,,,,,,,,,,,,
GFTI,"Birla Institute of Technology, Mesra, Ranchi","Chemical Engineering (4 Years, Bachelor of Technology)",HS,Gender-Neutral,77379.0,2582.0,84726.0,,87290.0,,87290.0,,87763.0,,91841.0,,14693.0,,17723.0,,19408.0,,19408.0,,19765.0,,21338.0,,,,,,,,,,,,,,18718.0,,21958.0,,22156.0,,22156.0,,22156.0,,22156.0,,18271.0,,25291.0,,43941.0,,43941.0,,37160.0,,37160.0,
GFTI,"Birla Institute of Technology, Mesra, Ranchi","Civil Engineering (4 Years, Bachelor of Technology)",AI,Female-only (including Supernumerary),53180.0,,59458.0,,64167.0,,64167.0,,64336.0,,64868.0,,,,,,,,,,,,,,,,,,,,,,,,,,,,,,,,,,,,,,,,,,,,,,,,,
GFTI,"Birla Institute of Technology, Mesra, Ranchi","Civil Engineering (4 Years, Bachelor of Technology)",AI,Gender-Neutral,48654.0,1093.0,50777.0,2159.0,51875.0,2159.0,51875.0,2159.0,52654.0,2159.0,57616.0,2159.0,7825.0,,7951.0,,7951.0,,7951.0,,8250.0,,8821.0,,17267.0,913.0,18393.0,1738.0,18527.0,,18527.0,,18794.0,,19730.0,,9390.0,,10235.0,,10699.0,,10699.0,,10699.0,,10824.0,,3617.0,,3814.0,,3814.0,,3814.0,,3814.0,,4060.0,
GFTI,"Birla Institute of Technology, Mesra, Ranchi","Civil Engineering (4 Years, Bachelor of Technology)",HS,Female-only (including Supernumerary),90846.0,,94825.0,,99321.0,,99321.0,,114510.0,,114510.0,,,,,,,,,,,,,,,,,,,,,,,,,,,,,,,,,,,,,,,,,,,,,,,,,
GFTI,"Birla Institute of Technology, Mesra, Ranchi","Civil Engineering (4 Years, Bachelor of Technology)",HS,Gender-Neutral,76113.0,,84536.0,,86533.0,,86533.0,,86581.0,,92424.0,,13322.0,,13510.0,,13510.0,,13510.0,,13510.0,,15011.0,,,,,,,,,,,,,,13544.0,,13544.0,,13544.0,,13544.0,,13544.0,,13544.0,,9800.0,,16888.0,,21258.0,,21258.0,,22817.0,,22817.0,
GFTI,"Birla Institute of Technology, Mesra, Ranchi","Computer Science and Engineering (4 Years, Bachelor of Technology)",AI,Female-only (including Supernumerary),24250.0,,27754.0,,27754.0,,27754.0,,27754.0,,28928.0,,,,,,,,,,,,,,,,,,,,,,,,,,,,,,,,,,,,,,,,,,,,,,,,,
GFTI,"Birla Institute of Technology, Mesra, Ranchi","Computer Science and Engineering (4 Years, Bachelor of Technology)",AI,Gender-Neutral,16476.0,920.0,16730.0,920.0,16730.0,920.0,16730.0,920.0,16897.0,920.0,18711.0,920.0,3129.0,,3153.0,,3153.0,,3153.0,,3155.0,,3417.0,,7238.0,546.0,7599.0,702.0,7599.0,702.0,7599.0,702.0,7599.0,702.0,7881.0,702.0,5561.0,,6287.0,,6298.0,,6298.0,,6298.0,,6307.0,,2420.0,,2863.0,,2863.0,,2863.0,,2863.0,,2863.0,
GFTI,"Birla Institute of Technology, Mesra, Ranchi","Computer Science and Engineering (4 Years, Bachelor of Technology)",HS,Female-only (including Supernumerary),45510.0,,50559.0,,50559.0,,50559.0,,50559.0,,51088.0,,,,,,,,,,,,,,,,,,,,,,,,,,,,,,,,,,,,,,,,,,,,,,,,,
GFTI,"Birla Institute of Technology, Mesra, Ranchi","Computer Science and Engineering (4 Years, Bachelor of Technology)",HS,Gender-Neutral,29002.0,3658.0,30491.0,3658.0,30491.0,3658.0,30491.0,3658.0,31836.0,3658.0,32592.0,3658.0,6624.0,,6743.0,,6743.0,,6743.0,,6743.0,,7452.0,,,,,,,,,,,,,,9803.0,,10115.0,,10115.0,,10115.0,,10115.0,,10117.0,,7077.0,,8252.0,,8369.0,,8369.0,,8514.0,,9142.0,
GFTI,"Birla Institute of Technology, Mesra, Ranchi","Electrical and Electronics Engineering (4 Years, Bachelor of Technology)",AI,Female-only (including Supernumerary),38953.0,,39506.0,,40341.0,,40341.0,,40341.0,,40984.0,,,,,,,,,,,,,,,,,,,,,,,,,,,,,,,,,,,,,,,,,,,,,,,,,
GFTI,"Birla Institute of Technology, Mesra, Ranchi","Electrical and Electronics Engineering (4 Years, Bachelor of Technology)",AI,Gender-Neutral,28399.0,2098.0,29710.0,3780.0,30296.0,3858.0,30296.0,3858.0,30375.0,4034.0,34595.0,4034.0,5236.0,,5548.0,,5849.0,,5849.0,,5849.0,,6511.0,,13978.0,1296.0,15343.0,1637.0,15390.0,1738.0,15390.0,1738.0,15390.0,1738.0,15874.0,1738.0,8298.0,,9490.0,,9585.0,,9585.0,,9585.0,,9971.0,,4296.0,,4894.0,,5123.0,,5123.0,,5171.0,,5418.0,
GFTI,"Birla Institute of Technology, Mesra, Ranchi","Electrical and Electronics Engineering (4 Years, Bachelor of Technology)",HS,Female-only (including Supernumerary),74925.0,,75993.0,,76748.0,,76748.0,,76748.0,,77030.0,,,,,,,,,,,,,,,,,,,,,,,,,,,,,,,,,,,,,,,,,,,,,,,,,
GFTI,"Birla Institute of Technology, Mesra, Ranchi","Electrical and Electronics Engineering (4 Years, Bachelor of Technology)",HS,Gender-Neutral,49025.0,4066.0,51744.0,,52050.0,,52050.0,,52050.0,,54382.0,,10051.0,,10997.0,,11103.0,,11103.0,,11103.0,,11749.0,,,,,,,,,,,,,,13901.0,,17191.0,,17682.0,,17682.0,,17682.0,,17682.0,,14634.0,,18706.0,,22670.0,,22670.0,,23896.0,,23896.0,
GFTI,"Birla Institute of Technology, Mesra, Ranchi","Electronics and Communication Engineering (4 Years, Bachelor of Technology)",AI,Female-only (including Supernumerary),33123.0,,35169.0,,35927.0,,35927.0,,35927.0,,39037.0,,,,,,,,,,,,,,,,,,,,,,,,,,,,,,,,,,,,,,,,,,,,,,,,,
GFTI,"Birla Institute of Technology, Mesra, Ranchi","Electronics and Communication Engineering (4 Years, Bachelor of Technology)",AI,Gender-Neutral,23407.0,2013.0,24579.0,2307.0,24927.0,2820.0,24927.0,2820.0,24964.0,2820.0,28464.0,2820.0,4522.0,,4643.0,,4656.0,,4656.0,,4760.0,,5408.0,,11481.0,1335.0,11978.0,1335.0,11978.0,1523.0,11978.0,1523.0,11978.0,,12332.0,,7314.0,,8452.0,,8621.0,,8621.0,,8621.0,,8712.0,,4139.0,,4389.0,,4389.0,,4389.0,,4487.0,,4487.0,
GFTI,"Birla Institute of Technology, Mesra, Ranchi","Electronics and Communication Engineering (4 Years, Bachelor of Technology)",HS,Female-only (including Supernumerary),61254.0,,64501.0,,67848.0,,67848.0,,67848.0,,71980.0,,,,,,,,,,,,,,,,,,,,,,,,,,,,,,,,,,,,,,,,,,,,,,,,,
GFTI,"Birla Institute of Technology, Mesra, Ranchi","Electronics and Communication Engineering (4 Years, Bachelor of Technology)",HS,Gender-Neutral,42550.0,4020.0,46437.0,4066.0,46926.0,4066.0,46926.0,4066.0,46983.0,4066.0,48312.0,4066.0,9528.0,,10034.0,,10034.0,,10034.0,,10034.0,,11447.0,,,,,,,,,,,,,,12626.0,,13456.0,,13467.0,,13467.0,,13467.0,,16359.0,,12784.0,,16167.0,,17904.0,,17904.0,,18706.0,,20549.0,
GFTI,"Birla Institute of Technology, Mesra, Ranchi","Food Engineering and Technology (4 Years, Bachelor of Technology)",AI,Female-only (including Supernumerary),58726.0,,58328.0,,58328.0,,58328.0,,65041.0,,74221.0,,,,,,,,,,,,,,,,,,,,,,,,,,,,,,,,,,,,,,,,,,,,,,,,,
GFTI,"Birla Institute of Technology, Mesra, Ranchi","Food Engineering and Technology (4 Years, Bachelor of Technology)",AI,Gender-Neutral,52305.0,2803.0,56056.0,,56121.0,,56121.0,,57116.0,,61127.0,,8403.0,,9100.0,,9100.0,,9100.0,,9405.0,,9757.0,,18921.0,,20579.0,,20671.0,,20671.0,,22252.0,,22488.0,,10486.0,,11225.0,,11430.0,,11430.0,,11568.0,,12596.0,,4900.0,,5205.0,,5662.0,,5662.0,,5890.0,,5890.0,
GFTI,"Birla Institute of Technology, Mesra, Ranchi","Food Engineering and Technology (4 Years, Bachelor of Technology)",HS,Female-only (including Supernumerary),101650.0,,108276.0,,108276.0,,108276.0,,114689.0,,120995.0,,,,,,,,,,,,,,,,,,,,,,,,,,,,,,,,,,,,,,,,,,,,,,,,,
GFTI,"Birla Institute of Technology, Mesra, Ranchi","Food Engineering and Technology (4 Years, Bachelor of Technology)",HS,Gender-Neutral,92424.0,,106408.0,,109918.0,,109918.0,,121027.0,,122354.0,,16103.0,,19408.0,,21033.0,,21033.0,,21033.0,,28009.0,,,,,,,,,,,,,,16422.0,,23899.0,,27031.0,,27031.0,,27031.0,,34008.0,,15267.0,,25838.0,,40225.0,,40225.0,,14933.0,,14933.0,
GFTI,"Birla Institute of Technology, Mesra, Ranchi","Mathematics and Computing (5 Years, Integrated Master of Science)",AI,Female-only (including Supernumerary),34777.0,,40691.0,,40691.0,,40691.0,,40691.0,,40990.0,,,,,,,,,,,,,,,,,,,,,,,,,,,,,,,,,,,,,,,,,,,,,,,,,
GFTI,"Birla Institute of Technology, Mesra, Ranchi","Mathematics and Computing (5 Years, Integrated Master of Science)",AI,Gender-Neutral,26412.0,2921.0,28867.0,2921.0,29802.0,2921.0,29802.0,2921.0,29930.0,2921.0,34512.0,2921.0,5553.0,,5687.0,,5905.0,,5905.0,,6008.0,,6220.0,,14002.0,,15162.0,,15658.0,,15658.0,,15961.0,,16737.0,,8612.0,,9040.0,,9226.0,,9226.0,,9226.0,,9226.0,,4351.0,,4420.0,,4420.0,,4420.0,,5152.0,,5152.0,
GFTI,"Birla Institute of Technology, Mesra, Ranchi","Mathematics and Computing (5 Years, Integrated Master of Science)",HS,Female-only (including Supernumerary),77022.0,,81781.0,,91055.0,,91055.0,,91055.0,,91055.0,,,,,,,,,,,,,,,,,,,,,,,,,,,,,,,,,,,,,,,,,,,,,,,,,
GFTI,"Birla Institute of Technology, Mesra, Ranchi","Mathematics and Computing (5 Years, Integrated Master of Science)",HS,Gender-Neutral,60003.0,,61464.0,,66313.0,,66313.0,,66313.0,,73499.0,,10320.0,,11335.0,,11335.0,,11335.0,,11335.0,,12555.0,,,,,,,,,,,,,,15808.0,,19686.0,,21412.0,,21412.0,,21412.0,,21412.0,,18028.0,,25646.0,,32042.0,,32042.0,,43906.0,,33237.0,
GFTI,"Birla Institute of Technology, Mesra, Ranchi","Mechanical Engineering (4 Years, Bachelor of Technology)",AI,Female-only (including Supernumerary),50136.0,,55386.0,,55572.0,,55572.0,,55826.0,,60079.0,,,,,,,,,,,,,,,,,,,,,,,,,,,,,,,,,,,,,,,,,,,,,,,,,
GFTI,"Birla Institute of Technology, Mesra, Ranchi","Mechanical Engineering (4 Years, Bachelor of Technology)",AI,Gender-Neutral,39483.0,2820.0,42477.0,2820.0,42824.0,4034.0,42824.0,4034.0,43420.0,,46739.0,,6582.0,,6992.0,,6995.0,,6995.0,,6995.0,,7409.0,,16233.0,1398.0,17177.0,1674.0,17589.0,,17589.0,,17830.0,,19111.0,,9297.0,,10149.0,,10589.0,,10589.0,,10716.0,,10933.0,,4541.0,,5252.0,,5276.0,,5276.0,,5511.0,,5524.0,
GFTI,"Birla Institute of Technology, Mesra, Ranchi","Mechanical Engineering (4 Years, Bachelor of Technology)",HS,Female-only (including Supernumerary),78487.0,,83484.0,,88021.0,,88021.0,,91755.0,,92645.0,,,,,,,,,,,,,,,,,,,,,,,,,,,,,,,,,,,,,,,,,,,,,,,,,
GFTI,"Birla Institute of Technology, Mesra, Ranchi","Mechanical Engineering (4 Years, Bachelor of Technology)",HS,Gender-Neutral,63964.0,,66235.0,,67016.0,,67016.0,,67016.0,,69698.0,,11447.0,,11896.0,,12270.0,,12270.0,,12270.0,,14216.0,,,,,,,,,,,,,,18503.0,,19398.0,,19444.0,,19444.0,,19444.0,,20754.0,,14434.0,,19684.0,,22817.0,,22817.0,,25951.0,,33230.0,
GFTI,"Birla Institute of Technology, Mesra, Ranchi","Physics (5 Years, Integrated Master of Science)",AI,Female-only (including Supernumerary),44975.0,,44975.0,,44975.0,,44975.0,,44975.0,,44975.0,,,,,,,,,,,,,,,,,,,,,,,,,,,,,,,,,,,,,,,,,,,,,,,,,
GFTI,"Birla Institute of Technology, Mesra, Ranchi","Physics (5 Years, Integrated Master of Science)",AI,Gender-Neutral,45477.0,,50050.0,,51487.0,,51487.0,,51487.0,,57275.0,,8386.0,,9288.0,,9400.0,,9400.0,,9499.0,,9972.0,,19203.0,,19372.0,,19916.0,,19916.0,,19916.0,,20575.0,,10249.0,,11177.0,,11200.0,,11200.0,,11547.0,,11654.0,,5170.0,,5170.0,,5856.0,,5856.0,,5856.0,,6252.0,
GFTI,"Birla Institute of Technology, Mesra, Ranchi","Physics (5 Years, Integrated Master of Science)",HS,Female-only (including Supernumerary),106297.0,,116244.0,,116244.0,,116244.0,,116244.0,,139698.0,,,,,,,,,,,,,,,,,,,,,,,,,,,,,,,,,,,,,,,,,,,,,,,,,
GFTI,"Birla Institute of Technology, Mesra, Ranchi","Physics (5 Years, Integrated Master of Science)",HS,Gender-Neutral,92572.0,,105863.0,,112097.0,,112097.0,,118289.0,,121027.0,,18789.0,,20864.0,,22446.0,,22446.0,,24574.0,,25252.0,,,,,,,,,,,,,,22736.0,,25373.0,,29840.0,,29840.0,,31587.0,,34173.0,,20387.0,,34346.0,,38396.0,,38396.0,,15984.0,,15984.0,
GFTI,"Birla Institute of Technology, Mesra, Ranchi","Production and Industrial Engineering (4 Years, Bachelor of Technology)",AI,Female-only (including Supernumerary),60268.0,,62341.0,,63036.0,,63036.0,,63036.0,,68143.0,,,,,,,,,,,,,,,,,,,,,,,,,,,,,,,,,,,,,,,,,,,,,,,,,
GFTI,"Birla Institute of Technology, Mesra, Ranchi","Production and Industrial Engineering (4 Years, Bachelor of Technology)",AI,Gender-Neutral,49244.0,3139.0,52546.0,4034.0,53739.0,,53739.0,,54343.0,,59936.0,,8219.0,,8551.0,,8972.0,,8972.0,,9100.0,,9602.0,,18309.0,1442.0,20095.0,1735.0,20599.0,,20599.0,,20671.0,,21275.0,,10831.0,,11428.0,,12119.0,,12119.0,,12273.0,,12601.0,,5255.0,,5635.0,,5890.0,,5890.0,,6086.0,,6090.0,
GFTI,"Birla Institute of Technology, Mesra, Ranchi","Production and Industrial Engineering (4 Years, Bachelor of Technology)",HS,Female-only (including Supernumerary),85163.0,,94505.0,,103626.0,,103626.0,,109918.0,,116244.0,,,,,,,,,,,,,,,,,,,,,,,,,,,,,,,,,,,,,,,,,,,,,,,,,
GFTI,"Birla Institute of Technology, Mesra, Ranchi","Production and Industrial Engineering (4 Years, Bachelor of Technology)",HS,Gender-Neutral,91410.0,,102330.0,,108283.0,,108283.0,,112097.0,,121470.0,,14863.0,,17894.0,,20649.0,,20649.0,,20649.0,,21005.0,,,,,,,,,,,,,,20239.0,,21412.0,,22736.0,,22736.0,,22736.0,,24580.0,,21780.0,,30997.0,,44372.0,,44372.0,,40872.0,,40872.0,
GFTI,"Birla Institute of Technology, Mesra, Ranchi","Quantitative Economics & Data Science (5 Years, Integrated Master of Science)",AI,Female-only (including Supernumerary),34841.0,,41238.0,,41238.0,,41238.0,,41238.0,,48719.0,,,,,,,,,,,,,,,,,,,,,,,,,,,,,,,,,,,,,,,,,,,,,,,,,
GFTI,"Birla Institute of Technology, Mesra, Ranchi","Quantitative Economics & Data Science (5 Years, Integrated Master of Science)",AI,Gender-Neutral,35457.0,,37233.0,,40009.0,,40009.0,,40009.0,,43651.0,,6008.0,,6100.0,,6100.0,,6100.0,,6241.0,,7324.0,,14819.0,,16007.0,,17549.0,,17549.0,,17774.0,,19171.0,,9040.0,,10467.0,,10467.0,,10467.0,,10467.0,,10562.0,,4389.0,,5089.0,,5170.0,,5170.0,,5252.0,,5689.0,
GFTI,"Birla Institute of Technology, Mesra, Ranchi","Quantitative Economics & Data Science (5 Years, Integrated Master of Science)",HS,Female-only (including Supernumerary),96524.0,,96851.0,,96851.0,,96851.0,,96851.0,,96851.0,,,,,,,,,,,,,,,,,,,,,,,,,,,,,,,,,,,,,,,,,,,,,,,,,
GFTI,"Birla Institute of Technology, Mesra, Ranchi","Quantitative Economics & Data Science (5 Years, Integrated Master of Science)",HS,Gender-Neutral,82470.0,,92107.0,,92107.0,,92107.0,,92107.0,,98345.0,,14176.0,,14176.0,,14176.0,,14176.0,,14176.0,,14867.0,,,,,,,,,,,,,,19398.0,,20039.0,,20039.0,,20039.0,,20039.0,,24117.0,,23546.0,,30880.0,,37646.0,,37646.0,,28455.0,,28455.0,
GFTI,"Birla Institute of Technology, Patna Off-Campus","Artificial Intelligence and Machine Learning (4 Years, Bachelor of Technology)",AI,Female-only (including Supernumerary),46192.0,,55659.0,,57696.0,,57696.0,,58512.0,,60634.0,,,,,,,,,,,,,,,,,,,,,,,,,,,,,,,,,,,,,,,,,,,,,,,,,
GFTI,"Birla Institute of Technology, Patna Off-Campus","Artificial Intelligence and Machine Learning (4 Years, Bachelor of Technology)",AI,Gender-Neutral,46455.0,2192.0,49215.0,3368.0,49245.0,3368.0,49245.0,3368.0,49900.0,3368.0,54588.0,3368.0,6998.0,,7396.0,,7668.0,,7668.0,,7680.0,,8371.0,,17797.0,1460.0,18955.0,,19328.0,,19328.0,,19516.0,,20650.0,,10045.0,,11149.0,,11425.0,,11425.0,,11505.0,,11515.0,,4147.0,,5121.0,,5432.0,,5432.0,,5677.0,,6131.0,
GFTI,"Birla Institute of Technology, Patna Off-Campus","Artificial Intelligence and Machine Learning (4 Years, Bachelor of Technology)",HS,Female-only (including Supernumerary),76776.0,,76824.0,,78286.0,,78286.0,,78286.0,,78636.0,,,,,,,,,,,,,,,,,,,,,,,,,,,,,,,,,,,,,,,,,,,,,,,,,
GFTI,"Birla Institute of Technology, Patna Off-Campus","Artificial Intelligence and Machine Learning (4 Years, Bachelor of Technology)",HS,Gender-Neutral,65742.0,3368.0,71041.0,,74408.0,,74408.0,,76666.0,,82815.0,,10102.0,,11049.0,,11179.0,,11179.0,,11500.0,,12106.0,,,,,,,,,,,,,,15690.0,,16484.0,,17922.0,,17922.0,,19574.0,,21493.0,,9595.0,,12853.0,,13968.0,,13968.0,,13968.0,,13968.0,
GFTI,"Birla Institute of Technology, Patna Off-Campus","Civil Engineering (4 Years, Bachelor of Technology)",AI,Female-only (including Supernumerary),67921.0,,70210.0,,71496.0,,71496.0,,75775.0,,81053.0,,,,,,,,,,,,,,,,,,,,,,,,,,,,,,,,,,,,,,,,,,,,,,,,,
GFTI,"Birla Institute of Technology, Patna Off-Campus","Civil Engineering (4 Years, Bachelor of Technology)",AI,Gender-Neutral,61726.0,2613.0,68678.0,3889.0,72707.0,3889.0,72707.0,3889.0,74762.0,3889.0,78797.0,3889.0,9587.0,,10591.0,,11208.0,,11208.0,,11585.0,,12243.0,,22691.0,1630.0,23709.0,,26670.0,,26670.0,,29106.0,,30980.0,,11409.0,,12530.0,,13254.0,,13254.0,,13812.0,,14089.0,,5058.0,,5720.0,,5720.0,,5720.0,,5720.0,,5720.0,
GFTI,"Birla Institute of Technology, Patna Off-Campus","Civil Engineering (4 Years, Bachelor of Technology)",HS,Female-only (including Supernumerary),102206.0,,111903.0,,120759.0,,120759.0,,121761.0,,122774.0,,,,,,,,,,,,,,,,,,,,,,,,,,,,,,,,,,,,,,,,,,,,,,,,,
GFTI,"Birla Institute of Technology, Patna Off-Campus","Civil Engineering (4 Years, Bachelor of Technology)",HS,Gender-Neutral,87798.0,3716.0,99406.0,,104842.0,,104842.0,,113389.0,,120505.0,,13692.0,,15078.0,,15778.0,,15778.0,,17165.0,,18184.0,,,,,,,,,,,,,,16754.0,,18624.0,,20037.0,,20037.0,,24237.0,,25643.0,,7987.0,,8195.0,,8195.0,,8195.0,,11195.0,,11195.0,
GFTI,"Birla Institute of Technology, Patna Off-Campus","Computer Science and Engineering (4 Years, Bachelor of Technology)",AI,Female-only (including Supernumerary),44962.0,,46192.0,,46607.0,,46607.0,,46607.0,,55659.0,,,,,,,,,,,,,,,,,,,,,,,,,,,,,,,,,,,,,,,,,,,,,,,,,
GFTI,"Birla Institute of Technology, Patna Off-Campus","Computer Science and Engineering (4 Years, Bachelor of Technology)",AI,Gender-Neutral,41711.0,1559.0,45335.0,1559.0,46252.0,1559.0,46252.0,1559.0,46829.0,1559.0,49330.0,1559.0,6704.0,,6911.0,,7120.0,,7120.0,,7120.0,,7458.0,,16949.0,1071.0,17359.0,1534.0,17594.0,,17594.0,,17594.0,,19276.0,,9790.0,,10513.0,,10716.0,,10716.0,,10844.0,,10844.0,,4550.0,,5184.0,,5184.0,,5184.0,,5636.0,,6000.0,
GFTI,"Birla Institute of Technology, Patna Off-Campus","Computer Science and Engineering (4 Years, Bachelor of Technology)",HS,Female-only (including Supernumerary),68627.0,,73338.0,,74011.0,,74011.0,,74011.0,,76824.0,,,,,,,,,,,,,,,,,,,,,,,,,,,,,,,,,,,,,,,,,,,,,,,,,
GFTI,"Birla Institute of Technology, Patna Off-Campus","Computer Science and Engineering (4 Years, Bachelor of Technology)",HS,Gender-Neutral,58279.0,3078.0,64667.0,,65375.0,,65375.0,,65865.0,,70211.0,,8817.0,,9912.0,,10102.0,,10102.0,,10102.0,,10907.0,,,,,,,,,,,,,,12864.0,,13201.0,,13794.0,,13794.0,,13794.0,,13986.0,,8960.0,,11238.0,,11238.0,,11238.0,,11238.0,,11238.0,
GFTI,"Birla Institute of Technology, Patna Off-Campus","Electrical and Electronics Engineering (4 Years, Bachelor of Technology)",AI,Female-only (including Supernumerary),58960.0,,62104.0,,64336.0,,64336.0,,66798.0,,67724.0,,,,,,,,,,,,,,,,,,,,,,,,,,,,,,,,,,,,,,,,,,,,,,,,,
GFTI,"Birla Institute of Technology, Patna Off-Campus","Electrical and Electronics Engineering (4 Years, Bachelor of Technology)",AI,Gender-Neutral,54458.0,2875.0,58981.0,2875.0,59561.0,2875.0,59561.0,2875.0,60630.0,2875.0,64669.0,2875.0,8682.0,,9441.0,,9718.0,,9718.0,,9718.0,,10291.0,,19564.0,1586.0,21332.0,,21967.0,,21967.0,,22747.0,,23709.0,,11746.0,,12637.0,,13310.0,,13310.0,,13406.0,,13655.0,,5647.0,,6286.0,,6515.0,,6515.0,,6830.0,,7170.0,
GFTI,"Birla Institute of Technology, Patna Off-Campus","Electrical and Electronics Engineering (4 Years, Bachelor of Technology)",HS,Female-only (including Supernumerary),93143.0,,105680.0,,108005.0,,108005.0,,108005.0,,111770.0,,,,,,,,,,,,,,,,,,,,,,,,,,,,,,,,,,,,,,,,,,,,,,,,,
GFTI,"Birla Institute of Technology, Patna Off-Campus","Electrical and Electronics Engineering (4 Years, Bachelor of Technology)",HS,Gender-Neutral,81562.0,,90218.0,,92949.0,,92949.0,,96393.0,,98370.0,,12049.0,,13242.0,,14786.0,,14786.0,,15412.0,,16401.0,,,,,,,,,,,,,,17540.0,,20365.0,,21487.0,,21487.0,,22494.0,,24738.0,,10693.0,,11032.0,,14224.0,,14224.0,,16178.0,,16574.0,
GFTI,"Birla Institute of Technology, Patna Off-Campus","Electronics and Communication Engineering (4 Years, Bachelor of Technology)",AI,Female-only (including Supernumerary),58953.0,,60113.0,,61907.0,,61907.0,,62995.0,,67290.0,,,,,,,,,,,,,,,,,,,,,,,,,,,,,,,,,,,,,,,,,,,,,,,,,
GFTI,"Birla Institute of Technology, Patna Off-Campus","Electronics and Communication Engineering (4 Years, Bachelor of Technology)",AI,Gender-Neutral,48176.0,2727.0,52953.0,3530.0,53811.0,,53811.0,,54143.0,,58571.0,,7657.0,,7889.0,,8371.0,,8371.0,,8806.0,,9309.0,,18319.0,1564.0,19276.0,,19508.0,,19508.0,,20852.0,,21881.0,,10772.0,,11978.0,,12704.0,,12704.0,,12705.0,,12771.0,,5198.0,,6127.0,,6267.0,,6267.0,,6324.0,,6324.0,
GFTI,"Birla Institute of Technology, Patna Off-Campus","Electronics and Communication Engineering (4 Years, Bachelor of Technology)",HS,Female-only (including Supernumerary),82454.0,,86151.0,,101807.0,,101807.0,,101807.0,,101807.0,,,,,,,,,,,,,,,,,,,,,,,,,,,,,,,,,,,,,,,,,,,,,,,,,
GFTI,"Birla Institute of Technology, Patna Off-Campus","Electronics and Communication Engineering (4 Years, Bachelor of Technology)",HS,Gender-Neutral,74556.0,4255.0,82980.0,,84736.0,,84736.0,,85423.0,,87928.0,,11500.0,,12477.0,,12892.0,,12892.0,,12892.0,,13520.0,,,,,,,,,,,,,,17503.0,,19899.0,,20391.0,,20391.0,,20391.0,,21487.0,,10452.0,,11195.0,,11195.0,,11195.0,,14224.0,,14224.0,
GFTI,"Birla Institute of Technology, Patna Off-Campus","Mathematics and Computing (5 Years, Integrated Master of Science)",AI,Female-only (including Supernumerary),46916.0,,55286.0,,55286.0,,55286.0,,55286.0,,63373.0,,,,,,,,,,,,,,,,,,,,,,,,,,,,,,,,,,,,,,,,,,,,,,,,,
GFTI,"Birla Institute of Technology, Patna Off-Campus","Mathematics and Computing (5 Years, Integrated Master of Science)",AI,Gender-Neutral,47839.0,,53187.0,,54458.0,,54458.0,,55687.0,,57842.0,,7668.0,,7674.0,,8311.0,,8311.0,,8371.0,,8515.0,,19825.0,,21674.0,,22072.0,,22072.0,,22279.0,,23106.0,,9416.0,,12183.0,,12190.0,,12190.0,,12190.0,,12190.0,,5212.0,,5810.0,,5810.0,,5810.0,,5810.0,,7043.0,
GFTI,"Birla Institute of Technology, Patna Off-Campus","Mathematics and Computing (5 Years, Integrated Master of Science)",HS,Female-only (including Supernumerary),73338.0,,78286.0,,90807.0,,90807.0,,90807.0,,113767.0,,,,,,,,,,,,,,,,,,,,,,,,,,,,,,,,,,,,,,,,,,,,,,,,,
GFTI,"Birla Institute of Technology, Patna Off-Campus","Mathematics and Computing (5 Years, Integrated Master of Science)",HS,Gender-Neutral,79760.0,,89554.0,,92212.0,,92212.0,,97072.0,,99593.0,,12062.0,,12953.0,,14191.0,,14191.0,,14255.0,,15412.0,,,,,,,,,,,,,,16484.0,,19574.0,,19971.0,,19971.0,,21487.0,,21949.0,,14224.0,,16796.0,,22529.0,,22529.0,,27771.0,,22529.0,
GFTI,"Birla Institute of Technology, Patna Off-Campus","Mechanical Engineering (4 Years, Bachelor of Technology)",AI,Female-only (including Supernumerary),63151.0,,68698.0,,71947.0,,71947.0,,71947.0,,72811.0,,,,,,,,,,,,,,,,,,,,,,,,,,,,,,,,,,,,,,,,,,,,,,,,,
GFTI,"Birla Institute of Technology, Patna Off-Campus","Mechanical Engineering (4 Years, Bachelor of Technology)",AI,Gender-Neutral,57374.0,3478.0,66015.0,,68544.0,,68544.0,,69801.0,,74710.0,,9100.0,,9718.0,,10713.0,,10713.0,,11079.0,,11585.0,,22279.0,1594.0,23133.0,,23709.0,,23709.0,,25813.0,,28733.0,,11395.0,,12704.0,,13655.0,,13655.0,,13857.0,,14539.0,,5557.0,,6495.0,,6575.0,,6575.0,,6864.0,,7503.0,
GFTI,"Birla Institute of Technology, Patna Off-Campus","Mechanical Engineering (4 Years, Bachelor of Technology)",HS,Female-only (including Supernumerary),97324.0,,109469.0,,114989.0,,114989.0,,114989.0,,118915.0,,,,,,,,,,,,,,,,,,,,,,,,,,,,,,,,,,,,,,,,,,,,,,,,,
GFTI,"Birla Institute of Technology, Patna Off-Campus","Mechanical Engineering (4 Years, Bachelor of Technology)",HS,Gender-Neutral,87801.0,,97583.0,,102227.0,,102227.0,,110959.0,,114860.0,,13141.0,,15050.0,,15792.0,,15792.0,,17203.0,,18083.0,,,,,,,,,,,,,,20037.0,,21493.0,,22494.0,,22494.0,,24632.0,,26082.0,,8195.0,,13080.0,,15146.0,,15146.0,,15615.0,,15615.0,
GFTI,CU Jharkhand,"Civil Engineering (4 Years, Bachelor of Technology)",AI,Gender-Neutral,67148.0,,77889.0,,79279.0,,79279.0,,82359.0,,91069.0,,10301.0,,11847.0,,12206.0,,12206.0,,13244.0,,14389.0,,23608.0,,26609.0,,29862.0,,29862.0,,30228.0,,31755.0,,11039.0,,12588.0,,13666.0,,13666.0,,14067.0,,14278.0,,3656.0,,3656.0,,3656.0,,3656.0,,3656.0,,3656.0,
GFTI,CU Jharkhand,"Computer Science and Engineering (4 Years, Bachelor of Technology)",AI,Gender-Neutral,59801.0,,64867.0,,67700.0,,67700.0,,69474.0,,74114.0,,9213.0,,9879.0,,10116.0,,10116.0,,10116.0,,11586.0,,21677.0,,23438.0,,25357.0,,25357.0,,25366.0,,25509.0,,11181.0,,11764.0,,11764.0,,11764.0,,11764.0,,12289.0,,5435.0,,5495.0,,5495.0,,5495.0,,5495.0,,6828.0,
GFTI,CU Jharkhand,"Electrical Engineering (4 Years, Bachelor of Technology)",AI,Gender-Neutral,70853.0,,77158.0,,77561.0,,77561.0,,80268.0,,85150.0,,10822.0,,12031.0,,12610.0,,12610.0,,12823.0,,13210.0,,24124.0,,26379.0,,28705.0,,28705.0,,29393.0,,30067.0,,11559.0,,13707.0,,13707.0,,13707.0,,14118.0,,14201.0,,5382.0,,5445.0,,5445.0,,5445.0,,5445.0,,6981.0,
GFTI,CU Jharkhand,"Metallurgical and Materials Engineering (4 Years, Bachelor of Technology)",AI,Gender-Neutral,79279.0,,86134.0,,93064.0,,93064.0,,102676.0,,105884.0,,12681.0,,13845.0,,14582.0,,14582.0,,15230.0,,16815.0,,26157.0,,29893.0,,32893.0,,32893.0,,36239.0,,38934.0,,13581.0,,14418.0,,14669.0,,14669.0,,15064.0,,15693.0,,5524.0,,6324.0,,6324.0,,6324.0,,6772.0,,7086.0,
GFTI,Central University of Haryana,"Civil Engineering (4 Years, Bachelor of Technology)",AI,Gender-Neutral,76682.0,3360.0,85557.0,,90387.0,,90387.0,,98534.0,,104045.0,,11703.0,,12942.0,,14108.0,,14108.0,,15318.0,,16706.0,,27674.0,,30477.0,,32843.0,,32843.0,,35963.0,,37968.0,,12816.0,,14517.0,,14903.0,,14903.0,,15093.0,,15335.0,,4870.0,,6428.0,,6428.0,,6428.0,,6517.0,,6517.0,
GFTI,Central University of Haryana,"Computer Science and Engineering (4 Years, Bachelor of Technology)",AI,Gender-Neutral,49644.0,2415.0,55955.0,4053.0,58142.0,4225.0,58142.0,4225.0,60861.0,4225.0,64782.0,4225.0,8338.0,,8475.0,,8615.0,,8615.0,,9214.0,,10423.0,,19403.0,,20807.0,,21975.0,,21975.0,,22408.0,,23105.0,,9601.0,,10992.0,,11027.0,,11027.0,,11156.0,,11278.0,,4978.0,,5662.0,,5882.0,,5882.0,,6197.0,,6197.0,
GFTI,Central University of Haryana,"Electrical Engineering (4 Years, Bachelor of Technology)",AI,Gender-Neutral,64402.0,3882.0,72553.0,,77650.0,,77650.0,,80749.0,,84049.0,,9479.0,,11415.0,,12058.0,,12058.0,,12879.0,,13401.0,,22851.0,,25837.0,,27687.0,,27687.0,,29064.0,,30920.0,,11203.0,,12523.0,,12693.0,,12693.0,,13442.0,,13515.0,,5670.0,,6413.0,,6615.0,,6615.0,,6630.0,,6827.0,
GFTI,Central University of Haryana,"Printing and Packaging Technology (4 Years, Bachelor of Technology)",AI,Gender-Neutral,71473.0,,86262.0,,89738.0,,89738.0,,96367.0,,104435.0,,11095.0,,12807.0,,13910.0,,13910.0,,14718.0,,15971.0,,25284.0,,30369.0,,33599.0,,33599.0,,36315.0,,39091.0,,12552.0,,13827.0,,14217.0,,14217.0,,14714.0,,15585.0,,5913.0,,6517.0,,7031.0,,7031.0,,7192.0,,7226.0,
GFTI,Central University of Jammu,"Computer Science and Engineering (4 Years, Bachelor of Technology)",AI,Gender-Neutral,62430.0,2922.0,69474.0,3326.0,71699.0,3326.0,71699.0,3326.0,74923.0,3326.0,81019.0,3326.0,9566.0,,11045.0,,11549.0,,11549.0,,11603.0,,12376.0,,22525.0,1428.0,25249.0,,26055.0,,26055.0,,26898.0,,28893.0,,11646.0,,12686.0,,13357.0,,13357.0,,13595.0,,13767.0,,5800.0,,6388.0,,6486.0,,6486.0,,6611.0,,7116.0,
GFTI,Central University of Jammu,"Computer Science and Engineering with specialization in Cyber Security (4 Years, Bachelor of Technology)",AI,Gender-Neutral,63946.0,3165.0,71316.0,4205.0,74696.0,,74696.0,,79384.0,,83802.0,,9992.0,,11243.0,,11494.0,,11494.0,,11742.0,,12457.0,,23310.0,1781.0,25537.0,,27243.0,,27243.0,,28468.0,,30153.0,,11825.0,,13227.0,,13764.0,,13764.0,,14549.0,,14940.0,,5704.0,,6400.0,,6523.0,,6523.0,,6631.0,,6978.0,
GFTI,Central University of Jammu,"Electronics and Communication Engineering (4 Years, Bachelor of Technology)",AI,Gender-Neutral,66462.0,3460.0,78161.0,4293.0,82771.0,4293.0,82771.0,4293.0,88382.0,4293.0,92490.0,4293.0,10368.0,,12169.0,,12671.0,,12671.0,,13266.0,,13711.0,,24535.0,,27833.0,,29264.0,,29264.0,,31327.0,,33505.0,,12212.0,,13666.0,,14338.0,,14338.0,,14978.0,,15381.0,,5586.0,,6299.0,,6549.0,,6549.0,,7186.0,,7327.0,
GFTI,Central University of Jammu,"Electronics and Communication Engineering (Avionics) (4 Years, Bachelor of Technology)",AI,Gender-Neutral,72614.0,3723.0,79744.0,,86596.0,,86596.0,,91813.0,,95952.0,,11054.0,,12280.0,,12919.0,,12919.0,,13749.0,,14364.0,,25981.0,,28649.0,,30152.0,,30152.0,,33599.0,,34653.0,,12992.0,,13964.0,,14885.0,,14885.0,,15154.0,,15615.0,,6246.0,,6978.0,,7128.0,,7128.0,,7470.0,,7957.0,
GFTI,Central University of Jammu,"Mathematics and Computing (4 Years, Bachelor of Technology)",AI,Gender-Neutral,69244.0,,79513.0,,83818.0,,83818.0,,88380.0,,91635.0,,10496.0,,12289.0,,12945.0,,12945.0,,13476.0,,14397.0,,24886.0,,27729.0,,29769.0,,29769.0,,32196.0,,34042.0,,12993.0,,13995.0,,14730.0,,14730.0,,15279.0,,15565.0,,6100.0,,6769.0,,7186.0,,7186.0,,7697.0,,8147.0,
GFTI,"Central University of Rajasthan, Rajasthan","Bio Medical Engineering (4 Years, Bachelor of Technology)",AI,Gender-Neutral,58678.0,3386.0,74874.0,,78842.0,,78842.0,,80874.0,,82131.0,,10448.0,,12156.0,,13280.0,,13280.0,,13549.0,,14756.0,,23288.0,,26832.0,,29599.0,,29599.0,,32643.0,,34158.0,,11054.0,,12199.0,,12876.0,,12876.0,,13332.0,,13332.0,,4877.0,,4877.0,,4891.0,,4891.0,,6083.0,,6083.0,
GFTI,"Central University of Rajasthan, Rajasthan","Computer Science and Engineering (4 Years, Bachelor of Technology)",AI,Gender-Neutral,43274.0,1970.0,48849.0,3035.0,49891.0,3035.0,49891.0,3035.0,50476.0,3035.0,57546.0,,6723.0,,7457.0,,7791.0,,7791.0,,8228.0,,8363.0,,16866.0,,18998.0,,19372.0,,19372.0,,19372.0,,19893.0,,8359.0,,9288.0,,9288.0,,9288.0,,9476.0,,9476.0,,3743.0,,3840.0,,3840.0,,3840.0,,3840.0,,3840.0,
GFTI,"Central University of Rajasthan, Rajasthan","Electronics and Communication Engineering (4 Years, Bachelor of Technology)",AI,Gender-Neutral,54166.0,3228.0,58546.0,,60806.0,,60806.0,,62088.0,,64451.0,,8161.0,,8965.0,,9235.0,,9235.0,,9235.0,,10204.0,,18956.0,,20554.0,,21934.0,,21934.0,,22807.0,,23322.0,,9476.0,,9868.0,,9951.0,,9951.0,,10276.0,,10458.0,,3468.0,,3468.0,,3468.0,,3468.0,,4877.0,,4877.0,
GFTI,"Central institute of Technology Kokrajar, Assam","Civil Engineering (4 Years, Bachelor of Technology)",AI,Female-only (including Supernumerary),78453.0,,78453.0,,93655.0,,93655.0,,95436.0,,98125.0,,,,,,,,,,,,,,,,,,,,,,,,,,,,,,,,,,,,,,,,,,,,,,,,,
GFTI,"Central institute of Technology Kokrajar, Assam","Civil Engineering (4 Years, Bachelor of Technology)",AI,Gender-Neutral,60500.0,,66372.0,,71932.0,,71932.0,,75893.0,,84979.0,,,,,,,,,,,,,,23462.0,,23462.0,,26550.0,,26550.0,,26550.0,,27279.0,,12515.0,,13105.0,,13857.0,,13857.0,,14918.0,,14918.0,,,,,,,,,,,,,
GFTI,"Central institute of Technology Kokrajar, Assam","Computer Science and Engineering (4 Years, Bachelor of Technology)",AI,Female-only (including Supernumerary),54049.0,,54618.0,,54618.0,,54618.0,,54618.0,,54618.0,,,,,,,,,,,,,,,,,,,,,,,,,,,,,,,,,,,,,,,,,,,,,,,,,
GFTI,"Central institute of Technology Kokrajar, Assam","Computer Science and Engineering (4 Years, Bachelor of Technology)",AI,Gender-Neutral,50806.0,2145.0,55464.0,2976.0,55464.0,3945.0,55464.0,3945.0,55464.0,3945.0,55464.0,3945.0,7604.0,,9017.0,,9017.0,,9017.0,,9017.0,,9017.0,,17703.0,,19441.0,,19441.0,,19441.0,,19441.0,,20612.0,,9273.0,,11080.0,,11080.0,,11080.0,,11080.0,,11080.0,,,,,,,,,,,,,
GFTI,"Central institute of Technology Kokrajar, Assam","Electronics and Communication Engineering (4 Years, Bachelor of Technology)",AI,Female-only (including Supernumerary),61245.0,,69313.0,,72513.0,,72513.0,,72513.0,,72513.0,,,,,,,,,,,,,,,,,,,,,,,,,,,,,,,,,,,,,,,,,,,,,,,,,
GFTI,"Central institute of Technology Kokrajar, Assam","Electronics and Communication Engineering (4 Years, Bachelor of Technology)",AI,Gender-Neutral,57520.0,,60500.0,,64323.0,,64323.0,,64323.0,,70302.0,,,,,,,,,,,,,,20290.0,,22476.0,,22476.0,,22476.0,,22763.0,,26536.0,,,,,,,,,,,,,,,,,,,,,,,,,
GFTI,"Central institute of Technology Kokrajar, Assam","Food Engineering and Technology (4 Years, Bachelor of Technology)",AI,Female-only (including Supernumerary),76412.0,,91757.0,,95436.0,,95436.0,,104360.0,,114964.0,,,,,,,,,,,,,,,,,,,,,,,,,,,,,,,,,,,,,,,,,,,,,,,,,
GFTI,"Central institute of Technology Kokrajar, Assam","Food Engineering and Technology (4 Years, Bachelor of Technology)",AI,Gender-Neutral,73070.0,,80297.0,,84979.0,,84979.0,,84979.0,,91799.0,,,,,,,,,,,,,,23374.0,,28508.0,,28508.0,,28508.0,,32045.0,,36974.0,,12945.0,,13857.0,,15073.0,,15073.0,,16553.0,,16639.0,,,,,,,,,,,,,
GFTI,"Central institute of Technology Kokrajar, Assam","Instrumentation Engineering (4 Years, Bachelor of Technology)",AI,Gender-Neutral,65149.0,,65149.0,,65149.0,,65149.0,,78524.0,,78524.0,,,,,,,,,,,,,,22387.0,,24419.0,,24419.0,,24419.0,,28508.0,,28508.0,,,,,,,,,,,,,,5288.0,,6857.0,,6857.0,,6857.0,,6899.0,,6899.0,
GFTI,"Chhattisgarh Swami Vivekanada Technical University, Bhilai (CSVTU Bhilai)","Civil Engineering (4 Years, Bachelor of Technology)",AI,Gender-Neutral,73143.0,3280.0,81217.0,,84911.0,,84911.0,,86883.0,,106159.0,,11870.0,,12389.0,,13138.0,,13138.0,,14834.0,,16396.0,,26693.0,,30996.0,,32898.0,,32898.0,,36059.0,,37853.0,,13522.0,,14510.0,,15121.0,,15121.0,,15488.0,,15829.0,,5394.0,,5786.0,,5892.0,,5892.0,,5892.0,,5892.0,
GFTI,"Chhattisgarh Swami Vivekanada Technical University, Bhilai (CSVTU Bhilai)","Computer Science Engineering (Artificial Intelligence) (4 Years, B. Tech / B. Tech (Hons.))",AI,Gender-Neutral,59245.0,1622.0,63734.0,1622.0,66358.0,1622.0,66358.0,1622.0,67886.0,,74493.0,,9487.0,,10114.0,,10496.0,,10496.0,,10916.0,,11341.0,,21229.0,1585.0,22932.0,,24958.0,,24958.0,,25064.0,,27383.0,,11558.0,,11808.0,,12424.0,,12424.0,,12424.0,,13150.0,,5375.0,,5541.0,,5541.0,,5541.0,,6369.0,,6781.0,
GFTI,"Chhattisgarh Swami Vivekanada Technical University, Bhilai (CSVTU Bhilai)","Computer Science Engineering (Data Science) (4 Years, B. Tech / B. Tech (Hons.))",AI,Gender-Neutral,58374.0,2154.0,63398.0,2570.0,65280.0,3907.0,65280.0,3907.0,66594.0,3964.0,72826.0,3964.0,9341.0,,10355.0,,10384.0,,10384.0,,10992.0,,11657.0,,21336.0,1451.0,23517.0,1649.0,24535.0,,24535.0,,25314.0,,27659.0,,11376.0,,12095.0,,12755.0,,12755.0,,12848.0,,13086.0,,4888.0,,4912.0,,5345.0,,5345.0,,5345.0,,5743.0,
GFTI,"Gati Shakti Vishwavidyalaya, Vadodara","B.Tech in Artificial Intelligenece and Data Science (Transportation and Logistics) (4 Years, Bachelor of Technology)",AI,Female-only (including Supernumerary),42836.0,,44084.0,,44084.0,,44084.0,,44084.0,,46456.0,,,,,,,,,,,,,,18492.0,,21521.0,,21521.0,,21521.0,,22652.0,,22878.0,,6782.0,,6782.0,,6782.0,,6782.0,,6782.0,,6782.0,,,,,,,,,,,,,
GFTI,"Gati Shakti Vishwavidyalaya, Vadodara","B.Tech in Artificial Intelligenece and Data Science (Transportation and Logistics) (4 Years, Bachelor of Technology)",AI,Gender-Neutral,46443.0,,51398.0,,51898.0,,51898.0,,51967.0,,56763.0,,7748.0,,8186.0,,8186.0,,8186.0,,8361.0,,8729.0,,18824.0,,20852.0,,21212.0,,21212.0,,21525.0,,21896.0,,9560.0,,10856.0,,11202.0,,11202.0,,11293.0,,11297.0,,4971.0,,5557.0,,5666.0,,5666.0,,5666.0,,5666.0,
GFTI,"Gati Shakti Vishwavidyalaya, Vadodara","B.Tech in Aviation Engineering (4 Years, Bachelor of Technology)",AI,Gender-Neutral,56790.0,,60563.0,,63432.0,,63432.0,,63885.0,,67961.0,,9460.0,,10583.0,,10583.0,,10583.0,,10746.0,,11317.0,,22479.0,,25732.0,,26818.0,,26818.0,,28598.0,,29617.0,,11626.0,,12771.0,,13282.0,,13282.0,,13627.0,,14030.0,,5340.0,,6597.0,,7007.0,,7007.0,,7109.0,,7127.0,
GFTI,"Gati Shakti Vishwavidyalaya, Vadodara","B.Tech in Civil Engineering (Rail Engineering) (4 Years, Bachelor of Technology)",AI,Female-only (including Supernumerary),65019.0,,70853.0,,74187.0,,74187.0,,77464.0,,82576.0,,10784.0,,11282.0,,11282.0,,11282.0,,12680.0,,12786.0,,24732.0,,26731.0,,27983.0,,27983.0,,27983.0,,33940.0,,11936.0,,13202.0,,14059.0,,14059.0,,14059.0,,14059.0,,5893.0,,5893.0,,5893.0,,5893.0,,5893.0,,5893.0,
GFTI,"Gati Shakti Vishwavidyalaya, Vadodara","B.Tech in Civil Engineering (Rail Engineering) (4 Years, Bachelor of Technology)",AI,Gender-Neutral,70538.0,,76154.0,,79232.0,,79232.0,,84268.0,,89062.0,,11282.0,,12529.0,,12942.0,,12942.0,,13294.0,,13380.0,,26258.0,,28903.0,,31460.0,,31460.0,,33647.0,,35094.0,,12826.0,,14059.0,,14227.0,,14227.0,,14800.0,,15093.0,,5165.0,,6156.0,,6269.0,,6269.0,,6269.0,,6620.0,
GFTI,"Gati Shakti Vishwavidyalaya, Vadodara","B.Tech in Electrical Engineering ( Rail Engineering) (4 Years, Bachelor of Technology)",AI,Gender-Neutral,61620.0,,67143.0,,69444.0,,69444.0,,72692.0,,76385.0,,9856.0,,10746.0,,10765.0,,10765.0,,10845.0,,12063.0,,23174.0,,25665.0,,26379.0,,26379.0,,26548.0,,27692.0,,11686.0,,12932.0,,13393.0,,13393.0,,13975.0,,14370.0,,6073.0,,6476.0,,6682.0,,6682.0,,6909.0,,7032.0,
GFTI,"Gati Shakti Vishwavidyalaya, Vadodara","B.Tech in Electronics & Communication Engineering (Rail Engineering) (4 Years, Bachelor of Technology)",AI,Female-only (including Supernumerary),56975.0,,58367.0,,60893.0,,60893.0,,61009.0,,62649.0,,9173.0,,9173.0,,9173.0,,9173.0,,9577.0,,9577.0,,20537.0,,23762.0,,23762.0,,23762.0,,23762.0,,24873.0,,10351.0,,11936.0,,11936.0,,11936.0,,11936.0,,12325.0,,5908.0,,5908.0,,5908.0,,5908.0,,5908.0,,7109.0,
GFTI,"Gati Shakti Vishwavidyalaya, Vadodara","B.Tech in Electronics & Communication Engineering (Rail Engineering) (4 Years, Bachelor of Technology)",AI,Gender-Neutral,55512.0,,60411.0,,61801.0,,61801.0,,62649.0,,65943.0,,8686.0,,9424.0,,9594.0,,9594.0,,10074.0,,10407.0,,20771.0,,22295.0,,23412.0,,23412.0,,24000.0,,25411.0,,11543.0,,11836.0,,12248.0,,12248.0,,12325.0,,12754.0,,5980.0,,6615.0,,6909.0,,6909.0,,7031.0,,7082.0,
GFTI,"Gati Shakti Vishwavidyalaya, Vadodara","B.Tech in Mechanical Engineering ( Rail Engineering) (4 Years, Bachelor of Technology)",AI,Female-only (including Supernumerary),57482.0,,65684.0,,69829.0,,69829.0,,71496.0,,71496.0,,9540.0,,10079.0,,10784.0,,10784.0,,11885.0,,11885.0,,19865.0,,24251.0,,25975.0,,25975.0,,25975.0,,25975.0,,11564.0,,11564.0,,11564.0,,11564.0,,11564.0,,11564.0,,,,,,,,,,,,,
GFTI,"Gati Shakti Vishwavidyalaya, Vadodara","B.Tech in Mechanical Engineering ( Rail Engineering) (4 Years, Bachelor of Technology)",AI,Gender-Neutral,60854.0,,68921.0,,70649.0,,70649.0,,73517.0,,78762.0,,10006.0,,11587.0,,11849.0,,11849.0,,11898.0,,12358.0,,23270.0,,26065.0,,27702.0,,27702.0,,29617.0,,30591.0,,11235.0,,12895.0,,12941.0,,12941.0,,13202.0,,13755.0,,5073.0,,5707.0,,6005.0,,6005.0,,6075.0,,6247.0,
GFTI,"Ghani Khan Choudhary Institute of Engineering and Technology, Malda, West Bengal","Civil and Environmental Engineering (4 Years, Bachelor of Technology)",HS,Female-only (including Supernumerary),213143.0,,263775.0,,317781.0,,317781.0,,418013.0,,418013.0,,,,,,,,,,,,,,94650.0,,104608.0,,190211.0,,190211.0,,225911.0,,267099.0,,,,,,,,,,,,,,,,,,,,,,,,,
GFTI,"Ghani Khan Choudhary Institute of Engineering and Technology, Malda, West Bengal","Civil and Environmental Engineering (4 Years, Bachelor of Technology)",HS,Gender-Neutral,204687.0,,264506.0,,321150.0,,321150.0,,404711.0,,450734.0,,32032.0,,43793.0,,47474.0,,47474.0,,66890.0,,70806.0,,94100.0,,132423.0,,201678.0,,201678.0,,256267.0,,315673.0,,28118.0,,34050.0,,34050.0,,34050.0,,34050.0,,35601.0,,6969.0,,6969.0,,6969.0,,6969.0,,8577.0,,9442.0,
GFTI,"Ghani Khan Choudhary Institute of Engineering and Technology, Malda, West Bengal","Civil and Environmental Engineering (4 Years, Bachelor of Technology)",OS,Female-only (including Supernumerary),80400.0,,86744.0,,88472.0,,88472.0,,96129.0,,96129.0,,,,,,,,,,,,,,27718.0,,30659.0,,30659.0,,30659.0,,36031.0,,36587.0,,,,,,,,,,,,,,,,,,,,,,,,,
GFTI,"Ghani Khan Choudhary Institute of Engineering and Technology, Malda, West Bengal","Civil and Environmental Engineering (4 Years, Bachelor of Technology)",OS,Gender-Neutral,77926.0,,83025.0,,86083.0,,86083.0,,96514.0,,102226.0,,12187.0,,12850.0,,13580.0,,13580.0,,15858.0,,16757.0,,27279.0,,30097.0,,31689.0,,31689.0,,36390.0,,38176.0,,10942.0,,12730.0,,14277.0,,14277.0,,14277.0,,14575.0,,6058.0,,6875.0,,7113.0,,7113.0,,7254.0,,7270.0,
GFTI,"Ghani Khan Choudhary Institute of Engineering and Technology, Malda, West Bengal","Computer Science Engineering (Artificial lntelligence and Machine Learning) (4 Years, Bachelor of Technology)",HS,Female-only (including Supernumerary),62962.0,,118849.0,,138099.0,,138099.0,,152706.0,,152706.0,,,,,,,,,,,,,,,,,,,,,,,,,,,,,,,,,,,,,,,,,,,,,,,,,
GFTI,"Ghani Khan Choudhary Institute of Engineering and Technology, Malda, West Bengal","Computer Science Engineering (Artificial lntelligence and Machine Learning) (4 Years, Bachelor of Technology)",HS,Gender-Neutral,110055.0,,119572.0,,129898.0,,129898.0,,133934.0,,147447.0,,19358.0,,19358.0,,19358.0,,19358.0,,25114.0,,25447.0,,66750.0,,71149.0,,86553.0,,86553.0,,88174.0,,97598.0,,15221.0,,15221.0,,15221.0,,15221.0,,16428.0,,17523.0,,6072.0,,6595.0,,7564.0,,7564.0,,7564.0,,7777.0,
GFTI,"Ghani Khan Choudhary Institute of Engineering and Technology, Malda, West Bengal","Computer Science Engineering (Artificial lntelligence and Machine Learning) (4 Years, Bachelor of Technology)",OS,Female-only (including Supernumerary),50436.0,,60967.0,,65203.0,,65203.0,,65203.0,,66782.0,,,,,,,,,,,,,,,,,,,,,,,,,,,,,,,,,,,,,,,,,,,,,,,,,
GFTI,"Ghani Khan Choudhary Institute of Engineering and Technology, Malda, West Bengal","Computer Science Engineering (Artificial lntelligence and Machine Learning) (4 Years, Bachelor of Technology)",OS,Gender-Neutral,46508.0,,50811.0,,55618.0,,55618.0,,58331.0,,60012.0,,7316.0,,7495.0,,8539.0,,8539.0,,8539.0,,9759.0,,17722.0,,19643.0,,19737.0,,19737.0,,19946.0,,21626.0,,8888.0,,9496.0,,9685.0,,9685.0,,9685.0,,10587.0,,4320.0,,4320.0,,4320.0,,4320.0,,4320.0,,4320.0,
GFTI,"Ghani Khan Choudhary Institute of Engineering and Technology, Malda, West Bengal","Electrical Engineering (4 Years, Bachelor of Technology)",HS,Female-only (including Supernumerary),147561.0,,161629.0,,161629.0,,161629.0,,180088.0,,180088.0,,,,,,,,,,,,,,,,,,,,,,,,,,,,,,,,,,,,,,,,,,,,,,,,,
GFTI,"Ghani Khan Choudhary Institute of Engineering and Technology, Malda, West Bengal","Electrical Engineering (4 Years, Bachelor of Technology)",HS,Gender-Neutral,164368.0,,182770.0,,220514.0,,220514.0,,255482.0,,288733.0,,26648.0,,31667.0,,36732.0,,36732.0,,49566.0,,52187.0,,81657.0,,97484.0,,109742.0,,109742.0,,166276.0,,219789.0,,17523.0,,27386.0,,27386.0,,27386.0,,27386.0,,30265.0,,6595.0,,9121.0,,9121.0,,9121.0,,9121.0,,9121.0,
GFTI,"Ghani Khan Choudhary Institute of Engineering and Technology, Malda, West Bengal","Electrical Engineering (4 Years, Bachelor of Technology)",OS,Female-only (including Supernumerary),60182.0,,65203.0,,73576.0,,73576.0,,78142.0,,91460.0,,,,,,,,,,,,,,,,,,,,,,,,,,,,,,,,,,,,,,,,,,,,,,,,,
GFTI,"Ghani Khan Choudhary Institute of Engineering and Technology, Malda, West Bengal","Electrical Engineering (4 Years, Bachelor of Technology)",OS,Gender-Neutral,62191.0,,72489.0,,73482.0,,73482.0,,74885.0,,74998.0,,11203.0,,11903.0,,11903.0,,11903.0,,13251.0,,13412.0,,22234.0,1491.0,26550.0,,28210.0,,28210.0,,28860.0,,30289.0,,10034.0,,10664.0,,11404.0,,11404.0,,11559.0,,12998.0,,4437.0,,5751.0,,5751.0,,5751.0,,5751.0,,5943.0,
GFTI,"Ghani Khan Choudhary Institute of Engineering and Technology, Malda, West Bengal","Food Technology (4 Years, Bachelor of Technology)",HS,Gender-Neutral,237344.0,,313570.0,,377860.0,,377860.0,,434548.0,,522500.0,,37842.0,,46817.0,,62846.0,,62846.0,,67340.0,,71864.0,,97484.0,,142022.0,,218565.0,,218565.0,,260531.0,,350761.0,,34050.0,,38278.0,,38732.0,,38732.0,,45754.0,,50052.0,,8389.0,,9068.0,,9602.0,,9602.0,,13084.0,,13189.0,
GFTI,"Ghani Khan Choudhary Institute of Engineering and Technology, Malda, West Bengal","Food Technology (4 Years, Bachelor of Technology)",OS,Gender-Neutral,79733.0,,88472.0,,96849.0,,96849.0,,101543.0,,106525.0,,13015.0,,13838.0,,15324.0,,15324.0,,16951.0,,17765.0,,28756.0,,32004.0,,34443.0,,34443.0,,38504.0,,39570.0,,12530.0,,14614.0,,14850.0,,14850.0,,14906.0,,15979.0,,6557.0,,7127.0,,7131.0,,7131.0,,7368.0,,8063.0,
GFTI,"Ghani Khan Choudhary Institute of Engineering and Technology, Malda, West Bengal","Mechanical Engineering (4 Years, Bachelor of Technology)",HS,Female-only (including Supernumerary),173260.0,,173260.0,,173260.0,,173260.0,,194084.0,,204286.0,,,,,,,,,,,,,,,,,,,,,,,,,,,,,,,,,,,,,,,,,,,,,,,,,
GFTI,"Ghani Khan Choudhary Institute of Engineering and Technology, Malda, West Bengal","Mechanical Engineering (4 Years, Bachelor of Technology)",HS,Gender-Neutral,156355.0,,217008.0,,222522.0,,222522.0,,262086.0,,294449.0,,29751.0,,31980.0,,37946.0,,37946.0,,43793.0,,52531.0,,86438.0,,100153.0,,111622.0,,111622.0,,212075.0,,248615.0,,22794.0,,25478.0,,25478.0,,25478.0,,25478.0,,28591.0,,6287.0,,7628.0,,7628.0,,7628.0,,9757.0,,10481.0,
GFTI,"Ghani Khan Choudhary Institute of Engineering and Technology, Malda, West Bengal","Mechanical Engineering (4 Years, Bachelor of Technology)",OS,Female-only (including Supernumerary),65203.0,,78142.0,,78142.0,,78142.0,,88472.0,,88472.0,,,,,,,,,,,,,,,,,,,,,,,,,,,,,,,,,,,,,,,,,,,,,,,,,
GFTI,"Ghani Khan Choudhary Institute of Engineering and Technology, Malda, West Bengal","Mechanical Engineering (4 Years, Bachelor of Technology)",OS,Gender-Neutral,73595.0,,78085.0,,79460.0,,79460.0,,86083.0,,96006.0,,10736.0,,11708.0,,12150.0,,12150.0,,14045.0,,15045.0,,25587.0,,28663.0,,30233.0,,30233.0,,34216.0,,35230.0,,10461.0,,11400.0,,11400.0,,11400.0,,11508.0,,12613.0,,5717.0,,6901.0,,6901.0,,6901.0,,7131.0,,7131.0,
GFTI,"Gurukula Kangri Vishwavidyalaya, Haridwar","Computer Science and Engineering (4 Years, Bachelor of Technology)",AI,Gender-Neutral,61724.0,2781.0,67999.0,3723.0,70126.0,4139.0,70126.0,4139.0,72812.0,3854.0,78706.0,3854.0,9860.0,373.0,10763.0,,11260.0,,11260.0,,11506.0,,12067.0,,22087.0,1666.0,24372.0,,26008.0,,26008.0,,27007.0,,29035.0,,11065.0,,12560.0,,12915.0,,12915.0,,13082.0,,13514.0,,5834.0,,6275.0,,6644.0,,6644.0,,7050.0,,7387.0,
GFTI,"Gurukula Kangri Vishwavidyalaya, Haridwar","Electrical Engineering (4 Years, Bachelor of Technology)",AI,Gender-Neutral,61888.0,2806.0,72917.0,3966.0,76449.0,3966.0,76449.0,3966.0,79988.0,3966.0,85712.0,3966.0,9812.0,,11819.0,,12358.0,,12358.0,,13723.0,,14531.0,,22782.0,1608.0,26770.0,,29158.0,,29158.0,,30811.0,,32220.0,,11122.0,315.0,12921.0,,13231.0,,13231.0,,13707.0,,14202.0,,4493.0,,5897.0,,6058.0,,6058.0,,6058.0,,6092.0,
GFTI,"Gurukula Kangri Vishwavidyalaya, Haridwar","Electronics and Communication Engineering (4 Years, Bachelor of Technology)",AI,Gender-Neutral,70431.0,2538.0,76936.0,3854.0,81758.0,2501.0,81758.0,2501.0,87764.0,2501.0,92685.0,2501.0,10840.0,,11809.0,,12230.0,,12230.0,,13239.0,,14158.0,,24664.0,,27444.0,,29382.0,,29382.0,,31171.0,,33186.0,,12171.0,,13449.0,,14191.0,,14191.0,,14338.0,,14924.0,,5900.0,,6624.0,,7037.0,,7037.0,,7170.0,,7697.0,
GFTI,"Gurukula Kangri Vishwavidyalaya, Haridwar","Mechanical Engineering (4 Years, Bachelor of Technology)",AI,Gender-Neutral,79077.0,,87377.0,,94474.0,,94474.0,,100428.0,,106206.0,,11986.0,,13230.0,,14371.0,,14371.0,,14889.0,,16057.0,,27821.0,,30743.0,,32520.0,,32520.0,,35845.0,,38635.0,,13438.0,,14533.0,,14918.0,,14918.0,,15500.0,,16045.0,,6205.0,,6924.0,,7160.0,,7160.0,,7580.0,,7825.0,
GFTI,"Indian Institute of Carpet Technology, Bhadohi","Carpet and Textile Technology (4 Years, Bachelor of Technology)",AI,Female-only (including Supernumerary),81636.0,,94712.0,,98400.0,,98400.0,,113612.0,,113612.0,,,,,,,,,,,,,,29182.0,,30890.0,,33940.0,,33940.0,,38818.0,,41805.0,,13887.0,,14045.0,,15256.0,,15256.0,,15256.0,,15256.0,,,,,,,,,,,,,
GFTI,"Indian Institute of Carpet Technology, Bhadohi","Carpet and Textile Technology (4 Years, Bachelor of Technology)",AI,Gender-Neutral,85440.0,3448.0,95835.0,,102116.0,,102116.0,,112547.0,,120668.0,,13053.0,,14539.0,,14974.0,,14974.0,,16487.0,,17688.0,,29315.0,,32943.0,,34869.0,,34869.0,,38546.0,,40734.0,,14100.0,,14999.0,,15859.0,,15859.0,,16286.0,,16905.0,,5859.0,,6852.0,,7391.0,,7391.0,,7940.0,,8112.0,
GFTI,"Indian Institute of Handloom Technology(IIHT), Varanasi","Handloom and Textile Technology (4 Years, Bachelor of Technology)",AI,Gender-Neutral,80309.0,3173.0,93034.0,3173.0,98864.0,3173.0,98864.0,3173.0,108379.0,3173.0,115651.0,,13205.0,,13472.0,,14999.0,,14999.0,,16222.0,,17629.0,,28388.0,,32042.0,,34168.0,,34168.0,,38200.0,,40697.0,,13821.0,,14885.0,,15807.0,,15807.0,,16354.0,,16882.0,,6394.0,,7094.0,,7555.0,,7555.0,,7950.0,,8125.0,
GFTI,"Indian Institute of Handloom Technology, Salem","Handloom and Textile Technology (4 Years, Bachelor of Technology)",AI,Gender-Neutral,72130.0,3058.0,88088.0,3058.0,97082.0,3058.0,97082.0,3058.0,106837.0,3058.0,112411.0,3058.0,11559.0,,13474.0,,14512.0,,14512.0,,15636.0,,17027.0,,25715.0,1417.0,30236.0,1417.0,33285.0,1417.0,33285.0,1417.0,36938.0,1417.0,39490.0,1417.0,12782.0,,14243.0,,14773.0,,14773.0,,15720.0,,16343.0,,6024.0,,6762.0,,7170.0,,7170.0,,7270.0,,7707.0,
GFTI,"Institute of Chemical Technology, Mumbai: Indian Oil Odisha Campus, Bhubaneswar","Chemical Engineering (5 Years, Integrated Masters in Technology)",AI,Gender-Neutral,50603.0,1407.0,56428.0,1407.0,58282.0,1407.0,58282.0,1407.0,60111.0,1407.0,63993.0,1407.0,8585.0,,9538.0,,10089.0,,10089.0,,10133.0,,10312.0,,19759.0,1541.0,21881.0,1541.0,22222.0,1541.0,22222.0,1541.0,22254.0,1541.0,23757.0,1541.0,9822.0,,10801.0,,11063.0,,11063.0,,11731.0,,11892.0,,3035.0,,4668.0,,4668.0,,4668.0,,4668.0,,4668.0,
GFTI,"Institute of Chemical Technology, Mumbai: Indian Oil Odisha Campus, Bhubaneswar","Chemical Engineering (5 Years, Integrated Masters in Technology)",HS,Gender-Neutral,66030.0,,71777.0,,76419.0,,76419.0,,81559.0,,94719.0,,17348.0,,17348.0,,17348.0,,17348.0,,18747.0,,18782.0,,31320.0,,34348.0,,37853.0,,37853.0,,42271.0,,44684.0,,11731.0,,12057.0,,12057.0,,12057.0,,12110.0,,16660.0,,10087.0,,11004.0,,11678.0,,11678.0,,11678.0,,11678.0,
GFTI,"Institute of Engineering and Technology, Dr. H. S. Gour University. Sagar (A Central University)","Aeronautical Engineering (4 Years, Bachelor of Technology)",AI,Gender-Neutral,61960.0,,70172.0,,75913.0,,75913.0,,76809.0,,85638.0,,10423.0,,11630.0,,12364.0,,12364.0,,13163.0,,13976.0,,24138.0,,27067.0,,28513.0,,28513.0,,30912.0,,33365.0,,11469.0,,12801.0,,12980.0,,12980.0,,13526.0,,13859.0,,5797.0,,6703.0,,6808.0,,6808.0,,7101.0,,7101.0,
GFTI,"Institute of Engineering and Technology, Dr. H. S. Gour University. Sagar (A Central University)","Computer Science and Engineering (4 Years, Bachelor of Technology)",AI,Gender-Neutral,54972.0,,62345.0,,63896.0,,63896.0,,65286.0,,70262.0,,8501.0,,9645.0,,10093.0,,10093.0,,10352.0,,10938.0,,20048.0,,22271.0,,23403.0,,23403.0,,24713.0,,26358.0,,11056.0,,11899.0,,12159.0,,12159.0,,12159.0,,12631.0,,5409.0,,6039.0,,6145.0,,6145.0,,6322.0,,6322.0,
GFTI,"Institute of Engineering and Technology, Dr. H. S. Gour University. Sagar (A Central University)","Dairy Engineering (4 Years, Bachelor of Technology)",AI,Gender-Neutral,86549.0,,96555.0,,103330.0,,103330.0,,117845.0,,125047.0,,13244.0,,14744.0,,15488.0,,15488.0,,17158.0,,18139.0,,30409.0,,33635.0,,36083.0,,36083.0,,39742.0,,41486.0,,14217.0,,15385.0,,15937.0,,15937.0,,16794.0,,17544.0,,6705.0,,7270.0,,7505.0,,7505.0,,8032.0,,8371.0,
GFTI,"Institute of Engineering and Technology, Dr. H. S. Gour University. Sagar (A Central University)","Electronics and Communication Engineering (4 Years, Bachelor of Technology)",AI,Gender-Neutral,67073.0,,73913.0,,77625.0,,77625.0,,80611.0,,87468.0,,10727.0,,11742.0,,12260.0,,12260.0,,13315.0,,14259.0,,24086.0,,27579.0,,28700.0,,28700.0,,30590.0,,33133.0,,12542.0,,13406.0,,13948.0,,13948.0,,14563.0,,14904.0,,6034.0,,6781.0,,7010.0,,7010.0,,7435.0,,7695.0,
GFTI,"Institute of Engineering and Technology, Dr. H. S. Gour University. Sagar (A Central University)","Fashion and Apparel Engineering (4 Years, Bachelor of Technology)",AI,Gender-Neutral,82835.0,,93959.0,,101424.0,,101424.0,,113692.0,,122521.0,,12977.0,,14549.0,,15334.0,,15334.0,,17027.0,,18021.0,,29681.0,,33125.0,,35972.0,,35972.0,,39215.0,,41232.0,,13948.0,,15145.0,,15726.0,,15726.0,,16470.0,,17222.0,,6531.0,,7187.0,,7403.0,,7403.0,,8010.0,,8235.0,
GFTI,"Institute of Engineering and Technology, Dr. H. S. Gour University. Sagar (A Central University)","Food Engineering and Technology (4 Years, Bachelor of Technology)",AI,Gender-Neutral,88022.0,,98021.0,,104533.0,,104533.0,,118062.0,,125271.0,,13753.0,,14785.0,,15719.0,,15719.0,,17346.0,,18318.0,,30777.0,,34186.0,,36196.0,,36196.0,,39925.0,,41645.0,,14563.0,,15492.0,,16069.0,,16069.0,,17009.0,,17647.0,,6623.0,,7368.0,,7672.0,,7672.0,,8102.0,,8388.0,
GFTI,"Institute of Infrastructure, Technology, Research and Management-Ahmedabad","Civil Engineering (4 Years, Bachelor of Technology)",AI,Gender-Neutral,64881.0,3123.0,70213.0,3336.0,73722.0,,73722.0,,74198.0,,83677.0,,10249.0,,11093.0,,12008.0,,12008.0,,12151.0,,13021.0,,22633.0,1415.0,25378.0,,26806.0,,26806.0,,27279.0,,29851.0,,12109.0,,12863.0,,13520.0,,13520.0,,13927.0,,14414.0,,4204.0,,5095.0,,5394.0,,5394.0,,5394.0,,5394.0,
GFTI,"Institute of Infrastructure, Technology, Research and Management-Ahmedabad","Computer Engineering (4 Years, Bachelor of Technology)",AI,Gender-Neutral,37733.0,1933.0,41065.0,2106.0,43015.0,2106.0,43015.0,2106.0,43953.0,2106.0,47706.0,2296.0,5731.0,,6427.0,,6508.0,,6508.0,,6847.0,,7245.0,,15423.0,977.0,17500.0,977.0,17703.0,977.0,17703.0,977.0,17911.0,977.0,18640.0,,9234.0,,9794.0,,9999.0,,9999.0,,10524.0,,10850.0,,4016.0,,4451.0,,4451.0,,4451.0,,4451.0,,4451.0,
GFTI,"Institute of Infrastructure, Technology, Research and Management-Ahmedabad","Electrical Engineering (4 Years, Bachelor of Technology)",AI,Gender-Neutral,50717.0,3225.0,55887.0,3225.0,57520.0,,57520.0,,58385.0,,61921.0,,8056.0,369.0,8781.0,,9045.0,,9045.0,,9188.0,,10165.0,,19369.0,,21130.0,,21870.0,,21870.0,,21972.0,,22970.0,,10485.0,,11528.0,,11648.0,,11648.0,,11648.0,,11936.0,,4235.0,,5001.0,,5001.0,,5001.0,,5001.0,,5001.0,
GFTI,"Institute of Infrastructure, Technology, Research and Management-Ahmedabad","Mechanical Engineering (4 Years, Bachelor of Technology)",AI,Gender-Neutral,55854.0,2733.0,62657.0,3913.0,64960.0,,64960.0,,65199.0,,67544.0,,8362.0,,9753.0,,10423.0,,10423.0,,10652.0,,11034.0,,20681.0,1543.0,22867.0,,24234.0,,24234.0,,24234.0,,25721.0,,11547.0,,12564.0,,12873.0,,12873.0,,13074.0,,13177.0,,4840.0,,5511.0,,5833.0,,5833.0,,6090.0,,6278.0,
GFTI,"International Institute of Information Technology, Bhubaneswar","Computer Engineering (4 Years, Bachelor of Technology)",AI,Gender-Neutral,33062.0,823.0,36936.0,1289.0,37155.0,1628.0,37155.0,1628.0,37413.0,1628.0,40118.0,1628.0,5478.0,,5665.0,,5665.0,,5665.0,,5665.0,,6355.0,,13746.0,,14917.0,,14917.0,,14917.0,,14966.0,,15761.0,,7896.0,,8851.0,,8851.0,,8851.0,,9179.0,,9682.0,,3632.0,,4025.0,,4025.0,,4025.0,,4025.0,,4300.0,
GFTI,"International Institute of Information Technology, Bhubaneswar","Computer Science and Engineering (4 Years, Bachelor of Technology)",AI,Gender-Neutral,29537.0,926.0,31417.0,926.0,31439.0,926.0,31439.0,926.0,31600.0,1638.0,33833.0,1638.0,4643.0,,5370.0,,5477.0,,5477.0,,5500.0,,5755.0,,12418.0,620.0,13566.0,741.0,13566.0,741.0,13566.0,741.0,13723.0,741.0,13787.0,741.0,6955.0,148.0,7251.0,148.0,7321.0,148.0,7321.0,148.0,7431.0,148.0,7596.0,148.0,3160.0,,3302.0,,3401.0,,3401.0,,3401.0,,3843.0,
GFTI,"International Institute of Information Technology, Bhubaneswar","Electrical and Electronics Engineering (4 Years, Bachelor of Technology)",AI,Gender-Neutral,38848.0,2120.0,41777.0,2390.0,42183.0,2390.0,42183.0,2390.0,42835.0,2390.0,46244.0,2390.0,6407.0,,6750.0,,6869.0,,6869.0,,6869.0,,7318.0,,14970.0,,16851.0,,16980.0,,16980.0,,17157.0,,18228.0,,9117.0,,9748.0,,9897.0,,9897.0,,9920.0,,10149.0,,4334.0,,4445.0,,4445.0,,4445.0,,4445.0,,4445.0,
GFTI,"International Institute of Information Technology, Bhubaneswar","Electronics and Telecommunication Engineering (4 Years, Bachelor of Technology)",AI,Gender-Neutral,38133.0,1660.0,39805.0,2301.0,40209.0,2301.0,40209.0,2301.0,41102.0,2301.0,45436.0,2301.0,6225.0,,6442.0,,6731.0,,6731.0,,6810.0,,7096.0,,15096.0,,16452.0,,16659.0,,16659.0,,16851.0,,17129.0,,8626.0,,9576.0,,9797.0,,9797.0,,9801.0,,9992.0,,4438.0,,4438.0,,4438.0,,4438.0,,4438.0,,4438.0,
GFTI,"International Institute of Information Technology, Bhubaneswar","Information Technology (4 Years, Bachelor of Technology)",AI,Gender-Neutral,33320.0,746.0,35481.0,1876.0,35983.0,1876.0,35983.0,1876.0,37248.0,1876.0,39873.0,1876.0,5370.0,,5701.0,,5701.0,,5701.0,,5749.0,,6140.0,,13403.0,,14764.0,,14764.0,,14764.0,,15038.0,,15372.0,,7852.0,,8959.0,,8959.0,,8959.0,,9025.0,,9025.0,,3401.0,,3401.0,,3665.0,,3665.0,,3665.0,,3665.0,
GFTI,"International Institute of Information Technology, Naya Raipur","Computer Science and Engineering (4 Years, Bachelor of Technology)",AI,Female-only (including Supernumerary),27680.0,,27680.0,,27680.0,,27680.0,,27680.0,,29526.0,,4087.0,,4087.0,,4087.0,,4087.0,,4087.0,,4904.0,,12282.0,,13527.0,,13527.0,,13527.0,,13527.0,,15218.0,,5442.0,,8107.0,,8107.0,,8107.0,,8107.0,,8107.0,,,,,,,,,,,,,
GFTI,"International Institute of Information Technology, Naya Raipur","Computer Science and Engineering (4 Years, Bachelor of Technology)",AI,Gender-Neutral,17875.0,1051.0,18256.0,1051.0,18256.0,1051.0,18256.0,1051.0,18404.0,1051.0,18851.0,1051.0,2876.0,,2965.0,,2965.0,,2965.0,,2965.0,,3353.0,,6465.0,543.0,7022.0,578.0,7133.0,578.0,7133.0,578.0,7133.0,578.0,7172.0,1042.0,4358.0,,5136.0,,5136.0,,5136.0,,5136.0,,5136.0,,2714.0,,2758.0,,2758.0,,2758.0,,2758.0,,2758.0,
GFTI,"International Institute of Information Technology, Naya Raipur","Data Science and Artificial Intelligence (4 Years, Bachelor of Technology)",AI,Female-only (including Supernumerary),30109.0,,30759.0,,31715.0,,31715.0,,31715.0,,32709.0,,,,,,,,,,,,,,14723.0,,14723.0,,14723.0,,14723.0,,14723.0,,15638.0,,8333.0,,8849.0,,8849.0,,8849.0,,8849.0,,8849.0,,3670.0,,4273.0,,4273.0,,4273.0,,4273.0,,4273.0,
GFTI,"International Institute of Information Technology, Naya Raipur","Data Science and Artificial Intelligence (4 Years, Bachelor of Technology)",AI,Gender-Neutral,19939.0,,21060.0,,21060.0,,21060.0,,21443.0,,22152.0,,3194.0,,3358.0,,3358.0,,3358.0,,3358.0,,3599.0,,7575.0,,8455.0,,8582.0,,8582.0,,8582.0,,8814.0,,5136.0,,5831.0,,5831.0,,5831.0,,5968.0,,5968.0,,3197.0,,3505.0,,3505.0,,3505.0,,3505.0,,3505.0,
GFTI,"International Institute of Information Technology, Naya Raipur","Electronics and Communication Engineering (4 Years, Bachelor of Technology)",AI,Female-only (including Supernumerary),37582.0,,37582.0,,38254.0,,38254.0,,39637.0,,39637.0,,6062.0,,6062.0,,6062.0,,6062.0,,6062.0,,7523.0,,16782.0,,16782.0,,16782.0,,16782.0,,17591.0,,17591.0,,9239.0,,9899.0,,10498.0,,10498.0,,10498.0,,10498.0,,3559.0,,3559.0,,3559.0,,3559.0,,3559.0,,3559.0,
GFTI,"International Institute of Information Technology, Naya Raipur","Electronics and Communication Engineering (4 Years, Bachelor of Technology)",AI,Gender-Neutral,26786.0,1784.0,28174.0,1784.0,28226.0,1784.0,28226.0,1784.0,28226.0,1784.0,30902.0,1784.0,4273.0,408.0,4506.0,408.0,4575.0,408.0,4575.0,408.0,4575.0,408.0,4833.0,408.0,10449.0,,11114.0,,11129.0,,11129.0,,11129.0,,11162.0,,7123.0,,7173.0,,7173.0,,7173.0,,7173.0,,7315.0,,3601.0,,3749.0,,3749.0,,3749.0,,3749.0,,3776.0,
GFTI,Islamic University of Science and Technology Kashmir,"Architecture (5 Years, Bachelor of Architecture)",AI,Gender-Neutral,1119.0,,1271.0,,1401.0,,1401.0,,1582.0,,1600.0,,,,,,,,,,,,,,610.0,,641.0,,642.0,,642.0,,712.0,,764.0,,282.0,,341.0,,345.0,,345.0,,366.0,,366.0,,218.0,,239.0,,256.0,,256.0,,267.0,,279.0,
GFTI,Islamic University of Science and Technology Kashmir,"Architecture (5 Years, Bachelor of Architecture)",HS,Gender-Neutral,6782.0,,15641.0,,37395.0,,37395.0,,33353.0,,33353.0,,,,,,,,,,,,,,2258.0,,,,,,,,,,,,2262.0,,3329.0,,4552.0,,4552.0,,,,,,827.0,,1296.0,,,,,,,,,
GFTI,"J.K. Institute of Applied Physics & Technology, Department of Electronics & Communication, University of Allahabad- Allahabad","Computer Science and Engineering with Major in Artificial Intelligence (4 Years, Bachelor of Technology)",AI,Gender-Neutral,39197.0,1885.0,43953.0,1885.0,44377.0,1885.0,44377.0,1885.0,45047.0,1885.0,49977.0,1885.0,6714.0,,7173.0,,7173.0,,7173.0,,7269.0,,7457.0,,16393.0,1046.0,17822.0,1163.0,17947.0,1163.0,17947.0,1163.0,18119.0,1163.0,19140.0,1163.0,8256.0,,9889.0,,9889.0,,9889.0,,9889.0,,9889.0,,3074.0,,3099.0,,3099.0,,3099.0,,3099.0,,3099.0,
GFTI,"J.K. Institute of Applied Physics & Technology, Department of Electronics & Communication, University of Allahabad- Allahabad","Electronics and Communication Engineering (4 Years, Bachelor of Technology)",AI,Gender-Neutral,51560.0,3271.0,55006.0,3271.0,57762.0,3271.0,57762.0,3271.0,58711.0,3271.0,64472.0,3271.0,7892.0,,9073.0,,9172.0,,9172.0,,9172.0,,9971.0,,19309.0,1558.0,20681.0,1558.0,21324.0,1558.0,21324.0,1558.0,21645.0,1558.0,23186.0,1558.0,9887.0,,11077.0,,11528.0,,11528.0,,11528.0,,11808.0,,4341.0,,5503.0,,5503.0,,5503.0,,5739.0,,5751.0,
GFTI,"Jawaharlal Nehru University, Delhi","Computer Science and Engineering (4 Years, Bachelor of Technology)",AI,Gender-Neutral,25706.0,527.0,28883.0,898.0,29861.0,898.0,29861.0,898.0,30501.0,898.0,31402.0,898.0,4330.0,,4679.0,,5465.0,,5465.0,,5465.0,,5691.0,,10912.0,322.0,11867.0,492.0,11880.0,492.0,11880.0,492.0,11880.0,492.0,11880.0,746.0,5056.0,102.0,5681.0,102.0,5740.0,102.0,5740.0,102.0,5841.0,105.0,6059.0,105.0,2253.0,,2819.0,,2819.0,,2819.0,,2819.0,,3116.0,
GFTI,"Jawaharlal Nehru University, Delhi","Electronics and Communication Engineering (4 Years, Bachelor of Technology)",AI,Gender-Neutral,33831.0,723.0,36732.0,1752.0,36862.0,1752.0,36862.0,1752.0,37302.0,1752.0,41588.0,1822.0,5891.0,,5947.0,,6075.0,,6075.0,,6075.0,,6899.0,,13650.0,728.0,14134.0,746.0,14471.0,746.0,14471.0,746.0,14505.0,746.0,14956.0,880.0,6059.0,,7084.0,,7588.0,,7588.0,,7588.0,,7895.0,,2991.0,,3214.0,,3317.0,,3317.0,,3468.0,,3524.0,
GFTI,"Mizoram University, Aizawl","Architecture (5 Years, Bachelor of Architecture)",AI,Gender-Neutral,962.0,,1119.0,,1135.0,,1135.0,,1251.0,,1258.0,,321.0,,377.0,,406.0,,406.0,,478.0,,522.0,,,,,,,,,,,,,,241.0,,322.0,,344.0,,344.0,,355.0,,355.0,,53.0,,131.0,,174.0,,174.0,,184.0,,205.0,
GFTI,"Mizoram University, Aizawl","Civil Engineering (4 Years, Bachelor of Technology)",AI,Gender-Neutral,76781.0,3550.0,88182.0,,94196.0,,94196.0,,101166.0,,109020.0,,12433.0,,13155.0,,13776.0,,13776.0,,15788.0,,16473.0,,,,,,,,,,,,,,12707.0,,14353.0,,15154.0,,15154.0,,15507.0,,16109.0,,5724.0,,6269.0,,6468.0,,6468.0,,6669.0,,6669.0,
GFTI,"Mizoram University, Aizawl","Computer Engineering (4 Years, Bachelor of Technology)",AI,Gender-Neutral,60031.0,4239.0,65396.0,,69519.0,,69519.0,,71766.0,,75540.0,,9687.0,,11098.0,,11163.0,,11163.0,,11313.0,,11313.0,,,,,,,,,,,,,,11012.0,,12569.0,,12721.0,,12721.0,,12775.0,,13072.0,,5666.0,,6568.0,,6623.0,,6623.0,,6624.0,,7196.0,
GFTI,"Mizoram University, Aizawl","Electrical Engineering (4 Years, Bachelor of Technology)",AI,Gender-Neutral,67224.0,3966.0,78281.0,,82336.0,,82336.0,,87655.0,,89909.0,,10509.0,,11983.0,,12647.0,,12647.0,,13693.0,,13693.0,,,,,,,,,,,,,,11848.0,,12570.0,,13072.0,,13072.0,,13103.0,,13448.0,,5488.0,,6058.0,,6536.0,,6536.0,,6950.0,,7016.0,
GFTI,"Mizoram University, Aizawl","Electronics and Communication Engineering (4 Years, Bachelor of Technology)",AI,Gender-Neutral,67177.0,,73543.0,,80160.0,,80160.0,,81072.0,,86262.0,,9970.0,,11687.0,,11994.0,,11994.0,,12447.0,,12784.0,,,,,,,,,,,,,,12556.0,,13094.0,,13245.0,,13245.0,,13245.0,,13258.0,,6075.0,,6609.0,,6838.0,,6838.0,,6876.0,,7128.0,
GFTI,"Mizoram University, Aizawl","Information Technology (4 Years, Bachelor of Technology)",AI,Gender-Neutral,64832.0,2645.0,69519.0,3505.0,73665.0,,73665.0,,75533.0,,81999.0,,9423.0,,10741.0,,11830.0,,11830.0,,12374.0,,12654.0,,,,,,,,,,,,,,11720.0,,12631.0,,12631.0,,12631.0,,12631.0,,13968.0,,5929.0,,6497.0,,6777.0,,6777.0,,6901.0,,7187.0,
GFTI,"National Institute of Advanced Manufacturing Technology, Ranchi","Computer Engineering (4 Years, Bachelor of Technology)",AI,Female-only (including Supernumerary),51112.0,,55082.0,,56625.0,,56625.0,,59899.0,,61663.0,,8425.0,,8656.0,,8745.0,,8745.0,,8745.0,,8984.0,,20476.0,,23479.0,,23498.0,,23498.0,,23498.0,,24204.0,,9046.0,,10400.0,,10400.0,,10400.0,,10400.0,,12405.0,,4019.0,,4019.0,,4019.0,,4019.0,,4019.0,,4019.0,
GFTI,"National Institute of Advanced Manufacturing Technology, Ranchi","Computer Engineering (4 Years, Bachelor of Technology)",AI,Gender-Neutral,44591.0,1985.0,49497.0,2856.0,52112.0,2856.0,52112.0,2856.0,52737.0,2856.0,56268.0,2856.0,7011.0,,7874.0,,8034.0,,8034.0,,8287.0,,8446.0,,17225.0,1537.0,18159.0,,18159.0,,18159.0,,18240.0,,19572.0,,9210.0,,10243.0,,10383.0,,10383.0,,10885.0,,11251.0,,4346.0,,4454.0,,4454.0,,4454.0,,4454.0,,5544.0,
GFTI,"National Institute of Advanced Manufacturing Technology, Ranchi","Mechanical Engineering (4 Years, Bachelor of Technology)",AI,Female-only (including Supernumerary),65967.0,,71485.0,,71485.0,,71485.0,,74607.0,,79135.0,,10882.0,,10882.0,,10882.0,,10882.0,,10882.0,,12118.0,,23762.0,,24730.0,,25535.0,,25535.0,,25985.0,,27785.0,,10877.0,,11559.0,,11559.0,,11559.0,,12066.0,,12066.0,,5744.0,,5744.0,,5980.0,,5980.0,,5980.0,,5980.0,
GFTI,"National Institute of Advanced Manufacturing Technology, Ranchi","Mechanical Engineering (4 Years, Bachelor of Technology)",AI,Gender-Neutral,57853.0,2502.0,62030.0,,62830.0,,62830.0,,63431.0,,68000.0,,8977.0,,9738.0,,10147.0,,10147.0,,10995.0,,11200.0,,20286.0,,21760.0,,22223.0,,22223.0,,22504.0,,24976.0,,10568.0,,11375.0,,11794.0,,11794.0,,11916.0,,12084.0,,4784.0,,5581.0,,5889.0,,5889.0,,5889.0,,6074.0,
GFTI,"National Institute of Advanced Manufacturing Technology, Ranchi","Metallurgy and Materials Engineering (4 Years, Bachelor of Technology)",AI,Female-only (including Supernumerary),76313.0,,77354.0,,79237.0,,79237.0,,79237.0,,82763.0,,11017.0,,11279.0,,11738.0,,11738.0,,11738.0,,14265.0,,26785.0,,29393.0,,30514.0,,30514.0,,30514.0,,32934.0,,12389.0,,12389.0,,12389.0,,12389.0,,12389.0,,15150.0,,5763.0,,6074.0,,6074.0,,6074.0,,6074.0,,6244.0,
GFTI,"National Institute of Advanced Manufacturing Technology, Ranchi","Metallurgy and Materials Engineering (4 Years, Bachelor of Technology)",AI,Gender-Neutral,68691.0,2181.0,72762.0,,74069.0,,74069.0,,74961.0,,79761.0,,10591.0,,11460.0,,11975.0,,11975.0,,12765.0,,12765.0,,25645.0,1212.0,28767.0,,30435.0,,30435.0,,31917.0,,32610.0,,11892.0,,12125.0,,12533.0,,12533.0,,13136.0,,14014.0,,5808.0,,6040.0,,6040.0,,6040.0,,6104.0,,6420.0,
GFTI,"National Institute of Advanced Manufacturing Technology, Ranchi","Production and Industrial Engineering (4 Years, Bachelor of Technology)",AI,Female-only (including Supernumerary),73801.0,,82083.0,,84554.0,,84554.0,,85787.0,,86720.0,,11091.0,,11738.0,,13070.0,,13070.0,,13070.0,,13070.0,,27983.0,,29324.0,,31625.0,,31625.0,,33143.0,,33143.0,,13202.0,,13696.0,,13696.0,,13696.0,,13696.0,,13988.0,,6074.0,,6244.0,,6244.0,,6244.0,,6244.0,,6597.0,
GFTI,"National Institute of Advanced Manufacturing Technology, Ranchi","Production and Industrial Engineering (4 Years, Bachelor of Technology)",AI,Gender-Neutral,68354.0,3600.0,76508.0,,79054.0,,79054.0,,80329.0,,85868.0,,11117.0,,11845.0,,12978.0,,12978.0,,13498.0,,13888.0,,26181.0,1641.0,28359.0,,31249.0,,31249.0,,32365.0,,34286.0,,12511.0,,13988.0,,14135.0,,14135.0,,14753.0,,15726.0,,6040.0,,6330.0,,6597.0,,6597.0,,7041.0,,7060.0,
GFTI,"National Institute of Electronics and Information Technology, Ajmer (Rajasthan)","Computer Science and Engineering (Internet of Things, Cyber Security including Block Chain Technology ) (4 Years, Bachelor of Technology)",AI,Gender-Neutral,47166.0,1198.0,55766.0,1198.0,56533.0,1198.0,56533.0,1198.0,57217.0,1198.0,60700.0,2407.0,8148.0,,8513.0,,8965.0,,8965.0,,8965.0,,9409.0,,19063.0,1177.0,20967.0,1177.0,21699.0,1177.0,21699.0,1177.0,22319.0,,23667.0,,8981.0,311.0,10669.0,,11246.0,,11246.0,,11269.0,,11388.0,,4327.0,,4412.0,,4546.0,,4546.0,,4546.0,,4691.0,
GFTI,"National Institute of Electronics and Information Technology, Aurangabad (Maharashtra)","Computer Science and Engineering (4 Years, Bachelor of Technology)",AI,Gender-Neutral,42183.0,1035.0,46118.0,1619.0,46118.0,1619.0,46118.0,1619.0,46683.0,1619.0,51218.0,1619.0,6720.0,,7139.0,,7140.0,,7140.0,,7385.0,,8015.0,,15522.0,754.0,17693.0,825.0,18150.0,825.0,18150.0,825.0,18375.0,825.0,19185.0,953.0,7985.0,212.0,9046.0,,9096.0,,9096.0,,9096.0,,9197.0,,4302.0,,4364.0,,4484.0,,4484.0,,4484.0,,4484.0,
GFTI,"National Institute of Electronics and Information Technology, Aurangabad (Maharashtra)","Electronic Engineering (4 Years, Bachelor of Technology)",AI,Gender-Neutral,50951.0,2034.0,55221.0,3715.0,57153.0,3987.0,57153.0,3987.0,57762.0,3987.0,61907.0,3987.0,8034.0,,9207.0,,9559.0,,9559.0,,9885.0,,10127.0,,18150.0,1418.0,19719.0,1689.0,20287.0,,20287.0,,20287.0,,22252.0,,9506.0,,10847.0,,10847.0,,10847.0,,10973.0,,11369.0,,4815.0,,5225.0,,5225.0,,5225.0,,5225.0,,5225.0,
GFTI,"National Institute of Electronics and Information Technology, Gorakhpur (UP)","B. Tech in Electronics and Communication Engineering with minor in Wearable Electronics (4 Years, Bachelor of Technology)",AI,Gender-Neutral,60253.0,2392.0,64073.0,2801.0,69777.0,3975.0,69777.0,3975.0,71080.0,3975.0,72993.0,3975.0,9869.0,,10306.0,,10730.0,,10730.0,,11292.0,,11699.0,,21822.0,1728.0,24352.0,,24525.0,,24525.0,,25678.0,,27307.0,,11107.0,,12092.0,,12849.0,,12849.0,,12863.0,,13271.0,,5300.0,,6085.0,,6175.0,,6175.0,,6644.0,,7013.0,
GFTI,"National Institute of Electronics and Information Technology, Gorakhpur (UP)","Computer Science and Engineering with minor in AI and ML (4 Years, Bachelor of Technology)",AI,Gender-Neutral,55068.0,2335.0,60642.0,2392.0,62927.0,2392.0,62927.0,2392.0,63472.0,2392.0,65778.0,2392.0,8901.0,,9861.0,,9925.0,,9925.0,,10056.0,,10592.0,,19728.0,1443.0,22606.0,1443.0,23132.0,1443.0,23132.0,1443.0,23873.0,1591.0,24352.0,1712.0,10289.0,,11091.0,,11987.0,,11987.0,,11987.0,,12774.0,,4336.0,,5512.0,,5512.0,,5512.0,,5541.0,,5765.0,
GFTI,"National Institute of Electronics and Information Technology, Patna (Bihar)","Computer Science and Engineering (4 Years, Bachelor of Technology)",AI,Gender-Neutral,50162.0,862.0,57127.0,862.0,58374.0,862.0,58374.0,862.0,59153.0,862.0,63949.0,862.0,8180.0,,9169.0,,9321.0,,9321.0,,9520.0,,9861.0,,18790.0,727.0,21698.0,727.0,22353.0,727.0,22353.0,727.0,22995.0,727.0,23908.0,727.0,9200.0,,10928.0,,11329.0,,11329.0,,11629.0,,11772.0,,5289.0,,5360.0,,5459.0,,5459.0,,5459.0,,5459.0,
GFTI,"National Institute of Electronics and Information Technology, Ropar (Punjab)","B.Tech in CSE (AI and ML) (4 Years, Bachelor of Technology)",AI,Gender-Neutral,40473.0,556.0,45783.0,1436.0,47436.0,1840.0,47436.0,1840.0,47579.0,1840.0,50647.0,1857.0,7269.0,,7714.0,,7714.0,,7714.0,,7747.0,,8088.0,,17388.0,1226.0,19206.0,1226.0,19963.0,1226.0,19963.0,1226.0,21085.0,1226.0,22118.0,1226.0,7331.0,,9610.0,,9610.0,,9610.0,,9659.0,,10468.0,,4466.0,,5048.0,,5340.0,,5340.0,,5340.0,,5375.0,
GFTI,"National Institute of Food Technology Entrepreneurship and Management, Kundli","Food Technology and Management (4 Years, Bachelor of Technology)",AI,Gender-Neutral,81078.0,3479.0,91338.0,4033.0,98898.0,2622.0,98898.0,2622.0,110993.0,,120222.0,,12625.0,,14077.0,,15201.0,,15201.0,,16718.0,,17777.0,,28922.0,1637.0,32066.0,,35294.0,,35294.0,,38748.0,,40799.0,,13759.0,,14903.0,,15694.0,,15694.0,,16313.0,,16643.0,,6500.0,,7016.0,,7291.0,,7291.0,,7590.0,,8188.0,
GFTI,"National Institute of Food Technology Entrepreneurship and Management, Thanjavur","Food Technology (4 Years, Bachelor of Technology)",AI,Gender-Neutral,66380.0,1554.0,84769.0,1728.0,89386.0,1728.0,89386.0,1728.0,93901.0,1728.0,104649.0,1728.0,12068.0,,13743.0,,14888.0,,14888.0,,16224.0,,17467.0,,25733.0,715.0,29544.0,901.0,32190.0,901.0,32190.0,901.0,36659.0,901.0,38962.0,901.0,12841.0,,14198.0,,14648.0,,14648.0,,14669.0,,14863.0,,6321.0,,6804.0,,7144.0,,7144.0,,7205.0,,7815.0,
GFTI,"North Eastern Regional Institute of Science and Technology, Nirjuli-791109 (Itanagar),Arunachal Pradesh","Agricultural Engineering (4 Years, Bachelor of Technology)",AI,Gender-Neutral,51838.0,,71680.0,,78526.0,,78526.0,,89306.0,,101780.0,,12377.0,,14159.0,,14488.0,,14488.0,,15736.0,,16288.0,,,,,,,,,,,,,,,,,,,,,,,,,,,,,,,,,,,,,
GFTI,"North Eastern Regional Institute of Science and Technology, Nirjuli-791109 (Itanagar),Arunachal Pradesh","Civil Engineering (4 Years, Bachelor of Technology)",AI,Gender-Neutral,,,,,,,,,,,,,8438.0,,8438.0,,8438.0,,8438.0,,8438.0,,14118.0,,20982.0,,22818.0,,23342.0,,23342.0,,23342.0,,23342.0,,,,,,,,,,,,,,,,,,,,,,,,,
GFTI,"North Eastern Regional Institute of Science and Technology, Nirjuli-791109 (Itanagar),Arunachal Pradesh","Computer Science and Engineering (4 Years, Bachelor of Technology)",AI,Gender-Neutral,46694.0,,48388.0,,52649.0,,52649.0,,52649.0,,62096.0,,9048.0,,9624.0,,10315.0,,10315.0,,10384.0,,11271.0,,,,,,,,,,,,,,,,,,,,,,,,,,,,,,,,,,,,,
GFTI,"North Eastern Regional Institute of Science and Technology, Nirjuli-791109 (Itanagar),Arunachal Pradesh","Electrical Engineering (4 Years, Bachelor of Technology)",AI,Gender-Neutral,,,,,,,,,,,,,7811.0,,7811.0,,7811.0,,7811.0,,7811.0,,10305.0,,,,,,,,,,,,,,7275.0,,9947.0,,12996.0,,12996.0,,12996.0,,12996.0,,,,,,,,,,,,,
GFTI,"North Eastern Regional Institute of Science and Technology, Nirjuli-791109 (Itanagar),Arunachal Pradesh","Electronics and Communication Engineering (4 Years, Bachelor of Technology)",AI,Gender-Neutral,,,,,,,,,,,,,9096.0,,9604.0,,9604.0,,9604.0,,10496.0,,10496.0,,22709.0,,22900.0,,22900.0,,22900.0,,23493.0,,23493.0,,,,,,,,,,,,,,,,,,,,,,,,,
GFTI,"North Eastern Regional Institute of Science and Technology, Nirjuli-791109 (Itanagar),Arunachal Pradesh","Mechanical Engineering (4 Years, Bachelor of Technology)",AI,Gender-Neutral,,,,,,,,,,,,,8396.0,,11203.0,,11203.0,,11203.0,,13060.0,,13060.0,,,,,,,,,,,,,,,,,,,,,,,,,,3929.0,,4745.0,,4745.0,,4745.0,,4745.0,,4745.0,
GFTI,"North-Eastern Hill University, Shillong","Biomedical Engineering (4 Years, Bachelor of Technology)",AI,Gender-Neutral,69748.0,,79008.0,,85597.0,,85597.0,,92511.0,,100180.0,,12396.0,,12799.0,,13549.0,,13549.0,,15312.0,,16247.0,,26026.0,,29635.0,,33751.0,,33751.0,,36920.0,,38377.0,,13097.0,,13671.0,,14920.0,,14920.0,,15459.0,,15559.0,,6191.0,,6702.0,,6702.0,,6702.0,,6702.0,,6829.0,
GFTI,"North-Eastern Hill University, Shillong","Electronics and Communication Engineering (4 Years, Bachelor of Technology)",AI,Gender-Neutral,67527.0,3245.0,76877.0,,80325.0,,80325.0,,87752.0,,89121.0,,10558.0,,11782.0,,12767.0,,12767.0,,13176.0,,13279.0,,23517.0,,28060.0,,29131.0,,29131.0,,31215.0,,33391.0,,11412.0,,13072.0,,14243.0,,14243.0,,14243.0,,14243.0,,4173.0,,4173.0,,4173.0,,4173.0,,4509.0,,6702.0,
GFTI,"North-Eastern Hill University, Shillong","Energy Engineering (4 Years, Bachelor of Technology)",AI,Gender-Neutral,69315.0,3900.0,78538.0,,81078.0,,81078.0,,87091.0,,92928.0,,10603.0,,12551.0,,13244.0,,13244.0,,14049.0,,15117.0,,24037.0,,27684.0,,30642.0,,30642.0,,32985.0,,35294.0,,11719.0,,13318.0,,13683.0,,13683.0,,14217.0,,14688.0,,5840.0,,6005.0,,6247.0,,6247.0,,6497.0,,6841.0,
GFTI,"North-Eastern Hill University, Shillong","Information Technology (4 Years, Bachelor of Technology)",AI,Gender-Neutral,61868.0,2524.0,70898.0,,73687.0,,73687.0,,75532.0,,85700.0,,9874.0,,11334.0,,11742.0,,11742.0,,12706.0,,13139.0,,22634.0,,24853.0,,27279.0,,27279.0,,28419.0,,29653.0,,11619.0,,12620.0,,12620.0,,12620.0,,12891.0,,12891.0,,4705.0,,4705.0,,4705.0,,4705.0,,4980.0,,4980.0,
GFTI,"Puducherry Technological University, Puducherry","Chemical Engineering (4 Years, Bachelor of Technology)",AI,Gender-Neutral,55422.0,,57602.0,,59679.0,,59679.0,,63286.0,,65703.0,,9696.0,,10496.0,,10535.0,,10535.0,,10535.0,,10535.0,,16623.0,1516.0,18468.0,1702.0,22245.0,1702.0,22245.0,1702.0,22245.0,1702.0,22494.0,1702.0,7854.0,,9549.0,,10647.0,,10647.0,,12216.0,,12216.0,,,,,,,,,,,,,
GFTI,"Puducherry Technological University, Puducherry","Civil Engineering (4 Years, Bachelor of Technology)",AI,Gender-Neutral,66588.0,2552.0,76589.0,2613.0,79458.0,2613.0,79458.0,2613.0,82373.0,2613.0,89050.0,2613.0,10488.0,,12187.0,,13094.0,,13094.0,,13740.0,,14074.0,,24432.0,,26486.0,,27553.0,,27553.0,,29610.0,,31893.0,,11452.0,,12225.0,,12225.0,,12225.0,,12225.0,,12554.0,,4464.0,,4464.0,,4464.0,,4464.0,,4464.0,,4464.0,
GFTI,"Puducherry Technological University, Puducherry","Civil Engineering (4 Years, Bachelor of Technology)",HS,Gender-Neutral,250437.0,,299813.0,,384210.0,,384210.0,,386246.0,,386246.0,,,,,,,,,,,,,,93702.0,,123901.0,,161943.0,,161943.0,,170959.0,,190393.0,,33353.0,,38271.0,,45920.0,,45920.0,,47448.0,,63578.0,,,,,,,,,,,,,
GFTI,"Puducherry Technological University, Puducherry","Computer Science and Engineering (4 Years, Bachelor of Technology)",AI,Gender-Neutral,44440.0,,48426.0,,49631.0,,49631.0,,51063.0,,56480.0,,7457.0,286.0,7541.0,375.0,7541.0,375.0,7541.0,375.0,8010.0,375.0,8776.0,375.0,16353.0,657.0,17832.0,846.0,19140.0,846.0,19140.0,846.0,19140.0,846.0,20031.0,846.0,8783.0,305.0,10059.0,,10059.0,,10059.0,,10059.0,,10423.0,,4471.0,,4854.0,,4888.0,,4888.0,,4888.0,,5135.0,
GFTI,"Puducherry Technological University, Puducherry","Computer Science and Engineering (4 Years, Bachelor of Technology)",HS,Gender-Neutral,130526.0,,193376.0,,209016.0,,209016.0,,209016.0,,209016.0,,59246.0,,78297.0,,78297.0,,78297.0,,78297.0,,78297.0,,53555.0,,77367.0,,83909.0,,83909.0,,87569.0,,87569.0,,19766.0,,19766.0,,19766.0,,19766.0,,19766.0,,19766.0,,,,,,,,,,,,,
GFTI,"Puducherry Technological University, Puducherry","Electrical and Electronics Engineering (4 Years, Bachelor of Technology)",AI,Gender-Neutral,41414.0,,41537.0,,49558.0,,49558.0,,50147.0,,58937.0,,8062.0,,8062.0,,8062.0,,8062.0,,8062.0,,9499.0,,15821.0,,18535.0,,19815.0,,19815.0,,19929.0,,19986.0,,9025.0,,9025.0,,9933.0,,9933.0,,9933.0,,9949.0,,,,,,,,,,,,,
GFTI,"Puducherry Technological University, Puducherry","Electronics and Communication Engineering (4 Years, Bachelor of Technology)",AI,Gender-Neutral,48629.0,1468.0,52796.0,1468.0,54617.0,1468.0,54617.0,1468.0,56081.0,1468.0,61192.0,1468.0,7553.0,,8998.0,,9168.0,,9168.0,,9173.0,,9210.0,,17641.0,,19179.0,,20276.0,,20276.0,,20454.0,,22103.0,,9265.0,,10270.0,,10588.0,,10588.0,,10794.0,,11143.0,,4620.0,,5135.0,,5504.0,,5504.0,,5504.0,,5582.0,
GFTI,"Puducherry Technological University, Puducherry","Electronics and Communication Engineering (4 Years, Bachelor of Technology)",HS,Gender-Neutral,176565.0,,227089.0,,240502.0,,240502.0,,244172.0,,244172.0,,78297.0,,89023.0,,116663.0,,116663.0,,116663.0,,116663.0,,65316.0,,84933.0,,87927.0,,87927.0,,90258.0,,90258.0,,25600.0,,25600.0,,25600.0,,25600.0,,25600.0,,25600.0,,9647.0,,9647.0,,9647.0,,9647.0,,9647.0,,9647.0,
GFTI,"Puducherry Technological University, Puducherry","Electronics and Instrumentation Engineering (4 Years, Bachelor of Technology)",AI,Gender-Neutral,50042.0,2601.0,54289.0,2601.0,54289.0,3011.0,54289.0,3011.0,56714.0,3011.0,58814.0,3011.0,,,,,,,,,,,,,17882.0,,19512.0,,19512.0,,19512.0,,19512.0,,21065.0,,7541.0,,10406.0,,10756.0,,10756.0,,11082.0,,11312.0,,4654.0,,5513.0,,5627.0,,5627.0,,5627.0,,5627.0,
GFTI,"Puducherry Technological University, Puducherry","Information Technology (4 Years, Bachelor of Technology)",AI,Gender-Neutral,42527.0,,45853.0,,46281.0,,46281.0,,46281.0,,47439.0,,7173.0,,7267.0,,7267.0,,7267.0,,7267.0,,7267.0,,16450.0,,17536.0,,19003.0,,19003.0,,19003.0,,19727.0,,2915.0,,10184.0,,10379.0,,10379.0,,10412.0,,10560.0,,,,,,,,,,,,,
GFTI,"Puducherry Technological University, Puducherry","Mechanical Engineering (4 Years, Bachelor of Technology)",AI,Gender-Neutral,61190.0,,65600.0,,67910.0,,67910.0,,72660.0,,78585.0,,9499.0,375.0,9919.0,,11630.0,,11630.0,,11860.0,,13158.0,,20522.0,1381.0,23466.0,1667.0,24872.0,1667.0,24872.0,1667.0,25859.0,1667.0,26736.0,1667.0,10739.0,,11720.0,,11823.0,,11823.0,,11823.0,,11904.0,,4852.0,,5387.0,,5513.0,,5513.0,,5513.0,,5920.0,
GFTI,"Puducherry Technological University, Puducherry","Mechanical Engineering (4 Years, Bachelor of Technology)",HS,Gender-Neutral,220216.0,,276653.0,,321185.0,,321185.0,,420915.0,,423455.0,,,,,,,,,,,,,,79135.0,,103157.0,,120102.0,,120102.0,,176736.0,,180031.0,,28507.0,,28507.0,,28507.0,,28507.0,,45698.0,,80193.0,,,,,,,,,,,,,
GFTI,"Puducherry Technological University, Puducherry","Mechatronics Engineering (4 Years, Bachelor of Technology)",AI,Gender-Neutral,50562.0,,60757.0,,62392.0,,62392.0,,63647.0,,64579.0,,8700.0,340.0,9168.0,340.0,9479.0,,9479.0,,9479.0,,9926.0,,18821.0,789.0,20522.0,789.0,21818.0,789.0,21818.0,789.0,22966.0,789.0,24915.0,789.0,10435.0,,10890.0,,11225.0,,11225.0,,11225.0,,11720.0,,4762.0,,5890.0,,6039.0,,6039.0,,6039.0,,6189.0,
GFTI,"Puducherry Technological University, Puducherry","Mechatronics Engineering (4 Years, Bachelor of Technology)",HS,Gender-Neutral,201559.0,,225222.0,,248412.0,,248412.0,,248412.0,,248412.0,,,,,,,,,,,,,,75737.0,,92338.0,,92389.0,,92389.0,,102376.0,,102376.0,,16856.0,,16856.0,,16856.0,,16856.0,,16856.0,,45698.0,,,,,,,,,,,,,
GFTI,"Punjab Engineering College, Chandigarh","Aerospace Engineering (4 Years, Bachelor of Technology)",HS,Gender-Neutral,49666.0,,51629.0,,51629.0,,51629.0,,51629.0,,55662.0,,11272.0,,11272.0,,11272.0,,11272.0,,11272.0,,11272.0,,,,,,,,,,,,,,12832.0,,12832.0,,12832.0,,12832.0,,12832.0,,12832.0,,,,,,,,,,,,,
GFTI,"Punjab Engineering College, Chandigarh","Aerospace Engineering (4 Years, Bachelor of Technology)",OS,Gender-Neutral,22726.0,,25927.0,,25927.0,,25927.0,,25927.0,,32732.0,,4895.0,,4895.0,,4895.0,,4895.0,,4895.0,,4895.0,,,,,,,,,,,,,,4895.0,,4895.0,,4895.0,,4895.0,,4895.0,,4895.0,,3342.0,,3439.0,,3439.0,,3439.0,,3439.0,,3439.0,
GFTI,"Punjab Engineering College, Chandigarh","Civil Engineering (4 Years, Bachelor of Technology)",HS,Gender-Neutral,90642.0,,98525.0,,102963.0,,102963.0,,105087.0,,106307.0,,95192.0,,,,,,,,,,,,,,,,,,,,,,,,18979.0,,23817.0,,23817.0,,23817.0,,23817.0,,26647.0,,,,,,,,,,,,,
GFTI,"Punjab Engineering College, Chandigarh","Civil Engineering (4 Years, Bachelor of Technology)",OS,Gender-Neutral,46622.0,2607.0,50004.0,3139.0,51571.0,3676.0,51571.0,3676.0,51809.0,3676.0,53919.0,3676.0,7724.0,,7976.0,,8059.0,,8059.0,,8110.0,,8115.0,,,,,,,,,,,,,,9274.0,,9370.0,,9429.0,,9429.0,,9429.0,,9639.0,,2729.0,,3635.0,,3635.0,,3635.0,,3635.0,,3635.0,
GFTI,"Punjab Engineering College, Chandigarh","Computer Science Engineering (Artificial Intelligence) (4 Years, B. Tech / B. Tech (Hons.))",HS,Gender-Neutral,20061.0,1621.0,20061.0,1621.0,20727.0,1621.0,20727.0,1621.0,20947.0,1621.0,21260.0,1621.0,12582.0,,12582.0,,12582.0,,12582.0,,12582.0,,12582.0,,,,,,,,,,,,,,4570.0,,4570.0,,4570.0,,4570.0,,4570.0,,4570.0,,,,,,,,,,,,,
GFTI,"Punjab Engineering College, Chandigarh","Computer Science Engineering (Artificial Intelligence) (4 Years, B. Tech / B. Tech (Hons.))",OS,Gender-Neutral,11966.0,122.0,12212.0,686.0,12212.0,686.0,12212.0,686.0,12227.0,686.0,13496.0,686.0,1571.0,,2170.0,,2170.0,,2170.0,,2175.0,,2448.0,,,,,,,,,,,,,,2832.0,,2832.0,,2832.0,,2832.0,,2832.0,,2832.0,,1894.0,,2018.0,,2018.0,,2018.0,,2018.0,,2018.0,
GFTI,"Punjab Engineering College, Chandigarh","Computer Science Engineering (Data Science) (4 Years, B. Tech / B. Tech (Hons.))",HS,Gender-Neutral,24380.0,3378.0,24380.0,,24457.0,,24457.0,,24645.0,,25310.0,,19111.0,,19111.0,,19111.0,,19111.0,,19111.0,,19111.0,,,,,,,,,,,,,,8674.0,,8906.0,,8906.0,,8906.0,,8906.0,,8906.0,,,,,,,,,,,,,
GFTI,"Punjab Engineering College, Chandigarh","Computer Science Engineering (Data Science) (4 Years, B. Tech / B. Tech (Hons.))",OS,Gender-Neutral,13689.0,572.0,13778.0,750.0,13778.0,750.0,13778.0,750.0,14159.0,750.0,15295.0,750.0,2196.0,,2323.0,,2323.0,,2323.0,,2518.0,,2549.0,,,,,,,,,,,,,,3475.0,,3818.0,,3818.0,,3818.0,,3818.0,,3866.0,,2018.0,,2135.0,,2135.0,,2135.0,,2135.0,,2265.0,
GFTI,"Punjab Engineering College, Chandigarh","Computer Science and Engineering (4 Years, Bachelor of Technology)",HS,Gender-Neutral,18868.0,947.0,18868.0,947.0,19402.0,947.0,19402.0,947.0,19402.0,947.0,19702.0,947.0,9979.0,,9979.0,,9979.0,,9979.0,,9979.0,,9979.0,,,,,,,,,,,,,,3913.0,,3913.0,,3913.0,,3913.0,,3913.0,,3913.0,,,,,,,,,,,,,
GFTI,"Punjab Engineering College, Chandigarh","Computer Science and Engineering (4 Years, Bachelor of Technology)",OS,Gender-Neutral,11591.0,551.0,11770.0,572.0,11770.0,572.0,11770.0,572.0,11924.0,572.0,13234.0,923.0,2003.0,,2108.0,,2108.0,,2108.0,,2170.0,,2375.0,,,,,,,,,,,,,,3078.0,,3516.0,,3516.0,,3516.0,,3516.0,,3564.0,,1683.0,,1894.0,,1894.0,,1894.0,,1894.0,,1894.0,
GFTI,"Punjab Engineering College, Chandigarh","Electrical Engineering (4 Years, Bachelor of Technology)",HS,Gender-Neutral,44738.0,,47897.0,,47923.0,,47923.0,,48107.0,,49806.0,,44733.0,,44733.0,,44733.0,,44733.0,,44733.0,,44733.0,,,,,,,,,,,,,,12390.0,,14736.0,,14736.0,,14736.0,,14971.0,,15234.0,,,,,,,,,,,,,
GFTI,"Punjab Engineering College, Chandigarh","Electrical Engineering (4 Years, Bachelor of Technology)",OS,Gender-Neutral,25189.0,1819.0,25658.0,3212.0,26129.0,3212.0,26129.0,3212.0,26539.0,3212.0,28432.0,3212.0,3868.0,317.0,3868.0,,3868.0,,3868.0,,3868.0,,4340.0,,,,,,,,,,,,,,6188.0,,6992.0,,6992.0,,6992.0,,6992.0,,7830.0,,3225.0,,3225.0,,3225.0,,3225.0,,3225.0,,3225.0,
GFTI,"Punjab Engineering College, Chandigarh","Electronics Engineering (VLSI Design and Technology) (4 Years, Bachelor of Technology)",HS,Gender-Neutral,35571.0,,36090.0,,36361.0,,36361.0,,36774.0,,40631.0,,22580.0,,22580.0,,22580.0,,22580.0,,22580.0,,22580.0,,,,,,,,,,,,,,11236.0,,11236.0,,11236.0,,11236.0,,11236.0,,11236.0,,,,,,,,,,,,,
GFTI,"Punjab Engineering College, Chandigarh","Electronics Engineering (VLSI Design and Technology) (4 Years, Bachelor of Technology)",OS,Gender-Neutral,19710.0,,19893.0,,19893.0,,19893.0,,20050.0,,21056.0,,3041.0,,3436.0,,3436.0,,3436.0,,3436.0,,3436.0,,,,,,,,,,,,,,5050.0,,5221.0,,5221.0,,5221.0,,5221.0,,5818.0,,2491.0,,3165.0,,3165.0,,3165.0,,3165.0,,3165.0,
GFTI,"Punjab Engineering College, Chandigarh","Electronics and Communication Engineering (4 Years, Bachelor of Technology)",HS,Gender-Neutral,34343.0,,35174.0,,35194.0,,35194.0,,35306.0,,36774.0,,26387.0,,26859.0,,26859.0,,26859.0,,29059.0,,29059.0,,,,,,,,,,,,,,10491.0,,11920.0,,11920.0,,11920.0,,11920.0,,11920.0,,,,,,,,,,,,,
GFTI,"Punjab Engineering College, Chandigarh","Electronics and Communication Engineering (4 Years, Bachelor of Technology)",OS,Gender-Neutral,17892.0,1101.0,18923.0,1305.0,18938.0,1360.0,18938.0,1360.0,19066.0,1360.0,20155.0,1360.0,2707.0,194.0,2919.0,,2919.0,,2919.0,,2919.0,,3033.0,,,,,,,,,,,,,,4513.0,,5050.0,,5060.0,,5060.0,,5060.0,,5060.0,,2615.0,,2851.0,,2851.0,,2851.0,,2851.0,,2851.0,
GFTI,"Punjab Engineering College, Chandigarh","Mathematics and Computing (4 Years, Bachelor of Technology)",HS,Gender-Neutral,29360.0,,29360.0,,29360.0,,29360.0,,31578.0,,33277.0,,19845.0,,21340.0,,21340.0,,21340.0,,21340.0,,21340.0,,,,,,,,,,,,,,9023.0,,9023.0,,9023.0,,9023.0,,9023.0,,9023.0,,,,,,,,,,,,,
GFTI,"Punjab Engineering College, Chandigarh","Mathematics and Computing (4 Years, Bachelor of Technology)",OS,Gender-Neutral,14707.0,,14899.0,,14899.0,,14899.0,,15509.0,,16059.0,,2589.0,,2749.0,,2749.0,,2749.0,,2749.0,,2841.0,,,,,,,,,,,,,,3954.0,,4104.0,,4104.0,,4104.0,,4104.0,,4104.0,,2169.0,,2169.0,,2169.0,,2169.0,,2169.0,,2169.0,
GFTI,"Punjab Engineering College, Chandigarh","Mechanical Engineering (4 Years, Bachelor of Technology)",HS,Gender-Neutral,60057.0,,64516.0,,64820.0,,64820.0,,64994.0,,67850.0,,83103.0,,48667.0,,48667.0,,48667.0,,48667.0,,48667.0,,,,,,,,,,,,,,16549.0,,18029.0,,18029.0,,18029.0,,18232.0,,18232.0,,,,,,,,,,,,,
GFTI,"Punjab Engineering College, Chandigarh","Mechanical Engineering (4 Years, Bachelor of Technology)",OS,Gender-Neutral,35958.0,2605.0,37691.0,2649.0,37691.0,3139.0,37691.0,3139.0,38020.0,3139.0,40009.0,3139.0,5966.0,,6345.0,,6469.0,,6469.0,,6529.0,,6995.0,,,,,,,,,,,,,,8231.0,,8632.0,,8826.0,,8826.0,,8826.0,,8880.0,,3616.0,,3774.0,,3896.0,,3896.0,,3896.0,,3944.0,
GFTI,"Punjab Engineering College, Chandigarh","Metallurgical and Materials Engineering (4 Years, Bachelor of Technology)",HS,Gender-Neutral,99427.0,,103207.0,,109233.0,,109233.0,,114207.0,,117242.0,,80438.0,,73219.0,,73219.0,,73219.0,,73219.0,,73219.0,,,,,,,,,,,,,,23847.0,,27768.0,,29692.0,,29692.0,,30417.0,,30417.0,,,,,,,,,,,,,
GFTI,"Punjab Engineering College, Chandigarh","Metallurgical and Materials Engineering (4 Years, Bachelor of Technology)",OS,Gender-Neutral,51355.0,2799.0,52798.0,3298.0,54150.0,3478.0,54150.0,3478.0,54956.0,3478.0,58431.0,3478.0,8059.0,,8210.0,,8600.0,,8600.0,,8600.0,,9056.0,,,,,,,,,,,,,,9458.0,,9877.0,,10141.0,,10141.0,,10334.0,,10676.0,,3896.0,,3896.0,,5679.0,,5679.0,,5679.0,,5679.0,
GFTI,"Punjab Engineering College, Chandigarh","Production and Industrial Engineering (4 Years, Bachelor of Technology)",HS,Gender-Neutral,78714.0,,84799.0,,89495.0,,89495.0,,91375.0,,93234.0,,58079.0,,48197.0,,48197.0,,48197.0,,48197.0,,48197.0,,,,,,,,,,,,,,18029.0,,22440.0,,26752.0,,26752.0,,26752.0,,28599.0,,,,,,,,,,,,,
GFTI,"Punjab Engineering College, Chandigarh","Production and Industrial Engineering (4 Years, Bachelor of Technology)",OS,Gender-Neutral,43420.0,2849.0,44133.0,3478.0,44398.0,3855.0,44398.0,3855.0,44839.0,3855.0,50157.0,3855.0,7021.0,,7057.0,,7753.0,,7753.0,,7888.0,,7921.0,,,,,,,,,,,,,,8832.0,,9205.0,,9534.0,,9534.0,,9534.0,,9539.0,,4427.0,,4659.0,,4659.0,,4659.0,,4659.0,,4659.0,
GFTI,"Rajiv Gandhi National Aviation University, Fursatganj, Amethi (UP)","Aerospace Engineering (4 Years, Bachelor of Technology)",AI,Gender-Neutral,50676.0,1194.0,59283.0,2455.0,61827.0,3087.0,61827.0,3087.0,64674.0,3087.0,66956.0,3087.0,9350.0,,10166.0,,10633.0,,10633.0,,10633.0,,11132.0,,20356.0,815.0,23193.0,,24527.0,,24527.0,,24871.0,,27177.0,,9375.0,221.0,11056.0,221.0,11079.0,,11079.0,,11079.0,,12174.0,,4956.0,,5382.0,,5382.0,,5382.0,,5382.0,,6243.0,
GFTI,"Rajiv Gandhi National Aviation University, Fursatganj, Amethi (UP)","Electronics and Communication Engineering (Avionics) (4 Years, Bachelor of Technology)",AI,Gender-Neutral,60402.0,2969.0,65739.0,3975.0,68592.0,4182.0,68592.0,4182.0,69038.0,,76802.0,,9989.0,,10954.0,,11403.0,,11403.0,,11495.0,,12224.0,,22401.0,1590.0,25373.0,1779.0,26135.0,,26135.0,,27806.0,,28582.0,,10679.0,,12600.0,,12951.0,,12951.0,,12993.0,,13127.0,,5347.0,,6190.0,,6190.0,,6190.0,,6190.0,,6190.0,
GFTI,Sant Longowal Institute of Engineering and Technology,"Artificial Intelligence and Data Science (4 Years, Bachelor of Technology)",AI,Gender-Neutral,53941.0,2095.0,59634.0,2095.0,61299.0,2095.0,61299.0,2095.0,62512.0,2095.0,66031.0,2095.0,8669.0,,9199.0,,9242.0,,9242.0,,9242.0,,9928.0,,19456.0,,21465.0,,22474.0,,22474.0,,22606.0,,24295.0,,9835.0,232.0,10964.0,,11217.0,,11217.0,,11239.0,,11775.0,,5131.0,,6133.0,,6282.0,,6282.0,,6410.0,,6433.0,
GFTI,Sant Longowal Institute of Engineering and Technology,"Chemical Engineering (4 Years, Bachelor of Technology)",AI,Gender-Neutral,74174.0,4019.0,85102.0,,89282.0,,89282.0,,95622.0,,102905.0,,11672.0,,12922.0,,13748.0,,13748.0,,14241.0,,15846.0,,27346.0,1735.0,30453.0,,32328.0,,32328.0,,35906.0,,38094.0,,13136.0,,14367.0,,14405.0,,14405.0,,14875.0,,15206.0,,6218.0,,7087.0,,7415.0,,7415.0,,7663.0,,7663.0,
GFTI,Sant Longowal Institute of Engineering and Technology,"Chemistry (5 Years, Integrated Master of Science)",AI,Gender-Neutral,67722.0,,73993.0,,78315.0,,78315.0,,89964.0,,91170.0,,10546.0,,10546.0,,13048.0,,13048.0,,14763.0,,14763.0,,25669.0,,30295.0,,32107.0,,32107.0,,36035.0,,38055.0,,12341.0,,12464.0,,12464.0,,12464.0,,12464.0,,12464.0,,6005.0,,6169.0,,6841.0,,6841.0,,7221.0,,7403.0,
GFTI,Sant Longowal Institute of Engineering and Technology,"Civil Engineering (4 Years, Bachelor of Technology)",AI,Gender-Neutral,77398.0,4119.0,85683.0,,90523.0,,90523.0,,97864.0,,102957.0,,12055.0,,13017.0,,13391.0,,13391.0,,15186.0,,15789.0,,27060.0,,30488.0,,31925.0,,31925.0,,35730.0,,38156.0,,13170.0,,13760.0,,13760.0,,13760.0,,14492.0,,14492.0,,4685.0,,6257.0,,6450.0,,6450.0,,6852.0,,7163.0,
GFTI,Sant Longowal Institute of Engineering and Technology,"Computer Science and Engineering (4 Years, Bachelor of Technology)",AI,Gender-Neutral,51942.0,1668.0,58330.0,3081.0,59659.0,2021.0,59659.0,2021.0,61164.0,2021.0,64256.0,2021.0,8324.0,,9158.0,,9506.0,,9506.0,,9557.0,,9919.0,,19539.0,854.0,20396.0,1672.0,21141.0,,21141.0,,21432.0,,23132.0,,10383.0,,10960.0,,11091.0,,11091.0,,11217.0,,11239.0,,5221.0,,5811.0,,6078.0,,6078.0,,6378.0,,6447.0,
GFTI,Sant Longowal Institute of Engineering and Technology,"Computer Science and Engineering (5 Years, Bachelor and Master of Technology (Dual Degree))",AI,Gender-Neutral,57074.0,2896.0,62917.0,4054.0,65080.0,,65080.0,,65499.0,,71482.0,,9037.0,,9632.0,,9954.0,,9954.0,,9954.0,,10738.0,,20429.0,1510.0,22400.0,,22992.0,,22992.0,,23515.0,,25148.0,,10834.0,,11527.0,,11782.0,,11782.0,,12199.0,,13067.0,,5128.0,,6197.0,,6369.0,,6369.0,,6660.0,,6660.0,
GFTI,Sant Longowal Institute of Engineering and Technology,"Electrical Engineering (4 Years, Bachelor of Technology)",AI,Gender-Neutral,64954.0,3952.0,73743.0,,76288.0,,76288.0,,78937.0,,81868.0,,10660.0,,11549.0,,11965.0,,11965.0,,12150.0,,12614.0,,23164.0,1688.0,26277.0,,27060.0,,27060.0,,27346.0,,28838.0,,11985.0,,12820.0,,13146.0,,13146.0,,13800.0,,14511.0,,6141.0,,6632.0,,6830.0,,6830.0,,6924.0,,6924.0,
GFTI,Sant Longowal Institute of Engineering and Technology,"Electrical Engineering (5 Years, Bachelor and Master of Technology (Dual Degree))",AI,Gender-Neutral,69898.0,,76004.0,,79097.0,,79097.0,,81812.0,,90963.0,,10683.0,,11259.0,,11950.0,,11950.0,,12095.0,,13332.0,,24885.0,,27553.0,,29064.0,,29064.0,,31659.0,,33452.0,,11845.0,,13899.0,,14407.0,,14407.0,,14483.0,,14956.0,,5298.0,,6856.0,,7159.0,,7159.0,,7187.0,,7829.0,
GFTI,Sant Longowal Institute of Engineering and Technology,"Electronics and Communication Engineering (4 Years, Bachelor of Technology)",AI,Gender-Neutral,56483.0,1920.0,62850.0,,64485.0,,64485.0,,67228.0,,70288.0,,8615.0,,9870.0,,9870.0,,9870.0,,10203.0,,10702.0,,20415.0,1217.0,22156.0,,22726.0,,22726.0,,23593.0,,25580.0,,10905.0,,11626.0,,11846.0,,11846.0,,11978.0,,12802.0,,4875.0,,5488.0,,5598.0,,5598.0,,5670.0,,5811.0,
GFTI,Sant Longowal Institute of Engineering and Technology,"Food Technology (4 Years, Bachelor of Technology)",AI,Gender-Neutral,87172.0,,95973.0,,102000.0,,102000.0,,113497.0,,121270.0,,13490.0,,14550.0,,15175.0,,15175.0,,16970.0,,17993.0,,30103.0,,33748.0,,35339.0,,35339.0,,38737.0,,41074.0,,14096.0,,14944.0,,15516.0,,15516.0,,16686.0,,17591.0,,6517.0,,7241.0,,7563.0,,7563.0,,7951.0,,8326.0,
GFTI,Sant Longowal Institute of Engineering and Technology,"Instrumentation and Control Engineering (4 Years, Bachelor of Technology)",AI,Gender-Neutral,78277.0,3757.0,85612.0,,89790.0,,89790.0,,97005.0,,103559.0,,11826.0,,12900.0,,13361.0,,13361.0,,14578.0,,15761.0,,27764.0,1681.0,31084.0,,32264.0,,32264.0,,35113.0,,37757.0,,13219.0,,14746.0,,15023.0,,15023.0,,15698.0,,17009.0,,6269.0,,7031.0,,7551.0,,7551.0,,7890.0,,8257.0,
GFTI,Sant Longowal Institute of Engineering and Technology,"Mathematics (5 Years, Integrated Master of Science)",AI,Gender-Neutral,62164.0,,73466.0,,76284.0,,76284.0,,78160.0,,81072.0,,10823.0,,10823.0,,10823.0,,10823.0,,13464.0,,13464.0,,25148.0,,27652.0,,30935.0,,30935.0,,33947.0,,36278.0,,13017.0,,13146.0,,14396.0,,14396.0,,14730.0,,14934.0,,6310.0,,6851.0,,7498.0,,7498.0,,7889.0,,8126.0,
GFTI,Sant Longowal Institute of Engineering and Technology,"Mechanical Engineering (4 Years, Bachelor of Technology)",AI,Gender-Neutral,76329.0,3996.0,83767.0,,87113.0,,87113.0,,90884.0,,99763.0,,11915.0,,12621.0,,13735.0,,13735.0,,14327.0,,15219.0,,26885.0,1702.0,29660.0,,31637.0,,31637.0,,34231.0,,37629.0,,13045.0,,14405.0,,14898.0,,14898.0,,15231.0,,15505.0,,5868.0,,6665.0,,7138.0,,7138.0,,7415.0,,7693.0,
GFTI,Sant Longowal Institute of Engineering and Technology,"Mechanical Engineering (5 Years, Bachelor and Master of Technology (Dual Degree))",AI,Gender-Neutral,78783.0,4034.0,83269.0,,88045.0,,88045.0,,94445.0,,102094.0,,12090.0,,12798.0,,14397.0,,14397.0,,14822.0,,15340.0,,26938.0,,30601.0,,32714.0,,32714.0,,34665.0,,36575.0,,13100.0,,14635.0,,14977.0,,14977.0,,15424.0,,15959.0,,6199.0,,6909.0,,7175.0,,7175.0,,7499.0,,7799.0,
GFTI,Sant Longowal Institute of Engineering and Technology,"Physics (5 Years, Integrated Master of Science)",AI,Gender-Neutral,60942.0,,62559.0,,67951.0,,67951.0,,69472.0,,70277.0,,11080.0,,11350.0,,11389.0,,11389.0,,11389.0,,11389.0,,25778.0,,28686.0,,31946.0,,31946.0,,34153.0,,37296.0,,12672.0,,12942.0,,13999.0,,13999.0,,15602.0,,15636.0,,5086.0,,6664.0,,6664.0,,6664.0,,6664.0,,6664.0,
GFTI,"School of Engineering, Tezpur University, Napaam, Tezpur","B.Tech. (Civil Engineering) - MBA (5 Years, Bachelor of Technology and MBA (Dual Degree))",AI,Gender-Neutral,72944.0,,85730.0,,86058.0,,86058.0,,87713.0,,87713.0,,11016.0,,12390.0,,14144.0,,14144.0,,14144.0,,14352.0,,28112.0,,30829.0,,31211.0,,31211.0,,34514.0,,37340.0,,10510.0,,13528.0,,14746.0,,14746.0,,15615.0,,15694.0,,,,,,,,,,,,,
GFTI,"School of Engineering, Tezpur University, Napaam, Tezpur","B.Tech. (Computer Science and Engineering) - MBA (5 Years, Bachelor of Technology and MBA (Dual Degree))",AI,Gender-Neutral,48058.0,,54500.0,,57256.0,,57256.0,,58363.0,,58363.0,,,,,,,,,,,,,,14937.0,,16592.0,,17504.0,,17504.0,,19645.0,,19645.0,,6750.0,,6750.0,,6750.0,,6750.0,,6750.0,,6750.0,,3796.0,,3796.0,,3796.0,,3796.0,,3796.0,,3796.0,
GFTI,"School of Engineering, Tezpur University, Napaam, Tezpur","B.Tech. (Elctrical Engineering) - MBA (5 Years, Bachelor of Technology and MBA (Dual Degree))",AI,Gender-Neutral,64796.0,,72944.0,,72944.0,,72944.0,,82171.0,,83701.0,,11298.0,,12376.0,,12678.0,,12678.0,,12678.0,,12678.0,,24581.0,,27665.0,,27665.0,,27665.0,,27665.0,,27665.0,,,,,,,,,,,,,,5805.0,,5805.0,,5805.0,,5805.0,,5805.0,,6007.0,
GFTI,"School of Engineering, Tezpur University, Napaam, Tezpur","B.Tech. (Electronics and Communication Engineering) - MBA (5 Years, Bachelor of Technology and MBA (Dual Degree))",AI,Gender-Neutral,51609.0,3972.0,51609.0,,51609.0,,51609.0,,51609.0,,72944.0,,10641.0,,11404.0,,11404.0,,11404.0,,12767.0,,13719.0,,19950.0,,19950.0,,23894.0,,23894.0,,23894.0,,23894.0,,9385.0,,11242.0,,11699.0,,11699.0,,11699.0,,11699.0,,,,,,,,,,,,,
GFTI,"School of Engineering, Tezpur University, Napaam, Tezpur","B.Tech. (Food Engineering and Technology) - MBA (5 Years, Bachelor of Technology and MBA (Dual Degree))",AI,Gender-Neutral,69176.0,,72557.0,,72557.0,,72557.0,,72557.0,,72557.0,,,,,,,,,,,,,,23266.0,,24472.0,,24472.0,,24472.0,,24472.0,,34918.0,,10654.0,,12826.0,,14337.0,,14337.0,,15694.0,,15757.0,,,,,,,,,,,,,
GFTI,"School of Engineering, Tezpur University, Napaam, Tezpur","B.Tech. (Mechanical Engineering) - MBA (5 Years, Bachelor of Technology and MBA (Dual Degree))",AI,Gender-Neutral,57814.0,,66909.0,,66909.0,,66909.0,,74721.0,,78838.0,,,,,,,,,,,,,,18642.0,1672.0,27660.0,,27991.0,,27991.0,,27991.0,,28681.0,,11787.0,,12635.0,,13528.0,,13528.0,,14278.0,,14391.0,,,,,,,,,,,,,
GFTI,"School of Engineering, Tezpur University, Napaam, Tezpur","Bachelor of Design (4 Years, Bachelor of Design)",AI,Gender-Neutral,75532.0,,79581.0,,87713.0,,87713.0,,92012.0,,92713.0,,,,,,,,,,,,,,26753.0,,26813.0,,32182.0,,32182.0,,36847.0,,38509.0,,,,,,,,,,,,,,,,,,,,,,,,,
GFTI,"School of Engineering, Tezpur University, Napaam, Tezpur","Civil Engineering (4 Years, Bachelor of Technology)",AI,Gender-Neutral,78808.0,,87713.0,,92405.0,,92405.0,,100147.0,,104195.0,,12129.0,,12678.0,,13701.0,,13701.0,,15019.0,,15344.0,,28050.0,,30419.0,,32277.0,,32277.0,,36391.0,,37754.0,,12398.0,,13913.0,,13913.0,,13913.0,,14268.0,,14723.0,,3638.0,,4336.0,,4336.0,,4336.0,,4336.0,,4336.0,
GFTI,"School of Engineering, Tezpur University, Napaam, Tezpur","Computer Science and Engineering (4 Years, Bachelor of Technology)",AI,Gender-Neutral,52131.0,,60217.0,,60217.0,,60217.0,,61140.0,,64476.0,,8336.0,423.0,8976.0,423.0,8976.0,423.0,8976.0,423.0,8976.0,,9494.0,,19206.0,,19716.0,,19950.0,,19950.0,,20612.0,,22465.0,,9088.0,,9088.0,,9088.0,,9088.0,,9088.0,,9290.0,,2444.0,,3638.0,,3638.0,,3638.0,,3638.0,,3638.0,
GFTI,"School of Engineering, Tezpur University, Napaam, Tezpur","Electrical Engineering (4 Years, Bachelor of Technology)",AI,Gender-Neutral,65400.0,2825.0,70915.0,2825.0,75585.0,2825.0,75585.0,2825.0,78802.0,2825.0,86122.0,2825.0,10084.0,,10107.0,,12832.0,,12832.0,,12912.0,,13251.0,,23680.0,,26182.0,,27458.0,,27458.0,,29188.0,,29960.0,,11242.0,,12119.0,,12294.0,,12294.0,,12294.0,,12780.0,,,,,,,,,,,,,
GFTI,"School of Engineering, Tezpur University, Napaam, Tezpur","Electronics and Communication Engineering (4 Years, Bachelor of Technology)",AI,Gender-Neutral,61069.0,,67258.0,,70429.0,,70429.0,,72944.0,,75585.0,,9293.0,,9931.0,,10344.0,,10344.0,,11013.0,,11857.0,,21967.0,,23523.0,,25206.0,,25206.0,,25599.0,,26683.0,,9558.0,,11191.0,,11242.0,,11242.0,,11242.0,,11412.0,,3889.0,,3889.0,,3889.0,,3889.0,,3889.0,,3889.0,
GFTI,"School of Engineering, Tezpur University, Napaam, Tezpur","Food Engineering and Technology (4 Years, Bachelor of Technology)",AI,Gender-Neutral,83934.0,,96645.0,,102698.0,,102698.0,,115167.0,,121531.0,,13270.0,,14415.0,,15306.0,,15306.0,,16891.0,,17945.0,,28951.0,1754.0,32558.0,,35516.0,,35516.0,,38184.0,,40912.0,,13198.0,,14546.0,,15329.0,,15329.0,,16435.0,,16435.0,,6125.0,,6125.0,,6125.0,,6125.0,,6125.0,,6223.0,
GFTI,"School of Engineering, Tezpur University, Napaam, Tezpur","Mechanical Engineering (4 Years, Bachelor of Technology)",AI,Gender-Neutral,69170.0,,78716.0,,82359.0,,82359.0,,86155.0,,91057.0,,10642.0,,11885.0,,12866.0,,12866.0,,13765.0,,14210.0,,24078.0,,27458.0,,30811.0,,30811.0,,32297.0,,33601.0,,11773.0,,12294.0,,12893.0,,12893.0,,13528.0,,13608.0,,3255.0,,3944.0,,3944.0,,3944.0,,3944.0,,4972.0,
GFTI,"School of Planning & Architecture, Bhopal","Architecture (5 Years, Bachelor of Architecture)",AI,Gender-Neutral,367.0,44.0,407.0,44.0,417.0,44.0,417.0,44.0,436.0,44.0,474.0,,155.0,,251.0,,331.0,,331.0,,331.0,,350.0,,352.0,,430.0,,476.0,,476.0,,476.0,,493.0,,158.0,,212.0,,228.0,,228.0,,228.0,,259.0,,35.0,,74.0,,75.0,,75.0,,75.0,,75.0,
GFTI,"School of Planning & Architecture, Bhopal","Planning (4 Years, Bachelor of Planning)",AI,Gender-Neutral,411.0,55.0,611.0,,670.0,,670.0,,701.0,,756.0,,195.0,,248.0,,299.0,,299.0,,310.0,,329.0,,281.0,48.0,340.0,,354.0,,354.0,,429.0,,450.0,,112.0,,171.0,,176.0,,176.0,,182.0,,186.0,,64.0,,75.0,,78.0,,78.0,,78.0,,78.0,
GFTI,"School of Planning & Architecture, New Delhi","Architecture (5 Years, Bachelor of Architecture)",AI,Gender-Neutral,158.0,21.0,183.0,23.0,185.0,23.0,185.0,23.0,191.0,23.0,207.0,44.0,74.0,,197.0,,197.0,,197.0,,197.0,,197.0,,159.0,32.0,210.0,25.0,210.0,25.0,210.0,25.0,228.0,25.0,229.0,25.0,79.0,,111.0,,111.0,,111.0,,111.0,,118.0,,43.0,,46.0,,46.0,,46.0,,46.0,,46.0,
GFTI,"School of Planning & Architecture, New Delhi","Planning (4 Years, Bachelor of Planning)",AI,Gender-Neutral,133.0,21.0,167.0,21.0,169.0,21.0,169.0,21.0,209.0,21.0,233.0,21.0,147.0,,205.0,,231.0,,231.0,,231.0,,231.0,,106.0,10.0,204.0,23.0,246.0,23.0,246.0,23.0,276.0,23.0,319.0,23.0,86.0,,99.0,,102.0,,102.0,,102.0,,102.0,,23.0,,52.0,,64.0,,64.0,,64.0,,64.0,
GFTI,School of Planning & Architecture: Vijayawada,"Architecture (5 Years, Bachelor of Architecture)",AI,Gender-Neutral,478.0,54.0,518.0,54.0,519.0,40.0,519.0,40.0,521.0,40.0,566.0,40.0,174.0,,234.0,,284.0,,284.0,,284.0,,284.0,,281.0,,364.0,,383.0,,383.0,,383.0,,384.0,,184.0,,224.0,,243.0,,243.0,,243.0,,243.0,,59.0,,71.0,,74.0,,74.0,,74.0,,74.0,
GFTI,School of Planning & Architecture: Vijayawada,"Planning (4 Years, Bachelor of Planning)",AI,Gender-Neutral,467.0,123.0,661.0,,702.0,123.0,702.0,123.0,786.0,123.0,825.0,123.0,161.0,,200.0,,260.0,,260.0,,260.0,,260.0,,290.0,,352.0,,399.0,,399.0,,434.0,,459.0,,126.0,,153.0,,162.0,,162.0,,162.0,,162.0,,75.0,,92.0,,117.0,,117.0,,117.0,,117.0,
GFTI,"School of Studies of Engineering and Technology, Guru Ghasidas Vishwavidyalaya, Bilaspur","Animation and VFX (4 Years, Bachelor of Technology)",AI,Gender-Neutral,67147.0,1464.0,80940.0,1628.0,85174.0,,85174.0,,89961.0,,95386.0,,10790.0,,11919.0,,13087.0,,13087.0,,14037.0,,14781.0,,23530.0,1241.0,27322.0,,30280.0,,30280.0,,32999.0,,34847.0,,12871.0,,13983.0,,14465.0,,14465.0,,15028.0,,15230.0,,5677.0,,6087.0,,6087.0,,6087.0,,7173.0,,7702.0,
GFTI,"School of Studies of Engineering and Technology, Guru Ghasidas Vishwavidyalaya, Bilaspur","Artificial Intelligence and Data Science (4 Years, Bachelor of Technology)",AI,Gender-Neutral,60899.0,1335.0,69009.0,3674.0,72068.0,,72068.0,,74955.0,,81910.0,,9468.0,,10420.0,,10829.0,,10829.0,,11135.0,,12151.0,,21765.0,1215.0,24487.0,1814.0,26106.0,,26106.0,,26938.0,,28272.0,,10765.0,,12085.0,,12571.0,,12571.0,,12690.0,,12992.0,,5432.0,,5739.0,,5739.0,,5739.0,,6174.0,,6297.0,
GFTI,"School of Studies of Engineering and Technology, Guru Ghasidas Vishwavidyalaya, Bilaspur","Chemical Engineering (4 Years, Bachelor of Technology)",AI,Gender-Neutral,81228.0,3928.0,89287.0,,95273.0,,95273.0,,102816.0,,109723.0,,12376.0,,13261.0,,14203.0,,14203.0,,15632.0,,16411.0,,28702.0,,31637.0,,33468.0,,33468.0,,37306.0,,39253.0,,13476.0,,14613.0,,15079.0,,15079.0,,15509.0,,15989.0,,6272.0,,6814.0,,7087.0,,7087.0,,7824.0,,8121.0,
GFTI,"School of Studies of Engineering and Technology, Guru Ghasidas Vishwavidyalaya, Bilaspur","Civil Engineering (4 Years, Bachelor of Technology)",AI,Gender-Neutral,76879.0,3200.0,88823.0,,95358.0,,95358.0,,103216.0,,110442.0,,12017.0,,13120.0,,14523.0,,14523.0,,15724.0,,16640.0,,27538.0,1698.0,30546.0,,33274.0,,33274.0,,36349.0,,39200.0,,13055.0,,14327.0,,14988.0,,14988.0,,15407.0,,16088.0,,4998.0,,4998.0,,4998.0,,4998.0,,4998.0,,4998.0,
GFTI,"School of Studies of Engineering and Technology, Guru Ghasidas Vishwavidyalaya, Bilaspur","Computer Science and Engineering (4 Years, Bachelor of Technology)",AI,Gender-Neutral,59667.0,2368.0,65920.0,2436.0,67756.0,2436.0,67756.0,2436.0,68327.0,2436.0,75104.0,2436.0,9158.0,300.0,10255.0,,10420.0,,10420.0,,10472.0,,11211.0,,21324.0,1306.0,23349.0,,24446.0,,24446.0,,24535.0,,26651.0,,10850.0,,12069.0,,12491.0,,12491.0,,12675.0,,12885.0,,4912.0,,5523.0,,5564.0,,5564.0,,5564.0,,5564.0,
GFTI,"School of Studies of Engineering and Technology, Guru Ghasidas Vishwavidyalaya, Bilaspur","Electrical Engineering (4 Years, Bachelor of Technology)",AI,Gender-Neutral,73669.0,,81350.0,,86634.0,,86634.0,,93004.0,,97276.0,,11189.0,,12150.0,,13263.0,,13263.0,,13857.0,,14669.0,,25466.0,,28940.0,,29937.0,,29937.0,,33111.0,,34409.0,,11990.0,,13473.0,,14274.0,,14274.0,,14546.0,,15128.0,,6003.0,,6620.0,,6762.0,,6762.0,,6849.0,,7094.0,
GFTI,"School of Studies of Engineering and Technology, Guru Ghasidas Vishwavidyalaya, Bilaspur","Electronics and Communication Engineering (4 Years, Bachelor of Technology)",AI,Gender-Neutral,63739.0,1628.0,73070.0,3228.0,76877.0,4054.0,76877.0,4054.0,81022.0,4054.0,87787.0,4054.0,10094.0,,11149.0,,11675.0,,11675.0,,12336.0,,13178.0,,23189.0,1499.0,26374.0,,28467.0,,28467.0,,29315.0,,31215.0,,11326.0,,13071.0,,13451.0,,13451.0,,13827.0,,13993.0,,4876.0,,5703.0,,5713.0,,5713.0,,5926.0,,5933.0,
GFTI,"School of Studies of Engineering and Technology, Guru Ghasidas Vishwavidyalaya, Bilaspur","Industrial and Production Engineering (4 Years, Bachelor of Technology)",AI,Gender-Neutral,85380.0,,93545.0,,99931.0,,99931.0,,112286.0,,118408.0,,13280.0,,14421.0,,15240.0,,15240.0,,16832.0,,17607.0,,29546.0,,32266.0,,34662.0,,34662.0,,38254.0,,40771.0,,14274.0,,15093.0,,15708.0,,15708.0,,16529.0,,17151.0,,6250.0,,7053.0,,7503.0,,7503.0,,7976.0,,8087.0,
GFTI,"School of Studies of Engineering and Technology, Guru Ghasidas Vishwavidyalaya, Bilaspur","Information Technology (4 Years, Bachelor of Technology)",AI,Gender-Neutral,67772.0,2244.0,75443.0,2244.0,79394.0,2244.0,79394.0,2244.0,82037.0,2244.0,87017.0,2244.0,10401.0,,11263.0,,11823.0,,11823.0,,12211.0,,13042.0,,23717.0,1555.0,25616.0,,27851.0,,27851.0,,28958.0,,30512.0,,11775.0,,12962.0,,13289.0,,13289.0,,13880.0,,14084.0,,5798.0,,6174.0,,6313.0,,6313.0,,6749.0,,6810.0,
GFTI,"School of Studies of Engineering and Technology, Guru Ghasidas Vishwavidyalaya, Bilaspur","Mechanical Engineering (4 Years, Bachelor of Technology)",AI,Gender-Neutral,77538.0,,86157.0,,91470.0,,91470.0,,97508.0,,103475.0,,11884.0,,12788.0,,13874.0,,13874.0,,14805.0,,15858.0,,27882.0,,29911.0,,32118.0,,32118.0,,35496.0,,37123.0,,13019.0,,14037.0,,14744.0,,14744.0,,15216.0,,15704.0,,5926.0,,6705.0,,6848.0,,6848.0,,7053.0,,7102.0,
GFTI,Shri G. S. Institute of Technology and Science Indore,"Biomedical Engineering (4 Years, Bachelor of Technology)",AI,Gender-Neutral,44024.0,,64305.0,,67220.0,,67220.0,,69196.0,,69348.0,,,,,,,,,,,,,,,,,,,,,,,,,,,,,,,,,,,,,,,,,,,,,,,,,
GFTI,Shri G. S. Institute of Technology and Science Indore,"Civil Engineering (4 Years, Bachelor of Technology)",AI,Gender-Neutral,54761.0,,55194.0,,55194.0,,55194.0,,55891.0,,55931.0,,,,,,,,,,,,,,,,,,,,,,,,,,,,,,,,,,,,,,,,,,,,,,,,,
GFTI,Shri G. S. Institute of Technology and Science Indore,"Computer Science and Engineering (4 Years, Bachelor of Technology)",AI,Gender-Neutral,21533.0,,24837.0,,24908.0,,24908.0,,24908.0,,27947.0,,,,,,,,,,,,,,,,,,,,,,,,,,,,,,,,,,,,,,,,,,,,,,,,,
GFTI,Shri G. S. Institute of Technology and Science Indore,"Electrical Engineering (4 Years, Bachelor of Technology)",AI,Gender-Neutral,41294.0,,44980.0,,46577.0,,46577.0,,48010.0,,50882.0,,,,,,,,,,,,,,,,,,,,,,,,,,,,,,,,,,,,,,,,,,,,,,,,,
GFTI,Shri G. S. Institute of Technology and Science Indore,"Electronics and Instrumentation Engineering (4 Years, Bachelor of Technology)",AI,Gender-Neutral,39962.0,,43841.0,,44224.0,,44224.0,,44225.0,,51031.0,,,,,,,,,,,,,,,,,,,,,,,,,,,,,,,,,,,,,,,,,,,,,,,,,
GFTI,Shri G. S. Institute of Technology and Science Indore,"Electronics and Telecommunication Engineering (4 Years, Bachelor of Technology)",AI,Gender-Neutral,35170.0,,39680.0,,39680.0,,39680.0,,39680.0,,41294.0,,,,,,,,,,,,,,,,,,,,,,,,,,,,,,,,,,,,,,,,,,,,,,,,,
GFTI,Shri G. S. Institute of Technology and Science Indore,"Industrial and Production Engineering (4 Years, Bachelor of Technology)",AI,Gender-Neutral,58539.0,,60730.0,,64684.0,,64684.0,,68302.0,,71193.0,,,,,,,,,,,,,,,,,,,,,,,,,,,,,,,,,,,,,,,,,,,,,,,,,
GFTI,Shri G. S. Institute of Technology and Science Indore,"Information Technology (4 Years, Bachelor of Technology)",AI,Gender-Neutral,26568.0,,28578.0,,31713.0,,31713.0,,31749.0,,32619.0,,,,,,,,,,,,,,,,,,,,,,,,,,,,,,,,,,,,,,,,,,,,,,,,,
GFTI,Shri G. S. Institute of Technology and Science Indore,"Mechanical Engineering (4 Years, Bachelor of Technology)",AI,Gender-Neutral,47041.0,,51001.0,,51031.0,,51031.0,,51823.0,,55093.0,,,,,,,,,,,,,,,,,,,,,,,,,,,,,,,,,,,,,,,,,,,,,,,,,
GFTI,"Shri Mata Vaishno Devi University, Katra, Jammu & Kashmir","Architecture (5 Years, Bachelor of Architecture)",AI,Gender-Neutral,929.0,,1165.0,,1256.0,,1256.0,,1271.0,,1287.0,,281.0,,415.0,,415.0,,415.0,,473.0,,473.0,,523.0,,639.0,,673.0,,673.0,,688.0,,753.0,,315.0,,334.0,,341.0,,341.0,,341.0,,363.0,,160.0,,171.0,,184.0,,184.0,,256.0,,256.0,
GFTI,"Shri Mata Vaishno Devi University, Katra, Jammu & Kashmir","B.Tech in Mathematics and Computing (4 Years, Bachelor of Technology)",AI,Gender-Neutral,57736.0,3687.0,65503.0,,67223.0,,67223.0,,68184.0,,72314.0,,9383.0,,9704.0,,10237.0,,10237.0,,10616.0,,11219.0,,22398.0,,24205.0,,25147.0,,25147.0,,25249.0,,26258.0,,11338.0,,12349.0,,12763.0,,12763.0,,13287.0,,13728.0,,5774.0,,6410.0,,6410.0,,6410.0,,6453.0,,6453.0,
GFTI,"Shri Mata Vaishno Devi University, Katra, Jammu & Kashmir","Bio Technology (4 Years, Bachelor of Technology)",AI,Gender-Neutral,60850.0,,74864.0,,79920.0,,79920.0,,83268.0,,83268.0,,10345.0,,11061.0,,13452.0,,13452.0,,14814.0,,15403.0,,22242.0,,28363.0,,29668.0,,29668.0,,35438.0,,35753.0,,9966.0,,11478.0,,13793.0,,13793.0,,14920.0,,14920.0,,5755.0,,6706.0,,7195.0,,7195.0,,7758.0,,7794.0,
GFTI,"Shri Mata Vaishno Devi University, Katra, Jammu & Kashmir","Civil Engineering (4 Years, Bachelor of Technology)",AI,Gender-Neutral,77606.0,,87372.0,,91814.0,,91814.0,,99564.0,,102500.0,,12322.0,,13051.0,,14071.0,,14071.0,,14977.0,,15581.0,,27078.0,,30387.0,,31294.0,,31294.0,,34546.0,,36160.0,,13244.0,,14066.0,,14594.0,,14594.0,,15221.0,,15953.0,,5561.0,,5886.0,,6697.0,,6697.0,,6818.0,,6944.0,
GFTI,"Shri Mata Vaishno Devi University, Katra, Jammu & Kashmir","Computer Science and Engineering (4 Years, Bachelor of Technology)",AI,Gender-Neutral,56963.0,2407.0,63735.0,2407.0,64782.0,2407.0,64782.0,2407.0,65994.0,2407.0,69474.0,2554.0,9000.0,395.0,10089.0,,10276.0,,10276.0,,10435.0,,11068.0,,20557.0,1201.0,22594.0,,23698.0,,23698.0,,24205.0,,25147.0,,10902.0,,12170.0,,12212.0,,12212.0,,12419.0,,13045.0,,5253.0,,5948.0,,6303.0,,6303.0,,6400.0,,6400.0,
GFTI,"Shri Mata Vaishno Devi University, Katra, Jammu & Kashmir","Electrical Engineering (4 Years, Bachelor of Technology)",AI,Gender-Neutral,69199.0,,77516.0,,83079.0,,83079.0,,88151.0,,94375.0,,10280.0,,12185.0,,12784.0,,12784.0,,13685.0,,14106.0,,24071.0,,27072.0,,29396.0,,29396.0,,31822.0,,33510.0,,12411.0,,13411.0,,13859.0,,13859.0,,14320.0,,14419.0,,5938.0,,6576.0,,6586.0,,6586.0,,6586.0,,6586.0,
GFTI,"Shri Mata Vaishno Devi University, Katra, Jammu & Kashmir","Electronics and Communication Engineering (4 Years, Bachelor of Technology)",AI,Gender-Neutral,67778.0,4297.0,76030.0,,80190.0,,80190.0,,84090.0,,87906.0,,10410.0,,12086.0,,12727.0,,12727.0,,13280.0,,13707.0,,24478.0,,27283.0,,28649.0,,28649.0,,30153.0,,32273.0,,12560.0,,13289.0,,14002.0,,14002.0,,14635.0,,15099.0,,6137.0,,6611.0,,7082.0,,7082.0,,7325.0,,7718.0,
GFTI,"Shri Mata Vaishno Devi University, Katra, Jammu & Kashmir","Mechanical Engineering (4 Years, Bachelor of Technology)",AI,Gender-Neutral,70443.0,,78877.0,,87923.0,,87923.0,,89033.0,,94474.0,,10966.0,,12441.0,,13143.0,,13143.0,,14157.0,,14521.0,,24851.0,,28893.0,,30378.0,,30378.0,,31064.0,,32129.0,,12663.0,,13967.0,,14320.0,,14320.0,,14674.0,,14894.0,,4748.0,,6491.0,,6924.0,,6924.0,,6944.0,,7504.0,
GFTI,"Shri Mata Vaishno Devi University, Katra, Jammu & Kashmir","Robotics and AI (4 Years, Bachelor of Technology)",AI,Gender-Neutral,58770.0,2933.0,65150.0,3148.0,68549.0,3674.0,68549.0,3674.0,69009.0,3674.0,74007.0,3674.0,9038.0,,10350.0,,11219.0,,11219.0,,11219.0,,11551.0,,21182.0,,23179.0,,24490.0,,24490.0,,26182.0,,26739.0,,10722.0,,12665.0,,12807.0,,12807.0,,13147.0,,13814.0,,1189.0,,1189.0,,1189.0,,1189.0,,1189.0,,1189.0,
GFTI,University of Hyderabad,"Computer Science and Engineering (5 Years, Bachelor and Master of Technology (Dual Degree))",AI,Gender-Neutral,29479.0,840.0,32053.0,966.0,32578.0,966.0,32578.0,966.0,32628.0,966.0,36294.0,966.0,5013.0,,5755.0,,5755.0,,5755.0,,5877.0,,5944.0,,12108.0,483.0,13796.0,530.0,13796.0,573.0,13796.0,573.0,13796.0,573.0,13944.0,573.0,5381.0,,5603.0,,5603.0,,5603.0,,5603.0,,5781.0,,2534.0,,3017.0,,3017.0,,3017.0,,3017.0,,3017.0,
GFTI,University of Hyderabad,"Materials Engineering (5 Years, Integrated Master of Technology)",AI,Gender-Neutral,59393.0,1455.0,63922.0,1455.0,66926.0,1455.0,66926.0,1455.0,67670.0,1455.0,72228.0,1455.0,9597.0,,9954.0,,10132.0,,10132.0,,10160.0,,11815.0,,20987.0,1263.0,23340.0,1263.0,24342.0,1263.0,24342.0,1263.0,24512.0,1263.0,25647.0,1263.0,10509.0,266.0,11036.0,266.0,11201.0,266.0,11201.0,266.0,11232.0,266.0,11473.0,266.0,4271.0,,4554.0,,4554.0,,4554.0,,4554.0,,4554.0,
IIIT,Atal Bihari Vajpayee Indian Institute of Information Technology & Management Gwalior,"Computer Science and Engineering (4 Years, Bachelor of Technology)",AI,Female-only (including Supernumerary),14651.0,481.0,14827.0,481.0,15090.0,481.0,15090.0,481.0,15090.0,481.0,15152.0,481.0,1938.0,,2137.0,,2137.0,,2137.0,,2137.0,,2137.0,,6583.0,,6583.0,,6583.0,,6583.0,,6583.0,,6583.0,,3715.0,,4039.0,,4039.0,,4039.0,,4039.0,,4039.0,,613.0,,613.0,,613.0,,613.0,,613.0,,613.0,
IIIT,Atal Bihari Vajpayee Indian Institute of Information Technology & Management Gwalior,"Computer Science and Engineering (4 Years, Bachelor of Technology)",AI,Gender-Neutral,7835.0,129.0,8554.0,129.0,8646.0,129.0,8646.0,129.0,8728.0,129.0,9527.0,129.0,1053.0,,1299.0,,1299.0,,1299.0,,1331.0,,1448.0,,3233.0,229.0,3300.0,229.0,3300.0,229.0,3300.0,229.0,3311.0,229.0,3413.0,229.0,1905.0,97.0,2003.0,97.0,2003.0,97.0,2003.0,97.0,2003.0,97.0,2092.0,97.0,933.0,84.0,933.0,84.0,933.0,84.0,933.0,84.0,933.0,84.0,933.0,84.0
IIIT,Atal Bihari Vajpayee Indian Institute of Information Technology & Management Gwalior,"Electrical and Electronics Engineering (4 Years, Bachelor of Technology)",AI,Female-only (including Supernumerary),24824.0,,27081.0,,27081.0,,27081.0,,27081.0,,27081.0,,4509.0,,4546.0,,4546.0,,4546.0,,4546.0,,4546.0,,13366.0,,14184.0,,14415.0,,14415.0,,14415.0,,14415.0,,5994.0,,7115.0,,7115.0,,7115.0,,7939.0,,7972.0,,3010.0,,3331.0,,3331.0,,3331.0,,3331.0,,3331.0,
IIIT,Atal Bihari Vajpayee Indian Institute of Information Technology & Management Gwalior,"Electrical and Electronics Engineering (4 Years, Bachelor of Technology)",AI,Gender-Neutral,15482.0,748.0,16277.0,748.0,16320.0,748.0,16320.0,748.0,16586.0,748.0,17366.0,748.0,2155.0,,2203.0,,2491.0,,2491.0,,2491.0,,2573.0,,5946.0,639.0,6241.0,639.0,6241.0,639.0,6241.0,639.0,6325.0,639.0,6392.0,639.0,3855.0,,4070.0,,4070.0,,4070.0,,4070.0,,4070.0,,1749.0,,1811.0,,1811.0,,1811.0,,1811.0,,1811.0,
IIIT,Atal Bihari Vajpayee Indian Institute of Information Technology & Management Gwalior,"Integrated B. Tech.(IT) and M. Tech (IT) (5 Years, Integrated B. Tech. and M. Tech.)",AI,Female-only (including Supernumerary),19657.0,604.0,20642.0,604.0,20642.0,604.0,20642.0,604.0,20642.0,604.0,20921.0,604.0,3133.0,,3133.0,,3133.0,,3133.0,,3133.0,,3537.0,,9676.0,,10183.0,,10183.0,,10183.0,,10183.0,,10183.0,,5372.0,,6422.0,,6422.0,,6422.0,,6422.0,,6422.0,,3499.0,,3499.0,,3499.0,,3499.0,,3499.0,,3499.0,
IIIT,Atal Bihari Vajpayee Indian Institute of Information Technology & Management Gwalior,"Integrated B. Tech.(IT) and M. Tech (IT) (5 Years, Integrated B. Tech. and M. Tech.)",AI,Gender-Neutral,12276.0,371.0,12506.0,371.0,12506.0,371.0,12506.0,371.0,12513.0,371.0,13473.0,371.0,1777.0,,1866.0,,1866.0,,1866.0,,1866.0,,1887.0,,5055.0,300.0,5245.0,345.0,5245.0,345.0,5245.0,345.0,5257.0,345.0,5314.0,345.0,3511.0,,3654.0,,3654.0,,3654.0,,3657.0,,3704.0,,1594.0,,1594.0,,1594.0,,1594.0,,1594.0,,1594.0,
IIIT,Atal Bihari Vajpayee Indian Institute of Information Technology & Management Gwalior,"Integrated B. Tech.(IT) and MBA (5 Years, Integrated B. Tech. and MBA)",AI,Female-only (including Supernumerary),21486.0,,23188.0,,23188.0,,23188.0,,23188.0,,24539.0,,3866.0,,3997.0,,3997.0,,3997.0,,3997.0,,3997.0,,10281.0,1091.0,10675.0,1464.0,10675.0,1464.0,10675.0,1464.0,10675.0,1464.0,10675.0,1464.0,6444.0,,6700.0,,6700.0,,6700.0,,6700.0,,6700.0,,2473.0,,2473.0,,2473.0,,2473.0,,2473.0,,2473.0,
IIIT,Atal Bihari Vajpayee Indian Institute of Information Technology & Management Gwalior,"Integrated B. Tech.(IT) and MBA (5 Years, Integrated B. Tech. and MBA)",AI,Gender-Neutral,14457.0,305.0,14729.0,305.0,14729.0,305.0,14729.0,305.0,14741.0,305.0,15680.0,305.0,2063.0,,2063.0,,2063.0,,2063.0,,2063.0,,2164.0,,5745.0,,6033.0,,6039.0,,6039.0,,6062.0,,6146.0,,3832.0,,3851.0,,3851.0,,3851.0,,3851.0,,3851.0,,2009.0,,2114.0,,2114.0,,2114.0,,2114.0,,2114.0,
IIIT,Atal Bihari Vajpayee Indian Institute of Information Technology & Management Gwalior,"Mathematics and Scientific Computing (4 Years, Bachelor of Technology)",AI,Female-only (including Supernumerary),17248.0,,17463.0,,18174.0,,18174.0,,18174.0,,19775.0,,2684.0,,2684.0,,2684.0,,2684.0,,2684.0,,3133.0,,8474.0,,10045.0,,10045.0,,10045.0,,10045.0,,10045.0,,3371.0,,3371.0,,3371.0,,3371.0,,3371.0,,3371.0,,2278.0,,2278.0,,2278.0,,2278.0,,2278.0,,2278.0,
IIIT,Atal Bihari Vajpayee Indian Institute of Information Technology & Management Gwalior,"Mathematics and Scientific Computing (4 Years, Bachelor of Technology)",AI,Gender-Neutral,10587.0,629.0,10748.0,629.0,10908.0,629.0,10908.0,629.0,10908.0,629.0,11710.0,629.0,1589.0,,1589.0,,1589.0,,1589.0,,1589.0,,1684.0,,4475.0,631.0,4696.0,631.0,4696.0,631.0,4696.0,631.0,4696.0,631.0,4696.0,631.0,3000.0,,3097.0,,3097.0,,3097.0,,3097.0,,3302.0,,1487.0,,1487.0,,1487.0,,1487.0,,1487.0,,1487.0,
IIIT,INDIAN INSTITUTE OF INFORMATION TECHNOLOGY SENAPATI MANIPUR,"Computer Science and Engineering (4 Years, Bachelor of Technology)",AI,Female-only (including Supernumerary),56639.0,,60931.0,,61004.0,,61138.0,,63109.0,,70983.0,,8432.0,,8642.0,,8984.0,,8984.0,,10482.0,,10806.0,,20999.0,,23384.0,,23811.0,,24695.0,,24807.0,,26803.0,,9489.0,,11319.0,,11603.0,,11644.0,,11644.0,,11996.0,,5031.0,,5741.0,,5859.0,,5859.0,,5859.0,,5859.0,
IIIT,INDIAN INSTITUTE OF INFORMATION TECHNOLOGY SENAPATI MANIPUR,"Computer Science and Engineering (4 Years, Bachelor of Technology)",AI,Gender-Neutral,48986.0,,53681.0,,54071.0,,54405.0,,54807.0,,58080.0,,7313.0,,8000.0,,8107.0,,8107.0,,8206.0,,8514.0,,16048.0,,18275.0,,19057.0,,19217.0,,19294.0,,19787.0,,9343.0,,10509.0,,10785.0,,10785.0,,10785.0,,11300.0,,4642.0,,5212.0,,5324.0,,5339.0,,5389.0,,5495.0,
IIIT,INDIAN INSTITUTE OF INFORMATION TECHNOLOGY SENAPATI MANIPUR,"Computer Science and Engineering with specialization in Artificial Intelligence and Data Science (4 Years, Bachelor of Technology)",AI,Female-only (including Supernumerary),55896.0,,64221.0,,68147.0,,69116.0,,69382.0,,74351.0,,8407.0,,9216.0,,9951.0,,9951.0,,10507.0,,11105.0,,22222.0,,23604.0,,23604.0,,24946.0,,24987.0,,26918.0,,10273.0,,10765.0,,11319.0,,11623.0,,11674.0,,12356.0,,4746.0,,5179.0,,5452.0,,5474.0,,5474.0,,5667.0,
IIIT,INDIAN INSTITUTE OF INFORMATION TECHNOLOGY SENAPATI MANIPUR,"Computer Science and Engineering with specialization in Artificial Intelligence and Data Science (4 Years, Bachelor of Technology)",AI,Gender-Neutral,48433.0,,54268.0,,55197.0,,55258.0,,55851.0,,60321.0,,7417.0,,7993.0,,8258.0,,8264.0,,8400.0,,9076.0,,17033.0,,18487.0,,18916.0,,19012.0,,19092.0,,19965.0,,9472.0,,10365.0,,10837.0,,10894.0,,10903.0,,11101.0,,4352.0,,4993.0,,4993.0,,4993.0,,4993.0,,5241.0,
IIIT,INDIAN INSTITUTE OF INFORMATION TECHNOLOGY SENAPATI MANIPUR,"Computer Science and Engineering with specialization in Cyber Security (4 Years, Bachelor of Technology)",AI,Female-only (including Supernumerary),59552.0,,65774.0,,69116.0,,70893.0,,70893.0,,75337.0,,8947.0,,9628.0,,10401.0,,10401.0,,10401.0,,10882.0,,22535.0,,24428.0,,24681.0,,25145.0,,25855.0,,28179.0,,9044.0,,11253.0,,11644.0,,12277.0,,12412.0,,12524.0,,5180.0,,5651.0,,5651.0,,5651.0,,5651.0,,5651.0,
IIIT,INDIAN INSTITUTE OF INFORMATION TECHNOLOGY SENAPATI MANIPUR,"Computer Science and Engineering with specialization in Cyber Security (4 Years, Bachelor of Technology)",AI,Gender-Neutral,52895.0,,56817.0,,58080.0,,58286.0,,58941.0,,62831.0,,7601.0,,8232.0,,8451.0,,8499.0,,8505.0,,9252.0,,17469.0,,18638.0,,19416.0,,19463.0,,19533.0,,20409.0,,9683.0,,10640.0,,10904.0,,11026.0,,11101.0,,11451.0,,4653.0,,5324.0,,5421.0,,5434.0,,5488.0,,5541.0,
IIIT,INDIAN INSTITUTE OF INFORMATION TECHNOLOGY SENAPATI MANIPUR,"Computer Science and Engineering with specialization in Quantum Technologies (4 Years, Bachelor of Technology)",AI,Female-only (including Supernumerary),53123.0,,56927.0,,60190.0,,60190.0,,60190.0,,63347.0,,7658.0,,9453.0,,9816.0,,9816.0,,9816.0,,9816.0,,19582.0,,22933.0,,23384.0,,23592.0,,23592.0,,23941.0,,8815.0,,9065.0,,9947.0,,9947.0,,9947.0,,9947.0,,3371.0,,4838.0,,4838.0,,4838.0,,4838.0,,4838.0,
IIIT,INDIAN INSTITUTE OF INFORMATION TECHNOLOGY SENAPATI MANIPUR,"Computer Science and Engineering with specialization in Quantum Technologies (4 Years, Bachelor of Technology)",AI,Gender-Neutral,45341.0,,51254.0,,52733.0,,53138.0,,53737.0,,57736.0,,6755.0,,7808.0,,8039.0,,8231.0,,8238.0,,8552.0,,15760.0,,17826.0,,18092.0,,18092.0,,18320.0,,19012.0,,7842.0,,9837.0,,10365.0,,10365.0,,10365.0,,10514.0,,3376.0,,4725.0,,4800.0,,4800.0,,4800.0,,4800.0,
IIIT,INDIAN INSTITUTE OF INFORMATION TECHNOLOGY SENAPATI MANIPUR,"Electronics and Communication Engineering (4 Years, Bachelor of Technology)",AI,Female-only (including Supernumerary),61004.0,,68795.0,,72649.0,,75126.0,,76129.0,,78071.0,,9166.0,,10507.0,,10507.0,,10762.0,,11093.0,,11525.0,,23097.0,,25266.0,,26232.0,,26631.0,,26803.0,,28649.0,,11105.0,,11629.0,,11769.0,,11969.0,,12113.0,,13200.0,,5320.0,,5474.0,,5631.0,,5948.0,,5948.0,,6099.0,
IIIT,INDIAN INSTITUTE OF INFORMATION TECHNOLOGY SENAPATI MANIPUR,"Electronics and Communication Engineering (4 Years, Bachelor of Technology)",AI,Gender-Neutral,53718.0,,58782.0,,60321.0,,60593.0,,60763.0,,65373.0,,7922.0,,8606.0,,8854.0,,8887.0,,8951.0,,9749.0,,18045.0,,19358.0,,19888.0,,20040.0,,20047.0,,21455.0,,10156.0,,10811.0,,11309.0,,11380.0,,11380.0,,11742.0,,4765.0,,5246.0,,5335.0,,5335.0,,5335.0,,5398.0,
IIIT,INDIAN INSTITUTE OF INFORMATION TECHNOLOGY SENAPATI MANIPUR,"Electronics and Communication Engineering with specialization in VLSI and Embedded Systems (4 Years, Bachelor of Technology)",AI,Female-only (including Supernumerary),63960.0,,71414.0,,74270.0,,74850.0,,76347.0,,79764.0,,9440.0,,10634.0,,10656.0,,11105.0,,11131.0,,11665.0,,23699.0,,26631.0,,26803.0,,28173.0,,28649.0,,30022.0,,11196.0,,11532.0,,11532.0,,11532.0,,11532.0,,13168.0,,5474.0,,5798.0,,5948.0,,6024.0,,6024.0,,6024.0,
IIIT,INDIAN INSTITUTE OF INFORMATION TECHNOLOGY SENAPATI MANIPUR,"Electronics and Communication Engineering with specialization in VLSI and Embedded Systems (4 Years, Bachelor of Technology)",AI,Gender-Neutral,56825.0,,62189.0,,64128.0,,65165.0,,65363.0,,69257.0,,8317.0,,9137.0,,9414.0,,9736.0,,9828.0,,10042.0,,18735.0,,19866.0,,20642.0,,20878.0,,20959.0,,22348.0,,10415.0,,11362.0,,11661.0,,11782.0,,11782.0,,11961.0,,4853.0,,5316.0,,5560.0,,5560.0,,5560.0,,5717.0,
IIIT,Indian Institute of Information Technology (IIIT) Nagpur,"Computer Science Engineering (Artificial lntelligence and Machine Learning) (4 Years, Bachelor of Technology)",AI,Gender-Neutral,24516.0,356.0,26133.0,778.0,26205.0,778.0,26270.0,778.0,26908.0,778.0,27752.0,778.0,3822.0,,3991.0,,3991.0,,3991.0,,3991.0,,4245.0,,9961.0,584.0,10020.0,673.0,10020.0,673.0,10020.0,673.0,10020.0,673.0,10539.0,673.0,6256.0,99.0,6894.0,,6896.0,,6896.0,,7209.0,,7344.0,,3020.0,,3361.0,,3361.0,,3361.0,,3361.0,,3361.0,
IIIT,Indian Institute of Information Technology (IIIT) Nagpur,"Computer Science Engineering (Data Science and Analytics) (4 Years, Bachelor of Technology)",AI,Gender-Neutral,26981.0,932.0,28475.0,932.0,28475.0,932.0,28495.0,932.0,28520.0,932.0,30477.0,932.0,4245.0,,4445.0,,4477.0,,4477.0,,4550.0,,4841.0,,10702.0,504.0,11366.0,640.0,11430.0,679.0,11430.0,679.0,11624.0,679.0,11835.0,679.0,7165.0,245.0,7743.0,,7816.0,,7816.0,,7816.0,,7973.0,,3334.0,,3765.0,,3765.0,,3765.0,,3765.0,,3831.0,
IIIT,Indian Institute of Information Technology (IIIT) Nagpur,"Computer Science Engineering (Human Computer lnteraction and Gaming Technology) (4 Years, Bachelor of Technology)",AI,Gender-Neutral,28729.0,1055.0,30651.0,1155.0,31192.0,1155.0,31283.0,1155.0,31295.0,1155.0,33893.0,1155.0,4715.0,,4942.0,,4968.0,,4968.0,,4981.0,,5043.0,,11389.0,473.0,12440.0,610.0,12440.0,610.0,12440.0,610.0,12605.0,610.0,13249.0,610.0,7188.0,244.0,7650.0,,7856.0,,7856.0,,7859.0,,8020.0,,3447.0,,4255.0,,4255.0,,4255.0,,4255.0,,4255.0,
IIIT,Indian Institute of Information Technology (IIIT) Nagpur,"Computer Science and Engineering (4 Years, Bachelor of Technology)",AI,Gender-Neutral,25974.0,871.0,27380.0,871.0,27407.0,871.0,27407.0,871.0,27577.0,871.0,29123.0,871.0,4162.0,149.0,4407.0,322.0,4429.0,322.0,4429.0,322.0,4499.0,322.0,4785.0,283.0,9982.0,651.0,10636.0,666.0,10651.0,666.0,10651.0,666.0,10718.0,666.0,11280.0,666.0,6151.0,90.0,7104.0,146.0,7222.0,146.0,7223.0,146.0,7260.0,146.0,7431.0,146.0,3361.0,60.0,3752.0,60.0,3752.0,60.0,3752.0,60.0,3752.0,60.0,3785.0,60.0
IIIT,Indian Institute of Information Technology (IIIT) Nagpur,"Electronics and Communication Engineering (4 Years, Bachelor of Technology)",AI,Gender-Neutral,34046.0,1741.0,37029.0,1720.0,37448.0,1720.0,37712.0,1720.0,37845.0,1720.0,40844.0,1720.0,5334.0,324.0,5663.0,324.0,5739.0,324.0,5739.0,324.0,5846.0,324.0,6167.0,324.0,13452.0,940.0,14940.0,1046.0,15013.0,1224.0,15026.0,1386.0,15241.0,1442.0,15838.0,1458.0,8084.0,,9021.0,,9344.0,,9344.0,,9361.0,,9364.0,,3909.0,,4608.0,,4727.0,,4824.0,,4906.0,,4956.0,
IIIT,Indian Institute of Information Technology (IIIT) Nagpur,"Electronics and Communication Engineering (Internet of Things) (4 Years, Bachelor of Technology)",AI,Gender-Neutral,33717.0,1487.0,35061.0,2125.0,35320.0,2209.0,35748.0,2209.0,36372.0,2209.0,39245.0,2209.0,5277.0,,5475.0,,5648.0,,5648.0,,5825.0,,6304.0,,13469.0,758.0,14547.0,940.0,14547.0,1046.0,14547.0,1046.0,14599.0,1046.0,15778.0,1046.0,8202.0,328.0,9133.0,,9425.0,,9482.0,,9482.0,,9507.0,,4044.0,,4440.0,,4558.0,,4558.0,,4558.0,,4712.0,
IIIT,Indian Institute of Information Technology (IIIT) Pune,"Computer Science and Engineering (4 Years, Bachelor of Technology)",AI,Female-only (including Supernumerary),25825.0,418.0,28468.0,447.0,29404.0,447.0,29943.0,447.0,29943.0,447.0,30716.0,447.0,4794.0,,4907.0,,4907.0,,4907.0,,4907.0,,5229.0,,12784.0,367.0,14200.0,367.0,14200.0,367.0,14406.0,367.0,14406.0,367.0,14797.0,367.0,6295.0,,7601.0,,7601.0,,7601.0,,7601.0,,8187.0,,3527.0,,3975.0,,3975.0,,3975.0,,4386.0,,4386.0,
IIIT,Indian Institute of Information Technology (IIIT) Pune,"Computer Science and Engineering (4 Years, Bachelor of Technology)",AI,Gender-Neutral,17707.0,496.0,18723.0,737.0,18800.0,737.0,18856.0,737.0,18979.0,737.0,21029.0,737.0,2888.0,77.0,3120.0,174.0,3244.0,216.0,3247.0,216.0,3251.0,216.0,3495.0,216.0,7411.0,416.0,8063.0,546.0,8065.0,546.0,8065.0,546.0,8113.0,546.0,8439.0,578.0,4857.0,207.0,5218.0,263.0,5317.0,263.0,5317.0,263.0,5421.0,263.0,5646.0,263.0,2574.0,35.0,2997.0,,2997.0,,2997.0,,3094.0,,3128.0,
IIIT,Indian Institute of Information Technology (IIIT) Pune,"Electronics and Communication Engineering (4 Years, Bachelor of Technology)",AI,Female-only (including Supernumerary),33189.0,1677.0,35213.0,1677.0,35213.0,1677.0,35213.0,1677.0,36344.0,1677.0,39112.0,1677.0,4970.0,,5229.0,,5229.0,,5229.0,,5286.0,,5950.0,,14200.0,,17795.0,,17795.0,,17795.0,,17834.0,,17834.0,,7728.0,,9859.0,,9859.0,,9859.0,,9859.0,,9859.0,,4165.0,,4951.0,,4951.0,,4951.0,,5129.0,,5129.0,
IIIT,Indian Institute of Information Technology (IIIT) Pune,"Electronics and Communication Engineering (4 Years, Bachelor of Technology)",AI,Gender-Neutral,23113.0,745.0,24351.0,1575.0,24527.0,1575.0,24527.0,1575.0,24595.0,1575.0,27380.0,1575.0,3849.0,,4267.0,,4267.0,,4267.0,,4279.0,,4492.0,,10070.0,647.0,10443.0,722.0,10618.0,722.0,10618.0,722.0,10618.0,722.0,11276.0,728.0,6388.0,263.0,6565.0,,6565.0,,6565.0,,6577.0,,6747.0,,3128.0,,3493.0,,3493.0,,3493.0,,3625.0,,3749.0,
IIIT,Indian Institute of Information Technology (IIIT) Ranchi,"B.Tech in Mathematics and Computing (4 Years, Bachelor of Technology)",AI,Gender-Neutral,35506.0,2471.0,37970.0,2488.0,38063.0,2488.0,38063.0,2488.0,38335.0,2488.0,41831.0,3723.0,5608.0,,5858.0,,6278.0,,6341.0,,6365.0,,6837.0,,14515.0,,15412.0,,15713.0,,15761.0,,15811.0,,16807.0,,8737.0,,9371.0,,9562.0,,9562.0,,9562.0,,9609.0,,4519.0,,5165.0,,5246.0,,5246.0,,5253.0,,5391.0,
IIIT,Indian Institute of Information Technology (IIIT) Ranchi,"Computer Science and Engineering (4 Years, Bachelor of Technology)",AI,Gender-Neutral,31909.0,1031.0,33935.0,1389.0,33988.0,1389.0,34242.0,1389.0,34325.0,1389.0,38063.0,2002.0,5012.0,182.0,5351.0,236.0,5372.0,236.0,5372.0,236.0,5376.0,236.0,5863.0,306.0,12777.0,741.0,14069.0,1071.0,14206.0,1215.0,14232.0,1215.0,14246.0,1215.0,14896.0,1566.0,7963.0,267.0,8920.0,267.0,9143.0,267.0,9143.0,267.0,9155.0,267.0,9351.0,267.0,3759.0,,4484.0,,4536.0,,4536.0,,4536.0,,4536.0,
IIIT,Indian Institute of Information Technology (IIIT) Ranchi,"Computer Science and Engineering (with Specialization of Data Science and Artificial Intelligence) (4 Years, B. Tech / B. Tech (Hons.))",AI,Gender-Neutral,30554.0,1322.0,33311.0,2027.0,33600.0,2027.0,33600.0,2027.0,33600.0,2027.0,36988.0,2027.0,4710.0,,5376.0,,5379.0,,5379.0,,5564.0,,5567.0,,12675.0,,13700.0,,13835.0,,13835.0,,13835.0,,14069.0,,7478.0,,8947.0,,9135.0,,9135.0,,9135.0,,9243.0,,3473.0,,4122.0,,4122.0,,4122.0,,4122.0,,4122.0,
IIIT,Indian Institute of Information Technology (IIIT) Ranchi,"Electronics and Communication Engineering (4 Years, Bachelor of Technology)",AI,Gender-Neutral,38192.0,2529.0,41089.0,2704.0,41962.0,2884.0,42174.0,2884.0,42700.0,2884.0,45216.0,2884.0,5947.0,,6229.0,,6365.0,,6417.0,,6616.0,,6919.0,,15091.0,1261.0,16215.0,1566.0,16351.0,1566.0,16498.0,1566.0,16582.0,1566.0,17324.0,,8895.0,,9778.0,,10129.0,,10251.0,,10294.0,,10496.0,,4529.0,,4890.0,,5088.0,,5149.0,,5165.0,,5348.0,
IIIT,Indian Institute of Information Technology (IIIT) Ranchi,"Electronics and Communication Engineering (with Specialization of Embedded Systems and Internet of Things) (4 Years, B. Tech / B. Tech (Hons.))",AI,Gender-Neutral,37950.0,2348.0,40064.0,2803.0,41548.0,2803.0,41577.0,2803.0,41827.0,2803.0,44503.0,2803.0,5901.0,,6216.0,,6417.0,,6587.0,,6590.0,,6841.0,,14493.0,1151.0,15981.0,1740.0,16197.0,,16377.0,,16377.0,,17162.0,,8894.0,,9626.0,,9901.0,,9901.0,,9979.0,,10266.0,,4347.0,,4692.0,,4712.0,,4712.0,,4712.0,,4811.0,
IIIT,"Indian Institute of Information Technology (IIIT), Sri City, Chittoor","Artificial Intelligence and Data Science (4 Years, Bachelor of Technology)",AI,Female-only (including Supernumerary),30414.0,,33106.0,,33106.0,,33106.0,,33106.0,,34351.0,,4784.0,,4784.0,,4784.0,,4784.0,,4784.0,,4784.0,,13421.0,,14952.0,,14952.0,,14952.0,,14952.0,,16950.0,,4673.0,,7378.0,,7378.0,,7378.0,,7378.0,,7378.0,,2771.0,,4383.0,,4383.0,,4383.0,,4383.0,,4383.0,
IIIT,"Indian Institute of Information Technology (IIIT), Sri City, Chittoor","Artificial Intelligence and Data Science (4 Years, Bachelor of Technology)",AI,Gender-Neutral,25197.0,378.0,25834.0,378.0,25834.0,378.0,25834.0,378.0,26000.0,378.0,27291.0,378.0,4052.0,,4232.0,,4232.0,,4232.0,,4232.0,,4575.0,,10110.0,357.0,10701.0,691.0,10701.0,989.0,10701.0,1090.0,10722.0,1180.0,10863.0,1180.0,6095.0,,6764.0,,6764.0,,6764.0,,6764.0,,7239.0,,3354.0,,3417.0,,3417.0,,3417.0,,3417.0,,3595.0,
IIIT,"Indian Institute of Information Technology (IIIT), Sri City, Chittoor","Computer Science and Engineering (4 Years, Bachelor of Technology)",AI,Female-only (including Supernumerary),30312.0,826.0,30414.0,826.0,30414.0,826.0,30460.0,826.0,30460.0,826.0,32739.0,826.0,5336.0,,5359.0,,5359.0,,5359.0,,5359.0,,5390.0,,12578.0,,13799.0,,13799.0,,13799.0,,13799.0,,14383.0,,7624.0,,8129.0,,8129.0,,8129.0,,8129.0,,8129.0,,3829.0,,4458.0,,4458.0,,4458.0,,4458.0,,4458.0,
IIIT,"Indian Institute of Information Technology (IIIT), Sri City, Chittoor","Computer Science and Engineering (4 Years, Bachelor of Technology)",AI,Gender-Neutral,24016.0,1266.0,24781.0,1377.0,24781.0,1377.0,24802.0,1377.0,25197.0,1377.0,26387.0,1377.0,3922.0,192.0,3990.0,192.0,3990.0,192.0,3990.0,192.0,4001.0,192.0,4165.0,192.0,9854.0,663.0,10199.0,679.0,10199.0,1014.0,10199.0,1177.0,10278.0,1177.0,10575.0,1224.0,7087.0,261.0,7465.0,327.0,7465.0,334.0,7465.0,334.0,7465.0,334.0,7536.0,334.0,3413.0,,3530.0,,3530.0,,3530.0,,3530.0,,3530.0,
IIIT,"Indian Institute of Information Technology (IIIT), Sri City, Chittoor","Electronics and Communication Engineering (4 Years, Bachelor of Technology)",AI,Female-only (including Supernumerary),38560.0,,39112.0,,39112.0,,39112.0,,39112.0,,40662.0,,5414.0,,6171.0,,6171.0,,6171.0,,6171.0,,6975.0,,15367.0,,16367.0,,16367.0,,16367.0,,17842.0,,18510.0,,8014.0,,9206.0,,9206.0,,9206.0,,9206.0,,9206.0,,4094.0,,4863.0,,4863.0,,4863.0,,4863.0,,4863.0,
IIIT,"Indian Institute of Information Technology (IIIT), Sri City, Chittoor","Electronics and Communication Engineering (4 Years, Bachelor of Technology)",AI,Gender-Neutral,29056.0,1377.0,30596.0,1521.0,30681.0,1521.0,30681.0,1521.0,30803.0,1521.0,33596.0,1521.0,5069.0,,5277.0,,5281.0,,5281.0,,5281.0,,5562.0,,11517.0,691.0,11875.0,805.0,11875.0,1199.0,11908.0,1224.0,12092.0,1224.0,12466.0,1248.0,7781.0,,8451.0,,8451.0,,8451.0,,8451.0,,8845.0,,3519.0,,3838.0,,3838.0,,3838.0,,3838.0,,3994.0,
IIIT,"Indian Institute of Information Technology (IIIT)Kota, Rajasthan","Artificial Intelligence and Data Engineering (4 Years, Bachelor of Technology)",AI,Female-only (including Supernumerary),34100.0,,35901.0,,35934.0,,35934.0,,35934.0,,37654.0,,5282.0,,5286.0,,5684.0,,5684.0,,5684.0,,6337.0,,14939.0,,17695.0,,17695.0,,17695.0,,17723.0,,17723.0,,7939.0,,8334.0,,8334.0,,8334.0,,9178.0,,9178.0,,3524.0,,3524.0,,3524.0,,3524.0,,3524.0,,4149.0,
IIIT,"Indian Institute of Information Technology (IIIT)Kota, Rajasthan","Artificial Intelligence and Data Engineering (4 Years, Bachelor of Technology)",AI,Gender-Neutral,25801.0,1172.0,27400.0,1757.0,27400.0,1909.0,27455.0,1909.0,27517.0,1909.0,30212.0,1984.0,4061.0,,4471.0,,4471.0,,4471.0,,4549.0,,4763.0,,10485.0,709.0,11404.0,836.0,11404.0,836.0,11404.0,836.0,11488.0,836.0,12083.0,1138.0,6645.0,,7317.0,,7721.0,,7721.0,,7852.0,,7914.0,,3234.0,,3628.0,,3741.0,,3741.0,,3741.0,,3744.0,
IIIT,"Indian Institute of Information Technology (IIIT)Kota, Rajasthan","Computer Science and Engineering (4 Years, Bachelor of Technology)",AI,Female-only (including Supernumerary),31746.0,1671.0,33504.0,1997.0,33504.0,1997.0,33504.0,1997.0,33504.0,1997.0,35627.0,1997.0,5270.0,,5282.0,,5282.0,,5282.0,,5282.0,,6025.0,,15304.0,922.0,16526.0,922.0,16526.0,922.0,16526.0,922.0,16526.0,922.0,17287.0,922.0,7547.0,,8934.0,,8934.0,,8934.0,,9288.0,,9288.0,,3771.0,,4944.0,,4944.0,,4944.0,,4944.0,,4944.0,
IIIT,"Indian Institute of Information Technology (IIIT)Kota, Rajasthan","Computer Science and Engineering (4 Years, Bachelor of Technology)",AI,Gender-Neutral,23800.0,1071.0,25011.0,1470.0,25346.0,1470.0,25598.0,1470.0,25666.0,1470.0,27400.0,1470.0,3830.0,152.0,3969.0,339.0,4001.0,339.0,4056.0,339.0,4061.0,339.0,4471.0,339.0,9992.0,841.0,10485.0,1201.0,10485.0,1201.0,10485.0,1201.0,10496.0,1201.0,11048.0,1201.0,6460.0,205.0,6583.0,205.0,6583.0,205.0,6583.0,205.0,6896.0,205.0,7467.0,205.0,3085.0,,3226.0,,3226.0,,3299.0,,3299.0,,3310.0,
IIIT,"Indian Institute of Information Technology (IIIT)Kota, Rajasthan","Electronics and Communication Engineering (4 Years, Bachelor of Technology)",AI,Female-only (including Supernumerary),36882.0,,37125.0,,37609.0,,37609.0,,38271.0,,43142.0,,5831.0,,6293.0,,6640.0,,6640.0,,6640.0,,6736.0,,17834.0,,19475.0,,19768.0,,19794.0,,19927.0,,20084.0,,7787.0,,9127.0,,9213.0,,9213.0,,9213.0,,10359.0,,3642.0,,3642.0,,3642.0,,3642.0,,3642.0,,3642.0,
IIIT,"Indian Institute of Information Technology (IIIT)Kota, Rajasthan","Electronics and Communication Engineering (4 Years, Bachelor of Technology)",AI,Gender-Neutral,30755.0,1321.0,32756.0,1793.0,33035.0,1929.0,33035.0,1929.0,33354.0,1929.0,36737.0,2383.0,5102.0,,5306.0,,5338.0,,5338.0,,5338.0,,5736.0,,12674.0,740.0,13264.0,1011.0,13264.0,1011.0,13264.0,1011.0,13356.0,1011.0,14163.0,1499.0,7073.0,88.0,8084.0,,8103.0,,8103.0,,8103.0,,8201.0,,3136.0,,3310.0,,3488.0,,3488.0,,3488.0,,3698.0,
IIIT,Indian Institute of Information Technology Bhagalpur,"Computer Science and Engineering (4 Years, Bachelor of Technology)",AI,Female-only (including Supernumerary),41217.0,,43979.0,,44014.0,,44014.0,,44067.0,,45324.0,,7062.0,,7642.0,,7642.0,,7642.0,,7642.0,,7770.0,,18314.0,,18686.0,,19008.0,,19008.0,,19008.0,,20349.0,,8528.0,,9994.0,,10273.0,,10273.0,,10273.0,,10424.0,,4511.0,,4511.0,,5329.0,,5329.0,,5418.0,,5503.0,
IIIT,Indian Institute of Information Technology Bhagalpur,"Computer Science and Engineering (4 Years, Bachelor of Technology)",AI,Gender-Neutral,37751.0,1543.0,40376.0,2003.0,40975.0,2003.0,40975.0,2003.0,41121.0,2003.0,44476.0,2488.0,5740.0,254.0,6050.0,402.0,6140.0,,6277.0,,6297.0,,6832.0,,14488.0,845.0,15539.0,1722.0,15686.0,1666.0,15686.0,1666.0,15696.0,1666.0,16641.0,1666.0,8750.0,,9559.0,,9836.0,,9908.0,,9910.0,,10415.0,,4281.0,,4760.0,,5015.0,,5015.0,,5067.0,,5187.0,
IIIT,Indian Institute of Information Technology Bhagalpur,"Electronics and Communication Engineering (4 Years, Bachelor of Technology)",AI,Female-only (including Supernumerary),43451.0,,48719.0,,49478.0,,50610.0,,50610.0,,52923.0,,7295.0,,8042.0,,8083.0,,8083.0,,8083.0,,8576.0,,18957.0,,19741.0,,19741.0,,19741.0,,19741.0,,20681.0,,9897.0,,10603.0,,10962.0,,10962.0,,10962.0,,10964.0,,4951.0,,5329.0,,5418.0,,5418.0,,5503.0,,5518.0,
IIIT,Indian Institute of Information Technology Bhagalpur,"Electronics and Communication Engineering (4 Years, Bachelor of Technology)",AI,Gender-Neutral,40291.0,2560.0,42835.0,2957.0,43464.0,3228.0,43576.0,3228.0,43918.0,3228.0,47785.0,3228.0,6238.0,,6599.0,,6602.0,,6602.0,,6670.0,,7054.0,,15417.0,1196.0,16738.0,1626.0,16936.0,,17045.0,,17055.0,,17559.0,,9121.0,,9852.0,,10185.0,,10266.0,,10308.0,,10670.0,,4591.0,,4915.0,,5130.0,,5130.0,,5130.0,,5213.0,
IIIT,Indian Institute of Information Technology Bhagalpur,"Mathematics and Computing (4 Years, Bachelor of Technology)",AI,Female-only (including Supernumerary),,,,,,,,,,,,,7151.0,,7952.0,,7952.0,,7952.0,,7952.0,,8146.0,,18967.0,,19794.0,,20456.0,,20456.0,,20456.0,,21145.0,,,,,,,,,,,,,,5002.0,,5317.0,,5518.0,,5518.0,,5518.0,,5608.0,
IIIT,Indian Institute of Information Technology Bhagalpur,"Mathematics and Computing (4 Years, Bachelor of Technology)",AI,Gender-Neutral,38171.0,2488.0,40812.0,3028.0,41275.0,3028.0,41482.0,3028.0,42091.0,3028.0,45422.0,3028.0,5828.0,,5892.0,,5892.0,,5892.0,,5893.0,,6661.0,,15023.0,,16091.0,,16308.0,,16308.0,,16308.0,,17295.0,,8984.0,,9609.0,,9979.0,,10285.0,,10414.0,,10586.0,,4374.0,,4939.0,,5187.0,,5187.0,,5288.0,,5397.0,
IIIT,Indian Institute of Information Technology Bhagalpur,"Mechatronics and Automation Engineering (4 Years, Bachelor of Technology)",AI,Female-only (including Supernumerary),49478.0,,51543.0,,52471.0,,52471.0,,52471.0,,53176.0,,8613.0,,8984.0,,9497.0,,9497.0,,9497.0,,9497.0,,20799.0,,23769.0,,23770.0,,23770.0,,24133.0,,24814.0,,9602.0,,11232.0,,11232.0,,11884.0,,12356.0,,12488.0,,,,,,,,,,,,,
IIIT,Indian Institute of Information Technology Bhagalpur,"Mechatronics and Automation Engineering (4 Years, Bachelor of Technology)",AI,Gender-Neutral,44374.0,3417.0,48544.0,3623.0,49051.0,,49387.0,,50562.0,,53156.0,,6685.0,,7301.0,,7304.0,,7385.0,,7753.0,,7939.0,,16593.0,1455.0,17571.0,,17754.0,,17809.0,,18004.0,,18946.0,,9852.0,,10348.0,,10584.0,,10638.0,,10694.0,,10903.0,,4714.0,,5340.0,,5391.0,,5391.0,,5397.0,,5560.0,
IIIT,Indian Institute of Information Technology Bhopal,"B.Tech in Mathematics and Computing (4 Years, Bachelor of Technology)",AI,Gender-Neutral,27762.0,1909.0,31569.0,1909.0,31569.0,3723.0,32119.0,3723.0,32119.0,3723.0,33940.0,4161.0,4336.0,,4766.0,,4766.0,,4766.0,,4766.0,,5188.0,,11396.0,1348.0,12513.0,1773.0,12988.0,1773.0,12988.0,1773.0,12988.0,1773.0,13796.0,,8102.0,,8945.0,,9090.0,,9090.0,,9090.0,,9185.0,,3874.0,,4476.0,,4476.0,,4476.0,,4476.0,,5246.0,
IIIT,Indian Institute of Information Technology Bhopal,"Computer Science and Engineering (4 Years, Bachelor of Technology)",AI,Gender-Neutral,24300.0,866.0,25450.0,1369.0,25769.0,1369.0,25769.0,1369.0,25848.0,1369.0,27095.0,1625.0,4012.0,216.0,4220.0,216.0,4293.0,392.0,4293.0,392.0,4319.0,392.0,4561.0,392.0,10027.0,519.0,10975.0,703.0,11046.0,703.0,11046.0,703.0,11046.0,703.0,11401.0,825.0,6543.0,264.0,7605.0,,7739.0,,7739.0,,7746.0,,7875.0,,3433.0,,3778.0,,3778.0,,3778.0,,3778.0,,3928.0,
IIIT,Indian Institute of Information Technology Bhopal,"Computer Science and Engineering (Artificial Intelligence) (4 Years, Bachelor of Technology)",AI,Gender-Neutral,24372.0,1081.0,25336.0,1081.0,25336.0,1081.0,25497.0,1081.0,25497.0,1081.0,27359.0,1081.0,3614.0,,3660.0,,3660.0,,3693.0,,3693.0,,4420.0,,9857.0,666.0,10796.0,1246.0,10796.0,1590.0,10796.0,1590.0,11144.0,1590.0,11438.0,1590.0,5672.0,,6546.0,,6546.0,,6546.0,,7253.0,,7512.0,,2820.0,,2903.0,,2903.0,,2903.0,,2903.0,,3433.0,
IIIT,Indian Institute of Information Technology Bhopal,"Computer Science and Engineering (Cyber Physical System) (4 Years, Bachelor of Technology)",AI,Gender-Neutral,30625.0,1369.0,32341.0,1692.0,32598.0,1692.0,32660.0,1692.0,33229.0,1692.0,35838.0,1692.0,4592.0,,4988.0,,4998.0,,4998.0,,5112.0,,5474.0,,12148.0,917.0,13107.0,1516.0,13110.0,1551.0,13110.0,1551.0,13377.0,1551.0,13490.0,1551.0,7858.0,,8520.0,,8624.0,,8624.0,,8624.0,,8793.0,,3856.0,,4408.0,,4408.0,,4408.0,,4408.0,,4476.0,
IIIT,Indian Institute of Information Technology Bhopal,"Computer Science and Engineering (Cyber Security) (4 Years, Bachelor of Technology)",AI,Gender-Neutral,26819.0,1141.0,28645.0,1450.0,28894.0,1450.0,29171.0,1450.0,29494.0,1450.0,31569.0,1450.0,4420.0,,4561.0,,4581.0,,4581.0,,4595.0,,5058.0,,10953.0,836.0,12010.0,1290.0,12140.0,1555.0,12140.0,1555.0,12274.0,1649.0,12583.0,1649.0,7039.0,314.0,8161.0,,8161.0,,8224.0,,8224.0,,8354.0,,3755.0,,3998.0,,3998.0,,3998.0,,3998.0,,4015.0,
IIIT,Indian Institute of Information Technology Bhopal,"Computer Science and Engineering (Data Science) (4 Years, Bachelor of Technology)",AI,Gender-Neutral,24360.0,739.0,26032.0,1102.0,26038.0,1102.0,26038.0,1102.0,26128.0,1102.0,28976.0,1102.0,4092.0,,4293.0,,4319.0,,4319.0,,4336.0,,4542.0,,9364.0,719.0,10907.0,719.0,11041.0,754.0,11041.0,754.0,11041.0,754.0,11458.0,754.0,5856.0,,7043.0,,7249.0,,7314.0,,7314.0,,7703.0,,2702.0,,3755.0,,3755.0,,3755.0,,3755.0,,3755.0,
IIIT,Indian Institute of Information Technology Bhopal,"Electronics and Communication Engineering (4 Years, Bachelor of Technology)",AI,Gender-Neutral,32861.0,1470.0,35763.0,2292.0,36401.0,2292.0,36541.0,2292.0,37001.0,2292.0,40247.0,2292.0,5389.0,,5530.0,,5564.0,,5564.0,,5603.0,,6124.0,,12881.0,1122.0,14328.0,1355.0,14460.0,1674.0,14603.0,1674.0,14643.0,1674.0,15526.0,1674.0,8150.0,,9240.0,,9384.0,,9533.0,,9569.0,,10104.0,,4102.0,,4588.0,,4796.0,,4903.0,,4903.0,,4984.0,
IIIT,Indian Institute of Information Technology Bhopal,"Information Technology (4 Years, Bachelor of Technology)",AI,Gender-Neutral,30645.0,1258.0,32611.0,1985.0,32742.0,1985.0,32811.0,1985.0,33182.0,1985.0,36619.0,1985.0,4742.0,307.0,5058.0,307.0,5068.0,307.0,5068.0,307.0,5098.0,307.0,5505.0,307.0,12095.0,998.0,13086.0,1110.0,13183.0,1290.0,13222.0,1290.0,13222.0,1290.0,13825.0,1290.0,7961.0,,8833.0,,8929.0,,8929.0,,8947.0,,9086.0,,4058.0,,4599.0,,4621.0,,4621.0,,4698.0,,4939.0,
IIIT,Indian Institute of Information Technology Bhopal,"Physics and Computational Engineering (4 Years, Bachelor of Technology)",AI,Gender-Neutral,37840.0,2230.0,40291.0,3258.0,40414.0,,40697.0,,41699.0,,43349.0,,6142.0,,6768.0,,6768.0,,6768.0,,6768.0,,6865.0,,15436.0,1525.0,16325.0,,16593.0,,16593.0,,16593.0,,17248.0,,9185.0,,9475.0,,9867.0,,10200.0,,10200.0,,10467.0,,4408.0,,5139.0,,5203.0,,5213.0,,5213.0,,5343.0,
IIIT,"Indian Institute of Information Technology Design & Manufacturing Kurnool, Andhra Pradesh","Artificial Intelligence and Data Science (4 Years, Bachelor of Technology)",AI,Female-only (including Supernumerary),37880.0,1702.0,40904.0,1813.0,41618.0,1813.0,41618.0,1813.0,42290.0,1813.0,46086.0,1813.0,5685.0,,6451.0,,6451.0,,6451.0,,6451.0,,6707.0,,15627.0,,17697.0,,17969.0,,18463.0,,18463.0,,18521.0,,7261.0,,7463.0,,7463.0,,7463.0,,7463.0,,7463.0,,3017.0,,3458.0,,3458.0,,3458.0,,3458.0,,3458.0,
IIIT,"Indian Institute of Information Technology Design & Manufacturing Kurnool, Andhra Pradesh","Artificial Intelligence and Data Science (4 Years, Bachelor of Technology)",AI,Gender-Neutral,33418.0,656.0,35178.0,656.0,35479.0,656.0,35736.0,656.0,36079.0,656.0,37040.0,656.0,4942.0,,5128.0,,5128.0,,5128.0,,5128.0,,5998.0,,12973.0,,13999.0,,14083.0,,14083.0,,14083.0,,14257.0,,5843.0,,5982.0,,6014.0,,6014.0,,6014.0,,6148.0,,2454.0,,2485.0,,2721.0,,2721.0,,2721.0,,2721.0,
IIIT,"Indian Institute of Information Technology Design & Manufacturing Kurnool, Andhra Pradesh","Computer Science and Engineering (4 Years, Bachelor of Technology)",AI,Female-only (including Supernumerary),34411.0,1108.0,37649.0,1108.0,37649.0,1108.0,37649.0,1108.0,37649.0,1108.0,37649.0,1108.0,5489.0,,5489.0,,5938.0,,5938.0,,5938.0,,5938.0,,13020.0,,15125.0,,15125.0,,15125.0,,16129.0,,16670.0,,5753.0,,7400.0,,7400.0,,7400.0,,7400.0,,7400.0,,2213.0,,3132.0,,3132.0,,3132.0,,3132.0,,3132.0,
IIIT,"Indian Institute of Information Technology Design & Manufacturing Kurnool, Andhra Pradesh","Computer Science and Engineering (4 Years, Bachelor of Technology)",AI,Gender-Neutral,30326.0,1103.0,32512.0,1103.0,32512.0,1103.0,32512.0,1103.0,32512.0,1103.0,33147.0,1103.0,4803.0,,5006.0,,5006.0,,5006.0,,5006.0,,5488.0,,11442.0,491.0,12900.0,535.0,12980.0,535.0,12980.0,535.0,12980.0,535.0,13252.0,535.0,4678.0,,5448.0,,5695.0,,5695.0,,5695.0,,5796.0,,2237.0,,2237.0,,2305.0,,2305.0,,2305.0,,2305.0,
IIIT,"Indian Institute of Information Technology Design & Manufacturing Kurnool, Andhra Pradesh","Computer Science and Engineering (5 Years, Bachelor and Master of Technology (Dual Degree))",AI,Female-only (including Supernumerary),35296.0,,42290.0,,42290.0,,42290.0,,42741.0,,46231.0,,,,,,,,,,,,,,15389.0,,15627.0,,15627.0,,15627.0,,15627.0,,16964.0,,7506.0,,7506.0,,7506.0,,7506.0,,7506.0,,7506.0,,,,,,,,,,,,,
IIIT,"Indian Institute of Information Technology Design & Manufacturing Kurnool, Andhra Pradesh","Computer Science and Engineering (5 Years, Bachelor and Master of Technology (Dual Degree))",AI,Gender-Neutral,32506.0,618.0,34786.0,618.0,34786.0,618.0,36079.0,618.0,36181.0,618.0,41188.0,618.0,4994.0,,5453.0,,5453.0,,5453.0,,5488.0,,6408.0,,12062.0,,12973.0,,12973.0,,12973.0,,12973.0,,14960.0,,4445.0,,4445.0,,4445.0,,4445.0,,4445.0,,4594.0,,2485.0,,2567.0,,2567.0,,2567.0,,2567.0,,2567.0,
IIIT,"Indian Institute of Information Technology Design & Manufacturing Kurnool, Andhra Pradesh","Electronics and Communication Engineering (5 Years, Bachelor and Master of Technology (Dual Degree))",AI,Female-only (including Supernumerary),42290.0,,42873.0,,47489.0,,48759.0,,50537.0,,51146.0,,7241.0,,7328.0,,7456.0,,7456.0,,7553.0,,8126.0,,16959.0,,19279.0,,19846.0,,20630.0,,20773.0,,20799.0,,7400.0,,9518.0,,9518.0,,9518.0,,9518.0,,9518.0,,,,,,,,,,,,,
IIIT,"Indian Institute of Information Technology Design & Manufacturing Kurnool, Andhra Pradesh","Electronics and Communication Engineering (5 Years, Bachelor and Master of Technology (Dual Degree))",AI,Gender-Neutral,38868.0,,42596.0,,43634.0,,43634.0,,43687.0,,47113.0,,5823.0,,6144.0,,6144.0,,6144.0,,6144.0,,6904.0,,14091.0,,15460.0,,15959.0,,15959.0,,15959.0,,16658.0,,6582.0,,6632.0,,6632.0,,6632.0,,6632.0,,7123.0,,2560.0,,2560.0,,2560.0,,2560.0,,2560.0,,2719.0,
IIIT,"Indian Institute of Information Technology Design & Manufacturing Kurnool, Andhra Pradesh","Electronics and Communication Engineering with specialization in Design and Manufacturing (4 Years, Bachelor of Technology)",AI,Female-only (including Supernumerary),43793.0,,46568.0,,47613.0,,48030.0,,48759.0,,49973.0,,6987.0,,6989.0,,6989.0,,6989.0,,6989.0,,8116.0,,17629.0,932.0,19184.0,1378.0,19184.0,1422.0,20206.0,1422.0,20248.0,1422.0,20666.0,1422.0,8650.0,,9566.0,,9566.0,,9566.0,,9566.0,,9845.0,,2885.0,,2885.0,,2885.0,,2885.0,,2885.0,,2885.0,
IIIT,"Indian Institute of Information Technology Design & Manufacturing Kurnool, Andhra Pradesh","Electronics and Communication Engineering with specialization in Design and Manufacturing (4 Years, Bachelor of Technology)",AI,Gender-Neutral,37333.0,1195.0,39919.0,1195.0,40291.0,1195.0,40806.0,1195.0,41125.0,1195.0,44105.0,1195.0,5817.0,,5911.0,,5911.0,,5911.0,,6084.0,,6753.0,,13689.0,574.0,15183.0,574.0,15418.0,574.0,15418.0,574.0,15418.0,574.0,15877.0,574.0,6398.0,334.0,6582.0,334.0,6618.0,,6618.0,,6618.0,,6618.0,,2721.0,,2872.0,,2995.0,,2995.0,,3116.0,,3168.0,
IIIT,"Indian Institute of Information Technology Design & Manufacturing Kurnool, Andhra Pradesh","Mechanical Engineering (5 Years, Bachelor and Master of Technology (Dual Degree))",AI,Female-only (including Supernumerary),55871.0,,58839.0,,58839.0,,60944.0,,61121.0,,64464.0,,8569.0,,9854.0,,9995.0,,9995.0,,10517.0,,11237.0,,20248.0,,22059.0,,22975.0,,22975.0,,23192.0,,24121.0,,9518.0,,10171.0,,10171.0,,10171.0,,10171.0,,11240.0,,4593.0,,5097.0,,5097.0,,5097.0,,5097.0,,5097.0,
IIIT,"Indian Institute of Information Technology Design & Manufacturing Kurnool, Andhra Pradesh","Mechanical Engineering (5 Years, Bachelor and Master of Technology (Dual Degree))",AI,Gender-Neutral,48197.0,,48676.0,,49706.0,,50717.0,,50717.0,,54254.0,,6814.0,,7630.0,,7646.0,,7646.0,,7646.0,,8355.0,,16275.0,1086.0,17469.0,1086.0,18132.0,1086.0,18204.0,1086.0,18361.0,1086.0,18870.0,1086.0,8149.0,,9113.0,,9329.0,,9329.0,,9329.0,,9350.0,,3368.0,,3368.0,,3368.0,,3368.0,,3669.0,,3669.0,
IIIT,"Indian Institute of Information Technology Design & Manufacturing Kurnool, Andhra Pradesh","Mechanical Engineering with specialization in Design and Manufacturing (4 Years, Bachelor of Technology)",AI,Female-only (including Supernumerary),53597.0,,57674.0,,59444.0,,60734.0,,61014.0,,65720.0,,8366.0,,8613.0,,9735.0,,9735.0,,10047.0,,10845.0,,20243.0,,21766.0,,22059.0,,22666.0,,23108.0,,23192.0,,9566.0,,10932.0,,10963.0,,10963.0,,10963.0,,10963.0,,4273.0,,4593.0,,4593.0,,4593.0,,4593.0,,4593.0,
IIIT,"Indian Institute of Information Technology Design & Manufacturing Kurnool, Andhra Pradesh","Mechanical Engineering with specialization in Design and Manufacturing (4 Years, Bachelor of Technology)",AI,Gender-Neutral,45861.0,1713.0,48364.0,1828.0,48588.0,1828.0,48814.0,1828.0,48827.0,1828.0,52520.0,1828.0,6850.0,,7360.0,,7380.0,,7435.0,,7541.0,,7792.0,,16027.0,,17350.0,,17833.0,,17915.0,,18155.0,,19196.0,,7866.0,,8751.0,,8778.0,,8828.0,,8828.0,,9329.0,,3082.0,,3082.0,,3082.0,,3082.0,,3368.0,,3368.0,
IIIT,Indian Institute of Information Technology Guwahati,"Computer Science and Engineering (4 Years, Bachelor of Technology)",AI,Female-only (including Supernumerary),30009.0,1100.0,30102.0,1100.0,30330.0,1100.0,30330.0,1100.0,30330.0,1100.0,34504.0,1100.0,5610.0,,5610.0,,5610.0,,5610.0,,5610.0,,5796.0,,13143.0,,15218.0,,15218.0,,15218.0,,15218.0,,15656.0,,7204.0,,7758.0,,7758.0,,7758.0,,7758.0,,7758.0,,3322.0,,3514.0,,3514.0,,3514.0,,3514.0,,3514.0,
IIIT,Indian Institute of Information Technology Guwahati,"Computer Science and Engineering (4 Years, Bachelor of Technology)",AI,Gender-Neutral,19105.0,1089.0,20410.0,1089.0,20857.0,1089.0,20857.0,1089.0,21062.0,1089.0,22739.0,1671.0,3221.0,279.0,3353.0,371.0,3353.0,371.0,3353.0,371.0,3379.0,371.0,3649.0,371.0,7560.0,670.0,8096.0,863.0,8167.0,863.0,8167.0,863.0,8282.0,863.0,8583.0,863.0,4871.0,98.0,5546.0,,5579.0,,5579.0,,5658.0,,5708.0,,2448.0,,2770.0,,2799.0,,2799.0,,2799.0,,2799.0,
IIIT,Indian Institute of Information Technology Guwahati,"Electronics and Communication Engineering (4 Years, Bachelor of Technology)",AI,Female-only (including Supernumerary),37709.0,,38030.0,,38030.0,,38030.0,,39349.0,,39532.0,,5684.0,,5684.0,,6122.0,,6122.0,,6122.0,,6311.0,,16454.0,,19046.0,,19046.0,,19175.0,,19175.0,,19633.0,,8108.0,,9003.0,,9003.0,,9003.0,,9003.0,,9003.0,,3514.0,,4295.0,,4295.0,,4295.0,,4295.0,,4295.0,
IIIT,Indian Institute of Information Technology Guwahati,"Electronics and Communication Engineering (4 Years, Bachelor of Technology)",AI,Gender-Neutral,26015.0,1219.0,27674.0,1976.0,27674.0,2042.0,27674.0,2042.0,27674.0,2042.0,30554.0,2042.0,4437.0,,4496.0,,4609.0,,4609.0,,4609.0,,5553.0,,10305.0,725.0,11962.0,1120.0,11972.0,1120.0,11972.0,1120.0,11972.0,1120.0,12316.0,1120.0,6433.0,,7188.0,,7188.0,,7188.0,,7188.0,,7858.0,,2699.0,,3236.0,,3268.0,,3268.0,,3268.0,,3313.0,
IIIT,Indian Institute of Information Technology Lucknow,"Computer Science (4 Years, Bachelor of Technology)",AI,Female-only (including Supernumerary),14459.0,,15088.0,,15088.0,,15088.0,,15088.0,,15088.0,,,137.0,,137.0,,137.0,,137.0,,137.0,,137.0,6178.0,,6178.0,,6204.0,,6204.0,,6204.0,,6204.0,,4122.0,,5107.0,,5107.0,,5107.0,,5107.0,,5190.0,,1841.0,,1841.0,,1841.0,,1841.0,,1841.0,,1841.0,
IIIT,Indian Institute of Information Technology Lucknow,"Computer Science (4 Years, Bachelor of Technology)",AI,Gender-Neutral,8540.0,259.0,8890.0,346.0,8890.0,346.0,8890.0,346.0,8890.0,346.0,9580.0,346.0,1269.0,,1318.0,,1318.0,,1318.0,,1318.0,,1445.0,,3480.0,210.0,3704.0,362.0,3704.0,362.0,3704.0,362.0,3704.0,362.0,3705.0,362.0,2166.0,,2363.0,,2363.0,,2363.0,,2363.0,,2363.0,,1606.0,,1606.0,,1606.0,,1606.0,,1606.0,,1643.0,
IIIT,Indian Institute of Information Technology Lucknow,"Computer Science and Artificial Intelligence (4 Years, Bachelor of Technology)",AI,Female-only (including Supernumerary),14171.0,,14837.0,,14837.0,,14837.0,,14837.0,,14837.0,,2537.0,,2721.0,,2721.0,,2721.0,,2721.0,,2849.0,,7473.0,,7597.0,,7597.0,,7597.0,,7597.0,,7597.0,,3789.0,,4122.0,,4122.0,,4122.0,,4122.0,,4462.0,,1699.0,,2457.0,,2457.0,,2457.0,,2457.0,,2457.0,
IIIT,Indian Institute of Information Technology Lucknow,"Computer Science and Artificial Intelligence (4 Years, Bachelor of Technology)",AI,Gender-Neutral,8844.0,222.0,8990.0,222.0,9008.0,222.0,9008.0,222.0,9070.0,222.0,9562.0,222.0,1259.0,,1328.0,,1328.0,,1328.0,,1328.0,,1328.0,,3310.0,341.0,3399.0,451.0,3399.0,451.0,3399.0,451.0,3399.0,451.0,3399.0,451.0,2363.0,,2419.0,,2419.0,,2419.0,,2419.0,,2419.0,,1205.0,,1205.0,,1205.0,,1205.0,,1205.0,,1205.0,
IIIT,Indian Institute of Information Technology Lucknow,"Computer Science and Business (4 Years, Bachelor of Technology)",AI,Female-only (including Supernumerary),18174.0,,19657.0,,19898.0,,19898.0,,19997.0,,20707.0,,2721.0,,2789.0,,2789.0,,2789.0,,2789.0,,2988.0,,7506.0,847.0,8318.0,847.0,8318.0,847.0,8318.0,847.0,8318.0,847.0,8318.0,847.0,5190.0,,5252.0,,5252.0,,5252.0,,5252.0,,6295.0,,2457.0,,2644.0,,2644.0,,2644.0,,2644.0,,2644.0,
IIIT,Indian Institute of Information Technology Lucknow,"Computer Science and Business (4 Years, Bachelor of Technology)",AI,Gender-Neutral,10105.0,359.0,10223.0,359.0,10476.0,359.0,10476.0,359.0,10476.0,359.0,11292.0,359.0,1498.0,,1503.0,,1503.0,,1503.0,,1503.0,,1589.0,,4048.0,459.0,4297.0,459.0,4309.0,459.0,4309.0,459.0,4309.0,459.0,4309.0,459.0,3117.0,,3146.0,,3146.0,,3146.0,,3146.0,,3453.0,,1665.0,,1870.0,,1870.0,,1870.0,,1870.0,,1870.0,
IIIT,Indian Institute of Information Technology Lucknow,"Information Technology (4 Years, Bachelor of Technology)",AI,Female-only (including Supernumerary),16957.0,361.0,16957.0,361.0,16957.0,361.0,16957.0,361.0,17138.0,361.0,17138.0,361.0,2789.0,,2988.0,,2988.0,,2988.0,,2988.0,,3058.0,,8318.0,,9497.0,,9497.0,,9497.0,,9497.0,,9497.0,,5252.0,,5282.0,,5282.0,,5282.0,,5282.0,,5282.0,,2644.0,,2961.0,,2961.0,,2961.0,,2961.0,,2961.0,
IIIT,Indian Institute of Information Technology Lucknow,"Information Technology (4 Years, Bachelor of Technology)",AI,Gender-Neutral,10165.0,346.0,10371.0,364.0,10371.0,364.0,10371.0,364.0,10371.0,364.0,11416.0,364.0,1450.0,,1524.0,,1524.0,,1524.0,,1524.0,,1711.0,,4168.0,236.0,4469.0,236.0,4469.0,236.0,4469.0,236.0,4469.0,236.0,4469.0,236.0,3253.0,,3792.0,,3792.0,,3792.0,,3792.0,,3811.0,,1947.0,,1959.0,,2017.0,,2017.0,,2017.0,,2084.0,
IIIT,Indian Institute of Information Technology Surat,"Computer Science and Engineering (4 Years, Bachelor of Technology)",AI,Female-only (including Supernumerary),30759.0,,34640.0,,34655.0,,34655.0,,34655.0,,35063.0,,4570.0,,5020.0,,5020.0,,5020.0,,5020.0,,5020.0,,15250.0,,16472.0,,16472.0,,16739.0,,17593.0,,17804.0,,7937.0,,9200.0,,9200.0,,9200.0,,9200.0,,9200.0,,2722.0,,2722.0,,2722.0,,2722.0,,2722.0,,3474.0,
IIIT,Indian Institute of Information Technology Surat,"Computer Science and Engineering (4 Years, Bachelor of Technology)",AI,Gender-Neutral,24049.0,887.0,26261.0,887.0,26307.0,887.0,26307.0,887.0,26510.0,887.0,28707.0,994.0,3902.0,,4323.0,,4323.0,,4336.0,,4453.0,,4596.0,,9880.0,633.0,10890.0,633.0,11003.0,633.0,11003.0,633.0,11261.0,633.0,12176.0,633.0,6326.0,,7294.0,,7479.0,,7479.0,,7479.0,,7604.0,,3153.0,,3582.0,,3582.0,,3582.0,,3582.0,,3767.0,
IIIT,Indian Institute of Information Technology Surat,"Computer Science and Engineering (Artificial Intelligence and Machine Learning) (4 Years, Bachelor of Technology)",AI,Female-only (including Supernumerary),27775.0,,31499.0,,31499.0,,31499.0,,31499.0,,32723.0,,5163.0,,5796.0,,5796.0,,5796.0,,5796.0,,6201.0,,11350.0,,12671.0,,12671.0,,12671.0,,12671.0,,12671.0,,8129.0,,9579.0,,9579.0,,9579.0,,9579.0,,9588.0,,,,,,,,,,,,,
IIIT,Indian Institute of Information Technology Surat,"Computer Science and Engineering (Artificial Intelligence and Machine Learning) (4 Years, Bachelor of Technology)",AI,Gender-Neutral,23449.0,778.0,24479.0,994.0,24479.0,994.0,24479.0,994.0,24479.0,994.0,26485.0,1038.0,3769.0,,3872.0,,3890.0,,3890.0,,3890.0,,3902.0,,10304.0,,11458.0,,11458.0,,11458.0,,11500.0,,12232.0,,6766.0,,7026.0,,7026.0,,7026.0,,7026.0,,7026.0,,2437.0,,2837.0,,2837.0,,2837.0,,2837.0,,2837.0,
IIIT,Indian Institute of Information Technology Surat,"Computer Science and Engineering (Cyber Security) (4 Years, Bachelor of Technology)",AI,Female-only (including Supernumerary),29068.0,,34330.0,,34330.0,,34330.0,,34330.0,,37651.0,,5585.0,,5658.0,,5658.0,,5658.0,,5658.0,,5658.0,,14986.0,,16739.0,,16739.0,,17302.0,,17302.0,,18712.0,,5175.0,,5175.0,,5175.0,,5175.0,,5175.0,,5175.0,,,,,,,,,,,,,
IIIT,Indian Institute of Information Technology Surat,"Computer Science and Engineering (Cyber Security) (4 Years, Bachelor of Technology)",AI,Gender-Neutral,21474.0,217.0,26270.0,876.0,27007.0,876.0,27009.0,876.0,27086.0,876.0,29537.0,876.0,3890.0,,4424.0,,4461.0,,4461.0,,4481.0,,4764.0,,10010.0,,11468.0,,11890.0,,11890.0,,11931.0,,12476.0,,5337.0,,6427.0,,6427.0,,6427.0,,6427.0,,6427.0,,1395.0,,2256.0,,2256.0,,2256.0,,2256.0,,2256.0,
IIIT,Indian Institute of Information Technology Surat,"Electronics and Communication Engineering (4 Years, Bachelor of Technology)",AI,Female-only (including Supernumerary),38217.0,,40585.0,,40585.0,,40839.0,,40990.0,,43793.0,,6093.0,,6261.0,,6293.0,,6293.0,,6293.0,,7119.0,,17165.0,,19272.0,,19272.0,,19272.0,,19518.0,,19518.0,,8324.0,,10234.0,,10407.0,,10407.0,,10407.0,,10623.0,,3794.0,,4124.0,,4124.0,,4124.0,,4124.0,,4124.0,
IIIT,Indian Institute of Information Technology Surat,"Electronics and Communication Engineering (4 Years, Bachelor of Technology)",AI,Gender-Neutral,31598.0,1389.0,33554.0,2085.0,33703.0,2342.0,33703.0,2342.0,34464.0,2342.0,36049.0,2342.0,4820.0,,5175.0,,5175.0,,5175.0,,5182.0,,6020.0,,13356.0,656.0,13896.0,1075.0,14027.0,1075.0,14281.0,1075.0,14330.0,1075.0,15417.0,1075.0,8212.0,,8903.0,,9179.0,,9453.0,,9537.0,,9537.0,,3390.0,,3971.0,,4021.0,,4021.0,,4021.0,,4021.0,
IIIT,Indian Institute of Information Technology Tiruchirappalli,"Computer Science and Engineering ( Artificial Intelligence & Data Science) (4 Years, Bachelor of Technology)",AI,Gender-Neutral,18196.0,375.0,23249.0,743.0,23249.0,743.0,23249.0,743.0,23249.0,743.0,27113.0,743.0,3993.0,,4650.0,,4682.0,,4682.0,,4682.0,,4914.0,,9265.0,299.0,10194.0,357.0,10710.0,357.0,10877.0,357.0,10900.0,357.0,11235.0,357.0,2622.0,,3704.0,,4363.0,,4363.0,,4394.0,,4988.0,,2159.0,,2296.0,,2296.0,,2296.0,,2296.0,,2503.0,
IIIT,Indian Institute of Information Technology Tiruchirappalli,"Computer Science and Engineering (4 Years, Bachelor of Technology)",AI,Female-only (including Supernumerary),33768.0,,37997.0,,38054.0,,38054.0,,38054.0,,39134.0,,5796.0,,6131.0,,6131.0,,6131.0,,6131.0,,6214.0,,13155.0,732.0,14947.0,797.0,15086.0,797.0,15086.0,797.0,15125.0,797.0,15189.0,797.0,7002.0,,7412.0,,7412.0,,7412.0,,7412.0,,7412.0,,3480.0,,3480.0,,3480.0,,3480.0,,3480.0,,3480.0,
IIIT,Indian Institute of Information Technology Tiruchirappalli,"Computer Science and Engineering (4 Years, Bachelor of Technology)",AI,Gender-Neutral,24734.0,543.0,27113.0,973.0,27184.0,973.0,27184.0,973.0,27184.0,973.0,28335.0,973.0,4011.0,,4508.0,,4508.0,,4508.0,,4508.0,,4839.0,,9527.0,389.0,10841.0,657.0,10841.0,657.0,10841.0,657.0,10841.0,657.0,11774.0,657.0,3354.0,,3475.0,,3704.0,,4118.0,,4363.0,,4616.0,,2299.0,,3125.0,,3125.0,,3125.0,,3125.0,,3125.0,
IIIT,Indian Institute of Information Technology Tiruchirappalli,"Electronics and Communication Engineering (4 Years, Bachelor of Technology)",AI,Female-only (including Supernumerary),41400.0,1521.0,42990.0,1955.0,44426.0,1955.0,44426.0,1955.0,44426.0,1955.0,46607.0,1955.0,6559.0,,7229.0,,7229.0,,7229.0,,7229.0,,8104.0,,15086.0,,16692.0,,17000.0,,17000.0,,17841.0,,18577.0,,7332.0,,7966.0,,7966.0,,7966.0,,7966.0,,8383.0,,4382.0,,4923.0,,4923.0,,4923.0,,4923.0,,4923.0,
IIIT,Indian Institute of Information Technology Tiruchirappalli,"Electronics and Communication Engineering (4 Years, Bachelor of Technology)",AI,Gender-Neutral,31337.0,1193.0,35243.0,1392.0,35311.0,1392.0,35311.0,1392.0,35311.0,1392.0,38827.0,1392.0,5169.0,168.0,5756.0,250.0,5816.0,250.0,5816.0,250.0,5816.0,250.0,6212.0,250.0,12132.0,,13873.0,,14086.0,,14190.0,,14190.0,,14629.0,,6701.0,282.0,7468.0,,7468.0,,7468.0,,7468.0,,7632.0,,3046.0,,3376.0,,3376.0,,3376.0,,3376.0,,3376.0,
IIIT,Indian Institute of Information Technology Tiruchirappalli,"Electronics and Communication Engineering (VLSI Design) (4 Years, Bachelor of Technology)",AI,Gender-Neutral,28063.0,,28627.0,,28627.0,,28627.0,,28627.0,,32763.0,,5106.0,,5965.0,,5965.0,,5965.0,,5965.0,,6055.0,,10573.0,406.0,12806.0,406.0,12806.0,406.0,12806.0,406.0,12806.0,406.0,14506.0,406.0,5604.0,,7143.0,,7143.0,,7143.0,,7143.0,,7246.0,,2204.0,,2316.0,,3528.0,,3528.0,,3528.0,,3528.0,
IIIT,Indian Institute of Information Technology(IIIT) Dharwad,"Computer Science and Engineering (4 Years, Bachelor of Technology)",AI,Female-only (including Supernumerary),38042.0,,40364.0,,40512.0,,40585.0,,41653.0,,46133.0,,6586.0,,6801.0,,6801.0,,6801.0,,6950.0,,7151.0,,16670.0,,18462.0,,18521.0,,18606.0,,18606.0,,20078.0,,7971.0,,9587.0,,9632.0,,9632.0,,9632.0,,9751.0,,2381.0,,2779.0,,2779.0,,2794.0,,2794.0,,2794.0,
IIIT,Indian Institute of Information Technology(IIIT) Dharwad,"Computer Science and Engineering (4 Years, Bachelor of Technology)",AI,Gender-Neutral,34726.0,868.0,37801.0,949.0,38106.0,949.0,38187.0,949.0,38343.0,949.0,41121.0,1314.0,5468.0,126.0,5847.0,272.0,5921.0,272.0,5990.0,272.0,5990.0,272.0,6562.0,272.0,13682.0,703.0,15069.0,897.0,15261.0,1094.0,15277.0,1094.0,15417.0,1094.0,16414.0,1094.0,8118.0,171.0,9076.0,307.0,9358.0,,9358.0,,9358.0,,9683.0,,3316.0,,4216.0,,4312.0,,4372.0,,4372.0,,4591.0,
IIIT,Indian Institute of Information Technology(IIIT) Dharwad,"Data Science and Artificial Intelligence (4 Years, Bachelor of Technology)",AI,Female-only (including Supernumerary),39861.0,,43661.0,,45782.0,,45805.0,,45951.0,,48888.0,,6171.0,,7094.0,,7094.0,,7094.0,,7151.0,,7575.0,,17691.0,,18892.0,,19446.0,,19466.0,,19466.0,,20568.0,,5998.0,,9879.0,,9899.0,,9899.0,,9899.0,,10504.0,,2385.0,,4275.0,,4275.0,,4275.0,,4275.0,,4275.0,
IIIT,Indian Institute of Information Technology(IIIT) Dharwad,"Data Science and Artificial Intelligence (4 Years, Bachelor of Technology)",AI,Gender-Neutral,36354.0,1505.0,39025.0,1647.0,39398.0,1647.0,39513.0,1647.0,40037.0,1647.0,43328.0,2128.0,5742.0,,5990.0,,6072.0,,6107.0,,6116.0,,6676.0,,14477.0,857.0,15866.0,1115.0,16109.0,1213.0,16117.0,1343.0,16191.0,1555.0,16967.0,1555.0,8770.0,188.0,9537.0,,9750.0,,9761.0,,9898.0,,10134.0,,3789.0,,4434.0,,4692.0,,4692.0,,4692.0,,4762.0,
IIIT,Indian Institute of Information Technology(IIIT) Dharwad,"Electronics and Communication Engineering (4 Years, Bachelor of Technology)",AI,Female-only (including Supernumerary),41807.0,,44918.0,,45622.0,,45951.0,,47062.0,,50505.0,,7094.0,,7494.0,,7494.0,,7494.0,,7494.0,,8253.0,,18064.0,,19755.0,,19865.0,,20028.0,,20028.0,,20916.0,,9003.0,,10412.0,,10504.0,,10504.0,,10504.0,,10603.0,,3682.0,,4901.0,,5013.0,,5038.0,,5038.0,,5038.0,
IIIT,Indian Institute of Information Technology(IIIT) Dharwad,"Electronics and Communication Engineering (4 Years, Bachelor of Technology)",AI,Gender-Neutral,37861.0,1647.0,40641.0,1506.0,42074.0,1506.0,42179.0,1506.0,42916.0,1506.0,45440.0,2369.0,6116.0,235.0,6349.0,294.0,6385.0,294.0,6467.0,294.0,6491.0,294.0,6881.0,356.0,15131.0,995.0,16250.0,1092.0,16587.0,1092.0,16602.0,1092.0,16688.0,1092.0,17311.0,1092.0,8908.0,,9686.0,,9992.0,,10103.0,,10128.0,,10374.0,,4050.0,,4563.0,,4744.0,,4767.0,,4767.0,,4767.0,
IIIT,"Indian Institute of Information Technology(IIIT) Kalyani, West Bengal","Computer Science and Engineering ( Artificial Intelligence & Data Science) (4 Years, Bachelor of Technology)",AI,Female-only (including Supernumerary),34972.0,,40506.0,,43947.0,,44052.0,,44918.0,,44918.0,,,,,,,,,,,,,,18179.0,,18618.0,,18618.0,,18618.0,,18618.0,,18618.0,,,,,,,,,,,,,,,,,,,,,,,,,
IIIT,"Indian Institute of Information Technology(IIIT) Kalyani, West Bengal","Computer Science and Engineering ( Artificial Intelligence & Data Science) (4 Years, Bachelor of Technology)",AI,Gender-Neutral,31407.0,,34453.0,,34453.0,,34453.0,,34909.0,,37118.0,,5567.0,,5771.0,,5771.0,,5771.0,,5871.0,,6650.0,,14046.0,,15229.0,,15257.0,,15257.0,,15257.0,,16265.0,,4755.0,,5905.0,,5905.0,,5905.0,,5905.0,,7253.0,,3145.0,,3333.0,,3333.0,,3333.0,,3333.0,,3333.0,
IIIT,"Indian Institute of Information Technology(IIIT) Kalyani, West Bengal","Computer Science and Engineering (4 Years, Bachelor of Technology)",AI,Female-only (including Supernumerary),37359.0,,39748.0,,43574.0,,43947.0,,43947.0,,44114.0,,6876.0,,6876.0,,6876.0,,6876.0,,6876.0,,6876.0,,17885.0,,19082.0,,19082.0,,19082.0,,19120.0,,20022.0,,7587.0,,8160.0,,8160.0,,8160.0,,8160.0,,8160.0,,4386.0,,4386.0,,4386.0,,4386.0,,4631.0,,4631.0,
IIIT,"Indian Institute of Information Technology(IIIT) Kalyani, West Bengal","Computer Science and Engineering (4 Years, Bachelor of Technology)",AI,Gender-Neutral,37079.0,1200.0,39594.0,1223.0,41199.0,1223.0,41240.0,1223.0,41418.0,1223.0,44154.0,1223.0,5871.0,,6158.0,,6361.0,,6400.0,,6457.0,,6849.0,,14582.0,902.0,15760.0,1306.0,16225.0,1329.0,16296.0,1329.0,16323.0,1329.0,17088.0,1537.0,7014.0,310.0,8765.0,356.0,8888.0,356.0,8965.0,356.0,9123.0,356.0,9380.0,,4090.0,,4665.0,,4725.0,,4725.0,,4834.0,,4914.0,
IIIT,"Indian Institute of Information Technology(IIIT) Kalyani, West Bengal","Computer Science and Engineering (Cyber Security) (4 Years, Bachelor of Technology)",AI,Female-only (including Supernumerary),38822.0,,42692.0,,42692.0,,42692.0,,44052.0,,49478.0,,,,,,,,,,,,,,18373.0,,19120.0,,19120.0,,19120.0,,20022.0,,20456.0,,,,,,,,,,,,,,,,,,,,,,,,,
IIIT,"Indian Institute of Information Technology(IIIT) Kalyani, West Bengal","Computer Science and Engineering (Cyber Security) (4 Years, Bachelor of Technology)",AI,Gender-Neutral,37267.0,,40414.0,,41240.0,,41284.0,,41482.0,,44403.0,,5674.0,,6363.0,,6442.0,,6457.0,,6593.0,,6869.0,,14705.0,,16000.0,,16234.0,,16234.0,,16234.0,,16741.0,,7383.0,,8424.0,,8424.0,,8424.0,,8424.0,,8965.0,,4025.0,,4629.0,,4741.0,,4741.0,,4939.0,,5254.0,
IIIT,"Indian Institute of Information Technology(IIIT) Kalyani, West Bengal","Electronics and Communication Engineering (4 Years, Bachelor of Technology)",AI,Female-only (including Supernumerary),40506.0,,43947.0,,44052.0,,46292.0,,46985.0,,46985.0,,7119.0,,7575.0,,7575.0,,7575.0,,7575.0,,8013.0,,18618.0,,19386.0,,19386.0,,19386.0,,19386.0,,19386.0,,5358.0,,9210.0,,9210.0,,9210.0,,9210.0,,10601.0,,,,,,,,,,,,,
IIIT,"Indian Institute of Information Technology(IIIT) Kalyani, West Bengal","Electronics and Communication Engineering (4 Years, Bachelor of Technology)",AI,Gender-Neutral,39257.0,347.0,41928.0,2348.0,43503.0,2348.0,43714.0,2348.0,43984.0,2348.0,47163.0,2348.0,6331.0,,6670.0,,6674.0,,6702.0,,6751.0,,7163.0,,15433.0,1262.0,16742.0,1555.0,16935.0,1709.0,16949.0,1709.0,17073.0,1709.0,17862.0,1709.0,8160.0,,9585.0,,9927.0,,10032.0,,10034.0,,10453.0,,4304.0,,4852.0,,4990.0,,5124.0,,5170.0,,5210.0,
IIIT,"Indian Institute of Information Technology(IIIT) Kilohrad, Sonepat, Haryana","CSE ( Data Science & Analytics) (4 Years, Bachelor of Technology)",AI,Gender-Neutral,29823.0,1218.0,32119.0,1330.0,32469.0,1330.0,32506.0,1330.0,32506.0,1330.0,35928.0,1330.0,4595.0,,5043.0,,5043.0,,5043.0,,5043.0,,5460.0,,12531.0,,13864.0,,14078.0,,14078.0,,14238.0,,14976.0,,7570.0,,8731.0,,8984.0,,8984.0,,8994.0,,9116.0,,3751.0,,4156.0,,4156.0,,4156.0,,4156.0,,4708.0,
IIIT,"Indian Institute of Information Technology(IIIT) Kilohrad, Sonepat, Haryana","Computer Science and Engineering (4 Years, Bachelor of Technology)",AI,Gender-Neutral,27194.0,1225.0,29802.0,1739.0,30066.0,1739.0,30167.0,1739.0,30331.0,1739.0,32506.0,1909.0,4300.0,173.0,4725.0,373.0,4736.0,373.0,4736.0,373.0,4744.0,373.0,5097.0,373.0,11745.0,721.0,12531.0,1326.0,12632.0,1557.0,12632.0,1557.0,12804.0,1557.0,13377.0,1557.0,7315.0,,8362.0,,8638.0,,8638.0,,8638.0,,8863.0,,3628.0,,4284.0,,4284.0,,4299.0,,4299.0,,4323.0,
IIIT,"Indian Institute of Information Technology(IIIT) Kilohrad, Sonepat, Haryana","Information Technology (4 Years, Bachelor of Technology)",AI,Gender-Neutral,30680.0,1327.0,33418.0,1386.0,33642.0,1386.0,33849.0,1386.0,33893.0,1386.0,37385.0,1386.0,4872.0,,5169.0,,5264.0,,5264.0,,5264.0,,5623.0,,12699.0,558.0,14225.0,1557.0,14370.0,1626.0,14370.0,1626.0,14532.0,1626.0,15060.0,1626.0,7588.0,,8798.0,,9034.0,,9034.0,,9116.0,,9342.0,,3797.0,,4636.0,,4708.0,,4708.0,,4708.0,,4954.0,
IIIT,Indian Institute of Information Technology(IIIT) Kottayam,"Computer Science and Engineering (4 Years, Bachelor of Technology)",AI,Female-only (including Supernumerary),38645.0,1785.0,42561.0,2251.0,43110.0,2251.0,43574.0,2251.0,43661.0,2251.0,48030.0,2251.0,6737.0,,7391.0,,7400.0,,7400.0,,7400.0,,7494.0,,15357.0,819.0,16856.0,1245.0,16977.0,1356.0,16977.0,1356.0,17365.0,1356.0,17718.0,1356.0,8617.0,,9005.0,,9065.0,,9065.0,,9065.0,,9218.0,,4387.0,,4794.0,,4794.0,,4794.0,,4794.0,,4932.0,
IIIT,Indian Institute of Information Technology(IIIT) Kottayam,"Computer Science and Engineering (4 Years, Bachelor of Technology)",AI,Gender-Neutral,33766.0,1656.0,36121.0,2287.0,36206.0,2287.0,36356.0,2327.0,36401.0,2327.0,40217.0,2375.0,5419.0,250.0,5674.0,289.0,5746.0,368.0,5753.0,368.0,5753.0,368.0,6263.0,368.0,12621.0,994.0,13779.0,1101.0,13833.0,1101.0,13862.0,1199.0,14051.0,1199.0,14789.0,1262.0,8468.0,326.0,9218.0,,9482.0,,9546.0,,9554.0,,9761.0,,4009.0,43.0,4544.0,,4582.0,,4588.0,,4665.0,,4871.0,
IIIT,Indian Institute of Information Technology(IIIT) Kottayam,"Computer Science and Engineering with specialization in Artificial Intelligence and Data Science (4 Years, Bachelor of Technology)",AI,Female-only (including Supernumerary),35199.0,,38893.0,,38893.0,,38893.0,,38893.0,,40254.0,,5390.0,,5432.0,,5432.0,,5432.0,,5432.0,,7268.0,,11989.0,,12590.0,,12590.0,,12590.0,,12723.0,,15489.0,,7233.0,,8737.0,,8737.0,,8737.0,,8737.0,,8737.0,,4255.0,,4709.0,,4709.0,,4709.0,,4709.0,,4709.0,
IIIT,Indian Institute of Information Technology(IIIT) Kottayam,"Computer Science and Engineering with specialization in Artificial Intelligence and Data Science (4 Years, Bachelor of Technology)",AI,Gender-Neutral,29054.0,872.0,30137.0,872.0,30212.0,872.0,30212.0,872.0,30279.0,872.0,32780.0,872.0,4877.0,,5266.0,,5266.0,,5266.0,,5275.0,,5354.0,,11253.0,556.0,12107.0,556.0,12214.0,556.0,12214.0,556.0,12214.0,556.0,12718.0,994.0,7034.0,,7563.0,,7563.0,,7563.0,,7563.0,,7581.0,,3471.0,,3922.0,,3922.0,,3922.0,,3922.0,,3922.0,
IIIT,Indian Institute of Information Technology(IIIT) Kottayam,"Computer Science and Engineering with specialization in Cyber Security (4 Years, Bachelor of Technology)",AI,Female-only (including Supernumerary),39535.0,,42807.0,,44316.0,,44316.0,,44797.0,,46805.0,,6844.0,,7208.0,,7475.0,,7475.0,,7475.0,,7642.0,,14308.0,,16425.0,,16425.0,,16425.0,,16856.0,,17884.0,,8943.0,,9588.0,,9588.0,,9588.0,,9588.0,,9915.0,,2065.0,,2065.0,,2065.0,,2065.0,,2065.0,,2065.0,
IIIT,Indian Institute of Information Technology(IIIT) Kottayam,"Computer Science and Engineering with specialization in Cyber Security (4 Years, Bachelor of Technology)",AI,Gender-Neutral,34406.0,609.0,36770.0,609.0,37424.0,609.0,37533.0,609.0,37612.0,609.0,40718.0,609.0,5357.0,,5630.0,,5674.0,,5674.0,,5795.0,,6278.0,,12646.0,692.0,13975.0,983.0,14234.0,983.0,14304.0,983.0,14416.0,983.0,15082.0,983.0,7990.0,,8749.0,,8770.0,,8770.0,,8770.0,,9129.0,,4134.0,,4621.0,,4698.0,,4698.0,,4852.0,,4852.0,
IIIT,Indian Institute of Information Technology(IIIT) Kottayam,"Electronics and Communication Engineering (4 Years, Bachelor of Technology)",AI,Female-only (including Supernumerary),40273.0,,42454.0,,44603.0,,44797.0,,44981.0,,50151.0,,7155.0,,7277.0,,7277.0,,7277.0,,7277.0,,7277.0,,16243.0,,16816.0,,16816.0,,16816.0,,16816.0,,18019.0,,9178.0,,9915.0,,9915.0,,9915.0,,9915.0,,10678.0,,3921.0,,3921.0,,3921.0,,3921.0,,3921.0,,3921.0,
IIIT,Indian Institute of Information Technology(IIIT) Kottayam,"Electronics and Communication Engineering (4 Years, Bachelor of Technology)",AI,Gender-Neutral,35831.0,1842.0,38495.0,2302.0,39034.0,2339.0,39261.0,2339.0,39326.0,2339.0,41402.0,2339.0,5730.0,,5991.0,,5991.0,,5991.0,,6140.0,,6702.0,,12986.0,931.0,14267.0,1199.0,14327.0,1262.0,14583.0,1262.0,14665.0,1262.0,15503.0,1296.0,8137.0,,9453.0,,9686.0,,9931.0,,10045.0,,10270.0,,4145.0,,4538.0,,4765.0,,4852.0,,4881.0,,4881.0,
IIIT,"Indian Institute of Information Technology(IIIT) Una, Himachal Pradesh","Computer Science and Engineering (4 Years, Bachelor of Technology)",AI,Female-only (including Supernumerary),28384.0,,28384.0,,28384.0,,28384.0,,28384.0,,28384.0,,5692.0,,6280.0,,6280.0,,6280.0,,6280.0,,6566.0,,13033.0,,15742.0,,15742.0,,15742.0,,15742.0,,15742.0,,6735.0,,7547.0,,7547.0,,7547.0,,7547.0,,7547.0,,,,,,,,,,,,,
IIIT,"Indian Institute of Information Technology(IIIT) Una, Himachal Pradesh","Computer Science and Engineering (4 Years, Bachelor of Technology)",AI,Gender-Neutral,29642.0,925.0,31677.0,1091.0,31801.0,1091.0,31801.0,1091.0,31918.0,1091.0,33468.0,1091.0,4725.0,184.0,4995.0,184.0,5073.0,184.0,5073.0,184.0,5167.0,184.0,5468.0,184.0,11776.0,934.0,13327.0,1329.0,13386.0,1585.0,13386.0,1585.0,13428.0,1585.0,13987.0,1585.0,7232.0,,8008.0,,8110.0,,8110.0,,8139.0,,8161.0,,3805.0,,4457.0,,4506.0,,4530.0,,4530.0,,4649.0,
IIIT,"Indian Institute of Information Technology(IIIT) Una, Himachal Pradesh","Computer Science and Engineering (Cyber Security) (4 Years, Bachelor of Technology)",AI,Gender-Neutral,31192.0,1413.0,33072.0,1413.0,33139.0,1413.0,33418.0,1413.0,33556.0,1413.0,35166.0,1413.0,4865.0,,5167.0,,5167.0,,5167.0,,5379.0,,5713.0,,12868.0,,14050.0,,14063.0,,14076.0,,14080.0,,14817.0,,7321.0,,8172.0,,8344.0,,8348.0,,8482.0,,8556.0,,3555.0,,4649.0,,4793.0,,4813.0,,4813.0,,5000.0,
IIIT,"Indian Institute of Information Technology(IIIT) Una, Himachal Pradesh","Computer Science and Engineering (Data Science) (4 Years, Bachelor of Technology)",AI,Gender-Neutral,30961.0,,32395.0,,32648.0,,32708.0,,32933.0,,34479.0,,4764.0,,5037.0,,5098.0,,5098.0,,5299.0,,5299.0,,12405.0,,13774.0,,13778.0,,13778.0,,13927.0,,14255.0,,7359.0,,8110.0,,8172.0,,8172.0,,8229.0,,8229.0,,3943.0,,4557.0,,4649.0,,4715.0,,4715.0,,4793.0,
IIIT,"Indian Institute of Information Technology(IIIT) Una, Himachal Pradesh","Electronics and Communication Engineering (4 Years, Bachelor of Technology)",AI,Female-only (including Supernumerary),33670.0,,33670.0,,33670.0,,34574.0,,34574.0,,41527.0,,,,,,,,,,,,,,17723.0,,18500.0,,18500.0,,18500.0,,18500.0,,18500.0,,8229.0,,8229.0,,9178.0,,9178.0,,9273.0,,9273.0,,,,,,,,,,,,,
IIIT,"Indian Institute of Information Technology(IIIT) Una, Himachal Pradesh","Electronics and Communication Engineering (4 Years, Bachelor of Technology)",AI,Gender-Neutral,35148.0,1670.0,38003.0,2884.0,38131.0,3166.0,38277.0,3858.0,38536.0,3858.0,42197.0,3858.0,5633.0,371.0,5936.0,,6074.0,,6074.0,,6074.0,,6589.0,,14238.0,1202.0,15550.0,1585.0,15751.0,,15751.0,,15804.0,,16307.0,,8583.0,,9139.0,,9361.0,,9361.0,,9728.0,,10118.0,,4368.0,,4881.0,,4949.0,,5139.0,,5149.0,,5223.0,
IIIT,"Indian Institute of Information Technology(IIIT), Vadodara, Gujrat","Artificial Intelligence (4 Years, Bachelor of Technology)",AI,Female-only (including Supernumerary),32709.0,,35317.0,,37129.0,,37129.0,,37129.0,,38970.0,,5356.0,,5692.0,,5692.0,,5692.0,,5692.0,,6022.0,,15285.0,,17804.0,,17804.0,,17804.0,,17804.0,,18671.0,,8187.0,,9516.0,,9516.0,,9516.0,,9516.0,,9688.0,,3622.0,,4149.0,,4149.0,,4149.0,,4149.0,,5198.0,
IIIT,"Indian Institute of Information Technology(IIIT), Vadodara, Gujrat","Artificial Intelligence (4 Years, Bachelor of Technology)",AI,Gender-Neutral,23173.0,704.0,25995.0,704.0,25995.0,704.0,25995.0,704.0,26526.0,704.0,29856.0,704.0,3839.0,,4278.0,,4278.0,,4278.0,,4278.0,,4591.0,,10344.0,1120.0,11420.0,1143.0,11493.0,1143.0,11594.0,1143.0,11594.0,1143.0,12123.0,1143.0,7222.0,,7721.0,,8162.0,,8162.0,,8217.0,,8273.0,,3384.0,,3811.0,,3811.0,,3811.0,,3811.0,,3811.0,
IIIT,"Indian Institute of Information Technology(IIIT), Vadodara, Gujrat","Computer Science and Engineering (4 Years, Bachelor of Technology)",AI,Female-only (including Supernumerary),28232.0,900.0,30688.0,1671.0,31577.0,1671.0,31587.0,1671.0,32279.0,1671.0,33057.0,1757.0,5020.0,,5356.0,,5356.0,,5356.0,,5407.0,,5731.0,,15123.0,874.0,15656.0,1425.0,15656.0,1458.0,15656.0,1458.0,16472.0,1458.0,17165.0,,7750.0,,9423.0,,9423.0,,9423.0,,9423.0,,9579.0,,3352.0,,4728.0,,4728.0,,4728.0,,4728.0,,4728.0,
IIIT,"Indian Institute of Information Technology(IIIT), Vadodara, Gujrat","Computer Science and Engineering (4 Years, Bachelor of Technology)",AI,Gender-Neutral,21060.0,994.0,22281.0,1735.0,22281.0,1757.0,22336.0,1757.0,22987.0,1757.0,24840.0,1829.0,3631.0,179.0,3693.0,398.0,3693.0,402.0,3733.0,402.0,3733.0,402.0,4092.0,402.0,9585.0,863.0,10260.0,1470.0,10305.0,1740.0,10305.0,1740.0,10305.0,1740.0,10912.0,1740.0,6562.0,,7511.0,,7892.0,,7898.0,,7929.0,,8008.0,,3126.0,,3624.0,,3715.0,,3715.0,,3715.0,,3715.0,
IIIT,"Indian Institute of Information Technology(IIIT), Vadodara, Gujrat","Electronics and Communication Engineering (4 Years, Bachelor of Technology)",AI,Female-only (including Supernumerary),38819.0,,41584.0,,41584.0,,41584.0,,41618.0,,44892.0,,5920.0,,6122.0,,6261.0,,6261.0,,6261.0,,6797.0,,17815.0,,19440.0,,19518.0,,19571.0,,19902.0,,20240.0,,9393.0,,10008.0,,10424.0,,10424.0,,10424.0,,10661.0,,4806.0,,5129.0,,5129.0,,5301.0,,5329.0,,5374.0,
IIIT,"Indian Institute of Information Technology(IIIT), Vadodara, Gujrat","Electronics and Communication Engineering (4 Years, Bachelor of Technology)",AI,Gender-Neutral,31029.0,2042.0,33401.0,2733.0,33401.0,2985.0,33401.0,2985.0,33926.0,2985.0,37951.0,2985.0,4557.0,283.0,5340.0,385.0,5459.0,,5459.0,,5505.0,,5701.0,,13598.0,1040.0,14925.0,1499.0,15184.0,1499.0,15184.0,1499.0,15554.0,1499.0,15961.0,,8429.0,,9414.0,,9475.0,,9631.0,,9631.0,,10038.0,,3994.0,,4426.0,,4538.0,,4538.0,,4538.0,,4698.0,
IIIT,"Indian Institute of Information Technology(IIIT), Vadodara, Gujrat","Information Technology (4 Years, Bachelor of Technology)",AI,Female-only (including Supernumerary),32279.0,,32721.0,,32721.0,,35063.0,,36435.0,,37482.0,,5294.0,,5824.0,,5824.0,,5824.0,,5824.0,,5824.0,,15359.0,,17165.0,,17165.0,,17165.0,,17165.0,,17864.0,,8447.0,,9688.0,,9688.0,,9688.0,,9688.0,,9994.0,,3705.0,,3705.0,,3705.0,,3705.0,,5161.0,,5301.0,
IIIT,"Indian Institute of Information Technology(IIIT), Vadodara, Gujrat","Information Technology (4 Years, Bachelor of Technology)",AI,Gender-Neutral,24053.0,1386.0,26307.0,1853.0,26472.0,1853.0,26472.0,1853.0,26518.0,1853.0,28979.0,1853.0,3693.0,,4222.0,,4222.0,,4222.0,,4222.0,,4423.0,,10216.0,1143.0,11356.0,1590.0,11476.0,1688.0,11476.0,1688.0,11617.0,1688.0,12436.0,1688.0,7490.0,,8154.0,,8306.0,,8344.0,,8406.0,,8802.0,,3579.0,,3785.0,,3797.0,,3797.0,,3797.0,,4204.0,
IIIT,"Indian Institute of Information Technology, Agartala","Computer Science and Engineering (4 Years, Bachelor of Technology)",AI,Female-only (including Supernumerary),43093.0,1339.0,46920.0,2368.0,49536.0,2368.0,49536.0,2368.0,52370.0,2368.0,54227.0,2368.0,7802.0,,8407.0,,8407.0,,8407.0,,8407.0,,8407.0,,18645.0,,21553.0,,21636.0,,21636.0,,22033.0,,23070.0,,7955.0,,8347.0,,8347.0,,8347.0,,8347.0,,10278.0,,4766.0,,5303.0,,5375.0,,5375.0,,5375.0,,5517.0,
IIIT,"Indian Institute of Information Technology, Agartala","Computer Science and Engineering (4 Years, Bachelor of Technology)",AI,Gender-Neutral,37181.0,1997.0,40725.0,2560.0,41702.0,2560.0,41704.0,2560.0,41708.0,2560.0,44304.0,2560.0,5876.0,336.0,6276.0,336.0,6453.0,336.0,6453.0,336.0,6453.0,336.0,6785.0,336.0,14416.0,1075.0,14883.0,1274.0,15278.0,1306.0,15514.0,1306.0,15600.0,1306.0,16919.0,1306.0,8347.0,,9523.0,,9625.0,,9625.0,,9693.0,,10045.0,,3920.0,,4240.0,,4240.0,,4240.0,,4240.0,,4240.0,
IIIT,"Indian Institute of Information Technology, Allahabad","Electronics and Communication Engineering (4 Years, Bachelor of Technology)",AI,Female-only (including Supernumerary),14511.0,576.0,14651.0,576.0,14651.0,576.0,14651.0,576.0,15098.0,576.0,15247.0,576.0,2194.0,,2412.0,,2412.0,,2412.0,,2412.0,,2625.0,,7806.0,,8125.0,,8125.0,,8125.0,,8273.0,,8273.0,,3637.0,,3637.0,,3637.0,,3637.0,,3637.0,,3637.0,,2378.0,,2378.0,,2378.0,,2378.0,,2378.0,,2378.0,
IIIT,"Indian Institute of Information Technology, Allahabad","Electronics and Communication Engineering (4 Years, Bachelor of Technology)",AI,Gender-Neutral,7228.0,486.0,7422.0,524.0,7438.0,524.0,7438.0,524.0,7447.0,524.0,8050.0,524.0,1066.0,80.0,1134.0,80.0,1134.0,80.0,1135.0,80.0,1135.0,80.0,1194.0,80.0,3175.0,246.0,3409.0,288.0,3409.0,288.0,3423.0,288.0,3498.0,288.0,3537.0,288.0,2107.0,91.0,2162.0,91.0,2162.0,91.0,2162.0,91.0,2162.0,91.0,2205.0,91.0,1012.0,,1138.0,,1138.0,,1138.0,,1142.0,,1142.0,
IIIT,"Indian Institute of Information Technology, Allahabad","Information Technology (4 Years, Bachelor of Technology)",AI,Female-only (including Supernumerary),10333.0,339.0,10381.0,339.0,10412.0,339.0,10412.0,339.0,10633.0,339.0,11465.0,339.0,1836.0,,1836.0,,1836.0,,1836.0,,1836.0,,1845.0,,4713.0,234.0,5102.0,234.0,5102.0,234.0,5102.0,234.0,5395.0,234.0,5444.0,234.0,2975.0,,2999.0,,2999.0,,2999.0,,2999.0,,2999.0,,919.0,,1186.0,,1186.0,,1186.0,,1186.0,,1186.0,
IIIT,"Indian Institute of Information Technology, Allahabad","Information Technology (4 Years, Bachelor of Technology)",AI,Gender-Neutral,5177.0,247.0,5320.0,255.0,5394.0,255.0,5399.0,255.0,5474.0,255.0,6094.0,255.0,836.0,56.0,882.0,56.0,882.0,56.0,882.0,56.0,882.0,56.0,941.0,56.0,2409.0,158.0,2492.0,210.0,2496.0,210.0,2504.0,210.0,2518.0,210.0,2531.0,210.0,1608.0,50.0,1694.0,50.0,1694.0,50.0,1694.0,50.0,1694.0,50.0,1738.0,50.0,847.0,110.0,865.0,,865.0,,865.0,,904.0,,904.0,
IIIT,"Indian Institute of Information Technology, Allahabad","Information Technology-Business Informatics (4 Years, Bachelor of Technology)",AI,Female-only (including Supernumerary),10412.0,,10492.0,,10633.0,,10633.0,,10678.0,,11681.0,,1845.0,,1845.0,,1845.0,,1845.0,,1845.0,,1938.0,,5325.0,,5499.0,,5695.0,,5695.0,,5695.0,,5695.0,,2359.0,,2359.0,,2359.0,,2359.0,,2359.0,,2359.0,,1186.0,,1699.0,,1699.0,,1699.0,,1699.0,,1699.0,
IIIT,"Indian Institute of Information Technology, Allahabad","Information Technology-Business Informatics (4 Years, Bachelor of Technology)",AI,Gender-Neutral,5368.0,210.0,5496.0,210.0,5580.0,210.0,5580.0,210.0,5623.0,210.0,6150.0,210.0,847.0,,862.0,,862.0,,862.0,,862.0,,952.0,,2458.0,198.0,2496.0,198.0,2504.0,198.0,2517.0,198.0,2530.0,198.0,2541.0,198.0,1628.0,,1741.0,,1741.0,,1741.0,,1741.0,,1741.0,,609.0,,609.0,,609.0,,609.0,,609.0,,609.0,
IIIT,"Indian Institute of Information Technology, Design & Manufacturing, Kancheepuram","B.Tech in Mechanical Engineering and M.Tech in AI and Robotics (5 Years, B.Tech. + M.Tech./MS (Dual Degree))",AI,Female-only (including Supernumerary),41751.0,,42711.0,,42711.0,,46318.0,,46318.0,,49575.0,,7356.0,,7356.0,,7356.0,,7356.0,,7356.0,,7356.0,,16856.0,,17982.0,,19279.0,,19279.0,,19279.0,,19631.0,,7182.0,,7182.0,,7182.0,,7182.0,,7182.0,,7182.0,,3608.0,,3608.0,,3608.0,,3608.0,,3608.0,,4736.0,
IIIT,"Indian Institute of Information Technology, Design & Manufacturing, Kancheepuram","B.Tech in Mechanical Engineering and M.Tech in AI and Robotics (5 Years, B.Tech. + M.Tech./MS (Dual Degree))",AI,Gender-Neutral,33876.0,1581.0,36029.0,1581.0,38171.0,1581.0,38171.0,1581.0,38684.0,1581.0,38708.0,1581.0,5630.0,,5946.0,,5946.0,,5946.0,,6253.0,,6692.0,,11439.0,739.0,14180.0,902.0,14339.0,902.0,14376.0,902.0,14376.0,902.0,14470.0,902.0,6229.0,,7518.0,,7518.0,,7518.0,,7518.0,,7518.0,,3171.0,,3659.0,,3659.0,,3659.0,,3659.0,,3659.0,
IIIT,"Indian Institute of Information Technology, Design & Manufacturing, Kancheepuram","B.Tech. in Electronics and Communication Engineering and M.Tech. in Communication Systems (5 Years, Bachelor and Master of Technology (Dual Degree))",AI,Female-only (including Supernumerary),34334.0,,36985.0,,36985.0,,36985.0,,41214.0,,41214.0,,,,,,,,,,,,,,11338.0,,13790.0,,13790.0,,13790.0,,14152.0,,15086.0,,6442.0,,7728.0,,7728.0,,7728.0,,7728.0,,7728.0,,,,,,,,,,,,,
IIIT,"Indian Institute of Information Technology, Design & Manufacturing, Kancheepuram","B.Tech. in Electronics and Communication Engineering and M.Tech. in Communication Systems (5 Years, Bachelor and Master of Technology (Dual Degree))",AI,Gender-Neutral,25266.0,,26997.0,,26997.0,,26997.0,,26997.0,,28850.0,,4475.0,,4485.0,,4485.0,,4485.0,,4485.0,,4585.0,,8559.0,,8726.0,,8726.0,,8726.0,,8726.0,,9909.0,,5181.0,,5357.0,,6222.0,,6222.0,,6222.0,,6222.0,,1875.0,,1875.0,,1875.0,,1875.0,,1875.0,,1875.0,
IIIT,"Indian Institute of Information Technology, Design & Manufacturing, Kancheepuram","B.Tech. in Electronics and Communication Engineering and M.Tech. in Microelectronics and VLSI Systems (5 Years, Bachelor and Master of Technology (Dual Degree))",AI,Female-only (including Supernumerary),30829.0,,30829.0,,30829.0,,30829.0,,30829.0,,30829.0,,,,,,,,,,,,,,10730.0,,13088.0,,13088.0,,13088.0,,13088.0,,14575.0,,6281.0,,6442.0,,6442.0,,6442.0,,6442.0,,8189.0,,,,,,,,,,,,,
IIIT,"Indian Institute of Information Technology, Design & Manufacturing, Kancheepuram","B.Tech. in Electronics and Communication Engineering and M.Tech. in Microelectronics and VLSI Systems (5 Years, Bachelor and Master of Technology (Dual Degree))",AI,Gender-Neutral,23466.0,1331.0,23466.0,1371.0,23466.0,1371.0,23466.0,1371.0,24356.0,1371.0,24892.0,1371.0,4429.0,,4475.0,,4475.0,,4475.0,,4475.0,,4485.0,,8726.0,,8995.0,,8995.0,,8995.0,,8995.0,,9448.0,,4928.0,,4930.0,,4930.0,,4930.0,,4930.0,,4930.0,,2337.0,,2491.0,,2491.0,,2491.0,,2491.0,,2491.0,
IIIT,"Indian Institute of Information Technology, Design & Manufacturing, Kancheepuram","Computer Science and Engineering (4 Years, Bachelor of Technology)",AI,Female-only (including Supernumerary),20684.0,472.0,23043.0,472.0,23043.0,472.0,23043.0,472.0,23043.0,472.0,23168.0,472.0,3787.0,,4294.0,,4294.0,,4294.0,,4294.0,,4294.0,,8899.0,,8990.0,,8990.0,,8990.0,,8990.0,,8990.0,,4722.0,,5472.0,,5472.0,,5472.0,,5472.0,,5477.0,,2205.0,,2205.0,,2205.0,,2205.0,,2205.0,,2205.0,
IIIT,"Indian Institute of Information Technology, Design & Manufacturing, Kancheepuram","Computer Science and Engineering (4 Years, Bachelor of Technology)",AI,Gender-Neutral,16711.0,458.0,17382.0,458.0,17382.0,458.0,17525.0,458.0,17600.0,458.0,19069.0,458.0,2430.0,85.0,2452.0,85.0,2455.0,85.0,2455.0,85.0,2455.0,85.0,3119.0,85.0,6002.0,208.0,6251.0,208.0,6251.0,208.0,6251.0,208.0,6252.0,208.0,6770.0,208.0,3413.0,119.0,3548.0,119.0,3548.0,119.0,3548.0,119.0,3582.0,119.0,3582.0,119.0,1805.0,,1828.0,,1828.0,,1828.0,,1828.0,,1828.0,
IIIT,"Indian Institute of Information Technology, Design & Manufacturing, Kancheepuram","Computer Science and Engineering (5 Years, Bachelor and Master of Technology (Dual Degree))",AI,Female-only (including Supernumerary),25568.0,,27115.0,,27115.0,,27450.0,,27450.0,,29210.0,,4410.0,,4410.0,,4410.0,,4410.0,,4410.0,,4410.0,,10516.0,,11374.0,,11374.0,,11374.0,,11374.0,,11751.0,,6159.0,,6281.0,,6281.0,,6281.0,,6281.0,,6281.0,,3584.0,,3584.0,,3584.0,,3584.0,,3584.0,,3584.0,
IIIT,"Indian Institute of Information Technology, Design & Manufacturing, Kancheepuram","Computer Science and Engineering (5 Years, Bachelor and Master of Technology (Dual Degree))",AI,Gender-Neutral,20607.0,688.0,21466.0,688.0,21490.0,688.0,21490.0,688.0,21490.0,688.0,23187.0,688.0,3371.0,,3371.0,,3371.0,,3371.0,,3371.0,,3889.0,,7427.0,313.0,7544.0,313.0,7544.0,313.0,7544.0,313.0,7544.0,313.0,8233.0,313.0,4534.0,169.0,4581.0,169.0,4581.0,169.0,4581.0,169.0,4581.0,169.0,4692.0,169.0,2143.0,,2464.0,,2464.0,,2464.0,,2464.0,,2464.0,
IIIT,"Indian Institute of Information Technology, Design & Manufacturing, Kancheepuram","Computer Science and Engineering with Major in Artificial Intelligence (4 Years, Bachelor of Technology)",AI,Female-only (including Supernumerary),20709.0,,23582.0,,23582.0,,23582.0,,23582.0,,24345.0,,4261.0,,4359.0,,4359.0,,4359.0,,4359.0,,4359.0,,8172.0,,9074.0,,9074.0,,9074.0,,9074.0,,9074.0,,3976.0,,3976.0,,3976.0,,3976.0,,3976.0,,3976.0,,2291.0,,2291.0,,2291.0,,2291.0,,2291.0,,2291.0,
IIIT,"Indian Institute of Information Technology, Design & Manufacturing, Kancheepuram","Computer Science and Engineering with Major in Artificial Intelligence (4 Years, Bachelor of Technology)",AI,Gender-Neutral,17950.0,363.0,18483.0,363.0,18483.0,363.0,18531.0,363.0,18559.0,363.0,19533.0,363.0,2860.0,,2867.0,,2867.0,,2867.0,,2867.0,,3163.0,,6150.0,267.0,6466.0,267.0,6547.0,267.0,6547.0,267.0,6550.0,267.0,6930.0,267.0,3414.0,,3481.0,,3582.0,,3582.0,,3694.0,,3729.0,,1874.0,,2063.0,,2063.0,,2063.0,,2063.0,,2063.0,
IIIT,"Indian Institute of Information Technology, Design & Manufacturing, Kancheepuram","Design Engineering (4 Years, Bachelor of Technology)",AI,Gender-Neutral,40225.0,2217.0,45417.0,2217.0,45927.0,2217.0,46678.0,2217.0,46678.0,2217.0,50908.0,2217.0,7442.0,,7512.0,,7656.0,,7656.0,,7656.0,,7895.0,,14681.0,,16587.0,,16755.0,,16755.0,,16755.0,,18076.0,,7077.0,,8313.0,,8313.0,,8313.0,,8313.0,,8313.0,,3562.0,,3562.0,,3562.0,,3562.0,,3562.0,,3562.0,
IIIT,"Indian Institute of Information Technology, Design & Manufacturing, Kancheepuram","Electronics and Communication Engineering (4 Years, Bachelor of Technology)",AI,Female-only (including Supernumerary),30288.0,765.0,32051.0,765.0,32051.0,765.0,32051.0,765.0,34351.0,765.0,36083.0,765.0,4982.0,,5294.0,,5294.0,,5294.0,,5294.0,,5906.0,,10405.0,,12480.0,,12557.0,,12909.0,,13790.0,,14412.0,,6174.0,,6312.0,,6312.0,,6312.0,,6312.0,,6442.0,,2542.0,,2542.0,,2542.0,,2542.0,,2542.0,,2542.0,
IIIT,"Indian Institute of Information Technology, Design & Manufacturing, Kancheepuram","Electronics and Communication Engineering (4 Years, Bachelor of Technology)",AI,Gender-Neutral,23099.0,874.0,24001.0,874.0,24110.0,874.0,24110.0,874.0,24344.0,874.0,25834.0,874.0,3907.0,228.0,3917.0,242.0,3917.0,242.0,3917.0,242.0,3917.0,242.0,3993.0,242.0,8028.0,494.0,8364.0,494.0,8520.0,494.0,8520.0,494.0,8520.0,494.0,9112.0,494.0,5281.0,128.0,5644.0,,5771.0,,5771.0,,5771.0,,5880.0,,2282.0,103.0,2406.0,113.0,2406.0,113.0,2406.0,113.0,2406.0,113.0,2406.0,113.0
IIIT,"Indian Institute of Information Technology, Design & Manufacturing, Kancheepuram","Engineering Physics (4 Years, Bachelor of Technology)",AI,Gender-Neutral,32881.0,,37220.0,,38336.0,,38336.0,,38336.0,,39727.0,,6398.0,,7157.0,,7157.0,,7157.0,,7157.0,,7310.0,,11589.0,,14788.0,,14812.0,,14812.0,,14812.0,,15149.0,,6991.0,,7619.0,,7619.0,,7619.0,,7619.0,,7619.0,,3380.0,,3425.0,,3803.0,,3803.0,,3803.0,,3820.0,
IIIT,"Indian Institute of Information Technology, Design & Manufacturing, Kancheepuram","Mechanical Engineering (4 Years, Bachelor of Technology)",AI,Female-only (including Supernumerary),47940.0,1860.0,52032.0,2859.0,52032.0,2859.0,53597.0,2859.0,55390.0,2859.0,58786.0,2859.0,8104.0,,8285.0,,8285.0,,8285.0,,8881.0,,9270.0,,17148.0,,19343.0,,19343.0,,19343.0,,19464.0,,19789.0,,8589.0,,9230.0,,9230.0,,9230.0,,9230.0,,9230.0,,4444.0,,4444.0,,4444.0,,4444.0,,4444.0,,4444.0,
IIIT,"Indian Institute of Information Technology, Design & Manufacturing, Kancheepuram","Mechanical Engineering (4 Years, Bachelor of Technology)",AI,Gender-Neutral,37105.0,1324.0,39204.0,1324.0,40207.0,1324.0,40207.0,1324.0,40855.0,1324.0,44137.0,1324.0,6553.0,274.0,6762.0,274.0,6941.0,274.0,6941.0,274.0,6941.0,274.0,7097.0,274.0,12492.0,619.0,14504.0,619.0,14687.0,619.0,14687.0,619.0,14687.0,619.0,16082.0,619.0,6685.0,,7725.0,,7725.0,,7725.0,,7725.0,,7976.0,,3039.0,,3356.0,,3425.0,,3425.0,,3497.0,,3497.0,
IIIT,"Indian Institute of Information Technology, Design & Manufacturing, Kancheepuram","Smart Manufacturing (4 Years, Bachelor of Technology)",AI,Female-only (including Supernumerary),44981.0,1084.0,55390.0,1084.0,57252.0,1084.0,57391.0,1084.0,58530.0,1084.0,61788.0,1084.0,8143.0,,8143.0,,8143.0,,8143.0,,9407.0,,10040.0,,16667.0,,19424.0,,19464.0,,19464.0,,20243.0,,20647.0,,8796.0,,10175.0,,10175.0,,10175.0,,10175.0,,10175.0,,4379.0,,4379.0,,4379.0,,4379.0,,4379.0,,4379.0,
IIIT,"Indian Institute of Information Technology, Design & Manufacturing, Kancheepuram","Smart Manufacturing (4 Years, Bachelor of Technology)",AI,Gender-Neutral,43961.0,1957.0,45251.0,1957.0,45513.0,1957.0,46271.0,1957.0,46271.0,1957.0,51448.0,1957.0,7290.0,,7380.0,,7662.0,,7662.0,,7662.0,,8430.0,,14676.0,887.0,16318.0,887.0,16635.0,887.0,16635.0,887.0,16708.0,887.0,18198.0,887.0,8274.0,,8957.0,,9215.0,,9298.0,,9298.0,,9399.0,,3409.0,,3704.0,,3704.0,,3704.0,,3704.0,,3741.0,
IIIT,"Indian Institute of Information Technology, Vadodara International Campus Diu (IIITVICD)","Artificial Intelligence (4 Years, Bachelor of Technology)",AI,Female-only (including Supernumerary),38403.0,,41573.0,,41666.0,,41666.0,,42692.0,,46661.0,,6261.0,,7501.0,,7765.0,,7765.0,,7765.0,,7765.0,,17870.0,,19554.0,,19830.0,,19830.0,,20560.0,,20560.0,,9013.0,,10273.0,,10278.0,,10278.0,,10278.0,,10736.0,,3975.0,,5028.0,,5028.0,,5028.0,,5028.0,,5028.0,
IIIT,"Indian Institute of Information Technology, Vadodara International Campus Diu (IIITVICD)","Artificial Intelligence (4 Years, Bachelor of Technology)",AI,Gender-Neutral,35419.0,1757.0,37976.0,1923.0,38158.0,1923.0,38582.0,1923.0,39362.0,3025.0,42565.0,3121.0,5417.0,,5753.0,,5936.0,,6050.0,,6050.0,,6464.0,,14306.0,808.0,15555.0,,15840.0,,16001.0,,16001.0,,16747.0,,8621.0,,9482.0,,9993.0,,10011.0,,10011.0,,10188.0,,3834.0,,4605.0,,4654.0,,4654.0,,4654.0,,4714.0,
IIIT,"Indian Institute of Information Technology, Vadodara International Campus Diu (IIITVICD)","Computer Science and Engineering (4 Years, Bachelor of Technology)",AI,Female-only (including Supernumerary),36520.0,,38403.0,,41233.0,,41233.0,,41565.0,,42836.0,,5942.0,,6736.0,,6967.0,,6967.0,,6967.0,,7720.0,,16773.0,,18822.0,,18822.0,,18822.0,,18822.0,,18822.0,,9005.0,,9591.0,,9994.0,,9994.0,,9994.0,,10273.0,,4734.0,,4967.0,,4967.0,,4967.0,,4967.0,,4967.0,
IIIT,"Indian Institute of Information Technology, Vadodara International Campus Diu (IIITVICD)","Computer Science and Engineering (4 Years, Bachelor of Technology)",AI,Gender-Neutral,31524.0,2008.0,35234.0,2532.0,35234.0,2532.0,35647.0,2532.0,35676.0,2532.0,39231.0,2532.0,4898.0,309.0,5442.0,,5478.0,397.0,5478.0,397.0,5524.0,397.0,6183.0,397.0,13412.0,1140.0,14709.0,1631.0,15241.0,1537.0,15241.0,1537.0,15277.0,1537.0,15696.0,,8498.0,,9302.0,,9676.0,,9676.0,,9676.0,,10004.0,,3953.0,,4574.0,,4629.0,,4629.0,,4629.0,,4654.0,
IIIT,"Indian Institute of Information Technology, Vadodara International Campus Diu (IIITVICD)","Electronics and Communication Engineering (4 Years, Bachelor of Technology)",AI,Female-only (including Supernumerary),42959.0,,46231.0,,46231.0,,46661.0,,46661.0,,53032.0,,6967.0,,6967.0,,7048.0,,7048.0,,7048.0,,8083.0,,18816.0,,20301.0,,20349.0,,20560.0,,21060.0,,23310.0,,9464.0,,11112.0,,11165.0,,11165.0,,11165.0,,11422.0,,4967.0,,5064.0,,5198.0,,5198.0,,5198.0,,5317.0,
IIIT,"Indian Institute of Information Technology, Vadodara International Campus Diu (IIITVICD)","Electronics and Communication Engineering (4 Years, Bachelor of Technology)",AI,Gender-Neutral,39003.0,2334.0,40869.0,2985.0,41771.0,3623.0,42024.0,3623.0,42482.0,3623.0,44651.0,3623.0,5666.0,,6243.0,,6314.0,,6614.0,,6731.0,,6877.0,,15555.0,1224.0,16540.0,1739.0,16841.0,,16958.0,,16958.0,,17809.0,,9116.0,,10043.0,,10376.0,,10408.0,,10426.0,,10783.0,,4252.0,,4817.0,,4874.0,,5029.0,,5029.0,,5253.0,
IIIT,"Indian institute of information technology, Raichur, Karnataka","Artificial Intelligence and Data Science (4 Years, Bachelor of Technology)",AI,Female-only (including Supernumerary),41733.0,,44870.0,,45835.0,,46133.0,,46133.0,,50993.0,,6801.0,,7062.0,,7062.0,,7062.0,,7062.0,,7908.0,,16687.0,,18018.0,,18372.0,,18372.0,,18372.0,,20637.0,,8383.0,,9464.0,,9464.0,,9464.0,,9464.0,,9464.0,,3293.0,,3748.0,,3748.0,,3748.0,,3748.0,,3748.0,
IIIT,"Indian institute of information technology, Raichur, Karnataka","Artificial Intelligence and Data Science (4 Years, Bachelor of Technology)",AI,Gender-Neutral,34912.0,945.0,37436.0,945.0,37735.0,945.0,37753.0,945.0,37850.0,945.0,41577.0,945.0,5143.0,239.0,5774.0,239.0,5795.0,239.0,5795.0,239.0,5811.0,239.0,6072.0,239.0,13633.0,398.0,14934.0,568.0,14934.0,568.0,14958.0,568.0,14984.0,568.0,16215.0,568.0,8036.0,144.0,9012.0,188.0,9247.0,188.0,9247.0,188.0,9247.0,188.0,9615.0,188.0,3417.0,,3700.0,,3700.0,,3700.0,,3700.0,,4156.0,
IIIT,"Indian institute of information technology, Raichur, Karnataka","Computer Science and Engineering (4 Years, Bachelor of Technology)",AI,Female-only (including Supernumerary),39209.0,,42959.0,,44067.0,,44067.0,,44196.0,,47023.0,,6214.0,,6566.0,,6566.0,,6566.0,,6566.0,,7416.0,,15440.0,,17593.0,,17593.0,,17593.0,,17953.0,,19794.0,,8107.0,,8383.0,,8383.0,,8383.0,,8383.0,,9393.0,,3828.0,,3828.0,,3828.0,,3828.0,,3828.0,,3828.0,
IIIT,"Indian institute of information technology, Raichur, Karnataka","Computer Science and Engineering (4 Years, Bachelor of Technology)",AI,Gender-Neutral,31744.0,737.0,33818.0,1218.0,33818.0,1218.0,33818.0,1218.0,34471.0,1218.0,36760.0,1218.0,4930.0,189.0,5003.0,189.0,5003.0,189.0,5003.0,189.0,5346.0,189.0,5815.0,189.0,12624.0,532.0,13633.0,692.0,13831.0,692.0,13831.0,692.0,13831.0,692.0,15073.0,692.0,7650.0,133.0,8130.0,144.0,8212.0,144.0,8256.0,144.0,8256.0,144.0,8468.0,144.0,3523.0,,3776.0,,3776.0,,3776.0,,3776.0,,3779.0,
IIIT,"Indian institute of information technology, Raichur, Karnataka","Mathematics and Computing (4 Years, Bachelor of Technology)",AI,Female-only (including Supernumerary),42173.0,,46236.0,,47183.0,,48426.0,,49363.0,,51561.0,,6827.0,,7151.0,,7151.0,,7151.0,,7456.0,,7456.0,,18462.0,,19466.0,,19466.0,,19825.0,,20714.0,,20714.0,,9423.0,,10244.0,,10623.0,,10623.0,,10623.0,,11196.0,,4049.0,,4751.0,,4766.0,,4766.0,,4766.0,,4766.0,
IIIT,"Indian institute of information technology, Raichur, Karnataka","Mathematics and Computing (4 Years, Bachelor of Technology)",AI,Gender-Neutral,36313.0,1496.0,38865.0,2288.0,39126.0,2601.0,39126.0,2601.0,39805.0,2601.0,43476.0,2601.0,5753.0,,6142.0,,6159.0,,6159.0,,6159.0,,6761.0,,14571.0,1087.0,15590.0,1404.0,15642.0,1504.0,15642.0,1504.0,15782.0,1504.0,16955.0,1504.0,8700.0,,9248.0,,9248.0,,9248.0,,9248.0,,10240.0,,3877.0,,4687.0,,4694.0,,4694.0,,4694.0,,4836.0,
IIIT,"Pt. Dwarka Prasad Mishra Indian Institute of Information Technology, Design & Manufacture Jabalpur","Computer Science and Engineering (4 Years, Bachelor of Technology)",AI,Female-only (including Supernumerary),22018.0,555.0,22388.0,555.0,22388.0,555.0,22388.0,555.0,22388.0,555.0,23196.0,555.0,3707.0,195.0,3871.0,195.0,3871.0,195.0,3871.0,195.0,3932.0,195.0,4163.0,195.0,9866.0,,10444.0,,10444.0,,10444.0,,10444.0,,10444.0,,5123.0,,5442.0,,5442.0,,5442.0,,5442.0,,5753.0,,1999.0,,1999.0,,1999.0,,1999.0,,1999.0,,1999.0,
IIIT,"Pt. Dwarka Prasad Mishra Indian Institute of Information Technology, Design & Manufacture Jabalpur","Computer Science and Engineering (4 Years, Bachelor of Technology)",AI,Gender-Neutral,13297.0,647.0,13454.0,667.0,13484.0,675.0,13484.0,675.0,13484.0,675.0,14787.0,675.0,2008.0,125.0,2079.0,194.0,2079.0,194.0,2079.0,194.0,2079.0,194.0,2168.0,194.0,4946.0,291.0,5123.0,291.0,5151.0,330.0,5151.0,330.0,5151.0,330.0,5411.0,330.0,3312.0,132.0,3527.0,207.0,3546.0,207.0,3546.0,207.0,3548.0,207.0,3590.0,207.0,1619.0,11.0,1640.0,,1640.0,,1640.0,,1640.0,,1642.0,
IIIT,"Pt. Dwarka Prasad Mishra Indian Institute of Information Technology, Design & Manufacture Jabalpur","Electronics and Communication Engineering (4 Years, Bachelor of Technology)",AI,Female-only (including Supernumerary),28029.0,1164.0,29822.0,2536.0,29868.0,2536.0,29868.0,2536.0,30374.0,2536.0,30693.0,2536.0,4210.0,,4706.0,,4706.0,,4706.0,,4706.0,,4794.0,,11108.0,962.0,12800.0,1529.0,12800.0,1529.0,12800.0,1529.0,12800.0,1529.0,12800.0,1529.0,6103.0,,6907.0,,6907.0,,6907.0,,6907.0,,7010.0,,2964.0,,3010.0,,3010.0,,3010.0,,3010.0,,3010.0,
IIIT,"Pt. Dwarka Prasad Mishra Indian Institute of Information Technology, Design & Manufacture Jabalpur","Electronics and Communication Engineering (4 Years, Bachelor of Technology)",AI,Gender-Neutral,17840.0,1069.0,18109.0,1069.0,18109.0,1101.0,18109.0,1101.0,18183.0,1101.0,18809.0,1101.0,2775.0,175.0,2879.0,175.0,2886.0,175.0,2886.0,175.0,2886.0,175.0,2888.0,175.0,6667.0,451.0,7023.0,672.0,7038.0,672.0,7038.0,672.0,7038.0,672.0,7147.0,672.0,4135.0,293.0,4358.0,293.0,4358.0,293.0,4358.0,293.0,4358.0,293.0,4581.0,293.0,2147.0,,2175.0,,2175.0,,2175.0,,2175.0,,2175.0,
IIIT,"Pt. Dwarka Prasad Mishra Indian Institute of Information Technology, Design & Manufacture Jabalpur","Mechanical Engineering (4 Years, Bachelor of Technology)",AI,Female-only (including Supernumerary),44699.0,3482.0,51532.0,3686.0,51883.0,3686.0,51883.0,3686.0,52199.0,3686.0,56277.0,3686.0,6708.0,,8002.0,,8002.0,,8002.0,,8002.0,,8002.0,,18619.0,,19472.0,,19480.0,,19480.0,,20008.0,,20092.0,,9490.0,,9503.0,,9503.0,,9503.0,,9503.0,,9897.0,,3544.0,,3544.0,,3544.0,,3544.0,,3544.0,,4575.0,
IIIT,"Pt. Dwarka Prasad Mishra Indian Institute of Information Technology, Design & Manufacture Jabalpur","Mechanical Engineering (4 Years, Bachelor of Technology)",AI,Gender-Neutral,35665.0,2032.0,38684.0,2071.0,39595.0,2071.0,39701.0,2071.0,39936.0,2071.0,44435.0,2071.0,5926.0,,6189.0,,6232.0,,6232.0,,6288.0,,6818.0,,13777.0,937.0,14455.0,1379.0,14773.0,1379.0,14856.0,1379.0,15321.0,1379.0,15818.0,1379.0,6565.0,,7745.0,,7807.0,,7807.0,,7807.0,,8022.0,,2859.0,,3026.0,,3168.0,,3168.0,,3168.0,,3269.0,
IIIT,"Pt. Dwarka Prasad Mishra Indian Institute of Information Technology, Design & Manufacture Jabalpur","Smart Manufacturing (4 Years, Bachelor of Technology)",AI,Female-only (including Supernumerary),55535.0,,56996.0,,57674.0,,57674.0,,57674.0,,60904.0,,7917.0,,8519.0,,8519.0,,8519.0,,8519.0,,9714.0,,19620.0,,20243.0,,21406.0,,21406.0,,22919.0,,24128.0,,9503.0,,9602.0,,10603.0,,10603.0,,10603.0,,10932.0,,4343.0,,4575.0,,4575.0,,4575.0,,4575.0,,4624.0,
IIIT,"Pt. Dwarka Prasad Mishra Indian Institute of Information Technology, Design & Manufacture Jabalpur","Smart Manufacturing (4 Years, Bachelor of Technology)",AI,Gender-Neutral,43412.0,2596.0,46412.0,2610.0,47104.0,2610.0,47618.0,2610.0,47618.0,2610.0,52669.0,2610.0,6732.0,,7077.0,,7242.0,,7242.0,,7242.0,,7951.0,,15752.0,1113.0,16930.0,1296.0,17073.0,1398.0,17157.0,1398.0,17308.0,1398.0,18397.0,1442.0,8239.0,,8726.0,,8726.0,,8726.0,,8726.0,,9203.0,,3207.0,,3473.0,,3508.0,,3508.0,,3508.0,,3531.0,
NIT,"Dr. B R Ambedkar National Institute of Technology, Jalandhar","Bio Technology (4 Years, Bachelor of Technology)",HS,Female-only (including Supernumerary),53648.0,,65917.0,,65917.0,,65917.0,,65917.0,,65917.0,,16293.0,,16293.0,,16293.0,,16293.0,,16293.0,,16293.0,,56151.0,,71131.0,,72072.0,,72072.0,,72072.0,,72072.0,,,,,,,,,,,,,,,,,,,,,,,,,
NIT,"Dr. B R Ambedkar National Institute of Technology, Jalandhar","Bio Technology (4 Years, Bachelor of Technology)",HS,Gender-Neutral,65917.0,,71613.0,,72335.0,,73470.0,,73470.0,,79511.0,,10180.0,,10250.0,,11534.0,,11534.0,,11534.0,,12569.0,,52241.0,,59434.0,,60996.0,,60996.0,,60996.0,,60996.0,,11090.0,,11217.0,,12362.0,,12362.0,,12362.0,,12362.0,,15566.0,,15566.0,,15566.0,,15566.0,,15566.0,,15566.0,
NIT,"Dr. B R Ambedkar National Institute of Technology, Jalandhar","Bio Technology (4 Years, Bachelor of Technology)",OS,Female-only (including Supernumerary),43186.0,,50696.0,,53177.0,,53177.0,,53258.0,,53258.0,,,,,,,,,,,,,,17214.0,,20859.0,,20859.0,,20859.0,,20859.0,,21981.0,,8402.0,,8420.0,,8420.0,,8420.0,,8420.0,,8420.0,,,,,,,,,,,,,
NIT,"Dr. B R Ambedkar National Institute of Technology, Jalandhar","Bio Technology (4 Years, Bachelor of Technology)",OS,Gender-Neutral,41817.0,,45731.0,,46373.0,,46373.0,,47175.0,,49981.0,,6634.0,,6747.0,,6829.0,,6829.0,,6829.0,,7090.0,,13478.0,,15152.0,,15164.0,,15164.0,,15164.0,,16401.0,,4841.0,,7645.0,,7724.0,,7724.0,,7724.0,,7727.0,,3006.0,,3137.0,,3137.0,,3137.0,,3336.0,,3426.0,
NIT,"Dr. B R Ambedkar National Institute of Technology, Jalandhar","Chemical Engineering (4 Years, Bachelor of Technology)",HS,Female-only (including Supernumerary),54809.0,,63822.0,,63822.0,,63822.0,,63822.0,,65488.0,,9600.0,,9600.0,,9600.0,,9600.0,,9600.0,,9600.0,,39672.0,,44470.0,,44470.0,,44470.0,,44470.0,,44470.0,,7401.0,,7401.0,,7401.0,,7401.0,,7401.0,,7401.0,,,,,,,,,,,,,
NIT,"Dr. B R Ambedkar National Institute of Technology, Jalandhar","Chemical Engineering (4 Years, Bachelor of Technology)",HS,Gender-Neutral,49650.0,,52584.0,,52584.0,,52584.0,,52584.0,,57036.0,,8740.0,,10016.0,,10016.0,,10016.0,,10016.0,,10016.0,,42794.0,,48802.0,,48802.0,,49321.0,,49321.0,,49321.0,,9501.0,126.0,9501.0,,9501.0,,9501.0,,9501.0,,9501.0,,43332.0,,,,,,,,,,,
NIT,"Dr. B R Ambedkar National Institute of Technology, Jalandhar","Chemical Engineering (4 Years, Bachelor of Technology)",OS,Female-only (including Supernumerary),41891.0,,47120.0,,47120.0,,47120.0,,47120.0,,49400.0,,6450.0,,7045.0,,7045.0,,7045.0,,7045.0,,7584.0,,16580.0,,18859.0,,19143.0,,19143.0,,19143.0,,19143.0,,7234.0,,7234.0,,7234.0,,7234.0,,7234.0,,7234.0,,,,,,,,,,,,,
NIT,"Dr. B R Ambedkar National Institute of Technology, Jalandhar","Chemical Engineering (4 Years, Bachelor of Technology)",OS,Gender-Neutral,33644.0,1897.0,36419.0,1897.0,36961.0,1897.0,37269.0,1897.0,37269.0,1897.0,39490.0,1897.0,4972.0,,5279.0,,5398.0,,5398.0,,5398.0,,5655.0,,10647.0,,11319.0,,11343.0,,11598.0,,11874.0,,12334.0,,5276.0,,6096.0,,6187.0,,6187.0,,6187.0,,6417.0,,2306.0,,2496.0,,2496.0,,2496.0,,2496.0,,2633.0,
NIT,"Dr. B R Ambedkar National Institute of Technology, Jalandhar","Civil Engineering (4 Years, Bachelor of Technology)",HS,Female-only (including Supernumerary),58821.0,,64613.0,,64698.0,,64698.0,,64698.0,,64698.0,,9178.0,,9178.0,,12630.0,,12630.0,,12630.0,,12630.0,,44470.0,,63114.0,,63114.0,,63114.0,,63114.0,,63114.0,,11172.0,,11172.0,,11172.0,,11172.0,,11172.0,,11172.0,,16264.0,,,,,,,,,,,
NIT,"Dr. B R Ambedkar National Institute of Technology, Jalandhar","Civil Engineering (4 Years, Bachelor of Technology)",HS,Gender-Neutral,52004.0,2711.0,57036.0,2711.0,57036.0,2711.0,57036.0,2711.0,57036.0,2711.0,58952.0,2711.0,9381.0,,10168.0,,10180.0,,10180.0,,10180.0,,10250.0,,39530.0,,50109.0,,50919.0,,50919.0,,50919.0,,51132.0,,9466.0,,9573.0,,9573.0,,9573.0,,9573.0,,9573.0,,32136.0,,,,,,,,,,,
NIT,"Dr. B R Ambedkar National Institute of Technology, Jalandhar","Civil Engineering (4 Years, Bachelor of Technology)",OS,Female-only (including Supernumerary),46913.0,,49801.0,,49801.0,,49801.0,,49801.0,,55991.0,,7111.0,,7111.0,,7698.0,,7698.0,,7698.0,,8463.0,,18509.0,,20032.0,,20097.0,,20097.0,,20097.0,,20097.0,,1933.0,,1933.0,,1933.0,,1933.0,,1933.0,,1933.0,,3134.0,,3181.0,,3181.0,,3181.0,,3181.0,,3181.0,
NIT,"Dr. B R Ambedkar National Institute of Technology, Jalandhar","Civil Engineering (4 Years, Bachelor of Technology)",OS,Gender-Neutral,37500.0,1098.0,40078.0,1098.0,40451.0,1098.0,40600.0,1098.0,41156.0,1098.0,43668.0,1098.0,5521.0,,5992.0,,6032.0,,6032.0,,6032.0,,6357.0,,12040.0,,12882.0,,12899.0,,12899.0,,13067.0,,14121.0,,5637.0,,6214.0,,6214.0,,6214.0,,6214.0,,6425.0,,1255.0,,1292.0,,1292.0,,1292.0,,1292.0,,1292.0,
NIT,"Dr. B R Ambedkar National Institute of Technology, Jalandhar","Computer Science and Engineering (4 Years, Bachelor of Technology)",HS,Female-only (including Supernumerary),18113.0,686.0,18633.0,2038.0,18633.0,2038.0,18633.0,2038.0,18633.0,2038.0,18633.0,2038.0,3397.0,,3397.0,,3397.0,,3397.0,,3397.0,,3397.0,,10562.0,,10562.0,,10562.0,,10562.0,,10562.0,,10562.0,,3812.0,,3812.0,,3812.0,,3812.0,,3812.0,,3812.0,,9914.0,,9914.0,,9914.0,,9914.0,,9914.0,,9914.0,
NIT,"Dr. B R Ambedkar National Institute of Technology, Jalandhar","Computer Science and Engineering (4 Years, Bachelor of Technology)",HS,Gender-Neutral,14502.0,,15902.0,,15902.0,,15902.0,,15984.0,,16325.0,,2912.0,,2990.0,,2990.0,,2990.0,,2990.0,,3024.0,,7779.0,,8793.0,,8793.0,,8793.0,,8793.0,,8919.0,,3299.0,,3454.0,,3454.0,,3454.0,,3454.0,,3454.0,,3754.0,,3795.0,,3795.0,,3795.0,,3795.0,,3795.0,
NIT,"Dr. B R Ambedkar National Institute of Technology, Jalandhar","Computer Science and Engineering (4 Years, Bachelor of Technology)",OS,Female-only (including Supernumerary),18149.0,,18724.0,,18724.0,,18724.0,,18965.0,,19838.0,,2555.0,,2555.0,,2555.0,,2555.0,,2791.0,,2791.0,,6862.0,364.0,7634.0,364.0,7634.0,364.0,7634.0,364.0,7634.0,364.0,7634.0,364.0,3707.0,,3741.0,,3741.0,,3741.0,,3741.0,,3741.0,,1357.0,,1357.0,,1357.0,,1357.0,,1357.0,,1357.0,
NIT,"Dr. B R Ambedkar National Institute of Technology, Jalandhar","Computer Science and Engineering (4 Years, Bachelor of Technology)",OS,Gender-Neutral,10073.0,241.0,10126.0,380.0,10232.0,380.0,10232.0,380.0,10327.0,411.0,11262.0,411.0,1463.0,,1568.0,,1568.0,,1568.0,,1568.0,,1671.0,,3642.0,,3751.0,,3751.0,,3751.0,,3759.0,,3876.0,,1916.0,104.0,2100.0,104.0,2100.0,104.0,2100.0,104.0,2100.0,104.0,2146.0,104.0,877.0,32.0,884.0,35.0,884.0,35.0,884.0,35.0,884.0,35.0,884.0,
NIT,"Dr. B R Ambedkar National Institute of Technology, Jalandhar","Data Science and Engineering (4 Years, Bachelor of Technology)",HS,Female-only (including Supernumerary),18504.0,1808.0,18820.0,1808.0,18820.0,1808.0,18820.0,1808.0,18820.0,1808.0,18820.0,1808.0,4736.0,,4736.0,,4736.0,,4736.0,,4736.0,,4848.0,,23221.0,,23221.0,,23221.0,,23221.0,,23221.0,,23221.0,,6475.0,,6475.0,,6475.0,,6475.0,,6475.0,,6475.0,,13468.0,,13468.0,,13468.0,,13468.0,,13468.0,,13468.0,
NIT,"Dr. B R Ambedkar National Institute of Technology, Jalandhar","Data Science and Engineering (4 Years, Bachelor of Technology)",HS,Gender-Neutral,18820.0,,19075.0,,19907.0,,19907.0,,19907.0,,20283.0,,3300.0,,3300.0,,3300.0,,3300.0,,3300.0,,3670.0,,16759.0,,18525.0,,18525.0,,18525.0,,18525.0,,19709.0,,5878.0,,5878.0,,5878.0,,5878.0,,5878.0,,5878.0,,5260.0,,5260.0,,5260.0,,5260.0,,5260.0,,5260.0,
NIT,"Dr. B R Ambedkar National Institute of Technology, Jalandhar","Data Science and Engineering (4 Years, Bachelor of Technology)",OS,Female-only (including Supernumerary),19393.0,,19838.0,,19838.0,,19838.0,,21777.0,,24930.0,,3846.0,,3846.0,,3846.0,,3846.0,,3846.0,,3846.0,,8853.0,,9265.0,,9265.0,,9265.0,,9265.0,,9265.0,,4664.0,,4664.0,,4664.0,,4664.0,,4664.0,,4746.0,,1871.0,,2577.0,,2577.0,,2577.0,,2577.0,,2577.0,
NIT,"Dr. B R Ambedkar National Institute of Technology, Jalandhar","Data Science and Engineering (4 Years, Bachelor of Technology)",OS,Gender-Neutral,13847.0,411.0,14123.0,411.0,14123.0,411.0,14123.0,411.0,14216.0,562.0,14814.0,703.0,1823.0,,1965.0,,1965.0,,1965.0,,1965.0,,2117.0,,5002.0,,5356.0,,5356.0,,5356.0,,5385.0,,5555.0,,2349.0,,2637.0,,2637.0,,2637.0,,2637.0,,2643.0,,1244.0,,1244.0,,1244.0,,1244.0,,1259.0,,1259.0,
NIT,"Dr. B R Ambedkar National Institute of Technology, Jalandhar","Electrical Engineering (4 Years, Bachelor of Technology)",HS,Female-only (including Supernumerary),26765.0,,28169.0,,28169.0,,28169.0,,28169.0,,29154.0,,7211.0,,7211.0,,7211.0,,7211.0,,7211.0,,7211.0,,30017.0,,30017.0,,30017.0,,30017.0,,30017.0,,30017.0,,7357.0,,7357.0,,7357.0,,7357.0,,7357.0,,7357.0,,,,,,,,,,,,,
NIT,"Dr. B R Ambedkar National Institute of Technology, Jalandhar","Electrical Engineering (4 Years, Bachelor of Technology)",HS,Gender-Neutral,28694.0,3230.0,29154.0,3230.0,29154.0,3230.0,29154.0,3230.0,29154.0,3230.0,29947.0,3230.0,4630.0,,4808.0,,4808.0,,4808.0,,4808.0,,4808.0,,24214.0,,25808.0,,27518.0,,27518.0,,27518.0,,27518.0,,6943.0,,7013.0,,7013.0,,7013.0,,7013.0,,7013.0,,9740.0,,10439.0,,10439.0,,10439.0,,10439.0,,10439.0,
NIT,"Dr. B R Ambedkar National Institute of Technology, Jalandhar","Electrical Engineering (4 Years, Bachelor of Technology)",OS,Female-only (including Supernumerary),28221.0,,31516.0,,31516.0,,31516.0,,31516.0,,32378.0,,4281.0,,4805.0,,4805.0,,4805.0,,4805.0,,5273.0,,12149.0,,12913.0,,12913.0,,12913.0,,12913.0,,12913.0,,6535.0,,6535.0,,6535.0,,6535.0,,6535.0,,6535.0,,2562.0,,2918.0,,2918.0,,2918.0,,2918.0,,2918.0,
NIT,"Dr. B R Ambedkar National Institute of Technology, Jalandhar","Electrical Engineering (4 Years, Bachelor of Technology)",OS,Gender-Neutral,18324.0,1102.0,18664.0,1140.0,19084.0,1140.0,19084.0,1140.0,19416.0,1140.0,20115.0,1140.0,2627.0,,2715.0,,2715.0,,2715.0,,2812.0,,3085.0,,6442.0,,6602.0,,6602.0,,6642.0,,6659.0,,7084.0,,3700.0,,3954.0,,3954.0,,3954.0,,3954.0,,4303.0,,1366.0,,1676.0,,1676.0,,1676.0,,1723.0,,1723.0,
NIT,"Dr. B R Ambedkar National Institute of Technology, Jalandhar","Electronics and Communication Engineering (4 Years, Bachelor of Technology)",HS,Female-only (including Supernumerary),21429.0,1878.0,25474.0,1878.0,25474.0,1878.0,25474.0,1878.0,25474.0,1878.0,25474.0,1878.0,6717.0,,6717.0,,6717.0,,6717.0,,6717.0,,6717.0,,24627.0,,24627.0,,24627.0,,24627.0,,24627.0,,24627.0,,6554.0,,6830.0,,6830.0,,6830.0,,6830.0,,6830.0,,10440.0,,10440.0,,10440.0,,10440.0,,10440.0,,10440.0,
NIT,"Dr. B R Ambedkar National Institute of Technology, Jalandhar","Electronics and Communication Engineering (4 Years, Bachelor of Technology)",HS,Gender-Neutral,24521.0,,26098.0,,26098.0,,26098.0,,26519.0,,26658.0,,3670.0,,4241.0,,4241.0,,4241.0,,4241.0,,4321.0,,20131.0,,21495.0,,23392.0,,23392.0,,23392.0,,23520.0,,6068.0,,6757.0,,6757.0,,6757.0,,6757.0,,6757.0,,7679.0,,7679.0,,7679.0,,7679.0,,7679.0,,7679.0,
NIT,"Dr. B R Ambedkar National Institute of Technology, Jalandhar","Electronics and Communication Engineering (4 Years, Bachelor of Technology)",OS,Female-only (including Supernumerary),21777.0,,26284.0,,26284.0,,26284.0,,26284.0,,26952.0,,3766.0,,3766.0,,3766.0,,3766.0,,3766.0,,3766.0,,8974.0,,11408.0,,11408.0,,11408.0,,11408.0,,11408.0,,4564.0,,4564.0,,4564.0,,4564.0,,4564.0,,4564.0,,2469.0,,2690.0,,2690.0,,2690.0,,2690.0,,2690.0,
NIT,"Dr. B R Ambedkar National Institute of Technology, Jalandhar","Electronics and Communication Engineering (4 Years, Bachelor of Technology)",OS,Gender-Neutral,14476.0,668.0,14867.0,852.0,14867.0,852.0,14867.0,852.0,14867.0,852.0,16180.0,852.0,1928.0,,2200.0,,2200.0,,2200.0,,2200.0,,2263.0,,5213.0,373.0,5645.0,373.0,5645.0,373.0,5662.0,373.0,5712.0,373.0,5790.0,373.0,3028.0,,3278.0,,3278.0,,3278.0,,3278.0,,3278.0,,1245.0,,1246.0,,1246.0,,1246.0,,1427.0,,1427.0,
NIT,"Dr. B R Ambedkar National Institute of Technology, Jalandhar","Electronics and VLSI Engineering (4 Years, Bachelor of Technology)",HS,Female-only (including Supernumerary),25280.0,,26765.0,,26765.0,,26765.0,,26765.0,,26765.0,,,,,,,,,,,,,,25671.0,,25671.0,,25671.0,,25671.0,,25671.0,,25671.0,,3296.0,,3296.0,,3296.0,,3296.0,,3296.0,,3296.0,,,,,,,,,,,,,
NIT,"Dr. B R Ambedkar National Institute of Technology, Jalandhar","Electronics and VLSI Engineering (4 Years, Bachelor of Technology)",HS,Gender-Neutral,26658.0,,26815.0,,26815.0,,26815.0,,26860.0,,27873.0,,4179.0,,4630.0,,4630.0,,4630.0,,4630.0,,4630.0,,23520.0,,24307.0,,24307.0,,24307.0,,24307.0,,25114.0,,849.0,,849.0,,849.0,,849.0,,849.0,,849.0,,11575.0,,11575.0,,11575.0,,11575.0,,11575.0,,11575.0,
NIT,"Dr. B R Ambedkar National Institute of Technology, Jalandhar","Electronics and VLSI Engineering (4 Years, Bachelor of Technology)",OS,Female-only (including Supernumerary),24930.0,,25783.0,,25783.0,,25783.0,,25783.0,,25783.0,,,,,,,,,,,,,,10837.0,,12282.0,,12282.0,,12282.0,,12282.0,,12282.0,,5917.0,,6162.0,,6162.0,,6162.0,,6162.0,,6162.0,,,,,,,,,,,,,
NIT,"Dr. B R Ambedkar National Institute of Technology, Jalandhar","Electronics and VLSI Engineering (4 Years, Bachelor of Technology)",OS,Gender-Neutral,15467.0,,16173.0,,16173.0,,16173.0,,16173.0,,17244.0,,2263.0,,2325.0,,2325.0,,2325.0,,2325.0,,2586.0,,5511.0,,5928.0,,5976.0,,5976.0,,5976.0,,6176.0,,3406.0,,3406.0,,3442.0,,3442.0,,3442.0,,3784.0,,1445.0,,1445.0,,1445.0,,1445.0,,1445.0,,1445.0,
NIT,"Dr. B R Ambedkar National Institute of Technology, Jalandhar","Industrial and Production Engineering (4 Years, Bachelor of Technology)",HS,Female-only (including Supernumerary),62629.0,,62629.0,,62629.0,,62629.0,,62629.0,,65722.0,,10416.0,,10416.0,,10416.0,,10416.0,,10416.0,,10416.0,,70716.0,,72072.0,,74351.0,,74351.0,,74351.0,,74351.0,,14334.0,,14334.0,,14334.0,,14334.0,,14334.0,,14334.0,,,,,,,,,,,,,
NIT,"Dr. B R Ambedkar National Institute of Technology, Jalandhar","Industrial and Production Engineering (4 Years, Bachelor of Technology)",HS,Gender-Neutral,56804.0,,66642.0,,66642.0,,66642.0,,66642.0,,68146.0,,10218.0,,11143.0,,11143.0,,11143.0,,11143.0,,11143.0,,49771.0,,53241.0,,56043.0,,56244.0,,56244.0,,56244.0,,11045.0,,13187.0,,13187.0,,13187.0,,13187.0,,14690.0,,,,,,,,,,,,,
NIT,"Dr. B R Ambedkar National Institute of Technology, Jalandhar","Industrial and Production Engineering (4 Years, Bachelor of Technology)",OS,Female-only (including Supernumerary),51556.0,,54826.0,,54826.0,,54826.0,,55026.0,,57544.0,,7685.0,,8565.0,,8565.0,,8565.0,,8565.0,,9041.0,,18859.0,,21133.0,,21413.0,,21413.0,,21413.0,,22374.0,,9441.0,,10143.0,,10875.0,,10875.0,,10875.0,,10875.0,,3799.0,,3799.0,,3799.0,,3799.0,,3799.0,,3799.0,
NIT,"Dr. B R Ambedkar National Institute of Technology, Jalandhar","Industrial and Production Engineering (4 Years, Bachelor of Technology)",OS,Gender-Neutral,37762.0,,40460.0,,40950.0,,41206.0,,41206.0,,45203.0,,6283.0,,6443.0,,6549.0,,6549.0,,6549.0,,6565.0,,13259.0,,13966.0,,14035.0,,14035.0,,14035.0,,15870.0,,6430.0,,6801.0,,6801.0,,6801.0,,6801.0,,6801.0,,2913.0,,3204.0,,3285.0,,3285.0,,3285.0,,3285.0,
NIT,"Dr. B R Ambedkar National Institute of Technology, Jalandhar","Information Technology (4 Years, Bachelor of Technology)",HS,Female-only (including Supernumerary),23461.0,,24521.0,,24521.0,,24521.0,,24521.0,,25280.0,,,,,,,,,,,,,,17441.0,,20479.0,,20479.0,,20479.0,,20479.0,,20479.0,,4550.0,,4550.0,,4550.0,,4550.0,,4550.0,,4550.0,,,,,,,,,,,,,
NIT,"Dr. B R Ambedkar National Institute of Technology, Jalandhar","Information Technology (4 Years, Bachelor of Technology)",HS,Gender-Neutral,21752.0,821.0,22876.0,821.0,22876.0,821.0,22876.0,821.0,22876.0,821.0,23198.0,821.0,3874.0,,3874.0,,3874.0,,3874.0,,3874.0,,3874.0,,14397.0,,16759.0,,16759.0,,16759.0,,16759.0,,16759.0,,5639.0,,6554.0,,6554.0,,6554.0,,6554.0,,6554.0,,8761.0,,9740.0,,9740.0,,9740.0,,9740.0,,9740.0,
NIT,"Dr. B R Ambedkar National Institute of Technology, Jalandhar","Information Technology (4 Years, Bachelor of Technology)",OS,Female-only (including Supernumerary),20820.0,,22510.0,,22671.0,,22671.0,,23391.0,,25166.0,,3671.0,,3671.0,,3671.0,,3671.0,,3671.0,,3671.0,,8458.0,816.0,8853.0,816.0,8853.0,816.0,8853.0,816.0,8853.0,816.0,8853.0,816.0,4398.0,,4524.0,,4524.0,,4524.0,,4524.0,,4664.0,,2434.0,,2437.0,,2437.0,,2437.0,,2684.0,,2684.0,
NIT,"Dr. B R Ambedkar National Institute of Technology, Jalandhar","Information Technology (4 Years, Bachelor of Technology)",OS,Gender-Neutral,13050.0,505.0,13732.0,505.0,13732.0,505.0,13732.0,505.0,14123.0,505.0,14615.0,505.0,1842.0,,1927.0,,1927.0,,1927.0,,1927.0,,2031.0,,4787.0,,5120.0,,5132.0,,5132.0,,5165.0,,5165.0,,2672.0,,2905.0,,2905.0,,2905.0,,2905.0,,3069.0,,1170.0,33.0,1170.0,97.0,1170.0,101.0,1170.0,101.0,1244.0,101.0,1244.0,101.0
NIT,"Dr. B R Ambedkar National Institute of Technology, Jalandhar","Instrumentation and Control Engineering (4 Years, Bachelor of Technology)",HS,Female-only (including Supernumerary),47330.0,,47330.0,,47330.0,,47330.0,,47330.0,,51164.0,,7706.0,,7706.0,,7706.0,,7706.0,,7706.0,,7706.0,,60462.0,,60462.0,,60462.0,,60462.0,,60462.0,,60462.0,,7831.0,,7831.0,,7831.0,,7831.0,,7831.0,,7831.0,,15588.0,,15588.0,,15588.0,,15588.0,,15588.0,,15588.0,
NIT,"Dr. B R Ambedkar National Institute of Technology, Jalandhar","Instrumentation and Control Engineering (4 Years, Bachelor of Technology)",HS,Gender-Neutral,38495.0,,41218.0,,41218.0,,41218.0,,41218.0,,45047.0,,6872.0,,6872.0,,6872.0,,6872.0,,6872.0,,7482.0,,34615.0,,38992.0,,38992.0,,38992.0,,38992.0,,39530.0,,9573.0,,10646.0,,10646.0,,10646.0,,10646.0,,11045.0,,22132.0,,22132.0,,22132.0,,22132.0,,22132.0,,22132.0,
NIT,"Dr. B R Ambedkar National Institute of Technology, Jalandhar","Instrumentation and Control Engineering (4 Years, Bachelor of Technology)",OS,Female-only (including Supernumerary),38413.0,,39085.0,,39085.0,,39085.0,,39085.0,,42357.0,,6625.0,,6625.0,,6625.0,,6625.0,,6625.0,,6625.0,,15521.0,1367.0,16580.0,1564.0,16580.0,1564.0,16580.0,1564.0,16580.0,1564.0,16580.0,1564.0,7472.0,,7472.0,,7472.0,,7472.0,,7472.0,,7472.0,,3189.0,,4449.0,,4449.0,,4449.0,,4449.0,,4449.0,
NIT,"Dr. B R Ambedkar National Institute of Technology, Jalandhar","Instrumentation and Control Engineering (4 Years, Bachelor of Technology)",OS,Gender-Neutral,26079.0,1050.0,26480.0,1050.0,26480.0,1050.0,26800.0,1050.0,27278.0,1050.0,27963.0,1050.0,3806.0,310.0,3806.0,317.0,3806.0,317.0,3806.0,317.0,3806.0,317.0,4337.0,317.0,8201.0,,8421.0,,8656.0,,8656.0,,8903.0,,9630.0,,5045.0,,5134.0,,5134.0,,5134.0,,5276.0,,5574.0,,2446.0,,2533.0,,2533.0,,2533.0,,2569.0,,2569.0,
NIT,"Dr. B R Ambedkar National Institute of Technology, Jalandhar","Mathematics and Computing (4 Years, Bachelor of Technology)",HS,Female-only (including Supernumerary),24158.0,,24158.0,,24158.0,,24158.0,,24158.0,,24158.0,,5547.0,,5547.0,,5547.0,,5547.0,,5547.0,,5547.0,,23380.0,,23380.0,,23380.0,,23380.0,,23380.0,,23380.0,,1390.0,,1390.0,,1390.0,,1390.0,,1390.0,,1390.0,,,,,,,,,,,,,
NIT,"Dr. B R Ambedkar National Institute of Technology, Jalandhar","Mathematics and Computing (4 Years, Bachelor of Technology)",HS,Gender-Neutral,19925.0,1368.0,22021.0,,22349.0,,22349.0,,23198.0,,23297.0,,4142.0,,4179.0,,4179.0,,4179.0,,4179.0,,4179.0,,18525.0,,23138.0,,23138.0,,23138.0,,23138.0,,23392.0,,5698.0,,6068.0,,6068.0,,6068.0,,6068.0,,6068.0,,20545.0,,20545.0,,20545.0,,20545.0,,20545.0,,20545.0,
NIT,"Dr. B R Ambedkar National Institute of Technology, Jalandhar","Mathematics and Computing (4 Years, Bachelor of Technology)",OS,Female-only (including Supernumerary),21041.0,1300.0,23357.0,1300.0,23357.0,1300.0,23357.0,1300.0,23357.0,1300.0,26284.0,1300.0,,,,,,,,,,,,,9610.0,,9610.0,,9610.0,,9610.0,,9610.0,,9610.0,,4366.0,,4366.0,,4366.0,,4366.0,,4366.0,,4366.0,,,,,,,,,,,,,
NIT,"Dr. B R Ambedkar National Institute of Technology, Jalandhar","Mathematics and Computing (4 Years, Bachelor of Technology)",OS,Gender-Neutral,13285.0,828.0,14062.0,828.0,14062.0,828.0,14062.0,828.0,14062.0,828.0,15002.0,828.0,1941.0,,2010.0,,2010.0,,2010.0,,2010.0,,2200.0,,4838.0,,5425.0,,5425.0,,5425.0,,5608.0,,5712.0,,2660.0,,2917.0,,2917.0,,2917.0,,2917.0,,3086.0,,1401.0,,1401.0,,1401.0,,1401.0,,1401.0,,1401.0,
NIT,"Dr. B R Ambedkar National Institute of Technology, Jalandhar","Mechanical Engineering (4 Years, Bachelor of Technology)",HS,Female-only (including Supernumerary),48452.0,,48452.0,,48452.0,,48452.0,,48452.0,,52631.0,,9003.0,,9003.0,,9003.0,,9003.0,,9003.0,,9003.0,,52625.0,,52625.0,,52625.0,,52625.0,,52625.0,,52625.0,,13786.0,,13786.0,,13786.0,,13786.0,,13786.0,,13786.0,,22446.0,,22446.0,,22446.0,,22446.0,,22446.0,,22446.0,
NIT,"Dr. B R Ambedkar National Institute of Technology, Jalandhar","Mechanical Engineering (4 Years, Bachelor of Technology)",HS,Gender-Neutral,42155.0,,44568.0,,44568.0,,44935.0,,44935.0,,46722.0,,7506.0,,8740.0,,8740.0,,8740.0,,8740.0,,8740.0,,33874.0,,39543.0,,39547.0,,40042.0,,40042.0,,40223.0,,8542.0,,8542.0,,8542.0,,8542.0,,8542.0,,8542.0,,15704.0,,43332.0,,43332.0,,43332.0,,43332.0,,43332.0,
NIT,"Dr. B R Ambedkar National Institute of Technology, Jalandhar","Mechanical Engineering (4 Years, Bachelor of Technology)",OS,Female-only (including Supernumerary),40391.0,,45324.0,,45325.0,,45325.0,,45325.0,,48493.0,,5841.0,,6450.0,,6450.0,,6450.0,,6450.0,,6912.0,,17040.0,1264.0,18267.0,1586.0,18267.0,1586.0,18267.0,1586.0,18267.0,1586.0,18509.0,1586.0,7231.0,,8005.0,,8005.0,,8005.0,,8005.0,,8005.0,,3375.0,,3607.0,,3607.0,,3607.0,,3607.0,,3607.0,
NIT,"Dr. B R Ambedkar National Institute of Technology, Jalandhar","Mechanical Engineering (4 Years, Bachelor of Technology)",OS,Gender-Neutral,27699.0,1217.0,29205.0,1217.0,29205.0,1217.0,29294.0,1217.0,29663.0,1217.0,32249.0,1217.0,4200.0,202.0,4308.0,335.0,4337.0,335.0,4337.0,335.0,4379.0,335.0,4836.0,335.0,9299.0,,9710.0,,9710.0,,9710.0,,9771.0,,10357.0,,5037.0,,5569.0,,5569.0,,5569.0,,5569.0,,5678.0,,2025.0,,2027.0,,2027.0,,2027.0,,2027.0,,2096.0,
NIT,"Dr. B R Ambedkar National Institute of Technology, Jalandhar","Textile Technology (4 Years, Bachelor of Technology)",HS,Female-only (including Supernumerary),70817.0,,80506.0,,80646.0,,84724.0,,84724.0,,86890.0,,12630.0,,12630.0,,14828.0,,14828.0,,14828.0,,14828.0,,72072.0,,75560.0,,80022.0,,80022.0,,80022.0,,80022.0,,14394.0,,14889.0,,14889.0,,14889.0,,14889.0,,14889.0,,,,,,,,,,,,,
NIT,"Dr. B R Ambedkar National Institute of Technology, Jalandhar","Textile Technology (4 Years, Bachelor of Technology)",HS,Gender-Neutral,70398.0,,79551.0,,82761.0,,84867.0,,86526.0,,89077.0,,11143.0,,13118.0,,13118.0,,13532.0,,13532.0,,13676.0,,51292.0,,61456.0,,64570.0,,66698.0,,68050.0,,70356.0,,14690.0,,15052.0,,15259.0,,15259.0,,15259.0,,15333.0,,,,,,,,,,,,,
NIT,"Dr. B R Ambedkar National Institute of Technology, Jalandhar","Textile Technology (4 Years, Bachelor of Technology)",OS,Female-only (including Supernumerary),54359.0,,55026.0,,57819.0,,57819.0,,64926.0,,66731.0,,8078.0,,8919.0,,9215.0,,9215.0,,9347.0,,10009.0,,19226.0,,21701.0,,22335.0,,22335.0,,22335.0,,22723.0,,9019.0,,9505.0,,9505.0,,9505.0,,9505.0,,9780.0,,3459.0,,4876.0,,4876.0,,4876.0,,4876.0,,4876.0,
NIT,"Dr. B R Ambedkar National Institute of Technology, Jalandhar","Textile Technology (4 Years, Bachelor of Technology)",OS,Gender-Neutral,44936.0,,48829.0,,50828.0,,50828.0,,51222.0,,53700.0,,6374.0,,7114.0,,7411.0,,7411.0,,7411.0,,7651.0,,14878.0,843.0,15851.0,843.0,16183.0,843.0,16183.0,1294.0,16183.0,1294.0,17223.0,1294.0,7036.0,,8541.0,,8541.0,,8541.0,,8541.0,,8587.0,,3045.0,,3196.0,,3266.0,,3266.0,,3266.0,,3365.0,
NIT,"Indian Institute of Engineering Science and Technology, Shibpur","Aerospace Engineering (4 Years, Bachelor of Technology)",HS,Female-only (including Supernumerary),39057.0,,41437.0,,47249.0,,48328.0,,48328.0,,48328.0,,,,,,,,,,,,,,20447.0,,26630.0,,31241.0,,31241.0,,31241.0,,31241.0,,5767.0,,5767.0,,5767.0,,5767.0,,5767.0,,5767.0,,4002.0,,4002.0,,4002.0,,4002.0,,4002.0,,4002.0,
NIT,"Indian Institute of Engineering Science and Technology, Shibpur","Aerospace Engineering (4 Years, Bachelor of Technology)",HS,Gender-Neutral,27707.0,568.0,29960.0,568.0,30295.0,649.0,30295.0,649.0,31370.0,649.0,37258.0,,6103.0,438.0,9450.0,,12770.0,,14019.0,,14019.0,,14019.0,,21940.0,,26949.0,,26949.0,,26949.0,,26949.0,,26949.0,,4504.0,,6185.0,,6185.0,,6185.0,,6185.0,,6185.0,,4706.0,,4706.0,,4706.0,,4706.0,,4706.0,,4706.0,
NIT,"Indian Institute of Engineering Science and Technology, Shibpur","Aerospace Engineering (4 Years, Bachelor of Technology)",OS,Female-only (including Supernumerary),35609.0,,40579.0,,40701.0,,40701.0,,40701.0,,46348.0,,6495.0,,6495.0,,6495.0,,6495.0,,6495.0,,7391.0,,14825.0,,15839.0,,15839.0,,15839.0,,15839.0,,15970.0,,8001.0,,8001.0,,8001.0,,8001.0,,8001.0,,8001.0,,,,,,,,,,,,,
NIT,"Indian Institute of Engineering Science and Technology, Shibpur","Aerospace Engineering (4 Years, Bachelor of Technology)",OS,Gender-Neutral,20919.0,,21182.0,,21432.0,,21432.0,,21967.0,,26492.0,,3598.0,,3999.0,,3999.0,,3999.0,,3999.0,,4397.0,,8097.0,347.0,8910.0,519.0,8910.0,519.0,8910.0,519.0,8910.0,519.0,9052.0,519.0,4028.0,,4125.0,,4125.0,,4125.0,,4125.0,,4554.0,,1685.0,,2494.0,,2494.0,,2494.0,,2494.0,,2494.0,
NIT,"Indian Institute of Engineering Science and Technology, Shibpur","Architecture (5 Years, Bachelor of Architecture)",HS,Female-only (including Supernumerary),494.0,,494.0,,494.0,,494.0,,494.0,,494.0,,,,,,,,,,,,,,426.0,,907.0,,907.0,,907.0,,907.0,,907.0,,35.0,,35.0,,35.0,,35.0,,35.0,,35.0,,,,,,,,,,,,,
NIT,"Indian Institute of Engineering Science and Technology, Shibpur","Architecture (5 Years, Bachelor of Architecture)",HS,Gender-Neutral,685.0,31.0,725.0,33.0,725.0,33.0,725.0,33.0,725.0,33.0,725.0,33.0,112.0,,112.0,,112.0,,112.0,,112.0,,112.0,,781.0,,1400.0,,1595.0,,1595.0,,1595.0,,1595.0,,67.0,,67.0,,67.0,,67.0,,67.0,,67.0,,280.0,,280.0,,280.0,,280.0,,280.0,,280.0,
NIT,"Indian Institute of Engineering Science and Technology, Shibpur","Architecture (5 Years, Bachelor of Architecture)",OS,Female-only (including Supernumerary),434.0,,434.0,,434.0,,434.0,,434.0,,434.0,,,,,,,,,,,,,,184.0,,334.0,,334.0,,334.0,,334.0,,452.0,,,,,,,,,,,,,,,,,,,,,,,,,
NIT,"Indian Institute of Engineering Science and Technology, Shibpur","Architecture (5 Years, Bachelor of Architecture)",OS,Gender-Neutral,646.0,,923.0,,923.0,,923.0,,923.0,,985.0,,203.0,,317.0,,317.0,,317.0,,317.0,,317.0,,324.0,,450.0,,452.0,,452.0,,452.0,,556.0,,182.0,,251.0,,251.0,,251.0,,251.0,,269.0,,81.0,,81.0,,81.0,,81.0,,81.0,,81.0,
NIT,"Indian Institute of Engineering Science and Technology, Shibpur","Civil Engineering (4 Years, Bachelor of Technology)",HS,Female-only (including Supernumerary),55531.0,,56646.0,,56664.0,,56664.0,,56664.0,,59295.0,,17103.0,,22767.0,,22767.0,,22767.0,,22767.0,,22767.0,,34910.0,,43221.0,,45686.0,,48966.0,,48966.0,,48966.0,,9663.0,,10942.0,,10942.0,,10942.0,,10942.0,,10942.0,,10226.0,,11866.0,,11866.0,,11866.0,,11866.0,,11866.0,
NIT,"Indian Institute of Engineering Science and Technology, Shibpur","Civil Engineering (4 Years, Bachelor of Technology)",HS,Gender-Neutral,42734.0,790.0,47911.0,790.0,48845.0,790.0,48845.0,790.0,49180.0,790.0,51589.0,790.0,11540.0,,13169.0,,13709.0,,14447.0,,14447.0,,15961.0,,28602.0,,32367.0,,32576.0,,32621.0,,32621.0,,32849.0,,6164.0,,6856.0,,6856.0,,6891.0,,6891.0,,7209.0,,7143.0,,7500.0,,7500.0,,7500.0,,7500.0,,7500.0,
NIT,"Indian Institute of Engineering Science and Technology, Shibpur","Civil Engineering (4 Years, Bachelor of Technology)",OS,Female-only (including Supernumerary),52725.0,,59625.0,,61569.0,,64982.0,,65601.0,,68163.0,,8013.0,,9140.0,,9237.0,,9237.0,,9696.0,,9823.0,,19990.0,1550.0,23485.0,1755.0,23632.0,,23632.0,,23838.0,,25125.0,,9500.0,,9982.0,,10338.0,,10338.0,,10338.0,,10338.0,,3985.0,,4338.0,,4338.0,,4338.0,,4338.0,,4338.0,
NIT,"Indian Institute of Engineering Science and Technology, Shibpur","Civil Engineering (4 Years, Bachelor of Technology)",OS,Gender-Neutral,45283.0,2208.0,48847.0,2831.0,48997.0,2945.0,49391.0,2945.0,49739.0,2945.0,53728.0,2945.0,6887.0,,7141.0,,7357.0,,7393.0,,7435.0,,8005.0,,15003.0,,15806.0,,16323.0,,16433.0,,16644.0,,18089.0,,7749.0,,8192.0,,8192.0,,8192.0,,8204.0,,8541.0,,2570.0,,2739.0,,2739.0,,2739.0,,2739.0,,2739.0,
NIT,"Indian Institute of Engineering Science and Technology, Shibpur","Computer Science and Engineering (4 Years, Bachelor of Technology)",HS,Female-only (including Supernumerary),20104.0,,22836.0,,22836.0,,22836.0,,22836.0,,22836.0,,5781.0,,11257.0,,11257.0,,11257.0,,11257.0,,11257.0,,14611.0,1136.0,20269.0,,21731.0,,21731.0,,21731.0,,21731.0,,1284.0,,1284.0,,1284.0,,1284.0,,1284.0,,1284.0,,2200.0,,2200.0,,2200.0,,2200.0,,2200.0,,2200.0,
NIT,"Indian Institute of Engineering Science and Technology, Shibpur","Computer Science and Engineering (4 Years, Bachelor of Technology)",HS,Gender-Neutral,13881.0,464.0,15006.0,464.0,15329.0,464.0,15329.0,464.0,15504.0,464.0,16576.0,464.0,3532.0,,5028.0,,5028.0,,5028.0,,5028.0,,6606.0,,8426.0,,9867.0,,11134.0,,11134.0,,11134.0,,11134.0,,1748.0,,2789.0,,2789.0,,2821.0,,2821.0,,2831.0,,3220.0,,3283.0,,3283.0,,3283.0,,3283.0,,3283.0,
NIT,"Indian Institute of Engineering Science and Technology, Shibpur","Computer Science and Engineering (4 Years, Bachelor of Technology)",OS,Female-only (including Supernumerary),24192.0,,24622.0,,24622.0,,24622.0,,24622.0,,26020.0,,3817.0,,3817.0,,3817.0,,3817.0,,3817.0,,3817.0,,10045.0,,11392.0,,11392.0,,11392.0,,11392.0,,11392.0,,4273.0,,4273.0,,4273.0,,4273.0,,4273.0,,4273.0,,1824.0,,1824.0,,1824.0,,1824.0,,1824.0,,1824.0,
NIT,"Indian Institute of Engineering Science and Technology, Shibpur","Computer Science and Engineering (4 Years, Bachelor of Technology)",OS,Gender-Neutral,14316.0,364.0,14595.0,621.0,14958.0,795.0,14958.0,795.0,15167.0,795.0,16765.0,795.0,2116.0,,2236.0,,2236.0,,2236.0,,2236.0,,2366.0,,5356.0,,5730.0,,5730.0,,5730.0,,5790.0,,5990.0,,2703.0,182.0,2762.0,287.0,2863.0,,2863.0,,2863.0,,2871.0,,1150.0,,1567.0,,1567.0,,1567.0,,1567.0,,1567.0,
NIT,"Indian Institute of Engineering Science and Technology, Shibpur","Electrical Engineering (4 Years, Bachelor of Technology)",HS,Female-only (including Supernumerary),32445.0,,35145.0,,35299.0,,35299.0,,35299.0,,35299.0,,11257.0,,14943.0,,15100.0,,15100.0,,15100.0,,15100.0,,22306.0,,29812.0,,29812.0,,29812.0,,29812.0,,29812.0,,3979.0,,6016.0,,6016.0,,6016.0,,6016.0,,6016.0,,4065.0,,4065.0,,4065.0,,4065.0,,4065.0,,4065.0,
NIT,"Indian Institute of Engineering Science and Technology, Shibpur","Electrical Engineering (4 Years, Bachelor of Technology)",HS,Gender-Neutral,22478.0,726.0,25035.0,726.0,25111.0,726.0,25111.0,726.0,25111.0,726.0,25950.0,726.0,6851.0,,8277.0,,9191.0,,9191.0,,9191.0,,9524.0,,17777.0,,19274.0,,19274.0,,19274.0,,19274.0,,19438.0,,3339.0,,4148.0,,4307.0,,4307.0,,4307.0,,4308.0,,5519.0,,5519.0,,5519.0,,5519.0,,5519.0,,5519.0,
NIT,"Indian Institute of Engineering Science and Technology, Shibpur","Electrical Engineering (4 Years, Bachelor of Technology)",OS,Female-only (including Supernumerary),42229.0,,43811.0,,44380.0,,44410.0,,47592.0,,47908.0,,6022.0,,6185.0,,6185.0,,6943.0,,6943.0,,6943.0,,15115.0,1529.0,16496.0,1701.0,16496.0,1755.0,16496.0,1755.0,17107.0,1755.0,17107.0,1755.0,7053.0,,7053.0,,7053.0,,7053.0,,7053.0,,7053.0,,3768.0,,4294.0,,4294.0,,4294.0,,4294.0,,4294.0,
NIT,"Indian Institute of Engineering Science and Technology, Shibpur","Electrical Engineering (4 Years, Bachelor of Technology)",OS,Gender-Neutral,26800.0,1488.0,28242.0,2070.0,28608.0,2208.0,28854.0,2208.0,28854.0,2208.0,30994.0,2208.0,4520.0,,4521.0,,4538.0,,4538.0,,4538.0,,4704.0,,8910.0,,9285.0,,9287.0,,9287.0,,9287.0,,9808.0,,5523.0,,6047.0,,6047.0,,6047.0,,6047.0,,6310.0,,2302.0,,2447.0,,2447.0,,2506.0,,2506.0,,2506.0,
NIT,"Indian Institute of Engineering Science and Technology, Shibpur","Electronics and Telecommunication Engineering (4 Years, Bachelor of Technology)",HS,Female-only (including Supernumerary),26104.0,,29132.0,,29132.0,,29132.0,,29132.0,,29132.0,,7300.0,,13775.0,,13775.0,,13775.0,,13775.0,,13775.0,,10128.0,,24866.0,,24866.0,,24866.0,,24866.0,,24866.0,,3446.0,,3446.0,,3446.0,,3446.0,,3446.0,,3446.0,,10061.0,,10806.0,,10806.0,,10806.0,,10806.0,,10806.0,
NIT,"Indian Institute of Engineering Science and Technology, Shibpur","Electronics and Telecommunication Engineering (4 Years, Bachelor of Technology)",HS,Gender-Neutral,20238.0,,21718.0,,21725.0,,21725.0,,21725.0,,23027.0,,5028.0,,7529.0,,7529.0,,7529.0,,7529.0,,10638.0,,15339.0,,16334.0,,16334.0,,16334.0,,16334.0,,16531.0,,2797.0,,3197.0,,3339.0,,3339.0,,3339.0,,3461.0,,5453.0,,5453.0,,5453.0,,5453.0,,5453.0,,5453.0,
NIT,"Indian Institute of Engineering Science and Technology, Shibpur","Electronics and Telecommunication Engineering (4 Years, Bachelor of Technology)",OS,Female-only (including Supernumerary),31580.0,,31580.0,,31580.0,,33620.0,,33620.0,,36253.0,,5407.0,,6022.0,,6022.0,,6022.0,,6022.0,,6036.0,,14575.0,,15115.0,,15115.0,,15115.0,,15115.0,,15115.0,,6084.0,,6084.0,,6084.0,,6084.0,,6084.0,,6084.0,,,,,,,,,,,,,
NIT,"Indian Institute of Engineering Science and Technology, Shibpur","Electronics and Telecommunication Engineering (4 Years, Bachelor of Technology)",OS,Gender-Neutral,20619.0,1221.0,21989.0,1221.0,21989.0,1221.0,21989.0,1221.0,21989.0,1221.0,22917.0,1221.0,3112.0,,3112.0,,3112.0,,3112.0,,3112.0,,3560.0,,7405.0,685.0,7765.0,685.0,7900.0,685.0,7900.0,685.0,7900.0,685.0,8146.0,685.0,4416.0,,5220.0,,5220.0,,5220.0,,5220.0,,5473.0,,2052.0,,2202.0,,2337.0,,2337.0,,2337.0,,2337.0,
NIT,"Indian Institute of Engineering Science and Technology, Shibpur","Information Technology (4 Years, Bachelor of Technology)",HS,Female-only (including Supernumerary),26711.0,,28379.0,,30280.0,,30280.0,,30280.0,,30280.0,,6584.0,,12454.0,,12454.0,,12454.0,,12454.0,,12454.0,,20269.0,,22386.0,,26630.0,,26630.0,,26630.0,,26630.0,,3826.0,,3826.0,,3826.0,,3826.0,,3826.0,,3826.0,,4982.0,,4982.0,,4982.0,,4982.0,,4982.0,,4982.0,
NIT,"Indian Institute of Engineering Science and Technology, Shibpur","Information Technology (4 Years, Bachelor of Technology)",HS,Gender-Neutral,20224.0,451.0,20725.0,451.0,21092.0,451.0,21092.0,451.0,21256.0,451.0,23059.0,451.0,4613.0,,7016.0,,7016.0,,7016.0,,7016.0,,7529.0,,15008.0,915.0,15692.0,915.0,15692.0,915.0,15692.0,915.0,15692.0,915.0,15692.0,915.0,2789.0,,3276.0,,3276.0,,3276.0,,3276.0,,3276.0,,4097.0,,4097.0,,4097.0,,4097.0,,4097.0,,4097.0,
NIT,"Indian Institute of Engineering Science and Technology, Shibpur","Information Technology (4 Years, Bachelor of Technology)",OS,Female-only (including Supernumerary),28131.0,,30050.0,,30050.0,,30050.0,,30050.0,,31255.0,,4294.0,,4509.0,,4509.0,,4509.0,,4904.0,,5218.0,,11392.0,,12375.0,,12375.0,,12375.0,,12375.0,,12375.0,,4803.0,,4803.0,,4803.0,,4803.0,,4803.0,,4803.0,,2011.0,,2709.0,,2709.0,,2709.0,,2709.0,,2709.0,
NIT,"Indian Institute of Engineering Science and Technology, Shibpur","Information Technology (4 Years, Bachelor of Technology)",OS,Gender-Neutral,17641.0,795.0,18399.0,795.0,18399.0,911.0,18399.0,911.0,18786.0,911.0,19531.0,911.0,2605.0,,2725.0,,2725.0,,2725.0,,2725.0,,2785.0,,6080.0,424.0,6570.0,424.0,6570.0,424.0,6570.0,424.0,6570.0,424.0,6823.0,424.0,3419.0,,3983.0,,4056.0,,4056.0,,4056.0,,4304.0,,1800.0,,2052.0,,2052.0,,2052.0,,2052.0,,2052.0,
NIT,"Indian Institute of Engineering Science and Technology, Shibpur","Mechanical Engineering (4 Years, Bachelor of Technology)",HS,Female-only (including Supernumerary),40617.0,,45156.0,,48925.0,,49955.0,,49955.0,,49994.0,,13775.0,,20173.0,,20305.0,,20305.0,,20305.0,,20305.0,,26660.0,,34141.0,,34141.0,,34141.0,,34141.0,,34141.0,,8713.0,,8725.0,,8725.0,,8725.0,,8725.0,,8725.0,,8770.0,,8770.0,,8770.0,,8770.0,,8770.0,,8770.0,
NIT,"Indian Institute of Engineering Science and Technology, Shibpur","Mechanical Engineering (4 Years, Bachelor of Technology)",HS,Gender-Neutral,30378.0,334.0,32688.0,334.0,34817.0,334.0,34817.0,334.0,35204.0,334.0,36581.0,334.0,8397.0,,10036.0,,10638.0,,11085.0,,11085.0,,12340.0,,23102.0,,25222.0,,25222.0,,25222.0,,25222.0,,25930.0,,5146.0,,5274.0,,5274.0,,5274.0,,5500.0,,5586.0,,5872.0,,5923.0,,5923.0,,5923.0,,5923.0,,5923.0,
NIT,"Indian Institute of Engineering Science and Technology, Shibpur","Mechanical Engineering (4 Years, Bachelor of Technology)",OS,Female-only (including Supernumerary),49936.0,,50846.0,,50846.0,,50846.0,,50846.0,,56788.0,,7891.0,,8013.0,,8013.0,,8013.0,,8013.0,,8613.0,,18767.0,,20714.0,,21724.0,,21724.0,,21766.0,,23054.0,,8471.0,,9500.0,,9500.0,,9500.0,,9500.0,,10318.0,,,,,,,,,,,,,
NIT,"Indian Institute of Engineering Science and Technology, Shibpur","Mechanical Engineering (4 Years, Bachelor of Technology)",OS,Gender-Neutral,33765.0,1786.0,37356.0,2208.0,37559.0,3780.0,37559.0,3780.0,37559.0,3780.0,39236.0,3780.0,5212.0,,5478.0,,5549.0,,5549.0,,5549.0,,6054.0,,11345.0,,12217.0,,12279.0,,12279.0,,12346.0,,13562.0,,6195.0,,6585.0,,6637.0,,6702.0,,6702.0,,6724.0,,2447.0,,2518.0,,2518.0,,2518.0,,2817.0,,2911.0,
NIT,"Indian Institute of Engineering Science and Technology, Shibpur","Metallurgy and Materials Engineering (4 Years, Bachelor of Technology)",HS,Female-only (including Supernumerary),48328.0,,54594.0,,55531.0,,55531.0,,55531.0,,64130.0,,17983.0,,24370.0,,25880.0,,25880.0,,25880.0,,25880.0,,28038.0,,31241.0,,38708.0,,42989.0,,42989.0,,42989.0,,8725.0,,10713.0,,10713.0,,10713.0,,10713.0,,10713.0,,,,,,,,,,,,,
NIT,"Indian Institute of Engineering Science and Technology, Shibpur","Metallurgy and Materials Engineering (4 Years, Bachelor of Technology)",HS,Gender-Neutral,41629.0,649.0,45449.0,649.0,45661.0,,45661.0,,45661.0,,52169.0,,11085.0,,12613.0,,12613.0,,13169.0,,13169.0,,15396.0,,29047.0,,31835.0,,32087.0,,32087.0,,32087.0,,32087.0,,7244.0,,7377.0,,7377.0,,7377.0,,7979.0,,7979.0,,7536.0,,7536.0,,7536.0,,7536.0,,7536.0,,7536.0,
NIT,"Indian Institute of Engineering Science and Technology, Shibpur","Metallurgy and Materials Engineering (4 Years, Bachelor of Technology)",OS,Female-only (including Supernumerary),56788.0,,61580.0,,61580.0,,61580.0,,61580.0,,67644.0,,,,,,,,,,,,,,20717.0,,21891.0,,21891.0,,21891.0,,21891.0,,24682.0,,9903.0,,10522.0,,10522.0,,10522.0,,10522.0,,10522.0,,4453.0,,4453.0,,4453.0,,4453.0,,4453.0,,4453.0,
NIT,"Indian Institute of Engineering Science and Technology, Shibpur","Metallurgy and Materials Engineering (4 Years, Bachelor of Technology)",OS,Gender-Neutral,47630.0,2490.0,49719.0,3676.0,50304.0,3875.0,50476.0,3875.0,50569.0,3875.0,53570.0,3875.0,7205.0,,7600.0,,7704.0,,7753.0,,7830.0,,8210.0,,15507.0,,16179.0,,16535.0,,17129.0,,17331.0,,18309.0,,8042.0,,9010.0,,9124.0,,9124.0,,9124.0,,9124.0,,2872.0,,3171.0,,3171.0,,3171.0,,3171.0,,3388.0,
NIT,"Indian Institute of Engineering Science and Technology, Shibpur","Mining Engineering (4 Years, Bachelor of Technology)",HS,Female-only (including Supernumerary),60549.0,,64130.0,,64130.0,,64130.0,,64130.0,,65203.0,,,,,,,,,,,,,,31241.0,,42989.0,,42989.0,,50210.0,,50210.0,,50210.0,,9875.0,,11171.0,,11171.0,,11171.0,,11171.0,,11559.0,,11866.0,,12041.0,,12041.0,,12041.0,,12041.0,,12041.0,
NIT,"Indian Institute of Engineering Science and Technology, Shibpur","Mining Engineering (4 Years, Bachelor of Technology)",HS,Gender-Neutral,48337.0,,51589.0,,51940.0,,52797.0,,53638.0,,56695.0,,13068.0,,14019.0,,14980.0,,15922.0,,15944.0,,16973.0,,30258.0,,33912.0,,34895.0,,34954.0,,34954.0,,34954.0,,8385.0,,8913.0,,8913.0,,8913.0,,9095.0,,9095.0,,7397.0,,9900.0,,9900.0,,9900.0,,9900.0,,9900.0,
NIT,"Indian Institute of Engineering Science and Technology, Shibpur","Mining Engineering (4 Years, Bachelor of Technology)",OS,Female-only (including Supernumerary),59625.0,,65601.0,,67628.0,,68692.0,,68692.0,,69633.0,,,,,,,,,,,,,,21343.0,,24074.0,,24814.0,,24814.0,,25370.0,,25379.0,,,,,,,,,,,,,,,,,,,,,,,,,
NIT,"Indian Institute of Engineering Science and Technology, Shibpur","Mining Engineering (4 Years, Bachelor of Technology)",OS,Gender-Neutral,48578.0,,51220.0,,53755.0,,54251.0,,54251.0,,58114.0,,7514.0,,7583.0,,7830.0,,7951.0,,7990.0,,8460.0,,16179.0,,17526.0,,17526.0,,17526.0,,17526.0,,18564.0,,8192.0,,8972.0,,9318.0,,9318.0,,9350.0,,9501.0,,2817.0,,3209.0,,3209.0,,3209.0,,3209.0,,3348.0,
NIT,Malaviya National Institute of Technology Jaipur,"Architecture (5 Years, Bachelor of Architecture)",HS,Female-only (including Supernumerary),744.0,,744.0,,891.0,,891.0,,891.0,,891.0,,,,,,,,,,,,,,648.0,,648.0,,772.0,,772.0,,772.0,,772.0,,267.0,,267.0,,267.0,,267.0,,267.0,,267.0,,24.0,,195.0,,195.0,,195.0,,195.0,,195.0,
NIT,Malaviya National Institute of Technology Jaipur,"Architecture (5 Years, Bachelor of Architecture)",HS,Gender-Neutral,1481.0,,1614.0,,1615.0,,1615.0,,1615.0,,1983.0,,758.0,,934.0,,934.0,,934.0,,934.0,,970.0,,824.0,,1052.0,,1419.0,,1544.0,,1569.0,,1569.0,,446.0,,527.0,,574.0,,574.0,,574.0,,574.0,,135.0,,322.0,,322.0,,322.0,,322.0,,322.0,
NIT,Malaviya National Institute of Technology Jaipur,"Architecture (5 Years, Bachelor of Architecture)",OS,Female-only (including Supernumerary),394.0,,394.0,,394.0,,394.0,,394.0,,394.0,,77.0,,81.0,,81.0,,81.0,,81.0,,81.0,,298.0,,298.0,,298.0,,298.0,,298.0,,298.0,,80.0,,95.0,,95.0,,95.0,,95.0,,95.0,,83.0,,87.0,,87.0,,87.0,,87.0,,87.0,
NIT,Malaviya National Institute of Technology Jaipur,"Architecture (5 Years, Bachelor of Architecture)",OS,Gender-Neutral,525.0,98.0,608.0,,612.0,,612.0,,612.0,,647.0,,145.0,,217.0,,217.0,,217.0,,217.0,,237.0,,337.0,,415.0,,415.0,,415.0,,415.0,,415.0,,124.0,,183.0,,183.0,,183.0,,183.0,,201.0,,64.0,,110.0,,110.0,,110.0,,110.0,,110.0,
NIT,Malaviya National Institute of Technology Jaipur,"Artificial Intelligence and Data Engineering (4 Years, Bachelor of Technology)",HS,Female-only (including Supernumerary),,,,,,,,,,,,,1373.0,,1544.0,,1544.0,,1544.0,,1544.0,,1544.0,,4556.0,,4556.0,,5444.0,,5444.0,,5444.0,,5722.0,,456.0,,456.0,,456.0,,456.0,,456.0,,456.0,,700.0,,700.0,,700.0,,700.0,,700.0,,700.0,
NIT,Malaviya National Institute of Technology Jaipur,"Artificial Intelligence and Data Engineering (4 Years, Bachelor of Technology)",HS,Gender-Neutral,6225.0,,6393.0,,6393.0,,6393.0,,6393.0,,6433.0,,820.0,,820.0,,820.0,,1027.0,,1027.0,,1027.0,,2228.0,,2335.0,,2335.0,,2335.0,,2359.0,,2359.0,,1369.0,,1399.0,,1399.0,,1399.0,,1399.0,,1399.0,,471.0,,471.0,,471.0,,471.0,,471.0,,471.0,
NIT,Malaviya National Institute of Technology Jaipur,"Artificial Intelligence and Data Engineering (4 Years, Bachelor of Technology)",OS,Female-only (including Supernumerary),9274.0,,9766.0,,9766.0,,9766.0,,11881.0,,11881.0,,1596.0,,1596.0,,1596.0,,1596.0,,1596.0,,1596.0,,3526.0,,3526.0,,3526.0,,3526.0,,3526.0,,3526.0,,1128.0,,1128.0,,1128.0,,1128.0,,1128.0,,1128.0,,,,,,,,,,,,,
NIT,Malaviya National Institute of Technology Jaipur,"Artificial Intelligence and Data Engineering (4 Years, Bachelor of Technology)",OS,Gender-Neutral,5555.0,,5700.0,,5700.0,,5700.0,,5700.0,,6491.0,,799.0,,799.0,,799.0,,799.0,,799.0,,799.0,,2090.0,,2259.0,,2508.0,,2508.0,,2508.0,,2522.0,,1180.0,,1180.0,,1180.0,,1180.0,,1180.0,,1244.0,,456.0,,456.0,,456.0,,456.0,,456.0,,456.0,
NIT,Malaviya National Institute of Technology Jaipur,"Chemical Engineering (4 Years, Bachelor of Technology)",HS,Female-only (including Supernumerary),28752.0,,32446.0,,32446.0,,32446.0,,32446.0,,32446.0,,4503.0,,4503.0,,4503.0,,4503.0,,4503.0,,4503.0,,12470.0,,13276.0,,13276.0,,13276.0,,13276.0,,13276.0,,6890.0,,7787.0,,7787.0,,7787.0,,7787.0,,7787.0,,1144.0,,1144.0,,1144.0,,1144.0,,1144.0,,1144.0,
NIT,Malaviya National Institute of Technology Jaipur,"Chemical Engineering (4 Years, Bachelor of Technology)",HS,Gender-Neutral,24351.0,1577.0,24624.0,1686.0,25061.0,1686.0,25250.0,1686.0,25250.0,1686.0,26449.0,1686.0,3615.0,233.0,3663.0,378.0,3663.0,378.0,3663.0,378.0,3663.0,378.0,3918.0,378.0,8302.0,699.0,9233.0,829.0,9233.0,1051.0,9233.0,1051.0,9233.0,1051.0,9370.0,1051.0,4599.0,,4887.0,,5369.0,,5369.0,,5369.0,,5369.0,,1727.0,,1795.0,,1795.0,,1795.0,,1795.0,,1899.0,
NIT,Malaviya National Institute of Technology Jaipur,"Chemical Engineering (4 Years, Bachelor of Technology)",OS,Female-only (including Supernumerary),32097.0,,33367.0,,33367.0,,33367.0,,33492.0,,33976.0,,4937.0,,4937.0,,4937.0,,4937.0,,4937.0,,4937.0,,14384.0,,15201.0,,15201.0,,16189.0,,16189.0,,16976.0,,6251.0,,7889.0,,7889.0,,7889.0,,7889.0,,7889.0,,2686.0,,3240.0,,3240.0,,3240.0,,3240.0,,3240.0,
NIT,Malaviya National Institute of Technology Jaipur,"Chemical Engineering (4 Years, Bachelor of Technology)",OS,Gender-Neutral,22258.0,1075.0,22608.0,1075.0,22886.0,1075.0,22886.0,1075.0,23040.0,1075.0,25442.0,1075.0,3783.0,,3930.0,,3930.0,,3930.0,,3930.0,,4006.0,,8232.0,541.0,8298.0,840.0,8298.0,840.0,8298.0,840.0,8298.0,840.0,9129.0,840.0,4584.0,,5009.0,,5009.0,,5009.0,,5009.0,,5172.0,,2331.0,,2618.0,,2618.0,,2618.0,,2618.0,,2681.0,
NIT,Malaviya National Institute of Technology Jaipur,"Civil Engineering (4 Years, Bachelor of Technology)",HS,Female-only (including Supernumerary),35777.0,,40799.0,,40799.0,,40799.0,,40799.0,,40799.0,,6659.0,,6659.0,,6659.0,,6659.0,,6659.0,,6659.0,,11657.0,,14747.0,,14747.0,,14747.0,,14747.0,,14747.0,,6826.0,,6890.0,,6890.0,,6890.0,,6890.0,,6890.0,,772.0,,772.0,,772.0,,772.0,,772.0,,772.0,
NIT,Malaviya National Institute of Technology Jaipur,"Civil Engineering (4 Years, Bachelor of Technology)",HS,Gender-Neutral,27034.0,499.0,28260.0,499.0,28260.0,499.0,28260.0,499.0,28260.0,499.0,28717.0,499.0,4031.0,,4254.0,,4254.0,,4254.0,,4254.0,,4601.0,,9116.0,,9829.0,,9829.0,,9829.0,,9829.0,,9900.0,,4123.0,181.0,4506.0,181.0,4506.0,181.0,4506.0,181.0,4506.0,181.0,4506.0,181.0,329.0,,484.0,,484.0,,484.0,,484.0,,484.0,
NIT,Malaviya National Institute of Technology Jaipur,"Civil Engineering (4 Years, Bachelor of Technology)",OS,Female-only (including Supernumerary),43151.0,,46438.0,,47592.0,,47592.0,,48097.0,,49219.0,,6185.0,,7659.0,,7659.0,,7659.0,,7659.0,,7659.0,,15276.0,,15399.0,,16562.0,,16562.0,,16562.0,,19632.0,,7109.0,,7499.0,,7499.0,,7499.0,,7499.0,,7499.0,,2240.0,,2686.0,,2686.0,,2686.0,,2686.0,,2686.0,
NIT,Malaviya National Institute of Technology Jaipur,"Civil Engineering (4 Years, Bachelor of Technology)",OS,Gender-Neutral,30890.0,832.0,32228.0,832.0,32400.0,832.0,32557.0,832.0,33416.0,832.0,35746.0,832.0,4462.0,268.0,4708.0,279.0,4796.0,279.0,5016.0,279.0,5061.0,279.0,5462.0,279.0,10202.0,,10343.0,,10422.0,,10422.0,,10441.0,,11115.0,,4645.0,82.0,4775.0,82.0,4775.0,82.0,4775.0,82.0,4775.0,82.0,4775.0,82.0,1907.0,,1907.0,,1907.0,,1907.0,,1907.0,,2058.0,
NIT,Malaviya National Institute of Technology Jaipur,"Computer Science and Engineering (4 Years, Bachelor of Technology)",HS,Female-only (including Supernumerary),9393.0,,10065.0,,10065.0,,10065.0,,10065.0,,10065.0,,1346.0,,1346.0,,1346.0,,1346.0,,1346.0,,1346.0,,3752.0,,3752.0,,3752.0,,3752.0,,3752.0,,3752.0,,2196.0,,2196.0,,2196.0,,2196.0,,2196.0,,2196.0,,693.0,,693.0,,693.0,,693.0,,693.0,,693.0,
NIT,Malaviya National Institute of Technology Jaipur,"Computer Science and Engineering (4 Years, Bachelor of Technology)",HS,Gender-Neutral,5629.0,396.0,5769.0,396.0,5769.0,396.0,5862.0,396.0,5876.0,396.0,6013.0,396.0,766.0,98.0,766.0,98.0,766.0,98.0,820.0,98.0,820.0,98.0,820.0,98.0,1820.0,199.0,1922.0,199.0,1922.0,199.0,1922.0,199.0,1922.0,199.0,1922.0,199.0,1272.0,,1369.0,,1369.0,,1369.0,,1369.0,,1369.0,,358.0,,358.0,,358.0,,358.0,,358.0,,358.0,
NIT,Malaviya National Institute of Technology Jaipur,"Computer Science and Engineering (4 Years, Bachelor of Technology)",OS,Female-only (including Supernumerary),8485.0,130.0,8485.0,130.0,8485.0,130.0,8485.0,130.0,8485.0,130.0,8485.0,130.0,1044.0,,1044.0,,1044.0,,1044.0,,1044.0,,1044.0,,3427.0,,3427.0,,3427.0,,3427.0,,3427.0,,3427.0,,995.0,,995.0,,995.0,,995.0,,995.0,,995.0,,519.0,,656.0,,656.0,,656.0,,656.0,,656.0,
NIT,Malaviya National Institute of Technology Jaipur,"Computer Science and Engineering (4 Years, Bachelor of Technology)",OS,Gender-Neutral,4748.0,138.0,4910.0,138.0,5179.0,138.0,5179.0,138.0,5179.0,138.0,5601.0,138.0,647.0,,652.0,,666.0,,666.0,,667.0,,704.0,,1997.0,74.0,2008.0,74.0,2008.0,74.0,2008.0,74.0,2008.0,74.0,2102.0,74.0,877.0,34.0,939.0,55.0,939.0,55.0,939.0,55.0,939.0,55.0,1071.0,55.0,393.0,,393.0,,393.0,,393.0,,393.0,,393.0,
NIT,Malaviya National Institute of Technology Jaipur,"Electrical Engineering (4 Years, Bachelor of Technology)",HS,Female-only (including Supernumerary),21027.0,1451.0,21027.0,1451.0,21027.0,1451.0,21027.0,1451.0,21027.0,1451.0,21551.0,1451.0,3185.0,,3185.0,,3185.0,,3185.0,,3185.0,,3209.0,,9442.0,,9442.0,,9442.0,,9442.0,,9442.0,,9442.0,,3980.0,,3980.0,,3980.0,,3980.0,,3980.0,,3980.0,,1514.0,,1568.0,,1568.0,,1568.0,,1568.0,,1568.0,
NIT,Malaviya National Institute of Technology Jaipur,"Electrical Engineering (4 Years, Bachelor of Technology)",HS,Gender-Neutral,12712.0,,12712.0,,12784.0,,12807.0,,13061.0,,14240.0,,1863.0,,1928.0,,1949.0,,1949.0,,1949.0,,2233.0,,4438.0,133.0,5056.0,133.0,5056.0,133.0,5056.0,133.0,5056.0,133.0,5173.0,133.0,2661.0,68.0,2820.0,166.0,2820.0,166.0,2820.0,166.0,2820.0,166.0,2835.0,166.0,712.0,,722.0,,722.0,,722.0,,722.0,,722.0,
NIT,Malaviya National Institute of Technology Jaipur,"Electrical Engineering (4 Years, Bachelor of Technology)",OS,Female-only (including Supernumerary),20965.0,,23252.0,,23252.0,,23252.0,,23292.0,,23400.0,,3407.0,,3407.0,,3407.0,,3407.0,,3407.0,,3407.0,,9590.0,,9891.0,,9891.0,,9891.0,,9891.0,,9891.0,,4746.0,,4746.0,,4746.0,,4746.0,,4746.0,,5183.0,,2165.0,,2398.0,,2398.0,,2398.0,,2398.0,,2398.0,
NIT,Malaviya National Institute of Technology Jaipur,"Electrical Engineering (4 Years, Bachelor of Technology)",OS,Gender-Neutral,12061.0,630.0,12608.0,1057.0,12608.0,1057.0,12608.0,1057.0,12731.0,1057.0,14665.0,1057.0,1813.0,,1917.0,,1917.0,,1942.0,,2015.0,,2074.0,,4919.0,361.0,5053.0,507.0,5053.0,507.0,5053.0,507.0,5097.0,507.0,5097.0,507.0,2664.0,,2833.0,,2833.0,,2833.0,,2833.0,,2833.0,,1039.0,,1420.0,,1420.0,,1420.0,,1420.0,,1447.0,
NIT,Malaviya National Institute of Technology Jaipur,"Electronics and Communication Engineering (4 Years, Bachelor of Technology)",HS,Female-only (including Supernumerary),16938.0,1246.0,16938.0,1246.0,16938.0,1246.0,16938.0,1246.0,16938.0,1246.0,17818.0,1246.0,2501.0,,2501.0,,2501.0,,2501.0,,2501.0,,2501.0,,5997.0,,7288.0,,7288.0,,7288.0,,7288.0,,7920.0,,3883.0,,3883.0,,3883.0,,3883.0,,3883.0,,3883.0,,1450.0,,1450.0,,1450.0,,1450.0,,1450.0,,1450.0,
NIT,Malaviya National Institute of Technology Jaipur,"Electronics and Communication Engineering (4 Years, Bachelor of Technology)",HS,Gender-Neutral,9900.0,,10018.0,,10018.0,,10018.0,,10018.0,,10539.0,,1355.0,,1392.0,,1392.0,,1392.0,,1392.0,,1463.0,,3446.0,571.0,3493.0,571.0,3493.0,571.0,3493.0,571.0,3493.0,571.0,3569.0,571.0,2094.0,,2140.0,,2140.0,,2140.0,,2140.0,,2315.0,,580.0,,580.0,,580.0,,580.0,,580.0,,580.0,
NIT,Malaviya National Institute of Technology Jaipur,"Electronics and Communication Engineering (4 Years, Bachelor of Technology)",OS,Female-only (including Supernumerary),13410.0,1187.0,14248.0,1187.0,14248.0,1187.0,14248.0,1187.0,14248.0,1187.0,15895.0,1187.0,2132.0,,2132.0,,2132.0,,2132.0,,2132.0,,2445.0,,6233.0,,6233.0,,6233.0,,6233.0,,6233.0,,6233.0,,2422.0,,2422.0,,2422.0,,2422.0,,2422.0,,2422.0,,1064.0,,1064.0,,1064.0,,1064.0,,1064.0,,1064.0,
NIT,Malaviya National Institute of Technology Jaipur,"Electronics and Communication Engineering (4 Years, Bachelor of Technology)",OS,Gender-Neutral,8614.0,,8821.0,,8821.0,,8821.0,,8990.0,,9667.0,,1299.0,66.0,1367.0,89.0,1367.0,89.0,1367.0,89.0,1367.0,89.0,1399.0,89.0,3535.0,90.0,3702.0,90.0,3702.0,90.0,3702.0,90.0,3712.0,90.0,3714.0,90.0,2049.0,,2150.0,,2150.0,,2150.0,,2150.0,,2168.0,,648.0,,648.0,,648.0,,648.0,,648.0,,648.0,
NIT,Malaviya National Institute of Technology Jaipur,"Mechanical Engineering (4 Years, Bachelor of Technology)",HS,Female-only (including Supernumerary),26463.0,,27271.0,,27271.0,,27271.0,,27271.0,,33142.0,,4915.0,,4915.0,,4915.0,,4915.0,,4915.0,,4915.0,,12497.0,,12497.0,,12497.0,,12497.0,,12497.0,,12497.0,,7041.0,,7041.0,,7041.0,,7041.0,,7041.0,,7041.0,,1731.0,,2015.0,,2727.0,,2727.0,,2727.0,,2727.0,
NIT,Malaviya National Institute of Technology Jaipur,"Mechanical Engineering (4 Years, Bachelor of Technology)",HS,Gender-Neutral,19096.0,1308.0,19423.0,1308.0,19423.0,1308.0,19545.0,1308.0,19545.0,1308.0,19756.0,1308.0,2842.0,,2873.0,,2975.0,,3040.0,,3040.0,,3049.0,,7080.0,547.0,7253.0,659.0,7253.0,659.0,7253.0,659.0,7253.0,659.0,7279.0,659.0,3551.0,,4292.0,,4292.0,,4292.0,,4292.0,,4292.0,,1051.0,,1092.0,,1092.0,,1092.0,,1092.0,,1092.0,
NIT,Malaviya National Institute of Technology Jaipur,"Mechanical Engineering (4 Years, Bachelor of Technology)",OS,Female-only (including Supernumerary),31262.0,,31262.0,,31262.0,,31262.0,,31532.0,,33767.0,,5284.0,,5434.0,,5434.0,,5434.0,,5434.0,,5705.0,,14204.0,,15132.0,,15399.0,,15399.0,,16086.0,,16428.0,,5300.0,,6644.0,,6644.0,,6644.0,,6644.0,,6644.0,,2777.0,,2777.0,,2777.0,,2777.0,,2777.0,,2777.0,
NIT,Malaviya National Institute of Technology Jaipur,"Mechanical Engineering (4 Years, Bachelor of Technology)",OS,Gender-Neutral,17685.0,1006.0,18935.0,1006.0,19094.0,1006.0,19231.0,1006.0,19337.0,1006.0,20213.0,1006.0,2750.0,256.0,2898.0,256.0,2898.0,256.0,2898.0,256.0,2898.0,256.0,3269.0,256.0,6869.0,,7244.0,,7244.0,,7244.0,,7244.0,,7694.0,,3683.0,306.0,3683.0,306.0,3703.0,306.0,3703.0,306.0,3703.0,306.0,3703.0,306.0,1578.0,,1578.0,,1578.0,,1578.0,,1578.0,,1578.0,
NIT,Malaviya National Institute of Technology Jaipur,"Metallurgical and Materials Engineering (4 Years, Bachelor of Technology)",HS,Female-only (including Supernumerary),41140.0,,45042.0,,45042.0,,45042.0,,45042.0,,45944.0,,6434.0,,6434.0,,6434.0,,6434.0,,6434.0,,6697.0,,17339.0,,18919.0,,18919.0,,18919.0,,18919.0,,18919.0,,,166.0,,,,,,,,,,,2904.0,,2904.0,,2904.0,,2904.0,,2904.0,,2904.0,
NIT,Malaviya National Institute of Technology Jaipur,"Metallurgical and Materials Engineering (4 Years, Bachelor of Technology)",HS,Gender-Neutral,33350.0,2483.0,33621.0,2483.0,33621.0,,33621.0,,33621.0,,33703.0,,4943.0,,5194.0,,5194.0,,5194.0,,5194.0,,5300.0,,11163.0,,11169.0,,11169.0,,11169.0,,11169.0,,11376.0,,5811.0,,6375.0,,6592.0,,6592.0,,6592.0,,6989.0,,1795.0,71.0,1899.0,,1899.0,,1899.0,,1899.0,,2025.0,
NIT,Malaviya National Institute of Technology Jaipur,"Metallurgical and Materials Engineering (4 Years, Bachelor of Technology)",OS,Female-only (including Supernumerary),40266.0,,43360.0,,47029.0,,47029.0,,47029.0,,50561.0,,6695.0,,7080.0,,7080.0,,7080.0,,7080.0,,7685.0,,16189.0,1216.0,18254.0,1286.0,18254.0,1357.0,18469.0,1357.0,18469.0,1357.0,20825.0,1357.0,8473.0,,8473.0,,8473.0,,8473.0,,8473.0,,8473.0,,3961.0,,3985.0,,3985.0,,3985.0,,3985.0,,3985.0,
NIT,Malaviya National Institute of Technology Jaipur,"Metallurgical and Materials Engineering (4 Years, Bachelor of Technology)",OS,Gender-Neutral,32875.0,1277.0,35384.0,1277.0,35384.0,1277.0,35384.0,1277.0,35384.0,1277.0,38003.0,1277.0,4796.0,,5017.0,,5017.0,,5017.0,,5017.0,,5572.0,,11818.0,,12171.0,,12411.0,,12782.0,,12782.0,,13697.0,,6019.0,,6732.0,,6732.0,,6732.0,,6732.0,,6732.0,,2550.0,,2681.0,,2681.0,,2681.0,,2681.0,,3075.0,
NIT,Maulana Azad National Institute of Technology Bhopal,"Architecture (5 Years, Bachelor of Architecture)",HS,Female-only (including Supernumerary),879.0,,879.0,,879.0,,879.0,,879.0,,1069.0,,221.0,,310.0,,310.0,,310.0,,310.0,,310.0,,1035.0,,1283.0,,1283.0,,1283.0,,1283.0,,1571.0,,253.0,,253.0,,253.0,,253.0,,253.0,,253.0,,148.0,,148.0,,148.0,,148.0,,148.0,,148.0,
NIT,Maulana Azad National Institute of Technology Bhopal,"Architecture (5 Years, Bachelor of Architecture)",HS,Gender-Neutral,2157.0,,2765.0,,2846.0,,3149.0,,3386.0,,3688.0,,310.0,,633.0,,724.0,,857.0,,1011.0,,1466.0,,2482.0,,2775.0,,3534.0,,3715.0,,3873.0,,4864.0,,661.0,,756.0,,756.0,,756.0,,756.0,,756.0,,277.0,,298.0,,326.0,,536.0,,911.0,,1038.0,
NIT,Maulana Azad National Institute of Technology Bhopal,"Architecture (5 Years, Bachelor of Architecture)",OS,Female-only (including Supernumerary),629.0,,715.0,,715.0,,715.0,,715.0,,783.0,,197.0,,318.0,,363.0,,363.0,,363.0,,377.0,,372.0,,417.0,,417.0,,417.0,,417.0,,458.0,,197.0,,261.0,,266.0,,266.0,,266.0,,266.0,,74.0,,103.0,,120.0,,120.0,,120.0,,120.0,
NIT,Maulana Azad National Institute of Technology Bhopal,"Architecture (5 Years, Bachelor of Architecture)",OS,Gender-Neutral,776.0,115.0,882.0,,887.0,,887.0,,889.0,,967.0,,234.0,,324.0,,377.0,,406.0,,406.0,,415.0,,415.0,,476.0,,513.0,,523.0,,523.0,,538.0,,212.0,,256.0,,260.0,,260.0,,260.0,,279.0,,97.0,,147.0,,158.0,,158.0,,158.0,,158.0,
NIT,Maulana Azad National Institute of Technology Bhopal,"B. Tech. and M. Tech. in Engineering and Computational Mechanics (Dual Degree) (5 Years, Bachelor and Master of Technology (Dual Degree))",HS,Female-only (including Supernumerary),36013.0,,36013.0,,38367.0,,38367.0,,38367.0,,42076.0,,5317.0,,5317.0,,6577.0,,6577.0,,6577.0,,8284.0,,19518.0,,19518.0,,21142.0,,21142.0,,21142.0,,25758.0,,,,,,,,,,,,,,,,,,,,,,,,,
NIT,Maulana Azad National Institute of Technology Bhopal,"B. Tech. and M. Tech. in Engineering and Computational Mechanics (Dual Degree) (5 Years, Bachelor and Master of Technology (Dual Degree))",HS,Gender-Neutral,30265.0,,30546.0,,30546.0,,30546.0,,30546.0,,30890.0,,5092.0,,5092.0,,5092.0,,5092.0,,5092.0,,5092.0,,10498.0,,12706.0,,12706.0,,12706.0,,12706.0,,12706.0,,6463.0,,6463.0,,6463.0,,6463.0,,6463.0,,6463.0,,2966.0,,2966.0,,2966.0,,2966.0,,2966.0,,3191.0,
NIT,Maulana Azad National Institute of Technology Bhopal,"B. Tech. and M. Tech. in Engineering and Computational Mechanics (Dual Degree) (5 Years, Bachelor and Master of Technology (Dual Degree))",OS,Female-only (including Supernumerary),29317.0,,30276.0,,30276.0,,30276.0,,33178.0,,33178.0,,,,,,,,,,,,,,10317.0,,14657.0,,14657.0,,14657.0,,14657.0,,14657.0,,5245.0,,8796.0,,8796.0,,8796.0,,8796.0,,8796.0,,,,,,,,,,,,,
NIT,Maulana Azad National Institute of Technology Bhopal,"B. Tech. and M. Tech. in Engineering and Computational Mechanics (Dual Degree) (5 Years, Bachelor and Master of Technology (Dual Degree))",OS,Gender-Neutral,20056.0,,21416.0,,22419.0,,22419.0,,22419.0,,22839.0,,3139.0,,3139.0,,3139.0,,3139.0,,3139.0,,3690.0,,7810.0,,7810.0,,7810.0,,7810.0,,7810.0,,7810.0,,4581.0,,5026.0,,5026.0,,5026.0,,5026.0,,5034.0,,2412.0,,2412.0,,2412.0,,2412.0,,2412.0,,2412.0,
NIT,Maulana Azad National Institute of Technology Bhopal,"Chemical Engineering (4 Years, Bachelor of Technology)",HS,Female-only (including Supernumerary),33870.0,,44629.0,,44629.0,,44629.0,,44629.0,,44629.0,,5883.0,,7280.0,,7280.0,,7280.0,,7280.0,,7280.0,,18713.0,,18713.0,,18713.0,,18713.0,,18713.0,,18713.0,,9189.0,,9189.0,,9189.0,,9189.0,,9189.0,,9189.0,,3580.0,,3580.0,,3580.0,,3580.0,,3580.0,,3580.0,
NIT,Maulana Azad National Institute of Technology Bhopal,"Chemical Engineering (4 Years, Bachelor of Technology)",HS,Gender-Neutral,35187.0,2151.0,37177.0,2151.0,37177.0,2151.0,37177.0,2151.0,37224.0,2151.0,40308.0,2151.0,5145.0,,5494.0,,5494.0,,5494.0,,5988.0,,5988.0,,11716.0,1660.0,13481.0,1812.0,13558.0,,13558.0,,13558.0,,14796.0,,6468.0,,7713.0,,7713.0,,7713.0,,7713.0,,7713.0,,3115.0,,3115.0,,3115.0,,3191.0,,3191.0,,3634.0,
NIT,Maulana Azad National Institute of Technology Bhopal,"Chemical Engineering (4 Years, Bachelor of Technology)",OS,Female-only (including Supernumerary),37626.0,,37644.0,,37644.0,,37644.0,,37644.0,,38439.0,,5329.0,,5329.0,,5329.0,,5329.0,,5329.0,,7465.0,,15335.0,,18469.0,,18469.0,,18707.0,,18707.0,,18707.0,,6318.0,,6318.0,,6318.0,,6318.0,,6318.0,,6318.0,,3331.0,,3511.0,,3511.0,,3511.0,,3511.0,,3511.0,
NIT,Maulana Azad National Institute of Technology Bhopal,"Chemical Engineering (4 Years, Bachelor of Technology)",OS,Gender-Neutral,31982.0,827.0,32552.0,827.0,33061.0,827.0,33234.0,827.0,33502.0,827.0,35814.0,827.0,4801.0,,5147.0,,5157.0,,5157.0,,5157.0,,5422.0,,10460.0,,11221.0,,11310.0,,11310.0,,11319.0,,11566.0,,5538.0,,6158.0,,6158.0,,6158.0,,6158.0,,6158.0,,2155.0,,2306.0,,2306.0,,2306.0,,2306.0,,2669.0,
NIT,Maulana Azad National Institute of Technology Bhopal,"Civil Engineering (4 Years, Bachelor of Technology)",HS,Female-only (including Supernumerary),54665.0,,54796.0,,58528.0,,58528.0,,58528.0,,58653.0,,8284.0,,8284.0,,8302.0,,8302.0,,8302.0,,8448.0,,21987.0,,23264.0,,23264.0,,23264.0,,23264.0,,23318.0,,10065.0,,10065.0,,10065.0,,10065.0,,10065.0,,10065.0,,6503.0,,6503.0,,6503.0,,6503.0,,6503.0,,6503.0,
NIT,Maulana Azad National Institute of Technology Bhopal,"Civil Engineering (4 Years, Bachelor of Technology)",HS,Gender-Neutral,40724.0,2466.0,44165.0,4145.0,44584.0,4256.0,44584.0,4256.0,44849.0,4256.0,46288.0,4256.0,6211.0,,6296.0,,6431.0,,6431.0,,6438.0,,7161.0,,13937.0,,15560.0,,15893.0,,15893.0,,15893.0,,16590.0,,6062.0,,6465.0,,6465.0,,6465.0,,6465.0,,6465.0,,1641.0,,1641.0,,1641.0,,1641.0,,1641.0,,1641.0,
NIT,Maulana Azad National Institute of Technology Bhopal,"Civil Engineering (4 Years, Bachelor of Technology)",OS,Female-only (including Supernumerary),47998.0,,50625.0,,52562.0,,53076.0,,53313.0,,57059.0,,6989.0,,7868.0,,7868.0,,7868.0,,7868.0,,8797.0,,19214.0,,19636.0,,19920.0,,19920.0,,19920.0,,20537.0,,7785.0,,7785.0,,7785.0,,7785.0,,7785.0,,7785.0,,2465.0,,2465.0,,3031.0,,3031.0,,3031.0,,3031.0,
NIT,Maulana Azad National Institute of Technology Bhopal,"Civil Engineering (4 Years, Bachelor of Technology)",OS,Gender-Neutral,36084.0,999.0,37968.0,999.0,37968.0,999.0,37968.0,999.0,38225.0,999.0,42750.0,999.0,5189.0,,5550.0,,5550.0,,5550.0,,5554.0,,6170.0,,12013.0,726.0,12717.0,726.0,12891.0,726.0,12891.0,726.0,13054.0,726.0,13623.0,726.0,5476.0,,6532.0,,6539.0,,6539.0,,6539.0,,6539.0,,1417.0,,1768.0,,1768.0,,1768.0,,1768.0,,1768.0,
NIT,Maulana Azad National Institute of Technology Bhopal,"Computer Science and Engineering (4 Years, Bachelor of Technology)",HS,Female-only (including Supernumerary),19524.0,,19524.0,,19524.0,,19524.0,,19524.0,,19840.0,,3142.0,,3142.0,,3142.0,,3142.0,,3142.0,,3142.0,,9029.0,,9029.0,,9029.0,,9029.0,,9029.0,,9029.0,,4231.0,,4472.0,,4472.0,,4472.0,,4472.0,,5094.0,,1557.0,,1557.0,,1557.0,,1557.0,,1557.0,,1557.0,
NIT,Maulana Azad National Institute of Technology Bhopal,"Computer Science and Engineering (4 Years, Bachelor of Technology)",HS,Gender-Neutral,10863.0,438.0,11121.0,438.0,11223.0,438.0,11223.0,438.0,11227.0,438.0,11415.0,438.0,1634.0,,1634.0,,1634.0,,1634.0,,1634.0,,1695.0,,4015.0,201.0,4437.0,201.0,4437.0,201.0,4437.0,201.0,4437.0,201.0,4437.0,201.0,2580.0,118.0,2716.0,186.0,2716.0,186.0,2716.0,186.0,2716.0,186.0,2905.0,186.0,1010.0,,1080.0,,1287.0,,1330.0,,1330.0,,1330.0,
NIT,Maulana Azad National Institute of Technology Bhopal,"Computer Science and Engineering (4 Years, Bachelor of Technology)",OS,Female-only (including Supernumerary),15103.0,,15599.0,,15599.0,,15599.0,,15599.0,,16148.0,,2456.0,,2553.0,,2553.0,,2553.0,,2553.0,,2553.0,,6073.0,,6073.0,,6073.0,,6073.0,,6427.0,,6707.0,,3267.0,,3673.0,,3673.0,,3673.0,,3673.0,,3673.0,,1279.0,,1279.0,,1279.0,,1279.0,,1279.0,,1279.0,
NIT,Maulana Azad National Institute of Technology Bhopal,"Computer Science and Engineering (4 Years, Bachelor of Technology)",OS,Gender-Neutral,8547.0,172.0,8911.0,253.0,8946.0,253.0,8960.0,253.0,8960.0,253.0,9249.0,253.0,1223.0,42.0,1301.0,42.0,1301.0,42.0,1301.0,42.0,1301.0,54.0,1348.0,54.0,3141.0,96.0,3234.0,136.0,3235.0,136.0,3235.0,136.0,3243.0,136.0,3393.0,136.0,1728.0,57.0,1826.0,106.0,1826.0,134.0,1826.0,134.0,1826.0,134.0,1827.0,142.0,630.0,14.0,667.0,14.0,667.0,14.0,667.0,14.0,667.0,14.0,667.0,14.0
NIT,Maulana Azad National Institute of Technology Bhopal,"Electrical Engineering (4 Years, Bachelor of Technology)",HS,Female-only (including Supernumerary),32070.0,,36403.0,,36403.0,,36403.0,,36403.0,,37576.0,,5203.0,,5203.0,,5203.0,,5203.0,,5203.0,,5317.0,,16088.0,,17171.0,,17171.0,,17171.0,,17171.0,,17171.0,,6191.0,,6627.0,,6627.0,,6627.0,,6627.0,,6907.0,,2815.0,,2815.0,,2815.0,,2815.0,,2815.0,,2815.0,
NIT,Maulana Azad National Institute of Technology Bhopal,"Electrical Engineering (4 Years, Bachelor of Technology)",HS,Gender-Neutral,21441.0,1874.0,22378.0,1898.0,22378.0,1898.0,22378.0,1898.0,22934.0,1898.0,24120.0,1898.0,3152.0,384.0,3292.0,384.0,3420.0,384.0,3420.0,384.0,3531.0,384.0,3549.0,384.0,7565.0,1028.0,7696.0,1028.0,7696.0,1028.0,7696.0,1028.0,7696.0,1028.0,8082.0,1028.0,4216.0,,4772.0,,4772.0,,4772.0,,4772.0,,4772.0,,2363.0,,2363.0,,2363.0,,2379.0,,2379.0,,2379.0,
NIT,Maulana Azad National Institute of Technology Bhopal,"Electrical Engineering (4 Years, Bachelor of Technology)",OS,Female-only (including Supernumerary),26466.0,,29764.0,,29764.0,,29764.0,,29913.0,,31132.0,,4090.0,,4090.0,,4090.0,,4090.0,,4281.0,,4922.0,,12067.0,,12451.0,,12451.0,,12451.0,,12451.0,,12451.0,,6048.0,,6048.0,,6048.0,,6048.0,,6048.0,,6048.0,,2400.0,,2508.0,,2508.0,,2508.0,,2508.0,,2508.0,
NIT,Maulana Azad National Institute of Technology Bhopal,"Electrical Engineering (4 Years, Bachelor of Technology)",OS,Gender-Neutral,18379.0,1057.0,18766.0,1175.0,18766.0,1175.0,18766.0,1175.0,19115.0,1175.0,20770.0,1175.0,2729.0,,2821.0,,2842.0,,2842.0,,2901.0,,3148.0,,6243.0,527.0,6515.0,541.0,6520.0,541.0,6602.0,541.0,6642.0,541.0,6908.0,570.0,3580.0,,3889.0,,3889.0,,3889.0,,3889.0,,3889.0,,1704.0,,1723.0,,1723.0,,1723.0,,1769.0,,1769.0,
NIT,Maulana Azad National Institute of Technology Bhopal,"Electronics and Communication Engineering (4 Years, Bachelor of Technology)",HS,Female-only (including Supernumerary),25119.0,,25913.0,,25913.0,,25913.0,,25913.0,,27015.0,,3537.0,,3707.0,,3707.0,,3707.0,,3707.0,,4253.0,,12127.0,,12127.0,,12127.0,,12127.0,,12127.0,,13055.0,,6149.0,,6191.0,,6191.0,,6191.0,,6191.0,,6191.0,,1677.0,,1677.0,,1677.0,,1677.0,,1677.0,,1677.0,
NIT,Maulana Azad National Institute of Technology Bhopal,"Electronics and Communication Engineering (4 Years, Bachelor of Technology)",HS,Gender-Neutral,16536.0,1154.0,16974.0,1154.0,16974.0,1154.0,16974.0,1154.0,16974.0,1154.0,18120.0,1154.0,2525.0,,2574.0,,2574.0,,2574.0,,2574.0,,2705.0,,5488.0,499.0,5980.0,499.0,6093.0,499.0,6093.0,499.0,6093.0,499.0,6149.0,499.0,3654.0,186.0,4180.0,264.0,4180.0,264.0,4180.0,264.0,4180.0,264.0,4180.0,264.0,1917.0,,1917.0,,1917.0,,1927.0,,1951.0,,1951.0,
NIT,Maulana Azad National Institute of Technology Bhopal,"Electronics and Communication Engineering (4 Years, Bachelor of Technology)",OS,Female-only (including Supernumerary),21715.0,,22705.0,,22705.0,,22705.0,,22705.0,,24250.0,,3677.0,,3753.0,,3753.0,,3753.0,,3753.0,,3869.0,,7901.0,,8844.0,,8844.0,,8844.0,,8844.0,,9941.0,,4719.0,,4797.0,,4797.0,,4797.0,,4797.0,,4797.0,,2023.0,,2073.0,,2073.0,,2073.0,,2073.0,,2073.0,
NIT,Maulana Azad National Institute of Technology Bhopal,"Electronics and Communication Engineering (4 Years, Bachelor of Technology)",OS,Gender-Neutral,12706.0,477.0,12925.0,636.0,12933.0,636.0,12933.0,636.0,12933.0,636.0,14205.0,636.0,1734.0,,1840.0,,1840.0,,1840.0,,1840.0,,2163.0,,4863.0,250.0,5200.0,304.0,5209.0,304.0,5233.0,304.0,5233.0,304.0,5410.0,304.0,2642.0,235.0,2857.0,343.0,2857.0,343.0,2857.0,343.0,2857.0,343.0,2860.0,343.0,1313.0,99.0,1377.0,99.0,1451.0,99.0,1451.0,99.0,1451.0,99.0,1526.0,99.0
NIT,Maulana Azad National Institute of Technology Bhopal,"Energy and Electrical Vehicle Engineering (4 Years, Bachelor of Technology)",HS,Female-only (including Supernumerary),39901.0,,39901.0,,39901.0,,39901.0,,39901.0,,49852.0,,6972.0,,6972.0,,6972.0,,6972.0,,6972.0,,8405.0,,20798.0,,20798.0,,20798.0,,20798.0,,20798.0,,20798.0,,,,,,,,,,,,,,,,,,,,,,,,,
NIT,Maulana Azad National Institute of Technology Bhopal,"Energy and Electrical Vehicle Engineering (4 Years, Bachelor of Technology)",HS,Gender-Neutral,28034.0,,32310.0,,32310.0,,32310.0,,32924.0,,32924.0,,4949.0,,6209.0,,6209.0,,6209.0,,6209.0,,6209.0,,12786.0,,13937.0,,14133.0,,14133.0,,14133.0,,14133.0,,6619.0,,6619.0,,6619.0,,6619.0,,6619.0,,6653.0,,3572.0,,3572.0,,3572.0,,3572.0,,3572.0,,3572.0,
NIT,Maulana Azad National Institute of Technology Bhopal,"Energy and Electrical Vehicle Engineering (4 Years, Bachelor of Technology)",OS,Female-only (including Supernumerary),30552.0,,40523.0,,40523.0,,40523.0,,40523.0,,40523.0,,,,,,,,,,,,,,14650.0,,14650.0,,14650.0,,14650.0,,14650.0,,14650.0,,7889.0,,9196.0,,9196.0,,9196.0,,9196.0,,9196.0,,,,,,,,,,,,,
NIT,Maulana Azad National Institute of Technology Bhopal,"Energy and Electrical Vehicle Engineering (4 Years, Bachelor of Technology)",OS,Gender-Neutral,23117.0,,23299.0,,23299.0,,23299.0,,23299.0,,25974.0,,3370.0,,3370.0,,3370.0,,3370.0,,3370.0,,4098.0,,8270.0,,8270.0,,8270.0,,8270.0,,8270.0,,8270.0,,4596.0,,4714.0,,4714.0,,4714.0,,4714.0,,4714.0,,2310.0,,2310.0,,2310.0,,2310.0,,2336.0,,2336.0,
NIT,Maulana Azad National Institute of Technology Bhopal,"Materials Science and Metallurgical Engineering (4 Years, Bachelor of Technology)",HS,Female-only (including Supernumerary),56839.0,,59932.0,,59932.0,,59932.0,,59932.0,,59932.0,,8876.0,,8876.0,,8876.0,,8876.0,,8876.0,,8876.0,,22328.0,,24368.0,,24368.0,,24368.0,,24368.0,,26022.0,,10338.0,,10915.0,,10915.0,,10915.0,,10915.0,,10915.0,,4455.0,,4455.0,,4455.0,,4455.0,,4455.0,,4455.0,
NIT,Maulana Azad National Institute of Technology Bhopal,"Materials Science and Metallurgical Engineering (4 Years, Bachelor of Technology)",HS,Gender-Neutral,45067.0,2915.0,48234.0,,48654.0,,48654.0,,48894.0,,51350.0,,6501.0,,7161.0,,7161.0,,7161.0,,7161.0,,7436.0,,15625.0,1812.0,15979.0,,17123.0,,17123.0,,17123.0,,17490.0,,7840.0,,9314.0,,9387.0,,9387.0,,9388.0,,9388.0,,4217.0,,4217.0,,4217.0,,4713.0,,4713.0,,4713.0,
NIT,Maulana Azad National Institute of Technology Bhopal,"Materials Science and Metallurgical Engineering (4 Years, Bachelor of Technology)",OS,Female-only (including Supernumerary),47029.0,,52507.0,,53313.0,,53313.0,,53980.0,,58383.0,,7670.0,,8030.0,,8030.0,,8030.0,,8030.0,,9725.0,,18549.0,,20519.0,,20814.0,,20814.0,,20814.0,,21422.0,,8791.0,,9160.0,,9160.0,,9160.0,,9160.0,,9160.0,,4294.0,,4359.0,,4359.0,,4359.0,,4359.0,,4359.0,
NIT,Maulana Azad National Institute of Technology Bhopal,"Materials Science and Metallurgical Engineering (4 Years, Bachelor of Technology)",OS,Gender-Neutral,39322.0,2116.0,40814.0,2116.0,42392.0,2116.0,42392.0,2116.0,42459.0,2116.0,45803.0,2116.0,5645.0,,5955.0,,6305.0,,6305.0,,6305.0,,6932.0,,13739.0,,14425.0,,14583.0,,14652.0,,14652.0,,15406.0,,6702.0,,7483.0,,7727.0,,7727.0,,7727.0,,7786.0,,2759.0,,2830.0,,2830.0,,2830.0,,2830.0,,2830.0,
NIT,Maulana Azad National Institute of Technology Bhopal,"Mathematics and Data Science (5 Years, Bachelor and Master of Technology (Dual Degree))",HS,Female-only (including Supernumerary),22952.0,,22952.0,,22952.0,,22952.0,,22952.0,,22952.0,,3425.0,,3425.0,,3425.0,,3425.0,,3425.0,,3425.0,,9804.0,,9804.0,,9804.0,,9804.0,,9804.0,,10185.0,,,,,,,,,,,,,,,,,,,,,,,,,
NIT,Maulana Azad National Institute of Technology Bhopal,"Mathematics and Data Science (5 Years, Bachelor and Master of Technology (Dual Degree))",HS,Gender-Neutral,15911.0,,16703.0,,16703.0,,16703.0,,16703.0,,16703.0,,2212.0,,2324.0,,2324.0,,2324.0,,2324.0,,2324.0,,5163.0,,5548.0,,5548.0,,5548.0,,5791.0,,5791.0,,3653.0,,3653.0,,3653.0,,3653.0,,3653.0,,3653.0,,1691.0,,1691.0,,1691.0,,1691.0,,1691.0,,1691.0,
NIT,Maulana Azad National Institute of Technology Bhopal,"Mathematics and Data Science (5 Years, Bachelor and Master of Technology (Dual Degree))",OS,Female-only (including Supernumerary),20707.0,,20707.0,,20707.0,,20707.0,,20707.0,,21744.0,,,,,,,,,,,,,,5532.0,,5532.0,,5532.0,,5532.0,,5532.0,,11981.0,,4027.0,,5245.0,,5245.0,,5245.0,,5245.0,,5245.0,,,,,,,,,,,,,
NIT,Maulana Azad National Institute of Technology Bhopal,"Mathematics and Data Science (5 Years, Bachelor and Master of Technology (Dual Degree))",OS,Gender-Neutral,13766.0,,14299.0,,14316.0,,14316.0,,14316.0,,14961.0,,2054.0,,2054.0,,2054.0,,2054.0,,2231.0,,2289.0,,4969.0,,5322.0,,5322.0,,5322.0,,5322.0,,5386.0,,2943.0,,3413.0,,3413.0,,3413.0,,3413.0,,3676.0,,744.0,,744.0,,744.0,,744.0,,744.0,,744.0,
NIT,Maulana Azad National Institute of Technology Bhopal,"Mechanical Engineering (4 Years, Bachelor of Technology)",HS,Female-only (including Supernumerary),44629.0,,50150.0,,51741.0,,51741.0,,51883.0,,52059.0,,6577.0,,7255.0,,7605.0,,7605.0,,7605.0,,7681.0,,21435.0,,22328.0,,22328.0,,22328.0,,22328.0,,22328.0,,9677.0,,12335.0,,12335.0,,12335.0,,12335.0,,12335.0,,3881.0,,3881.0,,3881.0,,3881.0,,3881.0,,3881.0,
NIT,Maulana Azad National Institute of Technology Bhopal,"Mechanical Engineering (4 Years, Bachelor of Technology)",HS,Gender-Neutral,31264.0,1682.0,33181.0,2061.0,33181.0,2715.0,33181.0,2715.0,33605.0,2715.0,34275.0,2715.0,4648.0,389.0,5079.0,389.0,5079.0,389.0,5079.0,389.0,5494.0,389.0,5656.0,389.0,10924.0,1154.0,12154.0,1154.0,12186.0,1310.0,12186.0,1310.0,12186.0,1310.0,12902.0,1310.0,5703.0,,6215.0,,6468.0,,6585.0,,6585.0,,6619.0,,2660.0,,2765.0,,2765.0,,2848.0,,2848.0,,2848.0,
NIT,Maulana Azad National Institute of Technology Bhopal,"Mechanical Engineering (4 Years, Bachelor of Technology)",OS,Female-only (including Supernumerary),41699.0,,45325.0,,45716.0,,45716.0,,45716.0,,47903.0,,5791.0,,6640.0,,6678.0,,6678.0,,6678.0,,7306.0,,16428.0,,18300.0,,18509.0,,18509.0,,18868.0,,19396.0,,7166.0,,7224.0,,7224.0,,7224.0,,7224.0,,7224.0,,2508.0,,3211.0,,3211.0,,3211.0,,3211.0,,3211.0,
NIT,Maulana Azad National Institute of Technology Bhopal,"Mechanical Engineering (4 Years, Bachelor of Technology)",OS,Gender-Neutral,25728.0,1695.0,27283.0,1945.0,27416.0,1945.0,27416.0,1945.0,27582.0,1945.0,29613.0,1945.0,4006.0,,4183.0,,4188.0,,4188.0,,4188.0,,4447.0,,8723.0,806.0,9131.0,839.0,9131.0,839.0,9249.0,839.0,9249.0,839.0,9616.0,839.0,5044.0,343.0,5669.0,,5669.0,,5669.0,,5669.0,,5755.0,,2035.0,98.0,2035.0,,2035.0,,2035.0,,2035.0,,2090.0,
NIT,Maulana Azad National Institute of Technology Bhopal,"Planning (4 Years, Bachelor of Planning)",HS,Female-only (including Supernumerary),823.0,,843.0,,843.0,,843.0,,843.0,,843.0,,248.0,,951.0,,951.0,,951.0,,951.0,,951.0,,826.0,,826.0,,1364.0,,1364.0,,1364.0,,1364.0,,198.0,,198.0,,198.0,,198.0,,198.0,,198.0,,,,,,,,,,,,,
NIT,Maulana Azad National Institute of Technology Bhopal,"Planning (4 Years, Bachelor of Planning)",HS,Gender-Neutral,1741.0,,2515.0,,2659.0,,2659.0,,2659.0,,2659.0,,316.0,,654.0,,654.0,,654.0,,654.0,,654.0,,1561.0,,2027.0,,2285.0,,2333.0,,2436.0,,2885.0,,135.0,,273.0,,273.0,,273.0,,273.0,,273.0,,425.0,,425.0,,425.0,,425.0,,425.0,,425.0,
NIT,Maulana Azad National Institute of Technology Bhopal,"Planning (4 Years, Bachelor of Planning)",OS,Female-only (including Supernumerary),535.0,,562.0,,562.0,,562.0,,562.0,,562.0,,,,,,,,,,,,,,174.0,,223.0,,403.0,,413.0,,413.0,,434.0,,82.0,,82.0,,82.0,,82.0,,82.0,,82.0,,,,,,,,,,,,,
NIT,Maulana Azad National Institute of Technology Bhopal,"Planning (4 Years, Bachelor of Planning)",OS,Gender-Neutral,342.0,,546.0,,566.0,,572.0,,574.0,,581.0,,89.0,,91.0,,154.0,,154.0,,180.0,,180.0,,204.0,,291.0,,317.0,,343.0,,343.0,,351.0,,50.0,,121.0,,121.0,,121.0,,121.0,,121.0,,41.0,,55.0,,55.0,,55.0,,55.0,,55.0,
NIT,Motilal Nehru National Institute of Technology Allahabad,"Bio Technology (4 Years, Bachelor of Technology)",HS,Female-only (including Supernumerary),42973.0,,44457.0,,44457.0,,44457.0,,44457.0,,44457.0,,6098.0,,7018.0,,7018.0,,7018.0,,7018.0,,8989.0,,,1231.0,,,,,,,,,,,7766.0,,7766.0,,7766.0,,7766.0,,7766.0,,7766.0,,,,,,,,,,,,,
NIT,Motilal Nehru National Institute of Technology Allahabad,"Bio Technology (4 Years, Bachelor of Technology)",HS,Gender-Neutral,35329.0,,35701.0,,35701.0,,35701.0,,35701.0,,39400.0,,5152.0,,5240.0,,5240.0,,5240.0,,5240.0,,5542.0,,12894.0,,13765.0,,13765.0,,13765.0,,13765.0,,14119.0,,5792.0,178.0,6524.0,,6524.0,,6524.0,,6524.0,,6524.0,,4265.0,,4758.0,,4758.0,,5024.0,,5103.0,,5137.0,
NIT,Motilal Nehru National Institute of Technology Allahabad,"Bio Technology (4 Years, Bachelor of Technology)",OS,Female-only (including Supernumerary),33107.0,,41061.0,,41691.0,,41691.0,,41691.0,,48449.0,,7280.0,,8078.0,,8078.0,,8078.0,,8078.0,,8078.0,,16524.0,,18439.0,,18439.0,,18439.0,,18439.0,,18439.0,,6402.0,,9619.0,,9619.0,,9619.0,,9619.0,,9789.0,,2056.0,,4080.0,,4080.0,,4080.0,,4080.0,,4080.0,
NIT,Motilal Nehru National Institute of Technology Allahabad,"Bio Technology (4 Years, Bachelor of Technology)",OS,Gender-Neutral,32380.0,,34834.0,,34956.0,,34956.0,,35668.0,,37193.0,,5473.0,,5518.0,,5518.0,,5518.0,,5518.0,,5518.0,,11102.0,731.0,13300.0,731.0,13300.0,731.0,13300.0,731.0,13300.0,731.0,13898.0,731.0,6057.0,,6057.0,,6057.0,,6057.0,,6057.0,,6057.0,,2294.0,,2523.0,,2523.0,,2523.0,,2523.0,,2523.0,
NIT,Motilal Nehru National Institute of Technology Allahabad,"Chemical Engineering (4 Years, Bachelor of Technology)",HS,Female-only (including Supernumerary),30210.0,,32195.0,,32195.0,,32195.0,,32195.0,,32195.0,,5511.0,,5511.0,,5511.0,,5511.0,,5511.0,,5511.0,,12503.0,,12503.0,,12503.0,,12503.0,,12503.0,,12503.0,,6204.0,,6204.0,,6204.0,,6204.0,,6204.0,,6204.0,,,,,,,,,,,,,
NIT,Motilal Nehru National Institute of Technology Allahabad,"Chemical Engineering (4 Years, Bachelor of Technology)",HS,Gender-Neutral,20589.0,427.0,21456.0,427.0,21456.0,427.0,21456.0,427.0,21456.0,427.0,21558.0,427.0,2884.0,,2963.0,,2963.0,,2963.0,,2963.0,,3176.0,,7261.0,,7688.0,,7688.0,,7688.0,,7688.0,,7855.0,,3096.0,,3096.0,,3096.0,,3096.0,,3096.0,,3096.0,,2828.0,,3163.0,,3481.0,,3481.0,,3481.0,,3481.0,
NIT,Motilal Nehru National Institute of Technology Allahabad,"Chemical Engineering (4 Years, Bachelor of Technology)",OS,Female-only (including Supernumerary),32378.0,,36209.0,,36209.0,,36209.0,,36209.0,,38172.0,,5251.0,,5251.0,,5251.0,,5251.0,,5251.0,,5560.0,,11779.0,,12974.0,,12974.0,,12974.0,,12974.0,,12974.0,,5906.0,,5906.0,,5906.0,,5906.0,,5906.0,,6688.0,,,,,,,,,,,,,
NIT,Motilal Nehru National Institute of Technology Allahabad,"Chemical Engineering (4 Years, Bachelor of Technology)",OS,Gender-Neutral,20109.0,899.0,20966.0,899.0,20966.0,899.0,20966.0,899.0,21321.0,899.0,22469.0,899.0,2982.0,196.0,3149.0,196.0,3261.0,196.0,3261.0,196.0,3261.0,196.0,3261.0,196.0,7223.0,,8089.0,,8089.0,,8089.0,,8089.0,,8317.0,,3781.0,,4327.0,,4327.0,,4327.0,,4327.0,,4332.0,,1910.0,,2117.0,,2117.0,,2117.0,,2117.0,,2120.0,
NIT,Motilal Nehru National Institute of Technology Allahabad,"Civil Engineering (4 Years, Bachelor of Technology)",HS,Female-only (including Supernumerary),43457.0,,46297.0,,46297.0,,46297.0,,46297.0,,53343.0,,6070.0,,6943.0,,7670.0,,7670.0,,7670.0,,7670.0,,14784.0,,16920.0,,16920.0,,16920.0,,16920.0,,18469.0,,4077.0,,4077.0,,4077.0,,4077.0,,4077.0,,4077.0,,3859.0,,3859.0,,3859.0,,3859.0,,3859.0,,3859.0,
NIT,Motilal Nehru National Institute of Technology Allahabad,"Civil Engineering (4 Years, Bachelor of Technology)",HS,Gender-Neutral,25983.0,884.0,27210.0,884.0,27210.0,884.0,27210.0,884.0,27897.0,884.0,29451.0,884.0,3878.0,,4252.0,,4288.0,,4288.0,,4288.0,,4347.0,,8653.0,711.0,9499.0,1059.0,9499.0,1059.0,9499.0,1059.0,9758.0,1059.0,9864.0,1059.0,3865.0,,4553.0,,4553.0,,4553.0,,4553.0,,4553.0,,3311.0,,3663.0,,4106.0,,4106.0,,4106.0,,4106.0,
NIT,Motilal Nehru National Institute of Technology Allahabad,"Civil Engineering (4 Years, Bachelor of Technology)",OS,Female-only (including Supernumerary),40028.0,1864.0,44699.0,1864.0,44699.0,1864.0,44699.0,1864.0,45525.0,1864.0,45561.0,1864.0,6681.0,,6831.0,,6831.0,,6831.0,,6831.0,,7165.0,,15218.0,,18044.0,,18044.0,,18044.0,,18044.0,,18044.0,,7266.0,,8254.0,,8254.0,,8254.0,,8254.0,,8254.0,,1568.0,,2345.0,,2345.0,,2345.0,,2345.0,,2345.0,
NIT,Motilal Nehru National Institute of Technology Allahabad,"Civil Engineering (4 Years, Bachelor of Technology)",OS,Gender-Neutral,28661.0,736.0,30260.0,736.0,30475.0,736.0,30475.0,736.0,30528.0,736.0,31589.0,736.0,4189.0,188.0,4283.0,244.0,4388.0,244.0,4388.0,244.0,4388.0,244.0,4801.0,244.0,9300.0,,9487.0,,9487.0,,9545.0,,9545.0,,10173.0,,4815.0,,5174.0,,5174.0,,5174.0,,5174.0,,5174.0,,978.0,,978.0,,978.0,,978.0,,978.0,,978.0,
NIT,Motilal Nehru National Institute of Technology Allahabad,"Computer Science and Engineering (4 Years, Bachelor of Technology)",HS,Female-only (including Supernumerary),11813.0,245.0,11813.0,245.0,11813.0,245.0,11813.0,245.0,11813.0,245.0,11813.0,245.0,2205.0,,2205.0,,2205.0,,2205.0,,2205.0,,2205.0,,5467.0,328.0,5629.0,328.0,5629.0,328.0,5629.0,328.0,5629.0,328.0,5629.0,328.0,2181.0,,2456.0,,2456.0,,2456.0,,2456.0,,2456.0,,1455.0,,2979.0,,2979.0,,2979.0,,2979.0,,2979.0,
NIT,Motilal Nehru National Institute of Technology Allahabad,"Computer Science and Engineering (4 Years, Bachelor of Technology)",HS,Gender-Neutral,6364.0,189.0,6402.0,189.0,6402.0,189.0,6402.0,189.0,6484.0,199.0,6562.0,199.0,1038.0,,1053.0,,1053.0,,1053.0,,1080.0,,1080.0,,2482.0,110.0,2514.0,110.0,2514.0,110.0,2514.0,110.0,2544.0,110.0,2599.0,110.0,1075.0,23.0,1132.0,23.0,1132.0,23.0,1132.0,23.0,1132.0,23.0,1132.0,23.0,1143.0,,1217.0,,1280.0,,1280.0,,1280.0,,1280.0,
NIT,Motilal Nehru National Institute of Technology Allahabad,"Computer Science and Engineering (4 Years, Bachelor of Technology)",OS,Female-only (including Supernumerary),8792.0,,9827.0,,9827.0,,9827.0,,9827.0,,10173.0,,1307.0,49.0,1307.0,49.0,1307.0,49.0,1307.0,49.0,1307.0,49.0,1368.0,49.0,3601.0,,3666.0,,3666.0,,3666.0,,3666.0,,3916.0,,1681.0,45.0,2047.0,45.0,2047.0,45.0,2047.0,45.0,2117.0,45.0,2159.0,45.0,1116.0,,1116.0,,1116.0,,1116.0,,1116.0,,1116.0,
NIT,Motilal Nehru National Institute of Technology Allahabad,"Computer Science and Engineering (4 Years, Bachelor of Technology)",OS,Gender-Neutral,4265.0,120.0,4433.0,148.0,4459.0,148.0,4459.0,148.0,4468.0,148.0,4594.0,148.0,574.0,,608.0,,608.0,,608.0,,611.0,,624.0,,1559.0,57.0,1611.0,79.0,1611.0,79.0,1611.0,79.0,1635.0,79.0,1653.0,79.0,965.0,28.0,1009.0,28.0,1009.0,28.0,1009.0,28.0,1009.0,28.0,1161.0,28.0,413.0,22.0,413.0,33.0,413.0,33.0,413.0,33.0,413.0,33.0,413.0,35.0
NIT,Motilal Nehru National Institute of Technology Allahabad,"Electrical Engineering (4 Years, Bachelor of Technology)",HS,Female-only (including Supernumerary),21480.0,,22404.0,,22404.0,,22404.0,,24591.0,,24704.0,,3764.0,,3764.0,,3764.0,,3764.0,,3764.0,,3764.0,,9960.0,,9960.0,,9960.0,,9960.0,,9960.0,,10837.0,,2544.0,,3806.0,,3806.0,,3806.0,,3806.0,,3806.0,,3636.0,,4014.0,,4014.0,,4014.0,,4014.0,,4014.0,
NIT,Motilal Nehru National Institute of Technology Allahabad,"Electrical Engineering (4 Years, Bachelor of Technology)",HS,Gender-Neutral,10846.0,382.0,11202.0,382.0,11202.0,382.0,11202.0,382.0,11202.0,382.0,11483.0,382.0,1475.0,,1497.0,,1497.0,,1505.0,,1505.0,,1538.0,,4528.0,219.0,4576.0,219.0,4601.0,219.0,4601.0,219.0,4601.0,219.0,4845.0,219.0,2318.0,,2349.0,,2349.0,,2349.0,,2349.0,,2349.0,,2121.0,,2131.0,,2182.0,,2182.0,,2182.0,,2182.0,
NIT,Motilal Nehru National Institute of Technology Allahabad,"Electrical Engineering (4 Years, Bachelor of Technology)",OS,Female-only (including Supernumerary),20650.0,1067.0,20650.0,1067.0,20650.0,1067.0,20650.0,1067.0,20754.0,1067.0,20844.0,1067.0,3374.0,,3523.0,,3523.0,,3523.0,,3523.0,,3523.0,,8562.0,,9117.0,,9117.0,,9117.0,,9117.0,,10236.0,,4001.0,,4240.0,,4240.0,,4240.0,,4240.0,,4240.0,,1956.0,,1970.0,,1970.0,,1970.0,,1970.0,,1970.0,
NIT,Motilal Nehru National Institute of Technology Allahabad,"Electrical Engineering (4 Years, Bachelor of Technology)",OS,Gender-Neutral,10309.0,434.0,10821.0,630.0,10898.0,630.0,10898.0,630.0,10898.0,630.0,11665.0,630.0,1525.0,,1525.0,,1525.0,,1525.0,,1525.0,,1555.0,,4310.0,288.0,4417.0,361.0,4423.0,361.0,4423.0,361.0,4565.0,361.0,4672.0,361.0,2254.0,,2501.0,,2501.0,,2501.0,,2501.0,,2820.0,,1044.0,,1173.0,,1173.0,,1173.0,,1173.0,,1173.0,
NIT,Motilal Nehru National Institute of Technology Allahabad,"Electronics and Communication Engineering (4 Years, Bachelor of Technology)",HS,Female-only (including Supernumerary),16318.0,1001.0,18919.0,1001.0,18919.0,1001.0,18919.0,1001.0,18919.0,1001.0,18919.0,1001.0,2883.0,,2883.0,,2883.0,,2883.0,,2883.0,,2883.0,,6959.0,,6959.0,,6959.0,,6959.0,,6959.0,,6959.0,,3070.0,,3070.0,,3070.0,,3070.0,,3070.0,,3070.0,,2961.0,,3636.0,,3636.0,,3636.0,,3636.0,,3636.0,
NIT,Motilal Nehru National Institute of Technology Allahabad,"Electronics and Communication Engineering (4 Years, Bachelor of Technology)",HS,Gender-Neutral,9041.0,282.0,9316.0,282.0,9316.0,282.0,9316.0,282.0,9363.0,282.0,9577.0,282.0,1280.0,,1371.0,,1371.0,,1371.0,,1371.0,,1464.0,,3471.0,130.0,3645.0,130.0,3655.0,130.0,3655.0,130.0,3655.0,130.0,3676.0,130.0,1666.0,,2006.0,,2006.0,,2006.0,,2006.0,,2006.0,,1519.0,,1519.0,,2121.0,,2121.0,,2121.0,,2121.0,
NIT,Motilal Nehru National Institute of Technology Allahabad,"Electronics and Communication Engineering (4 Years, Bachelor of Technology)",OS,Female-only (including Supernumerary),13750.0,805.0,13817.0,805.0,13817.0,805.0,13817.0,805.0,13817.0,805.0,14971.0,805.0,2118.0,136.0,2118.0,136.0,2118.0,136.0,2118.0,136.0,2118.0,136.0,2359.0,136.0,7121.0,,7121.0,,7121.0,,7121.0,,7166.0,,7166.0,,2475.0,,4001.0,,4001.0,,4001.0,,4001.0,,4001.0,,1831.0,,1831.0,,1831.0,,1831.0,,1831.0,,1831.0,
NIT,Motilal Nehru National Institute of Technology Allahabad,"Electronics and Communication Engineering (4 Years, Bachelor of Technology)",OS,Gender-Neutral,6710.0,362.0,6919.0,365.0,7308.0,365.0,7308.0,365.0,7456.0,365.0,8532.0,365.0,1081.0,,1146.0,,1146.0,,1146.0,,1153.0,,1267.0,,2762.0,184.0,2932.0,184.0,2932.0,184.0,2932.0,184.0,2939.0,184.0,2976.0,184.0,1906.0,,1954.0,,1954.0,,1969.0,,1969.0,,2059.0,,828.0,,839.0,,839.0,,839.0,,839.0,,839.0,
NIT,Motilal Nehru National Institute of Technology Allahabad,"Engineering and Computational Mechanics (4 Years, Bachelor of Technology)",HS,Female-only (including Supernumerary),19937.0,,19937.0,,19937.0,,19937.0,,19937.0,,19937.0,,,332.0,,,,,,,,,,,10183.0,,10837.0,,10837.0,,10837.0,,10837.0,,12755.0,,,,,,,,,,,,,,,,,,,,,,,,,
NIT,Motilal Nehru National Institute of Technology Allahabad,"Engineering and Computational Mechanics (4 Years, Bachelor of Technology)",HS,Gender-Neutral,10922.0,545.0,11483.0,545.0,11483.0,545.0,11483.0,545.0,11780.0,545.0,12759.0,545.0,1505.0,,1505.0,,1505.0,,1690.0,,1690.0,,1690.0,,4933.0,,5090.0,,5090.0,,5090.0,,5090.0,,5090.0,,2424.0,,2424.0,,2424.0,,2424.0,,2424.0,,2424.0,,2548.0,,3311.0,,3311.0,,3311.0,,3311.0,,3311.0,
NIT,Motilal Nehru National Institute of Technology Allahabad,"Engineering and Computational Mechanics (4 Years, Bachelor of Technology)",OS,Female-only (including Supernumerary),21208.0,,21208.0,,21208.0,,21208.0,,21208.0,,21208.0,,,,,,,,,,,,,,7920.0,,7920.0,,7920.0,,7920.0,,7920.0,,10918.0,,5282.0,,6523.0,,6523.0,,6523.0,,6523.0,,6523.0,,,,,,,,,,,,,
NIT,Motilal Nehru National Institute of Technology Allahabad,"Engineering and Computational Mechanics (4 Years, Bachelor of Technology)",OS,Gender-Neutral,10384.0,,10615.0,,10615.0,,10615.0,,11350.0,,12340.0,,1332.0,,1548.0,,1548.0,,1548.0,,1548.0,,1767.0,,4399.0,,4750.0,,5065.0,,5065.0,,5065.0,,5065.0,,2727.0,,2830.0,,2830.0,,2830.0,,2830.0,,2984.0,,1356.0,,1356.0,,1356.0,,1356.0,,1356.0,,1356.0,
NIT,Motilal Nehru National Institute of Technology Allahabad,"Materials Engineering (4 Years, Bachelor of Technology)",HS,Female-only (including Supernumerary),45173.0,,45173.0,,45173.0,,47237.0,,47237.0,,50142.0,,,,,,,,,,,,,,15808.0,,17414.0,,17414.0,,17414.0,,17414.0,,17414.0,,,,,,,,,,,,,,,,,,,,,,,,,
NIT,Motilal Nehru National Institute of Technology Allahabad,"Materials Engineering (4 Years, Bachelor of Technology)",HS,Gender-Neutral,34121.0,2103.0,35606.0,2103.0,36076.0,2103.0,36076.0,2103.0,36076.0,2103.0,37696.0,2103.0,4874.0,,5312.0,,5312.0,,5312.0,,5312.0,,5707.0,,11892.0,,11892.0,,11892.0,,11892.0,,11892.0,,13739.0,,5250.0,,5856.0,,5856.0,,5856.0,,5856.0,,5856.0,,3688.0,,4702.0,,4702.0,,4702.0,,4702.0,,4758.0,
NIT,Motilal Nehru National Institute of Technology Allahabad,"Materials Engineering (4 Years, Bachelor of Technology)",OS,Female-only (including Supernumerary),42632.0,,42632.0,,42632.0,,42632.0,,42632.0,,47029.0,,,,,,,,,,,,,,17884.0,,17884.0,,17884.0,,17884.0,,17884.0,,19975.0,,8254.0,,8278.0,,8278.0,,8278.0,,8278.0,,8278.0,,,,,,,,,,,,,
NIT,Motilal Nehru National Institute of Technology Allahabad,"Materials Engineering (4 Years, Bachelor of Technology)",OS,Gender-Neutral,33173.0,,35746.0,,35746.0,,35746.0,,35903.0,,38442.0,,4860.0,,5498.0,,5563.0,,5563.0,,5563.0,,5743.0,,10473.0,,11879.0,,11879.0,,11879.0,,11879.0,,13728.0,,6707.0,,7116.0,,7116.0,,7116.0,,7116.0,,7181.0,,2239.0,,2239.0,,2239.0,,2239.0,,2942.0,,2942.0,
NIT,Motilal Nehru National Institute of Technology Allahabad,"Mechanical Engineering (4 Years, Bachelor of Technology)",HS,Female-only (including Supernumerary),29232.0,,29314.0,,29314.0,,29314.0,,30159.0,,30310.0,,4170.0,,5284.0,,5284.0,,5284.0,,5284.0,,5830.0,,13806.0,,13806.0,,13806.0,,13806.0,,14784.0,,14828.0,,4639.0,,5300.0,,5300.0,,5300.0,,5300.0,,5300.0,,3912.0,,3912.0,,3912.0,,4265.0,,4265.0,,4265.0,
NIT,Motilal Nehru National Institute of Technology Allahabad,"Mechanical Engineering (4 Years, Bachelor of Technology)",HS,Gender-Neutral,18750.0,343.0,19046.0,343.0,19046.0,343.0,19046.0,343.0,19046.0,343.0,21070.0,343.0,2906.0,172.0,3037.0,172.0,3062.0,172.0,3062.0,172.0,3062.0,172.0,3254.0,172.0,6757.0,514.0,6946.0,514.0,6946.0,514.0,6946.0,514.0,6946.0,514.0,7261.0,514.0,3359.0,,3865.0,,3870.0,,3870.0,,3870.0,,3870.0,,2822.0,,2828.0,,2828.0,,2828.0,,2828.0,,2828.0,
NIT,Motilal Nehru National Institute of Technology Allahabad,"Mechanical Engineering (4 Years, Bachelor of Technology)",OS,Female-only (including Supernumerary),29637.0,1928.0,32770.0,2378.0,32770.0,2378.0,32802.0,2378.0,32802.0,2378.0,34280.0,2378.0,4665.0,,4739.0,,4739.0,,4739.0,,4739.0,,5610.0,,12914.0,,14401.0,,14401.0,,14627.0,,14627.0,,14887.0,,6688.0,,7117.0,,7117.0,,7117.0,,7117.0,,7769.0,,2322.0,,2575.0,,2575.0,,2575.0,,2575.0,,2575.0,
NIT,Motilal Nehru National Institute of Technology Allahabad,"Mechanical Engineering (4 Years, Bachelor of Technology)",OS,Gender-Neutral,17056.0,854.0,17718.0,854.0,17742.0,854.0,17742.0,854.0,17753.0,854.0,19897.0,854.0,2709.0,,2709.0,,2709.0,,2709.0,,2709.0,,3216.0,,6488.0,403.0,7394.0,403.0,7394.0,403.0,7394.0,403.0,7404.0,403.0,7523.0,403.0,4163.0,,4256.0,,4256.0,,4256.0,,4256.0,,4256.0,,1495.0,,1617.0,,1712.0,,1712.0,,1712.0,,1810.0,
NIT,Motilal Nehru National Institute of Technology Allahabad,"Production and Industrial Engineering (4 Years, Bachelor of Technology)",HS,Female-only (including Supernumerary),47449.0,,48371.0,,48371.0,,48371.0,,48371.0,,57658.0,,7018.0,,7670.0,,7685.0,,7685.0,,7685.0,,8565.0,,,,,,,,,,,,,,8166.0,,8166.0,,8166.0,,8166.0,,8166.0,,8166.0,,,,,,,,,,,,,
NIT,Motilal Nehru National Institute of Technology Allahabad,"Production and Industrial Engineering (4 Years, Bachelor of Technology)",HS,Gender-Neutral,30471.0,1594.0,32741.0,1594.0,32741.0,1594.0,32741.0,1594.0,32741.0,1594.0,33554.0,1594.0,4537.0,,5476.0,,5476.0,,5476.0,,5476.0,,5892.0,,12263.0,,13250.0,,13250.0,,13250.0,,13250.0,,13250.0,,5223.0,,5783.0,,5783.0,,5783.0,,5783.0,,5783.0,,3508.0,,4371.0,,4371.0,,4371.0,,4371.0,,4371.0,
NIT,Motilal Nehru National Institute of Technology Allahabad,"Production and Industrial Engineering (4 Years, Bachelor of Technology)",OS,Female-only (including Supernumerary),36766.0,,36766.0,,36766.0,,36766.0,,36766.0,,36766.0,,6548.0,,6548.0,,6548.0,,6548.0,,6548.0,,6548.0,,17795.0,,18444.0,,18444.0,,18444.0,,18444.0,,18444.0,,8153.0,,9812.0,,9812.0,,9812.0,,9812.0,,9812.0,,3696.0,,4136.0,,4136.0,,4136.0,,4136.0,,4136.0,
NIT,Motilal Nehru National Institute of Technology Allahabad,"Production and Industrial Engineering (4 Years, Bachelor of Technology)",OS,Gender-Neutral,29990.0,1531.0,32188.0,2032.0,32188.0,2032.0,32188.0,2032.0,32188.0,2032.0,35132.0,2032.0,4766.0,,5178.0,,5178.0,,5178.0,,5178.0,,5454.0,,10994.0,,12097.0,,12175.0,,12175.0,,12175.0,,13199.0,,6314.0,,6431.0,,6431.0,,6431.0,,6431.0,,6431.0,,2079.0,,2708.0,,2708.0,,2708.0,,2708.0,,2708.0,
NIT,National Institute of Technology Agartala,"Biotechnology and Biochemical Engineering (4 Years, Bachelor of Technology)",HS,Female-only (including Supernumerary),260834.0,,262622.0,,262622.0,,262622.0,,262622.0,,265375.0,,40588.0,,,,,,,,,,,,,,,,,,,,,,,,22419.0,,22419.0,,22419.0,,22419.0,,22419.0,,22419.0,,12125.0,,18139.0,,18139.0,,18139.0,,18139.0,,18139.0,
NIT,National Institute of Technology Agartala,"Biotechnology and Biochemical Engineering (4 Years, Bachelor of Technology)",HS,Gender-Neutral,256165.0,,289128.0,,293385.0,,293385.0,,293385.0,,320421.0,,60538.0,,,,,,,,,,,,,,,,,,,,,,,,27065.0,,28756.0,,30862.0,,30862.0,,30862.0,,33556.0,,25105.0,,39210.0,,35113.0,,35113.0,,35113.0,,35113.0,
NIT,National Institute of Technology Agartala,"Biotechnology and Biochemical Engineering (4 Years, Bachelor of Technology)",OS,Female-only (including Supernumerary),50724.0,,54199.0,,67199.0,,67918.0,,68143.0,,71848.0,,8590.0,,9638.0,,9638.0,,10103.0,,10103.0,,11134.0,,21901.0,,24431.0,,25531.0,,25887.0,,26498.0,,27060.0,,4966.0,,9789.0,,9789.0,,9789.0,,9789.0,,10289.0,,,,,,,,,,,,,
NIT,National Institute of Technology Agartala,"Biotechnology and Biochemical Engineering (4 Years, Bachelor of Technology)",OS,Gender-Neutral,50765.0,,54320.0,,55959.0,,56825.0,,57176.0,,59122.0,,7611.0,,7864.0,,8051.0,,8051.0,,8098.0,,8655.0,,16137.0,1317.0,17508.0,1317.0,18273.0,1317.0,18319.0,1317.0,18319.0,1317.0,19157.0,1317.0,7623.0,,9041.0,,9319.0,,9319.0,,9319.0,,9366.0,,3137.0,,3285.0,,3349.0,,3349.0,,3485.0,,3538.0,
NIT,National Institute of Technology Agartala,"Chemical Engineering (4 Years, Bachelor of Technology)",HS,Female-only (including Supernumerary),160944.0,,162194.0,,162194.0,,162194.0,,162194.0,,162194.0,,74722.0,,,,,,,,,,,,,,,,,,,,,,,,24683.0,,29322.0,,29322.0,,29322.0,,29322.0,,29322.0,,23943.0,,39584.0,,23943.0,,23943.0,,23943.0,,23943.0,
NIT,National Institute of Technology Agartala,"Chemical Engineering (4 Years, Bachelor of Technology)",HS,Gender-Neutral,218902.0,,240107.0,,240107.0,,240107.0,,240107.0,,256835.0,,86891.0,,,,,,,,,,,,,,,,,,,,,,,,27209.0,,30098.0,,30098.0,,30098.0,,30098.0,,30098.0,,26156.0,,29190.0,,29190.0,,29190.0,,29190.0,,29190.0,
NIT,National Institute of Technology Agartala,"Chemical Engineering (4 Years, Bachelor of Technology)",OS,Female-only (including Supernumerary),53452.0,,60904.0,,62702.0,,62702.0,,64296.0,,67072.0,,7568.0,,8626.0,,9386.0,,9386.0,,9386.0,,9773.0,,20801.0,,22336.0,,22336.0,,22336.0,,23376.0,,24006.0,,8630.0,,8630.0,,8630.0,,8630.0,,8630.0,,8630.0,,3918.0,,4495.0,,4495.0,,4495.0,,4495.0,,4495.0,
NIT,National Institute of Technology Agartala,"Chemical Engineering (4 Years, Bachelor of Technology)",OS,Gender-Neutral,45924.0,,48549.0,,49099.0,,49099.0,,49599.0,,50902.0,,6938.0,,7311.0,,7442.0,,7442.0,,7490.0,,7687.0,,15155.0,822.0,16047.0,1514.0,16281.0,1514.0,16281.0,1514.0,16313.0,1514.0,17385.0,,7190.0,,7853.0,,8122.0,,8122.0,,8122.0,,8203.0,,2496.0,,2994.0,,2994.0,,2994.0,,2994.0,,2994.0,
NIT,National Institute of Technology Agartala,"Chemistry (5 Years, Bachelor of Science and Master of Science (Dual Degree))",HS,Gender-Neutral,264741.0,,308735.0,,311214.0,,326218.0,,334286.0,,346939.0,,118078.0,,,,,,,,,,,,,,,,,,,,,,,,35184.0,,36318.0,,37282.0,,38826.0,,38826.0,,38826.0,,34297.0,,22055.0,,22055.0,,22055.0,,22055.0,,22055.0,
NIT,National Institute of Technology Agartala,"Chemistry (5 Years, Bachelor of Science and Master of Science (Dual Degree))",OS,Gender-Neutral,52233.0,3164.0,55760.0,,58197.0,,58197.0,,58197.0,,62338.0,,7507.0,,8593.0,,8925.0,,8925.0,,8925.0,,9100.0,,17358.0,,18497.0,,19255.0,,19261.0,,19261.0,,20171.0,,8913.0,,9318.0,,9924.0,,10515.0,,10666.0,,10666.0,,3429.0,,3555.0,,3555.0,,3555.0,,3555.0,,3877.0,
NIT,National Institute of Technology Agartala,"Civil Engineering (4 Years, Bachelor of Technology)",HS,Female-only (including Supernumerary),196315.0,,228382.0,,228382.0,,228382.0,,228382.0,,237342.0,,45840.0,,45840.0,,45840.0,,45840.0,,45840.0,,45840.0,,,,,,,,,,,,,,15387.0,,15387.0,,15387.0,,15387.0,,15387.0,,15387.0,,11068.0,,14640.0,,14640.0,,14640.0,,14640.0,,14640.0,
NIT,National Institute of Technology Agartala,"Civil Engineering (4 Years, Bachelor of Technology)",HS,Gender-Neutral,216291.0,,231876.0,,231876.0,,231876.0,,231876.0,,237394.0,,67193.0,,60549.0,,60549.0,,60549.0,,60549.0,,60549.0,,,,,,,,,,,,,,23577.0,,27545.0,,27545.0,,27545.0,,27545.0,,27545.0,,15922.0,,19450.0,,20010.0,,20010.0,,20010.0,,20010.0,
NIT,National Institute of Technology Agartala,"Civil Engineering (4 Years, Bachelor of Technology)",OS,Female-only (including Supernumerary),59923.0,,63908.0,,67233.0,,67233.0,,67567.0,,69969.0,,8595.0,,9201.0,,9628.0,,9628.0,,9773.0,,10158.0,,21717.0,,23248.0,,24431.0,,24431.0,,24431.0,,25202.0,,10328.0,,10963.0,,11253.0,,11319.0,,11319.0,,11335.0,,3155.0,,3345.0,,3619.0,,3619.0,,3619.0,,4311.0,
NIT,National Institute of Technology Agartala,"Civil Engineering (4 Years, Bachelor of Technology)",OS,Gender-Neutral,47387.0,2197.0,50885.0,3107.0,51656.0,3107.0,51770.0,3107.0,51806.0,3107.0,54950.0,3107.0,7069.0,,7516.0,,7630.0,,7630.0,,7779.0,,8123.0,,15278.0,1127.0,16675.0,1646.0,16927.0,1646.0,16940.0,1646.0,17161.0,1646.0,17508.0,1646.0,7398.0,,8480.0,,8516.0,,8516.0,,8516.0,,8596.0,,2523.0,,2894.0,,2894.0,,2894.0,,2921.0,,2921.0,
NIT,National Institute of Technology Agartala,"Computational Mathematics (5 Years, Bachelor and Master of Technology (Dual Degree))",HS,Gender-Neutral,164761.0,,164761.0,,164761.0,,164761.0,,164761.0,,167791.0,,99561.0,,,,,,,,,,,,,,,,,,,,,,,,8646.0,,30080.0,,30080.0,,30080.0,,30080.0,,30080.0,,29246.0,,23406.0,,23406.0,,23406.0,,23406.0,,23406.0,
NIT,National Institute of Technology Agartala,"Computational Mathematics (5 Years, Bachelor and Master of Technology (Dual Degree))",OS,Gender-Neutral,28397.0,,29465.0,,29465.0,,29465.0,,29465.0,,32640.0,,4029.0,320.0,4553.0,,4553.0,,4553.0,,4553.0,,4553.0,,11574.0,,12558.0,,12558.0,,12558.0,,12558.0,,12747.0,,5685.0,,5983.0,,5983.0,,5983.0,,5983.0,,5986.0,,2115.0,,2115.0,,2115.0,,2115.0,,2115.0,,2115.0,
NIT,National Institute of Technology Agartala,"Computer Science and Engineering (4 Years, Bachelor of Technology)",HS,Female-only (including Supernumerary),69031.0,,71842.0,,71842.0,,71842.0,,71842.0,,71842.0,,25950.0,,27982.0,,27982.0,,27982.0,,27982.0,,27982.0,,,,,,,,,,,,,,12065.0,,12065.0,,12065.0,,12065.0,,12065.0,,12065.0,,7438.0,,7620.0,,7620.0,,7620.0,,7620.0,,7620.0,
NIT,National Institute of Technology Agartala,"Computer Science and Engineering (4 Years, Bachelor of Technology)",HS,Gender-Neutral,66895.0,1163.0,70884.0,1163.0,70884.0,1163.0,70884.0,1163.0,70884.0,1163.0,75417.0,1163.0,18693.0,,32713.0,,32713.0,,32713.0,,32713.0,,32713.0,,,,,,,,,,,,,,8566.0,356.0,8718.0,,8718.0,,8718.0,,8718.0,,8718.0,,8320.0,,10738.0,,10738.0,,10738.0,,10738.0,,10738.0,
NIT,National Institute of Technology Agartala,"Computer Science and Engineering (4 Years, Bachelor of Technology)",OS,Female-only (including Supernumerary),31912.0,,33333.0,,35008.0,,35008.0,,35008.0,,38997.0,,5358.0,,5407.0,,5489.0,,5489.0,,5489.0,,5757.0,,12959.0,,13710.0,,13710.0,,13710.0,,13710.0,,14489.0,,5468.0,14.0,5468.0,14.0,5468.0,14.0,5468.0,14.0,5468.0,14.0,5468.0,14.0,1478.0,,1478.0,,1478.0,,1478.0,,1478.0,,1478.0,
NIT,National Institute of Technology Agartala,"Computer Science and Engineering (4 Years, Bachelor of Technology)",OS,Gender-Neutral,19064.0,,20376.0,,20541.0,,20541.0,,20590.0,,22013.0,,3025.0,,3036.0,,3119.0,,3119.0,,3119.0,,3237.0,,6748.0,227.0,6907.0,441.0,6923.0,441.0,6923.0,441.0,6923.0,441.0,7008.0,441.0,3399.0,136.0,3563.0,136.0,3563.0,136.0,3563.0,136.0,3563.0,140.0,3563.0,140.0,1623.0,,1672.0,,1705.0,,1705.0,,1705.0,,1826.0,
NIT,National Institute of Technology Agartala,"Electrical Engineering (4 Years, Bachelor of Technology)",HS,Female-only (including Supernumerary),104739.0,,114046.0,,114046.0,,114046.0,,114046.0,,119235.0,,32277.0,,39040.0,,39040.0,,39040.0,,39040.0,,39040.0,,,,,,,,,,,,,,21928.0,,23464.0,,23464.0,,23464.0,,23464.0,,23464.0,,21407.0,,27275.0,,27795.0,,27795.0,,27795.0,,27795.0,
NIT,National Institute of Technology Agartala,"Electrical Engineering (4 Years, Bachelor of Technology)",HS,Gender-Neutral,116330.0,,119235.0,,119235.0,,119235.0,,119235.0,,127385.0,,39040.0,,67689.0,,67689.0,,67689.0,,67689.0,,67689.0,,,,,,,,,,,,,,17509.0,,18588.0,,18588.0,,18588.0,,18588.0,,18588.0,,18286.0,,27106.0,,29187.0,,29187.0,,29187.0,,29187.0,
NIT,National Institute of Technology Agartala,"Electrical Engineering (4 Years, Bachelor of Technology)",OS,Female-only (including Supernumerary),46985.0,,50326.0,,52044.0,,52731.0,,52731.0,,55221.0,,7123.0,,7123.0,,7979.0,,7979.0,,7979.0,,7979.0,,17540.0,,19037.0,,19037.0,,19037.0,,19146.0,,20885.0,,8623.0,,8691.0,,8691.0,,8691.0,,8691.0,,8691.0,,3673.0,,3673.0,,3673.0,,3673.0,,3673.0,,3673.0,
NIT,National Institute of Technology Agartala,"Electrical Engineering (4 Years, Bachelor of Technology)",OS,Gender-Neutral,33497.0,2070.0,33568.0,2121.0,34045.0,2121.0,34045.0,2121.0,34383.0,2121.0,35580.0,2121.0,4944.0,,5078.0,,5078.0,,5078.0,,5212.0,,5497.0,,10828.0,973.0,11328.0,1134.0,11497.0,1528.0,11497.0,1528.0,11497.0,1528.0,11994.0,1528.0,5790.0,,5919.0,,5919.0,,5919.0,,5919.0,,5925.0,,2396.0,,2432.0,,2432.0,,2432.0,,2458.0,,2458.0,
NIT,National Institute of Technology Agartala,"Electronics and Communication Engineering (4 Years, Bachelor of Technology)",HS,Female-only (including Supernumerary),91798.0,,92826.0,,92826.0,,92826.0,,92826.0,,93924.0,,27982.0,,33615.0,,33615.0,,33615.0,,33615.0,,33615.0,,,,,,,,,,,,,,15438.0,,18048.0,,18048.0,,18048.0,,18048.0,,18048.0,,17068.0,,22375.0,,22375.0,,22375.0,,22375.0,,22375.0,
NIT,National Institute of Technology Agartala,"Electronics and Communication Engineering (4 Years, Bachelor of Technology)",HS,Gender-Neutral,93804.0,3320.0,97745.0,3320.0,97745.0,3320.0,97745.0,3320.0,97745.0,3320.0,105936.0,3320.0,23708.0,,48908.0,,48908.0,,48908.0,,48908.0,,54573.0,,,,,,,,,,,,,,11799.0,,13572.0,,13572.0,,13572.0,,13572.0,,13572.0,,14636.0,,17619.0,,18198.0,,18198.0,,18198.0,,18198.0,
NIT,National Institute of Technology Agartala,"Electronics and Communication Engineering (4 Years, Bachelor of Technology)",OS,Female-only (including Supernumerary),39872.0,,41513.0,,43383.0,,43383.0,,43383.0,,44750.0,,6210.0,,6210.0,,6210.0,,6210.0,,6210.0,,7045.0,,15077.0,,15077.0,,15077.0,,15077.0,,15077.0,,16533.0,,6257.0,,6895.0,,6895.0,,6895.0,,6895.0,,6895.0,,3259.0,,3259.0,,3259.0,,3259.0,,3259.0,,3259.0,
NIT,National Institute of Technology Agartala,"Electronics and Communication Engineering (4 Years, Bachelor of Technology)",OS,Gender-Neutral,25164.0,1544.0,26406.0,1584.0,27059.0,1584.0,27059.0,1584.0,27147.0,1584.0,28758.0,1584.0,3837.0,,3920.0,,3926.0,,3926.0,,3926.0,,4221.0,,8301.0,,8798.0,,8798.0,,8798.0,,8798.0,,9087.0,,4200.0,,4696.0,,4696.0,,4696.0,,4696.0,,4696.0,,1849.0,,2337.0,,2380.0,,2380.0,,2380.0,,2380.0,
NIT,National Institute of Technology Agartala,"Electronics and Instrumentation Engineering (4 Years, Bachelor of Technology)",HS,Female-only (including Supernumerary),127286.0,,127763.0,,127763.0,,127763.0,,127763.0,,128014.0,,81578.0,,86891.0,,86891.0,,86891.0,,86891.0,,86891.0,,,,,,,,,,,,,,21116.0,,21116.0,,21116.0,,21116.0,,21116.0,,21116.0,,24357.0,,29187.0,,29910.0,,29910.0,,29910.0,,29910.0,
NIT,National Institute of Technology Agartala,"Electronics and Instrumentation Engineering (4 Years, Bachelor of Technology)",HS,Gender-Neutral,130828.0,3718.0,137833.0,3718.0,137833.0,3718.0,137833.0,3718.0,137833.0,3718.0,147524.0,3718.0,42520.0,,96664.0,,96664.0,,96664.0,,96664.0,,96664.0,,,,,,,,,,,,,,20444.0,,22553.0,,22553.0,,22553.0,,22553.0,,22553.0,,25738.0,,45138.0,,45138.0,,45138.0,,45138.0,,45138.0,
NIT,National Institute of Technology Agartala,"Electronics and Instrumentation Engineering (4 Years, Bachelor of Technology)",OS,Female-only (including Supernumerary),44222.0,,51561.0,,51577.0,,51663.0,,51663.0,,52731.0,,6525.0,,7400.0,,8399.0,,8399.0,,8399.0,,8399.0,,17229.0,,19532.0,,19532.0,,19532.0,,19532.0,,19532.0,,8691.0,,9784.0,,9820.0,,9820.0,,9820.0,,9820.0,,4449.0,,4637.0,,4637.0,,4637.0,,4637.0,,4637.0,
NIT,National Institute of Technology Agartala,"Electronics and Instrumentation Engineering (4 Years, Bachelor of Technology)",OS,Gender-Neutral,33191.0,2285.0,34472.0,2475.0,34506.0,2475.0,35128.0,2475.0,35310.0,2475.0,36589.0,2475.0,4651.0,,5230.0,,5230.0,,5230.0,,5497.0,,5948.0,,11879.0,,12419.0,,12419.0,,12419.0,,12464.0,,12558.0,,5765.0,,5975.0,,5975.0,,5975.0,,5975.0,,6102.0,,2435.0,,2435.0,,2435.0,,2435.0,,2435.0,,2435.0,
NIT,National Institute of Technology Agartala,"Engineering Physics (5 Years, Bachelor and Master of Technology (Dual Degree))",HS,Gender-Neutral,256124.0,,295929.0,,308960.0,,311214.0,,311214.0,,311214.0,,110300.0,,,,,,,,,,,,,,,,,,,,,,,,30080.0,,36187.0,,38826.0,,39666.0,,39666.0,,39666.0,,30829.0,,42112.0,,30829.0,,30829.0,,30829.0,,30829.0,
NIT,National Institute of Technology Agartala,"Engineering Physics (5 Years, Bachelor and Master of Technology (Dual Degree))",OS,Gender-Neutral,42216.0,,46692.0,,46982.0,,46982.0,,46982.0,,47515.0,,,,,,,,,,,,,,16051.0,,17151.0,,17151.0,,17234.0,,17234.0,,18484.0,,7938.0,,8613.0,,8613.0,,8613.0,,8613.0,,9000.0,,3332.0,,3332.0,,3332.0,,3332.0,,3332.0,,3332.0,
NIT,National Institute of Technology Agartala,"Mathematics & Computing (5 Years, Bachelor of Science and Master of Science (Dual Degree))",HS,Gender-Neutral,181085.0,,220764.0,,220764.0,,220764.0,,220764.0,,234846.0,,44766.0,,,,,,,,,,,,,,,,,,,,,,,,27001.0,,35184.0,,35184.0,,35184.0,,35184.0,,35184.0,,27472.0,,34454.0,,34454.0,,34454.0,,34454.0,,34454.0,
NIT,National Institute of Technology Agartala,"Mathematics & Computing (5 Years, Bachelor of Science and Master of Science (Dual Degree))",OS,Gender-Neutral,31487.0,,35560.0,,35859.0,,35859.0,,36998.0,,39393.0,,4430.0,342.0,5457.0,342.0,5457.0,342.0,5457.0,342.0,5457.0,342.0,5556.0,342.0,12201.0,,14541.0,,14749.0,,14749.0,,14749.0,,15014.0,,5644.0,,6369.0,,6501.0,,6579.0,,6579.0,,6701.0,,1903.0,,1903.0,,1903.0,,1903.0,,1903.0,,1903.0,
NIT,National Institute of Technology Agartala,"Mechanical Engineering (4 Years, Bachelor of Technology)",HS,Female-only (including Supernumerary),187374.0,,196315.0,,196315.0,,196315.0,,196315.0,,200190.0,,73441.0,,73441.0,,73441.0,,73441.0,,73441.0,,73441.0,,,,,,,,,,,,,,23685.0,,24683.0,,24683.0,,24683.0,,24683.0,,24683.0,,22937.0,,24427.0,,20211.0,,20211.0,,20211.0,,20211.0,
NIT,National Institute of Technology Agartala,"Mechanical Engineering (4 Years, Bachelor of Technology)",HS,Gender-Neutral,169546.0,,183084.0,,183084.0,,183084.0,,183084.0,,204344.0,,49366.0,,135703.0,,135703.0,,135703.0,,135703.0,,135703.0,,,,,,,,,,,,,,23091.0,,28693.0,,28693.0,,28693.0,,28693.0,,28693.0,,21381.0,,35636.0,,42399.0,,38137.0,,38137.0,,38137.0,
NIT,National Institute of Technology Agartala,"Mechanical Engineering (4 Years, Bachelor of Technology)",OS,Female-only (including Supernumerary),52836.0,,59923.0,,60803.0,,60803.0,,61971.0,,63151.0,,8002.0,,8595.0,,8790.0,,8790.0,,9041.0,,9311.0,,19455.0,,22970.0,,22970.0,,22970.0,,22970.0,,23243.0,,8278.0,,10604.0,,10604.0,,10604.0,,10604.0,,10604.0,,3520.0,,3520.0,,3520.0,,3520.0,,3520.0,,3520.0,
NIT,National Institute of Technology Agartala,"Mechanical Engineering (4 Years, Bachelor of Technology)",OS,Gender-Neutral,39049.0,1938.0,42072.0,3138.0,42459.0,3364.0,42625.0,3364.0,43656.0,3364.0,45924.0,3534.0,5902.0,,6631.0,,6631.0,,6703.0,,6703.0,,6920.0,,13398.0,920.0,14953.0,1485.0,14956.0,1485.0,14961.0,1485.0,14961.0,1485.0,15850.0,1514.0,6047.0,,7275.0,,7408.0,,7408.0,,7408.0,,7494.0,,2614.0,,2859.0,,2859.0,,2859.0,,2859.0,,2859.0,
NIT,National Institute of Technology Agartala,"Physics (5 Years, Bachelor of Science and Master of Science (Dual Degree))",HS,Gender-Neutral,255047.0,,292733.0,,317100.0,,325443.0,,330093.0,,343077.0,,61502.0,,61502.0,,61502.0,,61502.0,,61502.0,,61502.0,,,,,,,,,,,,,,32161.0,,36570.0,,39880.0,,41862.0,,41909.0,,42018.0,,19450.0,,37072.0,,22937.0,,22937.0,,22937.0,,22937.0,
NIT,National Institute of Technology Agartala,"Physics (5 Years, Bachelor of Science and Master of Science (Dual Degree))",OS,Gender-Neutral,45304.0,3039.0,49961.0,3039.0,51473.0,3039.0,51473.0,3039.0,51473.0,3039.0,52688.0,3039.0,7082.0,,7507.0,,7669.0,,7669.0,,7669.0,,8384.0,,16480.0,,17861.0,,18382.0,,18601.0,,18601.0,,19734.0,,8117.0,,9054.0,,9415.0,,10018.0,,10018.0,,10018.0,,3428.0,,3759.0,,3759.0,,3759.0,,3759.0,,3759.0,
NIT,National Institute of Technology Agartala,"Production Engineering (4 Years, Bachelor of Technology)",HS,Female-only (including Supernumerary),251078.0,,254653.0,,254653.0,,254653.0,,278840.0,,279380.0,,87163.0,,112870.0,,,,,,,,,,,,,,,,,,,,,,28607.0,,39666.0,,43534.0,,46250.0,,46250.0,,46250.0,,29910.0,,,,,,,,,,,
NIT,National Institute of Technology Agartala,"Production Engineering (4 Years, Bachelor of Technology)",HS,Gender-Neutral,262622.0,,278840.0,,279380.0,,279380.0,,282073.0,,308003.0,,93628.0,,,,,,,,,,,,,,,,,,,,,,,,30098.0,,36319.0,,38715.0,,40238.0,,41469.0,,41469.0,,40315.0,,18506.0,,18506.0,,18506.0,,18506.0,,18506.0,
NIT,National Institute of Technology Agartala,"Production Engineering (4 Years, Bachelor of Technology)",OS,Female-only (including Supernumerary),58621.0,,66424.0,,68370.0,,70180.0,,70512.0,,75238.0,,8626.0,,9725.0,,10085.0,,10671.0,,10671.0,,10832.0,,22801.0,,23826.0,,25802.0,,25973.0,,26685.0,,27504.0,,10450.0,,10450.0,,10450.0,,10450.0,,10450.0,,11912.0,,4758.0,,5031.0,,5031.0,,5031.0,,5031.0,,5180.0,
NIT,National Institute of Technology Agartala,"Production Engineering (4 Years, Bachelor of Technology)",OS,Gender-Neutral,50569.0,,52859.0,,54956.0,,55003.0,,55258.0,,56880.0,,7531.0,,7885.0,,8131.0,,8131.0,,8131.0,,8513.0,,16426.0,,17681.0,,18210.0,,18270.0,,18270.0,,18793.0,,7630.0,,8234.0,,8565.0,,8565.0,,8565.0,,9199.0,,3142.0,,3426.0,,3426.0,,3426.0,,3426.0,,3542.0,
NIT,National Institute of Technology Arunachal Pradesh,"Biosciences and Bioengineering (4 Years, Bachelor of Technology)",HS,Female-only (including Supernumerary),,,,,,,,,,,,,,,,,,,,,,,,,,,,,,,,,,,,,,,,,,,,,,,,,13544.0,,36152.0,,36152.0,,36152.0,,36152.0,,36152.0,
NIT,National Institute of Technology Arunachal Pradesh,"Biosciences and Bioengineering (4 Years, Bachelor of Technology)",HS,Gender-Neutral,182602.0,,182602.0,,182602.0,,182602.0,,182602.0,,182602.0,,,,,,,,,,,,,,156599.0,,156599.0,,156599.0,,156599.0,,188584.0,,239854.0,,,,,,,,,,,,,,36152.0,,44359.0,,,,,,,,,
NIT,National Institute of Technology Arunachal Pradesh,"Biosciences and Bioengineering (4 Years, Bachelor of Technology)",OS,Female-only (including Supernumerary),49689.0,,67935.0,,75170.0,,75818.0,,76434.0,,77665.0,,,,,,,,,,,,,,22333.0,,24549.0,,24549.0,,24549.0,,24549.0,,24549.0,,,,,,,,,,,,,,,,,,,,,,,,,
NIT,National Institute of Technology Arunachal Pradesh,"Biosciences and Bioengineering (4 Years, Bachelor of Technology)",OS,Gender-Neutral,47925.0,,56121.0,,57449.0,,57457.0,,58271.0,,61897.0,,7412.0,,8098.0,,8098.0,,8137.0,,8384.0,,8904.0,,15749.0,1485.0,17875.0,,18297.0,,18297.0,,18297.0,,19859.0,,6306.0,,8966.0,,9325.0,,9325.0,,9325.0,,10047.0,,3285.0,,3349.0,,3538.0,,3538.0,,3538.0,,3782.0,
NIT,National Institute of Technology Arunachal Pradesh,"Civil Engineering (4 Years, Bachelor of Technology)",HS,Female-only (including Supernumerary),,,,,,,,,,,,,,,,,,,,,,,,,,,,,,,,,,,,,,,,,,,,,,,,,5587.0,,5587.0,,5648.0,,5648.0,,5648.0,,5648.0,
NIT,National Institute of Technology Arunachal Pradesh,"Civil Engineering (4 Years, Bachelor of Technology)",HS,Gender-Neutral,174477.0,,174477.0,,174477.0,,174477.0,,174477.0,,174477.0,,,,,,,,,,,,,,121430.0,,121430.0,,121430.0,,121430.0,,121430.0,,121430.0,,37122.0,,41887.0,,41887.0,,41887.0,,41887.0,,41887.0,,6616.0,,7489.0,,7690.0,,7690.0,,7690.0,,7690.0,
NIT,National Institute of Technology Arunachal Pradesh,"Civil Engineering (4 Years, Bachelor of Technology)",OS,Female-only (including Supernumerary),61121.0,,67628.0,,69633.0,,71333.0,,72183.0,,73295.0,,,,,,,,,,,,,,22505.0,,24380.0,,24946.0,,25320.0,,25578.0,,25742.0,,,,,,,,,,,,,,,,,,,,,,,,,
NIT,National Institute of Technology Arunachal Pradesh,"Civil Engineering (4 Years, Bachelor of Technology)",OS,Gender-Neutral,50681.0,,52371.0,,53728.0,,54720.0,,56968.0,,58464.0,,7357.0,,7717.0,,7779.0,,7779.0,,8162.0,,8766.0,,15622.0,,17047.0,,17258.0,,17662.0,,17730.0,,19096.0,,7891.0,,8352.0,,8678.0,,8678.0,,8678.0,,8810.0,,2653.0,,3040.0,,3040.0,,3040.0,,3040.0,,3040.0,
NIT,National Institute of Technology Arunachal Pradesh,"Computer Science and Engineering (4 Years, Bachelor of Technology)",HS,Female-only (including Supernumerary),,,,,,,,,,,,,,,,,,,,,,,,,,,,,,,,,,,,,,,,,,,,,,,,,6441.0,,16693.0,,16693.0,,16693.0,,16693.0,,16693.0,
NIT,National Institute of Technology Arunachal Pradesh,"Computer Science and Engineering (4 Years, Bachelor of Technology)",HS,Gender-Neutral,78084.0,,78084.0,,78084.0,,78084.0,,78084.0,,78084.0,,,,,,,,,,,,,,35124.0,,35124.0,,35124.0,,35124.0,,35124.0,,35124.0,,26592.0,,26592.0,,26592.0,,26592.0,,26592.0,,26592.0,,10601.0,,19728.0,,39691.0,,18929.0,,18929.0,,18929.0,
NIT,National Institute of Technology Arunachal Pradesh,"Computer Science and Engineering (4 Years, Bachelor of Technology)",OS,Female-only (including Supernumerary),38553.0,,39026.0,,39026.0,,39026.0,,39026.0,,47354.0,,,,,,,,,,,,,,15369.0,,17870.0,,17870.0,,17870.0,,17870.0,,17870.0,,,,,,,,,,,,,,,,,,,,,,,,,
NIT,National Institute of Technology Arunachal Pradesh,"Computer Science and Engineering (4 Years, Bachelor of Technology)",OS,Gender-Neutral,26036.0,882.0,28028.0,882.0,28028.0,882.0,28028.0,882.0,28028.0,882.0,30607.0,882.0,3984.0,,4648.0,,4648.0,,4648.0,,4648.0,,4648.0,,8938.0,,9880.0,,9880.0,,9880.0,,9880.0,,9908.0,,4272.0,,4689.0,,4689.0,,4689.0,,4689.0,,4755.0,,1912.0,,1942.0,,1942.0,,1942.0,,1942.0,,1942.0,
NIT,National Institute of Technology Arunachal Pradesh,"Electrical Engineering (4 Years, Bachelor of Technology)",HS,Female-only (including Supernumerary),,,,,,,,,,,,,,,,,,,,,,,,,,,,,,,,,,,,,,,,,,,,,,,,,11747.0,,22863.0,,22863.0,,22863.0,,22863.0,,22863.0,
NIT,National Institute of Technology Arunachal Pradesh,"Electrical Engineering (4 Years, Bachelor of Technology)",HS,Gender-Neutral,169235.0,,169235.0,,169235.0,,169235.0,,170231.0,,170231.0,,,,,,,,,,,,,,68145.0,,68145.0,,68145.0,,68145.0,,68145.0,,68145.0,,122723.0,,122723.0,,122723.0,,122723.0,,122723.0,,122723.0,,16353.0,,38047.0,,26012.0,,26012.0,,26012.0,,26012.0,
NIT,National Institute of Technology Arunachal Pradesh,"Electrical Engineering (4 Years, Bachelor of Technology)",OS,Female-only (including Supernumerary),52051.0,,54339.0,,58844.0,,60433.0,,60433.0,,63171.0,,,,,,,,,,,,,,19475.0,,20925.0,,20925.0,,20925.0,,20925.0,,23444.0,,9496.0,,10222.0,,10222.0,,10222.0,,10222.0,,10328.0,,,,,,,,,,,,,
NIT,National Institute of Technology Arunachal Pradesh,"Electrical Engineering (4 Years, Bachelor of Technology)",OS,Gender-Neutral,41005.0,,43403.0,,43955.0,,43955.0,,44364.0,,47047.0,,6448.0,,6592.0,,6854.0,,6854.0,,6854.0,,7190.0,,12691.0,865.0,13681.0,1269.0,13681.0,1269.0,13681.0,1269.0,13681.0,1269.0,14893.0,1269.0,6510.0,,7691.0,,7947.0,,8033.0,,8042.0,,8042.0,,2549.0,,2754.0,,2754.0,,2754.0,,2832.0,,2900.0,
NIT,National Institute of Technology Arunachal Pradesh,"Electronics and Communication Engineering (4 Years, Bachelor of Technology)",HS,Female-only (including Supernumerary),,,,,,,,,,,,,,,,,,,,,,,,,,,,,,,,,,,,,,,,,,,,,,,,,17990.0,,14153.0,,14153.0,,14153.0,,14153.0,,14153.0,
NIT,National Institute of Technology Arunachal Pradesh,"Electronics and Communication Engineering (4 Years, Bachelor of Technology)",HS,Gender-Neutral,112710.0,,112710.0,,112710.0,,112710.0,,115892.0,,115892.0,,,,,,,,,,,,,,37684.0,,37684.0,,37684.0,,37684.0,,40279.0,,40279.0,,9495.0,,9495.0,,9495.0,,9495.0,,9495.0,,9495.0,,22677.0,,42005.0,,34172.0,,34172.0,,34172.0,,34172.0,
NIT,National Institute of Technology Arunachal Pradesh,"Electronics and Communication Engineering (4 Years, Bachelor of Technology)",OS,Female-only (including Supernumerary),40431.0,,51738.0,,51738.0,,52490.0,,52490.0,,56639.0,,,,,,,,,,,,,,17515.0,,19949.0,,19949.0,,19949.0,,19949.0,,19949.0,,8980.0,,8980.0,,8980.0,,8980.0,,8980.0,,8980.0,,,,,,,,,,,,,
NIT,National Institute of Technology Arunachal Pradesh,"Electronics and Communication Engineering (4 Years, Bachelor of Technology)",OS,Gender-Neutral,34867.0,,40274.0,,40274.0,,40274.0,,40274.0,,41523.0,,5313.0,,5850.0,,5850.0,,5850.0,,5850.0,,5850.0,,11577.0,770.0,11889.0,1157.0,11889.0,1196.0,11889.0,1196.0,11889.0,1196.0,12571.0,1196.0,5780.0,,6758.0,,6758.0,,6758.0,,6758.0,,6758.0,,2584.0,,2737.0,,2737.0,,2737.0,,2737.0,,2737.0,
NIT,National Institute of Technology Arunachal Pradesh,"Mechanical Engineering (4 Years, Bachelor of Technology)",HS,Female-only (including Supernumerary),,,,,,,,,,,,,,,,,,,,,,,,,,,,,,,,,,,,,,,,,,,,,,,,,16693.0,,,,,,,,,,,
NIT,National Institute of Technology Arunachal Pradesh,"Mechanical Engineering (4 Years, Bachelor of Technology)",HS,Gender-Neutral,170231.0,,170231.0,,170231.0,,170231.0,,194177.0,,201715.0,,,,,,,,,,,,,,66207.0,,66207.0,,66207.0,,66207.0,,156599.0,,156599.0,,97830.0,,97830.0,,97830.0,,97830.0,,97830.0,,97830.0,,44669.0,,15636.0,,15636.0,,15636.0,,15636.0,,15636.0,
NIT,National Institute of Technology Arunachal Pradesh,"Mechanical Engineering (4 Years, Bachelor of Technology)",OS,Female-only (including Supernumerary),53923.0,,57769.0,,57769.0,,57769.0,,57769.0,,57769.0,,,,,,,,,,,,,,20345.0,,23023.0,,23023.0,,23023.0,,24494.0,,25018.0,,10318.0,,11105.0,,11216.0,,11216.0,,11216.0,,11216.0,,,,,,,,,,,,,
NIT,National Institute of Technology Arunachal Pradesh,"Mechanical Engineering (4 Years, Bachelor of Technology)",OS,Gender-Neutral,43137.0,,46131.0,,47184.0,,47270.0,,47270.0,,50560.0,,6524.0,,7266.0,,7266.0,,7357.0,,7381.0,,7550.0,,14453.0,757.0,15519.0,1521.0,15851.0,1521.0,15868.0,1521.0,15868.0,1521.0,16768.0,1521.0,7008.0,,8133.0,,8159.0,,8159.0,,8159.0,,8274.0,,2724.0,,2911.0,,2911.0,,2911.0,,2911.0,,3054.0,
NIT,National Institute of Technology Calicut,"Architecture (5 Years, Bachelor of Architecture)",HS,Female-only (including Supernumerary),33.0,19.0,33.0,19.0,33.0,19.0,33.0,19.0,33.0,19.0,33.0,19.0,,,,,,,,,,,,,46.0,,58.0,,58.0,,58.0,,58.0,,58.0,,143.0,,143.0,,143.0,,143.0,,143.0,,143.0,,3280.0,,,,,,,,,,,
NIT,National Institute of Technology Calicut,"Architecture (5 Years, Bachelor of Architecture)",HS,Gender-Neutral,208.0,,241.0,,241.0,,241.0,,241.0,,241.0,,701.0,,1856.0,,3310.0,,3310.0,,3310.0,,3310.0,,77.0,38.0,85.0,38.0,85.0,38.0,85.0,38.0,85.0,38.0,85.0,38.0,161.0,,222.0,,222.0,,222.0,,222.0,,222.0,,,,,,,,,,,,,
NIT,National Institute of Technology Calicut,"Architecture (5 Years, Bachelor of Architecture)",OS,Female-only (including Supernumerary),169.0,,210.0,,210.0,,210.0,,210.0,,210.0,,31.0,,53.0,,53.0,,53.0,,53.0,,53.0,,157.0,,188.0,,188.0,,188.0,,188.0,,188.0,,46.0,,55.0,,55.0,,55.0,,55.0,,55.0,,,,,,,,,,,,,
NIT,National Institute of Technology Calicut,"Architecture (5 Years, Bachelor of Architecture)",OS,Gender-Neutral,232.0,51.0,289.0,98.0,289.0,98.0,289.0,98.0,289.0,98.0,289.0,98.0,52.0,,98.0,,98.0,,98.0,,98.0,,98.0,,160.0,,233.0,,254.0,,254.0,,254.0,,254.0,,55.0,,65.0,,65.0,,65.0,,65.0,,65.0,,19.0,,19.0,,19.0,,19.0,,19.0,,19.0,
NIT,National Institute of Technology Calicut,"Bio Technology (4 Years, Bachelor of Technology)",HS,Female-only (including Supernumerary),24211.0,,38812.0,,41441.0,,42545.0,,44519.0,,44519.0,,,,,,,,,,,,,,9097.0,,12854.0,,12854.0,,12854.0,,13133.0,,13133.0,,4202.0,,7940.0,,7940.0,,7940.0,,7940.0,,7940.0,,,,,,,,,,,,,
NIT,National Institute of Technology Calicut,"Bio Technology (4 Years, Bachelor of Technology)",HS,Gender-Neutral,29616.0,,35680.0,,37818.0,,37818.0,,37818.0,,41439.0,,50130.0,,64732.0,,87655.0,,89041.0,,89041.0,,89041.0,,9355.0,,11853.0,,12387.0,,12387.0,,12387.0,,13267.0,,9957.0,,14241.0,,14241.0,,14241.0,,14241.0,,14241.0,,20553.0,,29490.0,,30271.0,,30271.0,,30271.0,,30271.0,
NIT,National Institute of Technology Calicut,"Bio Technology (4 Years, Bachelor of Technology)",OS,Female-only (including Supernumerary),29726.0,,33808.0,,33808.0,,33808.0,,33808.0,,42632.0,,6617.0,,6617.0,,6617.0,,6617.0,,6617.0,,8860.0,,11435.0,,14700.0,,14700.0,,14700.0,,14700.0,,15508.0,,,,,,,,,,,,,,2398.0,,3322.0,,3639.0,,3639.0,,3639.0,,3639.0,
NIT,National Institute of Technology Calicut,"Bio Technology (4 Years, Bachelor of Technology)",OS,Gender-Neutral,26457.0,266.0,32520.0,266.0,32749.0,266.0,32749.0,266.0,34176.0,266.0,35514.0,266.0,4965.0,,5252.0,,5252.0,,5252.0,,5252.0,,5985.0,,10104.0,179.0,10924.0,355.0,10924.0,355.0,10924.0,355.0,10924.0,355.0,12175.0,355.0,3890.0,,4518.0,,5357.0,,5357.0,,5357.0,,5357.0,,2195.0,,2456.0,,2456.0,,2456.0,,2456.0,,2456.0,
NIT,National Institute of Technology Calicut,"Chemical Engineering (4 Years, Bachelor of Technology)",HS,Female-only (including Supernumerary),29015.0,,33074.0,,33625.0,,33625.0,,33625.0,,36757.0,,13671.0,,22570.0,,22570.0,,22570.0,,22570.0,,22570.0,,9305.0,,10455.0,,10614.0,,11001.0,,11001.0,,11325.0,,7200.0,,11062.0,,11062.0,,11062.0,,11062.0,,14399.0,,6925.0,,6925.0,,6925.0,,6925.0,,6925.0,,6925.0,
NIT,National Institute of Technology Calicut,"Chemical Engineering (4 Years, Bachelor of Technology)",HS,Gender-Neutral,24071.0,456.0,25494.0,456.0,25753.0,456.0,25753.0,456.0,25753.0,456.0,26665.0,456.0,30029.0,,36652.0,,36652.0,,36652.0,,36652.0,,36652.0,,7343.0,404.0,8182.0,404.0,8286.0,404.0,8355.0,404.0,8355.0,404.0,8587.0,404.0,12789.0,,14164.0,,14164.0,,14164.0,,14399.0,,15820.0,,16566.0,,22244.0,,22244.0,,22244.0,,22244.0,,22244.0,
NIT,National Institute of Technology Calicut,"Chemical Engineering (4 Years, Bachelor of Technology)",OS,Female-only (including Supernumerary),32972.0,1361.0,36908.0,1361.0,37246.0,1361.0,37246.0,1361.0,37259.0,1361.0,37492.0,1361.0,5583.0,,5583.0,,5583.0,,5583.0,,5583.0,,5583.0,,12022.0,,14339.0,,14339.0,,14339.0,,14339.0,,14627.0,,5204.0,303.0,5204.0,,5204.0,,5204.0,,5204.0,,5204.0,,1865.0,,1865.0,,1865.0,,1865.0,,1865.0,,1865.0,
NIT,National Institute of Technology Calicut,"Chemical Engineering (4 Years, Bachelor of Technology)",OS,Gender-Neutral,21138.0,,21736.0,,21740.0,,21740.0,,22105.0,,26282.0,,3497.0,,3918.0,,3918.0,,3918.0,,3918.0,,4030.0,,7578.0,,7960.0,,8005.0,,8005.0,,8005.0,,8232.0,,4294.0,,4623.0,,4700.0,,4700.0,,4700.0,,4776.0,,1837.0,39.0,2026.0,39.0,2026.0,39.0,2026.0,39.0,2026.0,39.0,2026.0,39.0
NIT,National Institute of Technology Calicut,"Civil Engineering (4 Years, Bachelor of Technology)",HS,Female-only (including Supernumerary),33215.0,,39810.0,,39810.0,,39810.0,,41013.0,,41612.0,,67629.0,,67629.0,,67629.0,,67629.0,,67629.0,,67629.0,,11325.0,782.0,12542.0,782.0,12542.0,782.0,12542.0,782.0,13486.0,782.0,13708.0,782.0,10955.0,,10955.0,,10955.0,,10955.0,,10955.0,,10955.0,,5355.0,,5355.0,,5355.0,,5355.0,,5355.0,,5355.0,
NIT,National Institute of Technology Calicut,"Civil Engineering (4 Years, Bachelor of Technology)",HS,Gender-Neutral,33735.0,1679.0,37588.0,1679.0,38450.0,1679.0,38450.0,1679.0,38450.0,1679.0,41708.0,1679.0,55138.0,,73713.0,,73713.0,,73713.0,,73713.0,,73713.0,,11639.0,918.0,13401.0,918.0,13563.0,918.0,13569.0,918.0,13686.0,918.0,13847.0,918.0,14399.0,,15845.0,,15845.0,,15845.0,,16236.0,,16350.0,,22591.0,86.0,32066.0,86.0,32066.0,86.0,32066.0,86.0,32066.0,86.0,32066.0,86.0
NIT,National Institute of Technology Calicut,"Civil Engineering (4 Years, Bachelor of Technology)",OS,Female-only (including Supernumerary),41195.0,1419.0,42321.0,1419.0,42321.0,1419.0,42321.0,1419.0,42811.0,1419.0,44379.0,1419.0,6082.0,,6129.0,,6129.0,,6129.0,,6129.0,,6681.0,,13234.0,,15265.0,,15265.0,,15265.0,,15265.0,,16243.0,,5582.0,,5582.0,,6714.0,,6714.0,,6714.0,,6714.0,,1521.0,,1802.0,,1802.0,,1802.0,,1802.0,,1802.0,
NIT,National Institute of Technology Calicut,"Civil Engineering (4 Years, Bachelor of Technology)",OS,Gender-Neutral,28830.0,801.0,30077.0,801.0,30361.0,801.0,30361.0,801.0,30364.0,801.0,32686.0,801.0,4176.0,193.0,4365.0,193.0,4455.0,193.0,4455.0,193.0,4490.0,193.0,4882.0,193.0,9388.0,434.0,9822.0,434.0,9965.0,434.0,9965.0,434.0,9965.0,434.0,10644.0,434.0,4497.0,243.0,5089.0,359.0,5328.0,359.0,5328.0,359.0,5328.0,359.0,5426.0,359.0,1226.0,,1422.0,,1422.0,,1422.0,,1422.0,,1422.0,
NIT,National Institute of Technology Calicut,"Computer Science and Engineering (4 Years, Bachelor of Technology)",HS,Female-only (including Supernumerary),9811.0,135.0,9811.0,135.0,9811.0,135.0,9811.0,135.0,9811.0,135.0,12242.0,135.0,14823.0,,21987.0,,21987.0,,21987.0,,21987.0,,21987.0,,4445.0,,4572.0,,4572.0,,4572.0,,4572.0,,4572.0,,1544.0,,1544.0,,1544.0,,1544.0,,1544.0,,1544.0,,3457.0,,3457.0,,3457.0,,3457.0,,3457.0,,3457.0,
NIT,National Institute of Technology Calicut,"Computer Science and Engineering (4 Years, Bachelor of Technology)",HS,Gender-Neutral,7971.0,42.0,8428.0,42.0,8428.0,42.0,8428.0,42.0,8428.0,42.0,8428.0,42.0,5688.0,314.0,7037.0,,7037.0,,7037.0,,7037.0,,7037.0,,2793.0,51.0,2855.0,51.0,2881.0,51.0,2881.0,51.0,2881.0,51.0,2881.0,51.0,2697.0,80.0,4674.0,80.0,4674.0,80.0,4674.0,80.0,4674.0,80.0,4674.0,80.0,655.0,,655.0,,655.0,,655.0,,655.0,,655.0,
NIT,National Institute of Technology Calicut,"Computer Science and Engineering (4 Years, Bachelor of Technology)",OS,Female-only (including Supernumerary),6856.0,,7401.0,,7401.0,,7401.0,,8054.0,,8205.0,,1179.0,,1457.0,,1457.0,,1457.0,,1457.0,,1457.0,,3379.0,,4008.0,,4008.0,,4008.0,,4008.0,,4157.0,,1637.0,,1637.0,,1637.0,,1637.0,,1637.0,,1859.0,,421.0,45.0,421.0,45.0,421.0,45.0,421.0,45.0,421.0,45.0,421.0,45.0
NIT,National Institute of Technology Calicut,"Computer Science and Engineering (4 Years, Bachelor of Technology)",OS,Gender-Neutral,4678.0,134.0,4846.0,134.0,4886.0,134.0,4957.0,134.0,4966.0,134.0,5222.0,134.0,559.0,,585.0,,585.0,,586.0,,603.0,,662.0,,1529.0,98.0,1738.0,98.0,1738.0,98.0,1738.0,98.0,1757.0,98.0,1790.0,98.0,752.0,,789.0,,789.0,,789.0,,789.0,,829.0,,317.0,,335.0,,335.0,,335.0,,335.0,,335.0,
NIT,National Institute of Technology Calicut,"Electrical and Electronics Engineering (4 Years, Bachelor of Technology)",HS,Female-only (including Supernumerary),17544.0,716.0,19532.0,716.0,19667.0,716.0,19667.0,716.0,19667.0,716.0,19667.0,716.0,22182.0,,49485.0,,49485.0,,49485.0,,49485.0,,49485.0,,6290.0,,7512.0,,7512.0,,7512.0,,7870.0,,7896.0,,8418.0,,8418.0,,8418.0,,8418.0,,8418.0,,8418.0,,13025.0,,13025.0,,13025.0,,13025.0,,13025.0,,13025.0,
NIT,National Institute of Technology Calicut,"Electrical and Electronics Engineering (4 Years, Bachelor of Technology)",HS,Gender-Neutral,14654.0,617.0,14898.0,617.0,15177.0,617.0,15177.0,617.0,15177.0,617.0,16349.0,617.0,18142.0,,18532.0,,18532.0,,18532.0,,18532.0,,18532.0,,4605.0,318.0,4993.0,318.0,5019.0,318.0,5019.0,318.0,5019.0,318.0,5091.0,318.0,8910.0,,9485.0,,9485.0,,9485.0,,9485.0,,9485.0,,4781.0,,4781.0,,4781.0,,4781.0,,4781.0,,4781.0,
NIT,National Institute of Technology Calicut,"Electrical and Electronics Engineering (4 Years, Bachelor of Technology)",OS,Female-only (including Supernumerary),15861.0,,17473.0,,17473.0,,17473.0,,18071.0,,21093.0,,2287.0,,2550.0,,2550.0,,2550.0,,2550.0,,3464.0,,6997.0,358.0,7725.0,358.0,7725.0,358.0,7725.0,358.0,7725.0,358.0,8562.0,358.0,3244.0,,3845.0,,3845.0,,3845.0,,3845.0,,3845.0,,1440.0,,1440.0,,1440.0,,1440.0,,1440.0,,1440.0,
NIT,National Institute of Technology Calicut,"Electrical and Electronics Engineering (4 Years, Bachelor of Technology)",OS,Gender-Neutral,9624.0,478.0,10016.0,557.0,10220.0,557.0,10220.0,557.0,10636.0,557.0,11727.0,557.0,1601.0,,1640.0,,1640.0,,1640.0,,1640.0,,1708.0,,3913.0,215.0,4213.0,264.0,4274.0,264.0,4274.0,264.0,4300.0,264.0,4430.0,264.0,2507.0,78.0,2673.0,78.0,2673.0,78.0,2673.0,78.0,2742.0,78.0,2742.0,122.0,912.0,,912.0,,936.0,,936.0,,936.0,,936.0,
NIT,National Institute of Technology Calicut,"Electronics and Communication Engineering (4 Years, Bachelor of Technology)",HS,Female-only (including Supernumerary),16350.0,976.0,16350.0,976.0,16350.0,976.0,16350.0,976.0,16350.0,976.0,16350.0,976.0,21987.0,,22182.0,,22182.0,,22182.0,,22182.0,,22182.0,,5864.0,,6290.0,,6290.0,,6290.0,,6356.0,,6356.0,,4674.0,,4845.0,,4845.0,,4845.0,,4845.0,,4845.0,,9238.0,,10094.0,,10094.0,,10094.0,,10094.0,,10094.0,
NIT,National Institute of Technology Calicut,"Electronics and Communication Engineering (4 Years, Bachelor of Technology)",HS,Gender-Neutral,11606.0,156.0,12245.0,156.0,12245.0,156.0,12245.0,156.0,12245.0,156.0,12693.0,156.0,12444.0,,13054.0,,13054.0,,13054.0,,13054.0,,13054.0,,4115.0,231.0,4231.0,231.0,4262.0,231.0,4262.0,231.0,4262.0,231.0,4292.0,231.0,5277.0,,5430.0,,5430.0,,5430.0,,5430.0,,5430.0,,2276.0,,2276.0,,2276.0,,2276.0,,2276.0,,2276.0,
NIT,National Institute of Technology Calicut,"Electronics and Communication Engineering (4 Years, Bachelor of Technology)",OS,Female-only (including Supernumerary),11234.0,,12560.0,,12781.0,,12781.0,,12781.0,,12856.0,,1679.0,84.0,1679.0,84.0,1679.0,84.0,1679.0,84.0,1679.0,84.0,1801.0,84.0,5584.0,,6056.0,,6056.0,,6056.0,,6070.0,,6261.0,,2899.0,,3244.0,,3244.0,,3244.0,,3244.0,,3244.0,,885.0,,885.0,,885.0,,885.0,,885.0,,885.0,
NIT,National Institute of Technology Calicut,"Electronics and Communication Engineering (4 Years, Bachelor of Technology)",OS,Gender-Neutral,7380.0,252.0,7530.0,252.0,7572.0,252.0,7572.0,252.0,7606.0,252.0,8314.0,252.0,983.0,,983.0,,983.0,,983.0,,1001.0,,1124.0,,2512.0,147.0,2824.0,170.0,2865.0,170.0,2865.0,170.0,2868.0,170.0,2961.0,170.0,1553.0,77.0,1710.0,77.0,1710.0,77.0,1710.0,77.0,1710.0,77.0,1710.0,77.0,618.0,20.0,633.0,20.0,633.0,20.0,633.0,20.0,633.0,20.0,633.0,20.0
NIT,National Institute of Technology Calicut,"Energy Engineering (4 Years, Bachelor of Technology)",HS,Female-only (including Supernumerary),34300.0,,41541.0,,41763.0,,41763.0,,41763.0,,44450.0,,,,,,,,,,,,,,11658.0,,12831.0,,12831.0,,12831.0,,12831.0,,14418.0,,,,,,,,,,,,,,30271.0,,30271.0,,,,,,,,,
NIT,National Institute of Technology Calicut,"Energy Engineering (4 Years, Bachelor of Technology)",HS,Gender-Neutral,27332.0,,29616.0,,29616.0,,29616.0,,29616.0,,29616.0,,45042.0,,45991.0,,45991.0,,45991.0,,45991.0,,45991.0,,9264.0,,10531.0,,10531.0,,10531.0,,10531.0,,10531.0,,13020.0,,13030.0,,13030.0,,13030.0,,13030.0,,13030.0,,15672.0,,,,,,,,,,,
NIT,National Institute of Technology Calicut,"Energy Engineering (4 Years, Bachelor of Technology)",OS,Female-only (including Supernumerary),31203.0,,31203.0,,31203.0,,31203.0,,31203.0,,31203.0,,5830.0,,7241.0,,7241.0,,7241.0,,7241.0,,7241.0,,13691.0,,13691.0,,13691.0,,13691.0,,13691.0,,13691.0,,5385.0,,5734.0,,5734.0,,5734.0,,5734.0,,5734.0,,,,,,,,,,,,,
NIT,National Institute of Technology Calicut,"Energy Engineering (4 Years, Bachelor of Technology)",OS,Gender-Neutral,18696.0,788.0,18696.0,788.0,18696.0,788.0,18696.0,788.0,18696.0,788.0,25927.0,1146.0,2705.0,,2705.0,,2705.0,,2705.0,,2705.0,,3959.0,,8362.0,458.0,8443.0,458.0,8451.0,458.0,8451.0,458.0,8451.0,458.0,9199.0,630.0,3256.0,,3338.0,,3338.0,,3338.0,,3338.0,,3694.0,,1828.0,,2488.0,,2488.0,,2488.0,,2488.0,,2488.0,
NIT,National Institute of Technology Calicut,"Engineering Physics (4 Years, Bachelor of Technology)",HS,Female-only (including Supernumerary),19791.0,,19791.0,,24211.0,,24211.0,,24211.0,,24211.0,,,,,,,,,,,,,,8599.0,,8599.0,,8599.0,,8599.0,,8599.0,,8599.0,,,,,,,,,,,,,,12445.0,,12445.0,,12445.0,,12445.0,,12445.0,,12445.0,
NIT,National Institute of Technology Calicut,"Engineering Physics (4 Years, Bachelor of Technology)",HS,Gender-Neutral,21814.0,1892.0,21952.0,1892.0,21952.0,1892.0,21952.0,1892.0,21952.0,1892.0,21952.0,1892.0,32461.0,,43243.0,,43243.0,,43243.0,,43243.0,,43243.0,,8659.0,,9048.0,,9160.0,,9160.0,,9160.0,,9160.0,,4777.0,,4777.0,,4777.0,,4777.0,,4777.0,,4777.0,,18652.0,,18652.0,,18652.0,,18652.0,,18652.0,,18652.0,
NIT,National Institute of Technology Calicut,"Engineering Physics (4 Years, Bachelor of Technology)",OS,Female-only (including Supernumerary),23296.0,,23296.0,,23296.0,,28879.0,,28879.0,,28879.0,,4219.0,,4219.0,,4219.0,,4219.0,,4219.0,,4219.0,,13244.0,,13244.0,,13244.0,,13244.0,,13244.0,,13244.0,,6600.0,,6763.0,,6763.0,,6763.0,,6763.0,,6763.0,,,,,,,,,,,,,
NIT,National Institute of Technology Calicut,"Engineering Physics (4 Years, Bachelor of Technology)",OS,Gender-Neutral,13924.0,,16808.0,,17004.0,,17004.0,,17004.0,,17056.0,,2235.0,,2314.0,,2314.0,,2314.0,,2314.0,,2880.0,,5963.0,,6482.0,,6482.0,,6482.0,,6482.0,,6894.0,,3634.0,338.0,3710.0,,3710.0,,3710.0,,3710.0,,3710.0,,1730.0,,1730.0,,1730.0,,1730.0,,1730.0,,1730.0,
NIT,National Institute of Technology Calicut,"Materials Science and Engineering (4 Years, Bachelor of Technology)",HS,Female-only (including Supernumerary),32018.0,,40202.0,,40202.0,,40202.0,,40202.0,,40202.0,,52158.0,,84931.0,,89041.0,,121491.0,,121491.0,,121491.0,,11314.0,,13133.0,,13133.0,,13133.0,,14338.0,,14338.0,,,,,,,,,,,,,,,,,,,,,,,,,
NIT,National Institute of Technology Calicut,"Materials Science and Engineering (4 Years, Bachelor of Technology)",HS,Gender-Neutral,32901.0,,35835.0,,35835.0,,35835.0,,38319.0,,38319.0,,58512.0,,77284.0,,77284.0,,77284.0,,77284.0,,77284.0,,10432.0,,11216.0,,11216.0,,11216.0,,12024.0,,12068.0,,14147.0,,15820.0,,15820.0,,15820.0,,15820.0,,15845.0,,32066.0,,38333.0,,,,,,,,,
NIT,National Institute of Technology Calicut,"Materials Science and Engineering (4 Years, Bachelor of Technology)",OS,Female-only (including Supernumerary),37797.0,,37797.0,,37797.0,,37797.0,,37797.0,,45503.0,,,,,,,,,,,,,,12480.0,,16243.0,,16975.0,,16975.0,,16975.0,,16975.0,,5952.0,,7120.0,,7120.0,,7120.0,,7120.0,,7120.0,,,,,,,,,,,,,
NIT,National Institute of Technology Calicut,"Materials Science and Engineering (4 Years, Bachelor of Technology)",OS,Gender-Neutral,26840.0,1252.0,29458.0,1433.0,29458.0,1433.0,29458.0,1433.0,29458.0,1433.0,30375.0,1433.0,4802.0,,5213.0,,5213.0,,5213.0,,5213.0,,5891.0,,9215.0,,10104.0,,10182.0,,10182.0,,10182.0,,10182.0,,4904.0,,6035.0,,6035.0,,6035.0,,6035.0,,6035.0,,2050.0,,2774.0,,2774.0,,2774.0,,2774.0,,2774.0,
NIT,National Institute of Technology Calicut,"Mechanical Engineering (4 Years, Bachelor of Technology)",HS,Female-only (including Supernumerary),30652.0,,35609.0,,35609.0,,35609.0,,35609.0,,36632.0,,25148.0,,70640.0,,84931.0,,84931.0,,84931.0,,84931.0,,10425.0,,11658.0,,11658.0,,11658.0,,11658.0,,11658.0,,10678.0,,10678.0,,10678.0,,10678.0,,10678.0,,11040.0,,25909.0,,25909.0,,,,,,,,,
NIT,National Institute of Technology Calicut,"Mechanical Engineering (4 Years, Bachelor of Technology)",HS,Gender-Neutral,18480.0,1249.0,19929.0,1249.0,19948.0,1249.0,19948.0,1249.0,19948.0,1249.0,21336.0,1249.0,22430.0,,32461.0,,32461.0,,32461.0,,32461.0,,32461.0,,5764.0,848.0,6343.0,848.0,6481.0,848.0,6481.0,848.0,6481.0,848.0,6859.0,848.0,11022.0,,11040.0,,11040.0,,11040.0,,11040.0,,12460.0,,14784.0,,15478.0,,15478.0,,15478.0,,15478.0,,15478.0,
NIT,National Institute of Technology Calicut,"Mechanical Engineering (4 Years, Bachelor of Technology)",OS,Female-only (including Supernumerary),29216.0,1077.0,29417.0,1077.0,29417.0,1077.0,29448.0,1077.0,29448.0,1077.0,30678.0,1077.0,4223.0,,4223.0,,4223.0,,4223.0,,4223.0,,4931.0,,11595.0,623.0,12065.0,623.0,12065.0,623.0,12065.0,623.0,12065.0,623.0,13234.0,623.0,5147.0,,5491.0,,5491.0,,5491.0,,5491.0,,5491.0,,2109.0,,2109.0,,2109.0,,2109.0,,2109.0,,2109.0,
NIT,National Institute of Technology Calicut,"Mechanical Engineering (4 Years, Bachelor of Technology)",OS,Gender-Neutral,15624.0,800.0,15792.0,800.0,16041.0,800.0,16041.0,800.0,16887.0,800.0,19452.0,800.0,2828.0,,2853.0,,2873.0,,2873.0,,2873.0,,3166.0,,5891.0,428.0,6330.0,428.0,6330.0,428.0,6330.0,428.0,6381.0,428.0,6547.0,428.0,3547.0,300.0,3991.0,338.0,3991.0,338.0,3991.0,338.0,3991.0,338.0,3994.0,338.0,1135.0,,1226.0,,1226.0,,1226.0,,1246.0,,1246.0,
NIT,National Institute of Technology Calicut,"Production Engineering (4 Years, Bachelor of Technology)",HS,Female-only (including Supernumerary),34388.0,,41612.0,,41612.0,,41612.0,,41612.0,,41763.0,,,,,,,,,,,,,,10315.0,,12586.0,,12586.0,,12586.0,,12586.0,,12586.0,,13030.0,,14787.0,,14787.0,,14787.0,,14787.0,,14787.0,,,,,,,,,,,,,
NIT,National Institute of Technology Calicut,"Production Engineering (4 Years, Bachelor of Technology)",HS,Gender-Neutral,32538.0,,36314.0,,36314.0,,36314.0,,36314.0,,36474.0,,40155.0,,75104.0,,75104.0,,75104.0,,75104.0,,75104.0,,10822.0,493.0,12068.0,837.0,12068.0,837.0,12068.0,837.0,12248.0,837.0,12387.0,837.0,14496.0,,14846.0,,14846.0,,14846.0,,14846.0,,14846.0,,28907.0,,28907.0,,28907.0,,28907.0,,28907.0,,28907.0,
NIT,National Institute of Technology Calicut,"Production Engineering (4 Years, Bachelor of Technology)",OS,Female-only (including Supernumerary),38670.0,,39535.0,,39535.0,,39535.0,,39535.0,,41473.0,,6327.0,,7064.0,,7064.0,,7064.0,,7064.0,,7629.0,,12065.0,,16212.0,,16243.0,,16243.0,,16243.0,,18426.0,,6276.0,,6276.0,,6276.0,,6276.0,,6276.0,,6276.0,,,,,,,,,,,,,
NIT,National Institute of Technology Calicut,"Production Engineering (4 Years, Bachelor of Technology)",OS,Gender-Neutral,28078.0,1313.0,32846.0,1534.0,32887.0,1534.0,32887.0,1534.0,33533.0,1534.0,36080.0,1704.0,4980.0,,5454.0,,5454.0,,5454.0,,5454.0,,6000.0,,9598.0,,10440.0,,10440.0,,10440.0,,10440.0,,11227.0,,4780.0,,5426.0,,5426.0,,5426.0,,5426.0,,5722.0,,2177.0,,2763.0,,2763.0,,2763.0,,2763.0,,2763.0,
NIT,National Institute of Technology Delhi,"Aerospace Engineering (4 Years, Bachelor of Technology)",HS,Female-only (including Supernumerary),27101.0,,27101.0,,27834.0,,27834.0,,27834.0,,38825.0,,6727.0,,8237.0,,8657.0,,8657.0,,8657.0,,8657.0,,,,,,,,,,,,,,6439.0,,6715.0,,9706.0,,12243.0,,12243.0,,12243.0,,,,,,,,,,,,,
NIT,National Institute of Technology Delhi,"Aerospace Engineering (4 Years, Bachelor of Technology)",HS,Gender-Neutral,14639.0,,17891.0,,19361.0,,19361.0,,19361.0,,21452.0,,,,,,,,,,,,,,9622.0,,10703.0,,11444.0,,12967.0,,14193.0,,14872.0,,1910.0,,2350.0,,2350.0,,2350.0,,2350.0,,3114.0,,4076.0,,4076.0,,4076.0,,4076.0,,4076.0,,4076.0,
NIT,National Institute of Technology Delhi,"Aerospace Engineering (4 Years, Bachelor of Technology)",OS,Female-only (including Supernumerary),17050.0,,17050.0,,17050.0,,17050.0,,17050.0,,17050.0,,2877.0,,2877.0,,2877.0,,2877.0,,2877.0,,2877.0,,,,,,,,,,,,,,,,,,,,,,,,,,,,,,,,,,,,,
NIT,National Institute of Technology Delhi,"Aerospace Engineering (4 Years, Bachelor of Technology)",OS,Gender-Neutral,11260.0,,12025.0,,12025.0,,12025.0,,12025.0,,13389.0,,,146.0,,146.0,,146.0,,146.0,,146.0,,146.0,4388.0,,4388.0,,4388.0,,4388.0,,4388.0,,4728.0,,1842.0,,2531.0,,2531.0,,2531.0,,2531.0,,2705.0,,228.0,,228.0,,228.0,,228.0,,228.0,,228.0,
NIT,National Institute of Technology Delhi,"Artificial Intelligence and Data Science (4 Years, Bachelor of Technology)",HS,Female-only (including Supernumerary),16200.0,,17868.0,,18497.0,,18497.0,,18497.0,,20642.0,,,,,,,,,,,,,,9726.0,,14443.0,,14443.0,,14443.0,,14443.0,,14443.0,,,,,,,,,,,,,,,,,,,,,,,,,
NIT,National Institute of Technology Delhi,"Artificial Intelligence and Data Science (4 Years, Bachelor of Technology)",HS,Gender-Neutral,9420.0,,10040.0,,10040.0,,10040.0,,10231.0,,11212.0,,1846.0,,1846.0,,1846.0,,1846.0,,1846.0,,3072.0,,4835.0,,5998.0,,5998.0,,6181.0,,7180.0,,7231.0,,1465.0,,1465.0,,1465.0,,1465.0,,1465.0,,1465.0,,1301.0,,2372.0,,2372.0,,2372.0,,2372.0,,2372.0,
NIT,National Institute of Technology Delhi,"Artificial Intelligence and Data Science (4 Years, Bachelor of Technology)",OS,Female-only (including Supernumerary),11917.0,,13378.0,,13378.0,,13378.0,,13378.0,,15694.0,,,,,,,,,,,,,,4822.0,,5997.0,,5997.0,,5997.0,,5997.0,,5997.0,,,,,,,,,,,,,,,,,,,,,,,,,
NIT,National Institute of Technology Delhi,"Artificial Intelligence and Data Science (4 Years, Bachelor of Technology)",OS,Gender-Neutral,6610.0,287.0,6896.0,375.0,6896.0,375.0,6896.0,375.0,6896.0,375.0,6896.0,375.0,914.0,,914.0,,914.0,,914.0,,914.0,,914.0,,2371.0,,2371.0,,2371.0,,2371.0,,2371.0,,2371.0,,1356.0,,1653.0,,1653.0,,1653.0,,1653.0,,1653.0,,,,,,,,,,,,,
NIT,National Institute of Technology Delhi,"Civil Engineering (4 Years, Bachelor of Technology)",HS,Female-only (including Supernumerary),23177.0,,23177.0,,23177.0,,23177.0,,23177.0,,59371.0,,,,,,,,,,,,,,12289.0,,25036.0,,26520.0,,26866.0,,26866.0,,26866.0,,11068.0,,12307.0,,12307.0,,12307.0,,12307.0,,12307.0,,,,,,,,,,,,,
NIT,National Institute of Technology Delhi,"Civil Engineering (4 Years, Bachelor of Technology)",HS,Gender-Neutral,28420.0,,34024.0,,34180.0,,35180.0,,35180.0,,36027.0,,4703.0,,4796.0,,6773.0,,6796.0,,6796.0,,6796.0,,11444.0,,14175.0,,14193.0,,14878.0,,15663.0,,16398.0,,4245.0,,5556.0,,5760.0,,5760.0,,5760.0,,5760.0,,1953.0,,2943.0,,2943.0,,2943.0,,2943.0,,2943.0,
NIT,National Institute of Technology Delhi,"Civil Engineering (4 Years, Bachelor of Technology)",OS,Female-only (including Supernumerary),30069.0,,30069.0,,30069.0,,30069.0,,30069.0,,30069.0,,6697.0,,6697.0,,6697.0,,6697.0,,6697.0,,6831.0,,,,,,,,,,,,,,,,,,,,,,,,,,,,,,,,,,,,,
NIT,National Institute of Technology Delhi,"Civil Engineering (4 Years, Bachelor of Technology)",OS,Gender-Neutral,23444.0,,23444.0,,25107.0,,25107.0,,25107.0,,27647.0,,,,,,,,,,,,,,8056.0,,8056.0,,8056.0,,8056.0,,8056.0,,9569.0,,3099.0,,3099.0,,3099.0,,3099.0,,3546.0,,3546.0,,641.0,,641.0,,641.0,,641.0,,641.0,,641.0,
NIT,National Institute of Technology Delhi,"Computer Science and Engineering (4 Years, Bachelor of Technology)",HS,Female-only (including Supernumerary),13560.0,,16482.0,,17868.0,,17868.0,,17868.0,,18497.0,,3220.0,,3220.0,,3220.0,,3220.0,,3220.0,,3220.0,,8671.0,712.0,9726.0,1221.0,9726.0,1221.0,9726.0,1221.0,9726.0,1221.0,9726.0,1221.0,4165.0,,4918.0,,4918.0,,4918.0,,4918.0,,4918.0,,629.0,,629.0,,629.0,,629.0,,629.0,,629.0,
NIT,National Institute of Technology Delhi,"Computer Science and Engineering (4 Years, Bachelor of Technology)",HS,Gender-Neutral,8971.0,179.0,9757.0,241.0,9757.0,241.0,9757.0,241.0,9839.0,241.0,10165.0,241.0,2083.0,,2299.0,,2702.0,,2823.0,,2823.0,,3004.0,,4773.0,,5458.0,,5458.0,,5553.0,,5553.0,,7180.0,,1430.0,40.0,2093.0,98.0,2093.0,98.0,2093.0,98.0,2093.0,98.0,2093.0,98.0,1277.0,,1301.0,,1301.0,,1301.0,,1301.0,,1301.0,
NIT,National Institute of Technology Delhi,"Computer Science and Engineering (4 Years, Bachelor of Technology)",OS,Female-only (including Supernumerary),12218.0,409.0,13117.0,409.0,13117.0,409.0,13117.0,409.0,13117.0,409.0,15361.0,409.0,1768.0,,1768.0,,1768.0,,1768.0,,1768.0,,2356.0,,4216.0,334.0,4822.0,341.0,4822.0,341.0,4822.0,341.0,4822.0,341.0,4822.0,341.0,2460.0,,2460.0,,2460.0,,2460.0,,2460.0,,2460.0,,754.0,,754.0,,754.0,,754.0,,754.0,,754.0,
NIT,National Institute of Technology Delhi,"Computer Science and Engineering (4 Years, Bachelor of Technology)",OS,Gender-Neutral,6746.0,,7259.0,,7366.0,,7366.0,,7366.0,,7651.0,,1084.0,39.0,1084.0,39.0,1084.0,39.0,1084.0,39.0,1084.0,39.0,1095.0,39.0,2903.0,,2903.0,,2945.0,,2945.0,,2958.0,,3085.0,,1317.0,,1361.0,,1361.0,,1361.0,,1361.0,,1370.0,,520.0,,575.0,,575.0,,575.0,,575.0,,575.0,
NIT,National Institute of Technology Delhi,"Electrical Engineering (4 Years, Bachelor of Technology)",HS,Female-only (including Supernumerary),29409.0,,30249.0,,39526.0,,39526.0,,39526.0,,40113.0,,,,,,,,,,,,,,21447.0,,21489.0,,22499.0,,22499.0,,22499.0,,25036.0,,6112.0,,8704.0,,8704.0,,8704.0,,8704.0,,8704.0,,,,,,,,,,,,,
NIT,National Institute of Technology Delhi,"Electrical Engineering (4 Years, Bachelor of Technology)",HS,Gender-Neutral,16098.0,,18155.0,,18155.0,,18155.0,,18158.0,,21491.0,,3865.0,,4644.0,,4683.0,,4873.0,,4873.0,,5459.0,,8026.0,,9825.0,,10988.0,,10988.0,,10988.0,,10988.0,,3439.0,,3925.0,,3925.0,,3925.0,,3925.0,,5480.0,,2854.0,,2854.0,,2854.0,,2854.0,,2854.0,,2854.0,
NIT,National Institute of Technology Delhi,"Electrical Engineering (4 Years, Bachelor of Technology)",OS,Female-only (including Supernumerary),24871.0,,26048.0,,26048.0,,26048.0,,26048.0,,26048.0,,3542.0,,3838.0,,3838.0,,3838.0,,3838.0,,3838.0,,8057.0,,11230.0,,11230.0,,11230.0,,11230.0,,11230.0,,4193.0,,4193.0,,4193.0,,4193.0,,4193.0,,4193.0,,1747.0,,1747.0,,1747.0,,1747.0,,1747.0,,1747.0,
NIT,National Institute of Technology Delhi,"Electrical Engineering (4 Years, Bachelor of Technology)",OS,Gender-Neutral,12925.0,598.0,14016.0,598.0,14016.0,598.0,14016.0,598.0,14016.0,598.0,15718.0,598.0,1990.0,,2019.0,,2203.0,,2203.0,,2203.0,,2246.0,,4705.0,431.0,5314.0,431.0,5314.0,431.0,5314.0,431.0,5314.0,431.0,5674.0,431.0,2635.0,,2756.0,,2756.0,,2756.0,,2756.0,,2756.0,,1117.0,,1287.0,,1432.0,,1432.0,,1432.0,,1432.0,
NIT,National Institute of Technology Delhi,"Electronics and Communication Engineering (4 Years, Bachelor of Technology)",HS,Female-only (including Supernumerary),18497.0,,23372.0,,24708.0,,24708.0,,26922.0,,27834.0,,,,,,,,,,,,,,14443.0,,19260.0,,19260.0,,19260.0,,19260.0,,19609.0,,5965.0,,5965.0,,5965.0,,5965.0,,5965.0,,5965.0,,,,,,,,,,,,,
NIT,National Institute of Technology Delhi,"Electronics and Communication Engineering (4 Years, Bachelor of Technology)",HS,Gender-Neutral,12508.0,,13946.0,,14138.0,,14138.0,,14138.0,,15523.0,,2299.0,,3475.0,,3534.0,,3759.0,,3782.0,,4753.0,,5553.0,,7450.0,,7912.0,,7912.0,,7912.0,,8638.0,,2350.0,15.0,2982.0,,3201.0,,3201.0,,3201.0,,3439.0,,2626.0,,2626.0,,2626.0,,2626.0,,2626.0,,2626.0,
NIT,National Institute of Technology Delhi,"Electronics and Communication Engineering (4 Years, Bachelor of Technology)",OS,Female-only (including Supernumerary),18083.0,,18083.0,,18083.0,,18083.0,,18083.0,,18083.0,,3096.0,,3096.0,,3096.0,,3096.0,,3096.0,,3096.0,,,382.0,,382.0,,382.0,,382.0,,382.0,,382.0,3366.0,,4099.0,,4099.0,,4099.0,,4099.0,,4099.0,,1211.0,,1211.0,,1211.0,,1211.0,,1211.0,,1211.0,
NIT,National Institute of Technology Delhi,"Electronics and Communication Engineering (4 Years, Bachelor of Technology)",OS,Gender-Neutral,9720.0,153.0,10036.0,304.0,10036.0,304.0,10036.0,304.0,10056.0,304.0,10909.0,304.0,1530.0,,1530.0,,1530.0,,1530.0,,1530.0,,1585.0,,3963.0,,4020.0,,4020.0,,4020.0,,4020.0,,4020.0,,1787.0,,1836.0,,1836.0,,1836.0,,1836.0,,2094.0,,1040.0,,1194.0,,1194.0,,1194.0,,1194.0,,1194.0,
NIT,National Institute of Technology Delhi,"Mechanical Engineering (4 Years, Bachelor of Technology)",HS,Female-only (including Supernumerary),37988.0,,40113.0,,40113.0,,40113.0,,40113.0,,54605.0,,,,,,,,,,,,,,19260.0,,22499.0,,25036.0,,25036.0,,25036.0,,25365.0,,,,,,,,,,,,,,4585.0,,5320.0,,5320.0,,5320.0,,5320.0,,5320.0,
NIT,National Institute of Technology Delhi,"Mechanical Engineering (4 Years, Bachelor of Technology)",HS,Gender-Neutral,19493.0,,22008.0,,22008.0,,22008.0,,22008.0,,28430.0,,4501.0,,4753.0,,4753.0,,4753.0,,5459.0,,6647.0,,10988.0,768.0,11444.0,,13319.0,,13899.0,,13899.0,,14248.0,,3908.0,,5480.0,,6076.0,,6076.0,,6076.0,,6209.0,,2943.0,,2982.0,,2982.0,,2982.0,,2982.0,,2982.0,
NIT,National Institute of Technology Delhi,"Mechanical Engineering (4 Years, Bachelor of Technology)",OS,Female-only (including Supernumerary),22256.0,,22256.0,,22256.0,,22256.0,,22256.0,,22256.0,,,,,,,,,,,,,,11918.0,,13994.0,,13994.0,,13994.0,,13994.0,,14292.0,,4328.0,,6227.0,,6227.0,,6227.0,,6227.0,,6227.0,,,,,,,,,,,,,
NIT,National Institute of Technology Delhi,"Mechanical Engineering (4 Years, Bachelor of Technology)",OS,Gender-Neutral,17835.0,1044.0,19058.0,1044.0,19306.0,1044.0,19306.0,1044.0,19306.0,1044.0,21049.0,1044.0,2834.0,,2834.0,,2834.0,,2834.0,,2834.0,,3296.0,,6788.0,,6857.0,,6857.0,,6857.0,,6857.0,,7226.0,,2671.0,,3644.0,,3644.0,,3644.0,,3644.0,,3644.0,,1368.0,,1375.0,,1375.0,,1375.0,,1375.0,,1375.0,
NIT,National Institute of Technology Delhi,"VLSI Design and Technology (4 Years, Bachelor of Technology)",HS,Female-only (including Supernumerary),22899.0,,24002.0,,27101.0,,27101.0,,27153.0,,31187.0,,,,,,,,,,,,,,19541.0,,19609.0,,19609.0,,19609.0,,19609.0,,25157.0,,8267.0,,10790.0,,12505.0,,12505.0,,12505.0,,12505.0,,,,,,,,,,,,,
NIT,National Institute of Technology Delhi,"VLSI Design and Technology (4 Years, Bachelor of Technology)",HS,Gender-Neutral,13927.0,892.0,14941.0,892.0,14941.0,892.0,14941.0,892.0,14941.0,892.0,16548.0,892.0,3824.0,,4675.0,,4675.0,,4675.0,,4675.0,,5331.0,,6448.0,,8655.0,,8668.0,,8712.0,,8712.0,,8712.0,,2801.0,,2801.0,,2801.0,,2801.0,,2801.0,,2801.0,,,,,,,,,,,,,
NIT,National Institute of Technology Delhi,"VLSI Design and Technology (4 Years, Bachelor of Technology)",OS,Female-only (including Supernumerary),20667.0,,20667.0,,20667.0,,20667.0,,20667.0,,20667.0,,3753.0,,4261.0,,4261.0,,4261.0,,4261.0,,4571.0,,,,,,,,,,,,,,,,,,,,,,,,,,,,,,,,,,,,,
NIT,National Institute of Technology Delhi,"VLSI Design and Technology (4 Years, Bachelor of Technology)",OS,Gender-Neutral,11918.0,,11918.0,,11918.0,,11918.0,,12202.0,,12972.0,,,,,,,,,,,,,,4993.0,,5189.0,,5189.0,,5189.0,,5189.0,,5254.0,,1862.0,,2520.0,,2520.0,,2520.0,,2520.0,,2520.0,,1078.0,,1078.0,,1078.0,,1078.0,,1078.0,,1078.0,
NIT,National Institute of Technology Durgapur,"B.Tech in Mathematics and Computing (4 Years, Bachelor of Technology)",HS,Female-only (including Supernumerary),21693.0,,21693.0,,21693.0,,21693.0,,21693.0,,21693.0,,8351.0,,8351.0,,8351.0,,8351.0,,8351.0,,8351.0,,12922.0,,19337.0,,19337.0,,19337.0,,19337.0,,19337.0,,4913.0,,4913.0,,4913.0,,4913.0,,4913.0,,4913.0,,3435.0,,3586.0,,3586.0,,3586.0,,3586.0,,3586.0,
NIT,National Institute of Technology Durgapur,"B.Tech in Mathematics and Computing (4 Years, Bachelor of Technology)",HS,Gender-Neutral,12429.0,365.0,12904.0,1027.0,12904.0,1027.0,12904.0,1027.0,12904.0,1027.0,14160.0,1027.0,4217.0,,4217.0,,4217.0,,4217.0,,4217.0,,4217.0,,12452.0,,14137.0,,14137.0,,14137.0,,14137.0,,15258.0,,2399.0,,2452.0,,2452.0,,2452.0,,2452.0,,2452.0,,2652.0,,2652.0,,2652.0,,2652.0,,2652.0,,2652.0,
NIT,National Institute of Technology Durgapur,"B.Tech in Mathematics and Computing (4 Years, Bachelor of Technology)",OS,Female-only (including Supernumerary),17750.0,,17750.0,,17750.0,,17750.0,,19393.0,,22915.0,,3234.0,,3234.0,,3234.0,,3234.0,,3234.0,,3234.0,,8962.0,,9593.0,,9593.0,,9593.0,,9593.0,,9593.0,,,,,,,,,,,,,,1409.0,,2213.0,,2213.0,,2213.0,,2213.0,,2213.0,
NIT,National Institute of Technology Durgapur,"B.Tech in Mathematics and Computing (4 Years, Bachelor of Technology)",OS,Gender-Neutral,10872.0,,11715.0,,12102.0,,12102.0,,12124.0,,13340.0,,1503.0,,1709.0,,1736.0,,1736.0,,1736.0,,1775.0,,3948.0,430.0,4052.0,430.0,4052.0,430.0,4052.0,430.0,4052.0,430.0,4300.0,430.0,2469.0,,2675.0,,2675.0,,2675.0,,2675.0,,2876.0,,944.0,,1001.0,,1001.0,,1001.0,,1001.0,,1016.0,
NIT,National Institute of Technology Durgapur,"Bio Technology (4 Years, Bachelor of Technology)",HS,Female-only (including Supernumerary),41061.0,,48116.0,,49692.0,,49692.0,,49692.0,,54199.0,,14959.0,,17983.0,,17983.0,,17983.0,,17983.0,,17983.0,,24572.0,,36636.0,,36636.0,,36636.0,,36636.0,,42357.0,,5723.0,,6167.0,,6167.0,,6167.0,,6167.0,,6167.0,,5372.0,,11010.0,,11010.0,,11010.0,,11010.0,,11010.0,
NIT,National Institute of Technology Durgapur,"Bio Technology (4 Years, Bachelor of Technology)",HS,Gender-Neutral,39655.0,1663.0,48670.0,1768.0,50724.0,1768.0,50787.0,1768.0,50787.0,1768.0,52812.0,1768.0,9635.0,,14508.0,,15486.0,,15486.0,,15486.0,,15944.0,,29331.0,,32550.0,,33516.0,,33516.0,,33516.0,,33516.0,,6709.0,,7157.0,,7157.0,,7157.0,,7157.0,,7480.0,,6437.0,,6870.0,,6870.0,,6870.0,,6870.0,,6870.0,
NIT,National Institute of Technology Durgapur,"Bio Technology (4 Years, Bachelor of Technology)",OS,Female-only (including Supernumerary),42892.0,,48521.0,,48521.0,,48521.0,,48521.0,,50357.0,,7871.0,,7871.0,,8906.0,,8906.0,,8906.0,,8906.0,,16241.0,,20903.0,,20903.0,,20903.0,,20903.0,,22715.0,,5977.0,,8108.0,,8108.0,,8108.0,,8108.0,,8108.0,,3610.0,,3999.0,,3999.0,,3999.0,,3999.0,,3999.0,
NIT,National Institute of Technology Durgapur,"Bio Technology (4 Years, Bachelor of Technology)",OS,Gender-Neutral,38406.0,1362.0,44107.0,2040.0,45566.0,2040.0,45710.0,2040.0,46181.0,2040.0,48052.0,2040.0,6469.0,,6605.0,,6725.0,,6725.0,,6776.0,,7309.0,,13608.0,613.0,15168.0,1194.0,15237.0,1286.0,15284.0,1286.0,15284.0,1286.0,16498.0,1286.0,7337.0,,7692.0,,7778.0,,7778.0,,7778.0,,7908.0,,2713.0,,3105.0,,3105.0,,3105.0,,3105.0,,3105.0,
NIT,National Institute of Technology Durgapur,"Biotechnology (5 Years, Bachelor and Master of Technology (Dual Degree))",HS,Female-only (including Supernumerary),,,,,,,,,,,,,15554.0,,15554.0,,15554.0,,15554.0,,15554.0,,15554.0,,,,,,,,,,,,,,,,,,,,,,,,,,,,,,,,,,,,,
NIT,National Institute of Technology Durgapur,"Biotechnology (5 Years, Bachelor and Master of Technology (Dual Degree))",HS,Gender-Neutral,25511.0,,32748.0,,51891.0,,51891.0,,51891.0,,52931.0,,,,,,,,,,,,,,16208.0,,27842.0,,33549.0,,34895.0,,34895.0,,34895.0,,2971.0,,2971.0,,2971.0,,2971.0,,2971.0,,2971.0,,,,,,,,,,,,,
NIT,National Institute of Technology Durgapur,"Biotechnology (5 Years, Bachelor and Master of Technology (Dual Degree))",OS,Gender-Neutral,41977.0,,45494.0,,45731.0,,45731.0,,46336.0,,49920.0,,,,,,,,,,,,,,,,,,,,,,,,,,,,,,,,,,,,,,2492.0,,2960.0,,2960.0,,2960.0,,2960.0,,3171.0,
NIT,National Institute of Technology Durgapur,"Chemical Engineering (4 Years, Bachelor of Technology)",HS,Female-only (including Supernumerary),38297.0,,40520.0,,40520.0,,40520.0,,40520.0,,40520.0,,8365.0,,8365.0,,8365.0,,8365.0,,8365.0,,16223.0,,24204.0,,30708.0,,30708.0,,30708.0,,30708.0,,34937.0,,5938.0,,5938.0,,5938.0,,5938.0,,5938.0,,5938.0,,4545.0,,10226.0,,10226.0,,10226.0,,10226.0,,10226.0,
NIT,National Institute of Technology Durgapur,"Chemical Engineering (4 Years, Bachelor of Technology)",HS,Gender-Neutral,31947.0,1827.0,35504.0,1827.0,35847.0,1827.0,35847.0,1827.0,35847.0,1827.0,37802.0,1827.0,7495.0,,10638.0,,11968.0,,11968.0,,11968.0,,12006.0,,22321.0,,24735.0,,25118.0,,25118.0,,25118.0,,25222.0,,5237.0,,5562.0,,5562.0,,5562.0,,5924.0,,6036.0,,4681.0,,4681.0,,4681.0,,4681.0,,4681.0,,6358.0,
NIT,National Institute of Technology Durgapur,"Chemical Engineering (4 Years, Bachelor of Technology)",OS,Female-only (including Supernumerary),40846.0,,45503.0,,45503.0,,45503.0,,45503.0,,49343.0,,5834.0,,6895.0,,6895.0,,6895.0,,6895.0,,7340.0,,15392.0,,16182.0,,16182.0,,16182.0,,16182.0,,16773.0,,5798.0,,7731.0,,7731.0,,7731.0,,7731.0,,7731.0,,2869.0,,3216.0,,3216.0,,3216.0,,3216.0,,3216.0,
NIT,National Institute of Technology Durgapur,"Chemical Engineering (4 Years, Bachelor of Technology)",OS,Gender-Neutral,30862.0,1372.0,32730.0,1949.0,32730.0,1949.0,32730.0,1949.0,32730.0,1949.0,33937.0,1949.0,4657.0,,5142.0,,5300.0,,5300.0,,5300.0,,5382.0,,9942.0,675.0,10814.0,936.0,10814.0,936.0,10814.0,936.0,11221.0,936.0,11505.0,936.0,5531.0,,6277.0,,6324.0,,6324.0,,6324.0,,6324.0,,1873.0,,2104.0,,2104.0,,2104.0,,2104.0,,2104.0,
NIT,National Institute of Technology Durgapur,"Chemical Engineering (5 Years, Bachelor and Master of Technology (Dual Degree))",HS,Gender-Neutral,36669.0,,39414.0,,39414.0,,39414.0,,39414.0,,39414.0,,,,,,,,,,,,,,24115.0,,25607.0,,25607.0,,25607.0,,25607.0,,25607.0,,5610.0,,5610.0,,5610.0,,5610.0,,5610.0,,5610.0,,,,,,,,,,,,,
NIT,National Institute of Technology Durgapur,"Chemical Engineering (5 Years, Bachelor and Master of Technology (Dual Degree))",OS,Female-only (including Supernumerary),42156.0,,42302.0,,42302.0,,42302.0,,42302.0,,50846.0,,,,,,,,,,,,,,,,,,,,,,,,,,,,,,,,,,,,,,,,,,,,,,,,,
NIT,National Institute of Technology Durgapur,"Chemical Engineering (5 Years, Bachelor and Master of Technology (Dual Degree))",OS,Gender-Neutral,31057.0,,34076.0,,34076.0,,34076.0,,34076.0,,36842.0,,,,,,,,,,,,,,11299.0,,11558.0,,11558.0,,11558.0,,11558.0,,13398.0,,,,,,,,,,,,,,,,,,,,,,,,,
NIT,National Institute of Technology Durgapur,"Chemistry (5 Years, Integrated Master of Science)",HS,Female-only (including Supernumerary),44052.0,,51246.0,,55629.0,,55629.0,,58233.0,,77015.0,,,,,,,,,,,,,,,,,,,,,,,,,,,,,,,,,,,,,,,,,,,,,,,,,
NIT,National Institute of Technology Durgapur,"Chemistry (5 Years, Integrated Master of Science)",HS,Gender-Neutral,48764.0,,55629.0,,56695.0,,56695.0,,56695.0,,58659.0,,13169.0,,14980.0,,15447.0,,15447.0,,15447.0,,15447.0,,30441.0,,32881.0,,34653.0,,35506.0,,35559.0,,38349.0,,7055.0,,7055.0,,7055.0,,7055.0,,8612.0,,8612.0,,,,,,,,,,,,,
NIT,National Institute of Technology Durgapur,"Chemistry (5 Years, Integrated Master of Science)",OS,Female-only (including Supernumerary),52372.0,,52372.0,,52372.0,,52372.0,,52372.0,,52372.0,,,,,,,,,,,,,,17415.0,,20927.0,,20927.0,,20927.0,,20927.0,,24871.0,,,,,,,,,,,,,,,,,,,,,,,,,
NIT,National Institute of Technology Durgapur,"Chemistry (5 Years, Integrated Master of Science)",OS,Gender-Neutral,40883.0,,47531.0,,47531.0,,47531.0,,47531.0,,55165.0,,6110.0,,7651.0,,7700.0,,8059.0,,8059.0,,8072.0,,14652.0,,16294.0,,17644.0,,17644.0,,17644.0,,17936.0,,8023.0,,8023.0,,8023.0,,8023.0,,8023.0,,8023.0,,2934.0,,2934.0,,2934.0,,2934.0,,2934.0,,2934.0,
NIT,National Institute of Technology Durgapur,"Civil Engineering (4 Years, Bachelor of Technology)",HS,Female-only (including Supernumerary),43887.0,,53803.0,,53803.0,,53803.0,,53803.0,,54965.0,,15593.0,,21956.0,,21956.0,,21956.0,,21956.0,,21956.0,,30636.0,,36065.0,,40463.0,,40463.0,,40463.0,,40463.0,,8820.0,,9663.0,,9663.0,,9663.0,,9663.0,,9663.0,,6332.0,,6332.0,,6332.0,,6332.0,,6332.0,,6332.0,
NIT,National Institute of Technology Durgapur,"Civil Engineering (4 Years, Bachelor of Technology)",HS,Gender-Neutral,36902.0,1238.0,40114.0,1238.0,41185.0,1238.0,41185.0,1238.0,41185.0,1238.0,45938.0,1238.0,9504.0,,12195.0,,12426.0,,12426.0,,12426.0,,13104.0,,24735.0,,29144.0,,29144.0,,29144.0,,29144.0,,29144.0,,5261.0,,5948.0,,6409.0,,6409.0,,6409.0,,7402.0,,5940.0,,5940.0,,5940.0,,5940.0,,5940.0,,5940.0,
NIT,National Institute of Technology Durgapur,"Civil Engineering (4 Years, Bachelor of Technology)",OS,Female-only (including Supernumerary),44918.0,,52078.0,,52387.0,,52387.0,,52387.0,,54243.0,,7064.0,,7513.0,,7871.0,,7871.0,,7871.0,,8285.0,,16996.0,,19121.0,,20293.0,,20293.0,,20293.0,,20903.0,,8427.0,,8808.0,,8808.0,,8808.0,,8808.0,,9020.0,,2111.0,,2111.0,,2111.0,,2111.0,,2111.0,,2111.0,
NIT,National Institute of Technology Durgapur,"Civil Engineering (4 Years, Bachelor of Technology)",OS,Gender-Neutral,37328.0,,39540.0,,39540.0,,39540.0,,39540.0,,40941.0,,5444.0,,5704.0,,5704.0,,5704.0,,5704.0,,6073.0,,11354.0,961.0,12040.0,988.0,12238.0,1009.0,12238.0,1009.0,12238.0,1009.0,13555.0,1009.0,5578.0,,5957.0,,5957.0,,5957.0,,5957.0,,6073.0,,1497.0,,1510.0,,1510.0,,1510.0,,1510.0,,1510.0,
NIT,National Institute of Technology Durgapur,"Computer Science and Engineering (4 Years, Bachelor of Technology)",HS,Female-only (including Supernumerary),14274.0,,15789.0,,15789.0,,15789.0,,15789.0,,15789.0,,5222.0,,7300.0,,7300.0,,7300.0,,7300.0,,7300.0,,14371.0,,14371.0,,14371.0,,14371.0,,14371.0,,14371.0,,1713.0,,4544.0,,4544.0,,4544.0,,4830.0,,4830.0,,1233.0,,2477.0,,2477.0,,2477.0,,2477.0,,2477.0,
NIT,National Institute of Technology Durgapur,"Computer Science and Engineering (4 Years, Bachelor of Technology)",HS,Gender-Neutral,10493.0,151.0,11090.0,151.0,11090.0,151.0,11090.0,151.0,11096.0,151.0,11587.0,151.0,2261.0,91.0,2882.0,101.0,2882.0,101.0,2882.0,101.0,2882.0,101.0,3019.0,101.0,6364.0,175.0,6671.0,175.0,6671.0,175.0,6671.0,175.0,6671.0,175.0,7980.0,175.0,1087.0,22.0,1562.0,22.0,1562.0,22.0,1562.0,22.0,1562.0,22.0,1562.0,22.0,1367.0,,2230.0,,2230.0,,2230.0,,2230.0,,2230.0,
NIT,National Institute of Technology Durgapur,"Computer Science and Engineering (4 Years, Bachelor of Technology)",OS,Female-only (including Supernumerary),12441.0,,12441.0,,12441.0,,12441.0,,12441.0,,16484.0,,2193.0,,2193.0,,2193.0,,2193.0,,2193.0,,2215.0,,6424.0,,6516.0,,6855.0,,6855.0,,6855.0,,6855.0,,2997.0,,2997.0,,2997.0,,2997.0,,2997.0,,2997.0,,1404.0,,1404.0,,1404.0,,1404.0,,1404.0,,1404.0,
NIT,National Institute of Technology Durgapur,"Computer Science and Engineering (4 Years, Bachelor of Technology)",OS,Gender-Neutral,8596.0,204.0,9010.0,406.0,9010.0,406.0,9010.0,406.0,9010.0,406.0,9836.0,406.0,1189.0,,1306.0,,1306.0,,1306.0,,1306.0,,1335.0,,2945.0,122.0,3017.0,162.0,3035.0,162.0,3035.0,162.0,3042.0,162.0,3281.0,162.0,1612.0,,1641.0,,1641.0,,1641.0,,1641.0,,1641.0,,570.0,,584.0,,584.0,,584.0,,584.0,,584.0,
NIT,National Institute of Technology Durgapur,"Electrical Engineering (4 Years, Bachelor of Technology)",HS,Female-only (including Supernumerary),27906.0,,27917.0,,28348.0,,28348.0,,28348.0,,28348.0,,7523.0,,7523.0,,7523.0,,7523.0,,7523.0,,8365.0,,20961.0,,26056.0,,26056.0,,26056.0,,26056.0,,26056.0,,5348.0,,5348.0,,5348.0,,5348.0,,5348.0,,5348.0,,4000.0,,5372.0,,5372.0,,5372.0,,5372.0,,5372.0,
NIT,National Institute of Technology Durgapur,"Electrical Engineering (4 Years, Bachelor of Technology)",HS,Gender-Neutral,19950.0,588.0,20930.0,588.0,20994.0,588.0,21156.0,588.0,21156.0,588.0,21358.0,588.0,5695.0,,5695.0,,5695.0,,5695.0,,5695.0,,5695.0,,13669.0,,15258.0,,15258.0,,15258.0,,15258.0,,15323.0,,2741.0,,3265.0,,3265.0,,3265.0,,3265.0,,3448.0,,3283.0,,4171.0,,4171.0,,4171.0,,4171.0,,4345.0,
NIT,National Institute of Technology Durgapur,"Electrical Engineering (4 Years, Bachelor of Technology)",OS,Female-only (including Supernumerary),29193.0,,30762.0,,30762.0,,30762.0,,30762.0,,30762.0,,4360.0,,4360.0,,4360.0,,4360.0,,4360.0,,4360.0,,9803.0,,10294.0,,10294.0,,10294.0,,10294.0,,10294.0,,5832.0,,5832.0,,5832.0,,5832.0,,5832.0,,6552.0,,1970.0,,2183.0,,2183.0,,2183.0,,2183.0,,2183.0,
NIT,National Institute of Technology Durgapur,"Electrical Engineering (4 Years, Bachelor of Technology)",OS,Gender-Neutral,18049.0,1033.0,18772.0,1247.0,19058.0,1478.0,19058.0,1478.0,19058.0,1478.0,19972.0,1478.0,2656.0,,2806.0,,2806.0,,2806.0,,2806.0,,3001.0,,5548.0,608.0,5719.0,608.0,5719.0,675.0,5719.0,675.0,5893.0,675.0,6533.0,675.0,3456.0,,3662.0,,3662.0,,3662.0,,3669.0,,3669.0,,1260.0,,1269.0,,1269.0,,1269.0,,1269.0,,1269.0,
NIT,National Institute of Technology Durgapur,"Electronics and Communication Engineering (4 Years, Bachelor of Technology)",HS,Female-only (including Supernumerary),23217.0,,23217.0,,23724.0,,23724.0,,23724.0,,23724.0,,7056.0,,7056.0,,7056.0,,7056.0,,7056.0,,7056.0,,19153.0,,19153.0,,19153.0,,19153.0,,19153.0,,19153.0,,2619.0,,2619.0,,2619.0,,2619.0,,2619.0,,2619.0,,3586.0,,4000.0,,4000.0,,4000.0,,4000.0,,4000.0,
NIT,National Institute of Technology Durgapur,"Electronics and Communication Engineering (4 Years, Bachelor of Technology)",HS,Gender-Neutral,14676.0,35.0,15757.0,613.0,15757.0,613.0,15757.0,613.0,15757.0,613.0,16672.0,613.0,3211.0,,3211.0,,3211.0,,3211.0,,3211.0,,4613.0,,10960.0,528.0,12452.0,528.0,12452.0,528.0,12452.0,528.0,12452.0,528.0,12452.0,528.0,2220.0,,2497.0,,2497.0,,2497.0,,2497.0,,2797.0,,2972.0,,2972.0,,2972.0,,2972.0,,2972.0,,2972.0,
NIT,National Institute of Technology Durgapur,"Electronics and Communication Engineering (4 Years, Bachelor of Technology)",OS,Female-only (including Supernumerary),20128.0,,20566.0,,20566.0,,20566.0,,20566.0,,21668.0,,2813.0,,2870.0,,2870.0,,2870.0,,2870.0,,3147.0,,8166.0,,8166.0,,8166.0,,8166.0,,8166.0,,8166.0,,4288.0,,4288.0,,4288.0,,4288.0,,4288.0,,4288.0,,1585.0,,1585.0,,1585.0,,1585.0,,1682.0,,1682.0,
NIT,National Institute of Technology Durgapur,"Electronics and Communication Engineering (4 Years, Bachelor of Technology)",OS,Gender-Neutral,12334.0,506.0,12737.0,506.0,12737.0,506.0,12737.0,506.0,12828.0,506.0,13888.0,506.0,1665.0,,1736.0,,1740.0,,1740.0,,1787.0,,1890.0,,4300.0,,4589.0,,4589.0,,4589.0,,4589.0,,4612.0,,2421.0,,2535.0,,2535.0,,2535.0,,2535.0,,2818.0,,918.0,,923.0,,923.0,,923.0,,923.0,,923.0,
NIT,National Institute of Technology Durgapur,"Mechanical Engineering (4 Years, Bachelor of Technology)",HS,Female-only (including Supernumerary),38036.0,,43109.0,,43887.0,,43887.0,,43887.0,,48925.0,,15100.0,,19019.0,,20652.0,,20652.0,,20652.0,,20652.0,,29103.0,,33183.0,,33183.0,,33183.0,,33183.0,,33183.0,,7756.0,,7877.0,,7877.0,,7877.0,,7877.0,,7877.0,,9529.0,,10061.0,,10061.0,,10061.0,,10061.0,,10061.0,
NIT,National Institute of Technology Durgapur,"Mechanical Engineering (4 Years, Bachelor of Technology)",HS,Gender-Neutral,26998.0,1296.0,29515.0,1296.0,29960.0,1296.0,29960.0,1296.0,30295.0,1296.0,33709.0,1296.0,7615.0,361.0,9330.0,361.0,9464.0,361.0,9524.0,361.0,9524.0,361.0,12132.0,361.0,19448.0,1385.0,22099.0,1385.0,22099.0,1385.0,22099.0,1385.0,22099.0,1385.0,22289.0,1385.0,4205.0,,4982.0,,5006.0,,5006.0,,5006.0,,5261.0,,4171.0,,4345.0,,4345.0,,4345.0,,4345.0,,4681.0,
NIT,National Institute of Technology Durgapur,"Mechanical Engineering (4 Years, Bachelor of Technology)",OS,Female-only (including Supernumerary),39217.0,,41998.0,,42014.0,,42014.0,,42014.0,,47565.0,,5829.0,,6222.0,,6265.0,,6708.0,,6708.0,,7287.0,,16169.0,,18218.0,,18218.0,,18218.0,,18218.0,,18232.0,,6914.0,,8577.0,,8577.0,,8577.0,,8577.0,,9237.0,,2853.0,,2853.0,,2853.0,,2853.0,,2853.0,,2853.0,
NIT,National Institute of Technology Durgapur,"Mechanical Engineering (4 Years, Bachelor of Technology)",OS,Gender-Neutral,24706.0,978.0,26279.0,1633.0,26279.0,1964.0,26279.0,1964.0,26480.0,1964.0,29158.0,1964.0,3786.0,,3948.0,,3948.0,,3948.0,,3948.0,,4302.0,,8114.0,399.0,8832.0,828.0,8945.0,865.0,9020.0,865.0,9020.0,865.0,9526.0,961.0,4810.0,,5505.0,,5560.0,,5560.0,,5560.0,,5567.0,,1813.0,,1839.0,,1839.0,,1839.0,,1839.0,,1839.0,
NIT,National Institute of Technology Durgapur,"Metallurgical and Materials Engineering (4 Years, Bachelor of Technology)",HS,Female-only (including Supernumerary),48925.0,,50724.0,,54965.0,,54965.0,,55629.0,,58984.0,,9484.0,,20652.0,,26490.0,,27209.0,,28121.0,,28639.0,,26056.0,,34910.0,,34910.0,,34910.0,,34910.0,,34910.0,,7390.0,,7390.0,,7390.0,,7390.0,,7390.0,,7390.0,,9084.0,,9084.0,,9084.0,,9084.0,,9084.0,,9084.0,
NIT,National Institute of Technology Durgapur,"Metallurgical and Materials Engineering (4 Years, Bachelor of Technology)",HS,Gender-Neutral,37198.0,3246.0,39947.0,3246.0,40862.0,3246.0,40862.0,3246.0,40862.0,3246.0,45449.0,3246.0,9778.0,,12328.0,,12328.0,,12328.0,,12328.0,,13169.0,,26505.0,,28775.0,,28912.0,,28912.0,,28912.0,,28912.0,,7423.0,,7979.0,,8377.0,,8377.0,,8385.0,,8385.0,,4314.0,,5872.0,,5872.0,,5872.0,,5872.0,,5872.0,
NIT,National Institute of Technology Durgapur,"Metallurgical and Materials Engineering (4 Years, Bachelor of Technology)",OS,Female-only (including Supernumerary),51491.0,,52768.0,,57542.0,,57542.0,,57542.0,,57869.0,,7906.0,,7906.0,,8626.0,,8626.0,,8626.0,,8670.0,,18254.0,,20422.0,,20422.0,,20422.0,,20422.0,,20422.0,,7296.0,,9804.0,,9804.0,,9804.0,,9804.0,,9804.0,,3824.0,,3824.0,,3824.0,,3824.0,,3824.0,,3824.0,
NIT,National Institute of Technology Durgapur,"Metallurgical and Materials Engineering (4 Years, Bachelor of Technology)",OS,Gender-Neutral,36515.0,1988.0,41155.0,2331.0,41882.0,2331.0,41882.0,2331.0,42937.0,2331.0,44560.0,2331.0,6039.0,,6039.0,,6039.0,,6039.0,,6039.0,,6538.0,,13053.0,936.0,14589.0,1020.0,14676.0,1194.0,14686.0,1194.0,14686.0,1194.0,15390.0,1194.0,6789.0,,7469.0,,7469.0,,7469.0,,7469.0,,7770.0,,2538.0,,2736.0,,2736.0,,2736.0,,2736.0,,2736.0,
NIT,National Institute of Technology Goa,"Civil Engineering (4 Years, Bachelor of Technology)",GO,Female-only (including Supernumerary),75521.0,,138584.0,,178350.0,,178350.0,,178350.0,,178350.0,,,,,,,,,,,,,,97605.0,,157803.0,,208237.0,,208237.0,,208237.0,,208237.0,,,,,,,,,,,,,,,,,,,,,,,,,
NIT,National Institute of Technology Goa,"Civil Engineering (4 Years, Bachelor of Technology)",GO,Gender-Neutral,84964.0,,104160.0,,105540.0,,109373.0,,109373.0,,114549.0,,,,,,,,,,,,,,118055.0,,126648.0,,126648.0,,126648.0,,126648.0,,223951.0,,36323.0,,55959.0,,24582.0,,24582.0,,24582.0,,24582.0,,8337.0,,11774.0,,11774.0,,11774.0,,11774.0,,11774.0,
NIT,National Institute of Technology Goa,"Civil Engineering (4 Years, Bachelor of Technology)",HS,Female-only (including Supernumerary),168183.0,,168183.0,,168183.0,,168183.0,,168183.0,,168183.0,,,,,,,,,,,,,,,,,,,,,,,,,,,,,,,,,,,,,,,,,,,,,,,,,
NIT,National Institute of Technology Goa,"Civil Engineering (4 Years, Bachelor of Technology)",HS,Gender-Neutral,56169.0,,56169.0,,56169.0,,56169.0,,56169.0,,108193.0,,,,,,,,,,,,,,34891.0,,34891.0,,34891.0,,34891.0,,34891.0,,56200.0,,22346.0,,22346.0,,22346.0,,22346.0,,22346.0,,22346.0,,,,,,,,,,,,,
NIT,National Institute of Technology Goa,"Civil Engineering (4 Years, Bachelor of Technology)",OS,Female-only (including Supernumerary),44090.0,,50891.0,,51638.0,,51638.0,,51638.0,,51638.0,,,,,,,,,,,,,,17067.0,,18170.0,,18170.0,,18170.0,,18170.0,,19159.0,,5918.0,,6714.0,,8639.0,,8639.0,,8639.0,,8639.0,,,,,,,,,,,,,
NIT,National Institute of Technology Goa,"Civil Engineering (4 Years, Bachelor of Technology)",OS,Gender-Neutral,34130.0,,39984.0,,39984.0,,39984.0,,39991.0,,45845.0,,5258.0,,6114.0,,6114.0,,6114.0,,6114.0,,6836.0,,12710.0,,14363.0,,14363.0,,14363.0,,14432.0,,15136.0,,4588.0,333.0,6604.0,333.0,6604.0,333.0,6604.0,333.0,6604.0,333.0,6604.0,333.0,2060.0,,2150.0,,2150.0,,2150.0,,2150.0,,2150.0,
NIT,National Institute of Technology Goa,"Computer Science and Engineering (4 Years, Bachelor of Technology)",GO,Female-only (including Supernumerary),60711.0,,70677.0,,70677.0,,70677.0,,70677.0,,70677.0,,,,,,,,,,,,,,22500.0,,33807.0,,33807.0,,33807.0,,33807.0,,33807.0,,,,,,,,,,,,,,,,,,,,,,,,,
NIT,National Institute of Technology Goa,"Computer Science and Engineering (4 Years, Bachelor of Technology)",GO,Gender-Neutral,27338.0,,27338.0,,27338.0,,27338.0,,27338.0,,27338.0,,29251.0,,29251.0,,29251.0,,29251.0,,29251.0,,29251.0,,33729.0,,56604.0,,56604.0,,56604.0,,56604.0,,56604.0,,17678.0,,17678.0,,17678.0,,17678.0,,17678.0,,17678.0,,4022.0,,4022.0,,4022.0,,4022.0,,4022.0,,4022.0,
NIT,National Institute of Technology Goa,"Computer Science and Engineering (4 Years, Bachelor of Technology)",HS,Female-only (including Supernumerary),,,,,,,,,,,,,45578.0,,45578.0,,45578.0,,45578.0,,45578.0,,45578.0,,,,,,,,,,,,,,,,,,,,,,,,,,,,,,,,,,,,,
NIT,National Institute of Technology Goa,"Computer Science and Engineering (4 Years, Bachelor of Technology)",HS,Gender-Neutral,16198.0,,16198.0,,16198.0,,16198.0,,16198.0,,16198.0,,17059.0,,17059.0,,17059.0,,17059.0,,17059.0,,17059.0,,12567.0,,12567.0,,12567.0,,12567.0,,12567.0,,12567.0,,,,,,,,,,,,,,,,,,,,,,,,,
NIT,National Institute of Technology Goa,"Computer Science and Engineering (4 Years, Bachelor of Technology)",OS,Female-only (including Supernumerary),16518.0,747.0,16518.0,747.0,16518.0,747.0,16518.0,747.0,16957.0,747.0,16957.0,747.0,3278.0,,3278.0,,3278.0,,3278.0,,3637.0,,3637.0,,5734.0,,8120.0,,8120.0,,8120.0,,8120.0,,8120.0,,3018.0,,3018.0,,3018.0,,3018.0,,3018.0,,3018.0,,,,,,,,,,,,,
NIT,National Institute of Technology Goa,"Computer Science and Engineering (4 Years, Bachelor of Technology)",OS,Gender-Neutral,11696.0,,12359.0,,12359.0,,12359.0,,12542.0,,13640.0,,1663.0,,1663.0,,1663.0,,1663.0,,1672.0,,1948.0,,4244.0,,4489.0,,4629.0,,4629.0,,4825.0,,4846.0,,2329.0,,2329.0,,2329.0,,2329.0,,2329.0,,2416.0,,685.0,,685.0,,685.0,,685.0,,685.0,,685.0,
NIT,National Institute of Technology Goa,"Electrical and Electronics Engineering (4 Years, Bachelor of Technology)",GO,Female-only (including Supernumerary),80052.0,,80052.0,,81421.0,,81421.0,,81421.0,,81421.0,,60865.0,,,,,,,,,,,,94815.0,,101156.0,,101156.0,,101156.0,,101156.0,,101156.0,,,,,,,,,,,,,,,,,,,,,,,,,
NIT,National Institute of Technology Goa,"Electrical and Electronics Engineering (4 Years, Bachelor of Technology)",GO,Gender-Neutral,51332.0,,81421.0,,84300.0,,84551.0,,84551.0,,90522.0,,,,,,,,,,,,,,93072.0,,127143.0,,149441.0,,149441.0,,149441.0,,149441.0,,52903.0,,79241.0,,79241.0,,79241.0,,79241.0,,79241.0,,5371.0,,5371.0,,5371.0,,5371.0,,5371.0,,5371.0,
NIT,National Institute of Technology Goa,"Electrical and Electronics Engineering (4 Years, Bachelor of Technology)",HS,Female-only (including Supernumerary),81915.0,,81915.0,,81915.0,,81915.0,,81915.0,,81915.0,,,,,,,,,,,,,,,,,,,,,,,,,,,,,,,,,,,,,,,,,,,,,,,,,
NIT,National Institute of Technology Goa,"Electrical and Electronics Engineering (4 Years, Bachelor of Technology)",HS,Gender-Neutral,41813.0,,41813.0,,41813.0,,41813.0,,41813.0,,41813.0,,21619.0,,21619.0,,21619.0,,21619.0,,21619.0,,21619.0,,27441.0,,27441.0,,27441.0,,27441.0,,27441.0,,27441.0,,,,,,,,,,,,,,13067.0,,13939.0,,17838.0,,18425.0,,22871.0,,25884.0,
NIT,National Institute of Technology Goa,"Electrical and Electronics Engineering (4 Years, Bachelor of Technology)",OS,Female-only (including Supernumerary),27650.0,,32110.0,,32110.0,,32110.0,,32110.0,,33936.0,,,,,,,,,,,,,,11519.0,,12560.0,,12560.0,,12560.0,,14231.0,,14231.0,,5683.0,,5683.0,,5683.0,,5683.0,,5683.0,,5683.0,,,,,,,,,,,,,
NIT,National Institute of Technology Goa,"Electrical and Electronics Engineering (4 Years, Bachelor of Technology)",OS,Gender-Neutral,20583.0,,21106.0,,21491.0,,21491.0,,21576.0,,23358.0,,3341.0,,3341.0,,3341.0,,3341.0,,3341.0,,3656.0,,7538.0,439.0,8048.0,716.0,8048.0,716.0,8048.0,716.0,8048.0,716.0,8293.0,716.0,3931.0,,4710.0,,4710.0,,4710.0,,4710.0,,4710.0,,,104.0,,104.0,,104.0,,104.0,,104.0,,104.0
NIT,National Institute of Technology Goa,"Electronics and Communication Engineering (4 Years, Bachelor of Technology)",GO,Female-only (including Supernumerary),73683.0,,75521.0,,80052.0,,80052.0,,80052.0,,80052.0,,,,,,,,,,,,,,,,,,,,,,,,,,96743.0,,96743.0,,96743.0,,96743.0,,96743.0,,96743.0,,,,,,,,,,,,,
NIT,National Institute of Technology Goa,"Electronics and Communication Engineering (4 Years, Bachelor of Technology)",GO,Gender-Neutral,45337.0,,45337.0,,45337.0,,45337.0,,45337.0,,45337.0,,40743.0,,40634.0,,40634.0,,40634.0,,40634.0,,40634.0,,56604.0,,94815.0,,94815.0,,94815.0,,94815.0,,94815.0,,27157.0,,40055.0,,40055.0,,40055.0,,40055.0,,40055.0,,5652.0,,5652.0,,5652.0,,5652.0,,5652.0,,5652.0,
NIT,National Institute of Technology Goa,"Electronics and Communication Engineering (4 Years, Bachelor of Technology)",HS,Female-only (including Supernumerary),,,,,,,,,,,,,,,,,,,,,,,,,,,,,,,,,,,,,,,,,,,,,,,,,9150.0,,15019.0,,15019.0,,15019.0,,15019.0,,15019.0,
NIT,National Institute of Technology Goa,"Electronics and Communication Engineering (4 Years, Bachelor of Technology)",HS,Gender-Neutral,31764.0,,31764.0,,31764.0,,31764.0,,31764.0,,31764.0,,,,,,,,,,,,,,20787.0,,20787.0,,20787.0,,20787.0,,20787.0,,20787.0,,9024.0,,9024.0,,9024.0,,9024.0,,9024.0,,9024.0,,,,,,,,,,,,,
NIT,National Institute of Technology Goa,"Electronics and Communication Engineering (4 Years, Bachelor of Technology)",OS,Female-only (including Supernumerary),20625.0,,20848.0,,20848.0,,20848.0,,20848.0,,20848.0,,,,,,,,,,,,,,9834.0,,9834.0,,9834.0,,9834.0,,9834.0,,11606.0,,4666.0,,4866.0,,4866.0,,4866.0,,4866.0,,4866.0,,1715.0,,2400.0,,2400.0,,2400.0,,2437.0,,2437.0,
NIT,National Institute of Technology Goa,"Electronics and Communication Engineering (4 Years, Bachelor of Technology)",OS,Gender-Neutral,15345.0,571.0,15842.0,901.0,15842.0,901.0,16412.0,901.0,16412.0,901.0,17673.0,901.0,2311.0,,2378.0,,2378.0,,2378.0,,2378.0,,2698.0,,5958.0,,5958.0,,5958.0,,5958.0,,6155.0,,6192.0,,3004.0,,3148.0,,3148.0,,3148.0,,3148.0,,3148.0,,1359.0,,1359.0,,1359.0,,1359.0,,1474.0,,1474.0,
NIT,National Institute of Technology Goa,"Mechanical Engineering (4 Years, Bachelor of Technology)",GO,Female-only (including Supernumerary),113370.0,,115483.0,,138584.0,,138584.0,,138584.0,,138584.0,,,,,,,,,,,,,,94870.0,,94870.0,,94870.0,,94870.0,,94870.0,,94870.0,,,,,,,,,,,,,,,,,,,,,,,,,
NIT,National Institute of Technology Goa,"Mechanical Engineering (4 Years, Bachelor of Technology)",GO,Gender-Neutral,64851.0,,64851.0,,64851.0,,64851.0,,64851.0,,64851.0,,32637.0,,32637.0,,32637.0,,32637.0,,32637.0,,32637.0,,110256.0,,183792.0,,210122.0,,224371.0,,224371.0,,231075.0,,25879.0,,25879.0,,25879.0,,25879.0,,25879.0,,25879.0,,5673.0,,5673.0,,5673.0,,5673.0,,5673.0,,5673.0,
NIT,National Institute of Technology Goa,"Mechanical Engineering (4 Years, Bachelor of Technology)",HS,Female-only (including Supernumerary),,,,,,,,,,,,,,,,,,,,,,,,,43297.0,,43297.0,,43297.0,,43297.0,,43297.0,,43297.0,,,,,,,,,,,,,,,,,,,,,,,,,
NIT,National Institute of Technology Goa,"Mechanical Engineering (4 Years, Bachelor of Technology)",HS,Gender-Neutral,44999.0,,44999.0,,44999.0,,44999.0,,44999.0,,44999.0,,,,,,,,,,,,,,,,,,,,,,,,,,19831.0,,19831.0,,19831.0,,19831.0,,19831.0,,19831.0,,,,,,,,,,,,,
NIT,National Institute of Technology Goa,"Mechanical Engineering (4 Years, Bachelor of Technology)",OS,Female-only (including Supernumerary),33593.0,,40074.0,,40146.0,,44934.0,,46360.0,,48713.0,,6640.0,,7415.0,,7415.0,,7415.0,,7415.0,,8125.0,,16309.0,,17602.0,,17602.0,,17602.0,,17602.0,,17602.0,,,,,,,,,,,,,,3211.0,,3212.0,,3459.0,,3459.0,,3459.0,,3459.0,
NIT,National Institute of Technology Goa,"Mechanical Engineering (4 Years, Bachelor of Technology)",OS,Gender-Neutral,27118.0,,27995.0,,27995.0,,27995.0,,27995.0,,32890.0,,,253.0,,253.0,,253.0,,253.0,,253.0,,253.0,10033.0,,10106.0,,10333.0,,10333.0,,10333.0,,10506.0,,4827.0,,5560.0,,5781.0,,5781.0,,5781.0,,5995.0,,2076.0,,2259.0,,2259.0,,2259.0,,2259.0,,2259.0,
NIT,National Institute of Technology Hamirpur,"Architecture (5 Years, Bachelor of Architecture)",HS,Female-only (including Supernumerary),1959.0,,1959.0,,1959.0,,1959.0,,1959.0,,1959.0,,782.0,,782.0,,782.0,,782.0,,782.0,,782.0,,3966.0,,17486.0,,17486.0,,17486.0,,17486.0,,17486.0,,1041.0,,1041.0,,1041.0,,1041.0,,1041.0,,1041.0,,,,,,,,,,,,,
NIT,National Institute of Technology Hamirpur,"Architecture (5 Years, Bachelor of Architecture)",HS,Gender-Neutral,5810.0,,7150.0,,7647.0,,7647.0,,7647.0,,7861.0,,563.0,,2332.0,,2332.0,,2332.0,,2332.0,,2332.0,,10497.0,,19098.0,,21748.0,,19098.0,,19098.0,,19098.0,,1049.0,,1049.0,,1049.0,,1049.0,,1049.0,,1049.0,,450.0,,450.0,,450.0,,450.0,,450.0,,450.0,
NIT,National Institute of Technology Hamirpur,"Architecture (5 Years, Bachelor of Architecture)",OS,Female-only (including Supernumerary),585.0,,609.0,,609.0,,746.0,,763.0,,987.0,,,,,,,,,,,,,,451.0,,511.0,,511.0,,511.0,,511.0,,511.0,,107.0,,109.0,,109.0,,109.0,,109.0,,109.0,,66.0,,111.0,,111.0,,111.0,,111.0,,111.0,
NIT,National Institute of Technology Hamirpur,"Architecture (5 Years, Bachelor of Architecture)",OS,Gender-Neutral,780.0,,987.0,,994.0,,1074.0,,1138.0,,1173.0,,272.0,,333.0,,353.0,,379.0,,408.0,,432.0,,452.0,,584.0,,592.0,,593.0,,611.0,,613.0,,148.0,,172.0,,172.0,,231.0,,231.0,,250.0,,85.0,,96.0,,96.0,,96.0,,96.0,,96.0,
NIT,National Institute of Technology Hamirpur,"Chemical Engineering (4 Years, Bachelor of Technology)",HS,Female-only (including Supernumerary),93980.0,,93980.0,,93980.0,,93980.0,,93980.0,,93980.0,,16019.0,,16019.0,,16019.0,,16019.0,,16019.0,,16019.0,,208658.0,,208658.0,,208658.0,,208658.0,,208658.0,,208658.0,,11974.0,,14568.0,,14568.0,,14568.0,,14568.0,,14568.0,,3935.0,,4206.0,,5072.0,,5072.0,,5072.0,,5072.0,
NIT,National Institute of Technology Hamirpur,"Chemical Engineering (4 Years, Bachelor of Technology)",HS,Gender-Neutral,83038.0,,87490.0,,88460.0,,88460.0,,88460.0,,91171.0,,13822.0,,15281.0,,15281.0,,15281.0,,15281.0,,15281.0,,98149.0,,111763.0,,112864.0,,112864.0,,112864.0,,112864.0,,14256.0,,15784.0,,16786.0,,16786.0,,16786.0,,16786.0,,4157.0,,4199.0,,4199.0,,4199.0,,4199.0,,4199.0,
NIT,National Institute of Technology Hamirpur,"Chemical Engineering (4 Years, Bachelor of Technology)",OS,Female-only (including Supernumerary),44457.0,,47244.0,,47244.0,,47244.0,,47244.0,,52053.0,,7045.0,,7568.0,,7568.0,,7568.0,,7568.0,,7568.0,,18919.0,,18956.0,,18956.0,,18956.0,,18956.0,,19636.0,,6162.0,,9273.0,,9591.0,,9591.0,,9591.0,,9784.0,,,,,,,,,,,,,
NIT,National Institute of Technology Hamirpur,"Chemical Engineering (4 Years, Bachelor of Technology)",OS,Gender-Neutral,35719.0,1865.0,37454.0,2083.0,37454.0,2083.0,37454.0,2083.0,37454.0,2083.0,40460.0,2083.0,5300.0,,5384.0,,5546.0,,5546.0,,5546.0,,5880.0,,12052.0,,12276.0,,12496.0,,12496.0,,12644.0,,13024.0,,6036.0,,6783.0,,6833.0,,6833.0,,6833.0,,6833.0,,2634.0,,2634.0,,2634.0,,2634.0,,2634.0,,2634.0,
NIT,National Institute of Technology Hamirpur,"Civil Engineering (4 Years, Bachelor of Technology)",HS,Female-only (including Supernumerary),111972.0,,111972.0,,111972.0,,111972.0,,111972.0,,111972.0,,20597.0,,20597.0,,20597.0,,20597.0,,20597.0,,20597.0,,147378.0,,171453.0,,171453.0,,171453.0,,171453.0,,171453.0,,12606.0,,12606.0,,12606.0,,12606.0,,12606.0,,12606.0,,2778.0,,2778.0,,2778.0,,2778.0,,2778.0,,2778.0,
NIT,National Institute of Technology Hamirpur,"Civil Engineering (4 Years, Bachelor of Technology)",HS,Gender-Neutral,90801.0,1529.0,106833.0,1529.0,111147.0,1529.0,111935.0,1529.0,111935.0,1529.0,112244.0,1529.0,17011.0,,18094.0,,18094.0,,18094.0,,18094.0,,18094.0,,119454.0,,143740.0,,143740.0,,143740.0,,143740.0,,143740.0,,14568.0,,15019.0,,15019.0,,15019.0,,15019.0,,15019.0,,3066.0,,3066.0,,3066.0,,3066.0,,3066.0,,3066.0,
NIT,National Institute of Technology Hamirpur,"Civil Engineering (4 Years, Bachelor of Technology)",OS,Female-only (including Supernumerary),48920.0,1830.0,53533.0,1830.0,56339.0,1830.0,56339.0,1830.0,56339.0,1830.0,57755.0,1830.0,8405.0,,8767.0,,8767.0,,8767.0,,8767.0,,8767.0,,19632.0,,21462.0,,22457.0,,22457.0,,22457.0,,22827.0,,8413.0,,9308.0,,9308.0,,9308.0,,9308.0,,9308.0,,3181.0,,3275.0,,3275.0,,3275.0,,3275.0,,3275.0,
NIT,National Institute of Technology Hamirpur,"Civil Engineering (4 Years, Bachelor of Technology)",OS,Gender-Neutral,41202.0,,43727.0,,45120.0,,45265.0,,45508.0,,47577.0,,6032.0,,6403.0,,6441.0,,6441.0,,6519.0,,6800.0,,12644.0,371.0,14276.0,1262.0,14381.0,1296.0,14381.0,1296.0,14426.0,1296.0,15119.0,1398.0,6133.0,,6716.0,,6716.0,,6716.0,,6716.0,,6887.0,,1877.0,,1926.0,,1926.0,,1926.0,,1926.0,,2069.0,
NIT,National Institute of Technology Hamirpur,"Computer Science and Engineering (4 Years, Bachelor of Technology)",HS,Female-only (including Supernumerary),28558.0,,30714.0,,30714.0,,30714.0,,30714.0,,30714.0,,6002.0,,6002.0,,6002.0,,6002.0,,6002.0,,6002.0,,32905.0,,32905.0,,32905.0,,32905.0,,32905.0,,32905.0,,8112.0,,8112.0,,8112.0,,8112.0,,8112.0,,8112.0,,920.0,,920.0,,920.0,,920.0,,920.0,,920.0,
NIT,National Institute of Technology Hamirpur,"Computer Science and Engineering (4 Years, Bachelor of Technology)",HS,Gender-Neutral,22394.0,733.0,22394.0,733.0,22394.0,733.0,22394.0,733.0,22394.0,733.0,22394.0,733.0,5951.0,,5951.0,,5951.0,,5951.0,,5951.0,,5951.0,,28037.0,1531.0,29030.0,1531.0,29030.0,1531.0,29030.0,1531.0,29030.0,1531.0,29030.0,1531.0,3057.0,108.0,3057.0,108.0,3057.0,108.0,3057.0,108.0,3057.0,108.0,4836.0,108.0,1475.0,,1475.0,,1475.0,,1475.0,,1475.0,,1475.0,
NIT,National Institute of Technology Hamirpur,"Computer Science and Engineering (4 Years, Bachelor of Technology)",OS,Female-only (including Supernumerary),18768.0,,20065.0,,20450.0,,20450.0,,20822.0,,20822.0,,2536.0,,2791.0,,2972.0,,2972.0,,2972.0,,2972.0,,8739.0,,9028.0,,9028.0,,9028.0,,9028.0,,9028.0,,4039.0,,4283.0,,4283.0,,4283.0,,4283.0,,4283.0,,1627.0,,1777.0,,1777.0,,1777.0,,1777.0,,1777.0,
NIT,National Institute of Technology Hamirpur,"Computer Science and Engineering (4 Years, Bachelor of Technology)",OS,Gender-Neutral,10852.0,304.0,11455.0,616.0,11455.0,616.0,11455.0,616.0,11712.0,616.0,12586.0,616.0,1496.0,114.0,1590.0,114.0,1590.0,114.0,1590.0,114.0,1636.0,114.0,1780.0,114.0,3880.0,226.0,4039.0,246.0,4039.0,246.0,4039.0,246.0,4054.0,246.0,4151.0,246.0,1948.0,,2113.0,,2176.0,,2176.0,,2176.0,,2182.0,,741.0,27.0,877.0,116.0,877.0,,877.0,,877.0,,877.0,
NIT,National Institute of Technology Hamirpur,"Computer Science and Engineering (5 Years, Bachelor and Master of Technology (Dual Degree))",HS,Female-only (including Supernumerary),30714.0,,40875.0,,40875.0,,40875.0,,40875.0,,40875.0,,,,,,,,,,,,,,57596.0,,57596.0,,57596.0,,57596.0,,57596.0,,57596.0,,,,,,,,,,,,,,,,,,,,,,,,,
NIT,National Institute of Technology Hamirpur,"Computer Science and Engineering (5 Years, Bachelor and Master of Technology (Dual Degree))",HS,Gender-Neutral,26321.0,,26321.0,,26321.0,,26321.0,,26321.0,,26321.0,,6591.0,,6591.0,,6591.0,,6591.0,,6591.0,,6591.0,,29030.0,,31081.0,,31081.0,,31081.0,,31081.0,,31081.0,,4730.0,,4836.0,,4836.0,,4836.0,,4836.0,,6846.0,,1621.0,,1621.0,,1621.0,,1621.0,,1621.0,,1621.0,
NIT,National Institute of Technology Hamirpur,"Computer Science and Engineering (5 Years, Bachelor and Master of Technology (Dual Degree))",OS,Female-only (including Supernumerary),19838.0,,23525.0,,23525.0,,23525.0,,23525.0,,24521.0,,,,,,,,,,,,,,8779.0,,8779.0,,8779.0,,8779.0,,8779.0,,8779.0,,4972.0,,6112.0,,6112.0,,6112.0,,6112.0,,6112.0,,,,,,,,,,,,,
NIT,National Institute of Technology Hamirpur,"Computer Science and Engineering (5 Years, Bachelor and Master of Technology (Dual Degree))",OS,Gender-Neutral,12558.0,516.0,12980.0,669.0,12980.0,669.0,12980.0,669.0,13235.0,669.0,14474.0,669.0,2074.0,,2074.0,,2074.0,,2074.0,,2074.0,,2250.0,,4250.0,,4302.0,,4302.0,,4302.0,,4302.0,,4302.0,,1064.0,,1064.0,,1064.0,,1064.0,,1064.0,,1064.0,,1035.0,,1035.0,,1035.0,,1035.0,,1035.0,,1035.0,
NIT,National Institute of Technology Hamirpur,"Electrical Engineering (4 Years, Bachelor of Technology)",HS,Female-only (including Supernumerary),73132.0,,75321.0,,75321.0,,75321.0,,75321.0,,75321.0,,15371.0,,15371.0,,15371.0,,15371.0,,15371.0,,15371.0,,136776.0,,147378.0,,147378.0,,147378.0,,147378.0,,147378.0,,9125.0,,9125.0,,9125.0,,9125.0,,9125.0,,9125.0,,2573.0,,2573.0,,2573.0,,2573.0,,2573.0,,2573.0,
NIT,National Institute of Technology Hamirpur,"Electrical Engineering (4 Years, Bachelor of Technology)",HS,Gender-Neutral,54948.0,3894.0,57537.0,3894.0,57641.0,3894.0,57641.0,3894.0,57641.0,3894.0,58330.0,3894.0,11150.0,,11150.0,,11150.0,,11150.0,,11150.0,,11150.0,,59777.0,,74456.0,,74456.0,,74456.0,,74456.0,,74456.0,,11086.0,,11614.0,,11614.0,,11614.0,,11614.0,,11614.0,,2436.0,,2553.0,,2553.0,,2553.0,,2553.0,,2553.0,
NIT,National Institute of Technology Hamirpur,"Electrical Engineering (4 Years, Bachelor of Technology)",OS,Female-only (including Supernumerary),32723.0,,33976.0,,35215.0,,35215.0,,35957.0,,38413.0,,4805.0,,5324.0,,5324.0,,5324.0,,5324.0,,5647.0,,12987.0,,14990.0,,15132.0,,15132.0,,15132.0,,15132.0,,6907.0,,7109.0,,7109.0,,7109.0,,7109.0,,7109.0,,2926.0,,3375.0,,3375.0,,3375.0,,3375.0,,3375.0,
NIT,National Institute of Technology Hamirpur,"Electrical Engineering (4 Years, Bachelor of Technology)",OS,Gender-Neutral,23305.0,1360.0,24305.0,1360.0,24628.0,1734.0,24628.0,1734.0,24628.0,1734.0,25590.0,1734.0,3481.0,,3521.0,,3549.0,,3549.0,,3598.0,,3665.0,,8146.0,671.0,8472.0,718.0,8543.0,1274.0,8543.0,1274.0,8543.0,1274.0,8993.0,1274.0,4266.0,,4517.0,,4589.0,,4589.0,,4589.0,,4863.0,,1901.0,,2029.0,,2029.0,,2029.0,,2079.0,,2124.0,
NIT,National Institute of Technology Hamirpur,"Electronics and Communication Engineering (4 Years, Bachelor of Technology)",HS,Female-only (including Supernumerary),42419.0,,43999.0,,43999.0,,43999.0,,43999.0,,43999.0,,13757.0,,13757.0,,13757.0,,13757.0,,13757.0,,13757.0,,57741.0,,84780.0,,84780.0,,84780.0,,84780.0,,84780.0,,8337.0,,10567.0,,10567.0,,10567.0,,10567.0,,10567.0,,2062.0,,2062.0,,2062.0,,2062.0,,2062.0,,2062.0,
NIT,National Institute of Technology Hamirpur,"Electronics and Communication Engineering (4 Years, Bachelor of Technology)",HS,Gender-Neutral,43999.0,852.0,44256.0,2324.0,45099.0,2324.0,45099.0,2324.0,45099.0,2324.0,45099.0,2324.0,9849.0,,9849.0,,9849.0,,9849.0,,9849.0,,9849.0,,47651.0,,49875.0,,50316.0,,50316.0,,50316.0,,50316.0,,7843.0,,10101.0,,10101.0,,10101.0,,10101.0,,10101.0,,2267.0,,2436.0,,2436.0,,2436.0,,2436.0,,2436.0,
NIT,National Institute of Technology Hamirpur,"Electronics and Communication Engineering (4 Years, Bachelor of Technology)",OS,Female-only (including Supernumerary),28051.0,,28855.0,,29052.0,,29052.0,,29052.0,,29052.0,,3936.0,,4281.0,,4281.0,,4281.0,,4686.0,,4805.0,,11737.0,,12987.0,,12987.0,,12987.0,,12987.0,,12987.0,,5242.0,,6156.0,,6156.0,,6156.0,,6156.0,,6156.0,,2684.0,,2926.0,,2926.0,,2926.0,,2926.0,,2926.0,
NIT,National Institute of Technology Hamirpur,"Electronics and Communication Engineering (4 Years, Bachelor of Technology)",OS,Gender-Neutral,17112.0,669.0,17476.0,843.0,17476.0,843.0,17476.0,843.0,17476.0,843.0,18733.0,843.0,2492.0,117.0,2514.0,159.0,2514.0,159.0,2514.0,159.0,2514.0,159.0,2875.0,159.0,5926.0,390.0,6355.0,390.0,6366.0,671.0,6366.0,671.0,6405.0,671.0,6659.0,671.0,3046.0,,3730.0,,3730.0,,3730.0,,3730.0,,3733.0,,1567.0,,1705.0,,1786.0,,1786.0,,1786.0,,1950.0,
NIT,National Institute of Technology Hamirpur,"Electronics and Communication Engineering (5 Years, Bachelor and Master of Technology (Dual Degree))",HS,Female-only (including Supernumerary),61846.0,,61846.0,,61846.0,,61846.0,,61846.0,,69292.0,,,,,,,,,,,,,,80625.0,,122105.0,,122105.0,,122105.0,,122105.0,,122105.0,,11031.0,,11031.0,,11031.0,,11031.0,,11031.0,,11031.0,,,,,,,,,,,,,
NIT,National Institute of Technology Hamirpur,"Electronics and Communication Engineering (5 Years, Bachelor and Master of Technology (Dual Degree))",HS,Gender-Neutral,46432.0,1665.0,46432.0,1665.0,47560.0,1665.0,47560.0,1665.0,47560.0,1665.0,47782.0,1665.0,8999.0,,8999.0,,8999.0,,8999.0,,8999.0,,8999.0,,49875.0,,59757.0,,59757.0,,59757.0,,59757.0,,59757.0,,6873.0,,7147.0,,7147.0,,7147.0,,7147.0,,7147.0,,2553.0,,2850.0,,2850.0,,2850.0,,2850.0,,2850.0,
NIT,National Institute of Technology Hamirpur,"Electronics and Communication Engineering (5 Years, Bachelor and Master of Technology (Dual Degree))",OS,Female-only (including Supernumerary),30276.0,,31837.0,,31837.0,,31837.0,,31837.0,,31837.0,,,,,,,,,,,,,,12511.0,,14825.0,,14825.0,,14825.0,,14825.0,,14825.0,,,,,,,,,,,,,,,,,,,,,,,,,
NIT,National Institute of Technology Hamirpur,"Electronics and Communication Engineering (5 Years, Bachelor and Master of Technology (Dual Degree))",OS,Gender-Neutral,18796.0,,19653.0,,19653.0,,19653.0,,19653.0,,21593.0,,2698.0,,3360.0,,3360.0,,3360.0,,3405.0,,3442.0,,5925.0,,6405.0,,6405.0,,6405.0,,6951.0,,7167.0,,3771.0,,3771.0,,3771.0,,3771.0,,3771.0,,4065.0,,2154.0,,2154.0,,2154.0,,2154.0,,2154.0,,2154.0,
NIT,National Institute of Technology Hamirpur,"Engineering Physics (4 Years, Bachelor of Technology)",HS,Female-only (including Supernumerary),116767.0,,139283.0,,139283.0,,139283.0,,139283.0,,139283.0,,20370.0,,20370.0,,20370.0,,20370.0,,20370.0,,20370.0,,141711.0,,141711.0,,141711.0,,141711.0,,141711.0,,141711.0,,16385.0,,17959.0,,17959.0,,17959.0,,17959.0,,17959.0,,,,,,,,,,,,,
NIT,National Institute of Technology Hamirpur,"Engineering Physics (4 Years, Bachelor of Technology)",HS,Gender-Neutral,91171.0,3857.0,109119.0,3857.0,111939.0,3857.0,111939.0,3857.0,111939.0,3857.0,114049.0,3857.0,17482.0,,18089.0,,18089.0,,18089.0,,18089.0,,18089.0,,115574.0,,137883.0,,148333.0,,148333.0,,148333.0,,148333.0,,14796.0,,17790.0,,17790.0,,17790.0,,17790.0,,17790.0,,4244.0,,4244.0,,4244.0,,4244.0,,4244.0,,4244.0,
NIT,National Institute of Technology Hamirpur,"Engineering Physics (4 Years, Bachelor of Technology)",OS,Female-only (including Supernumerary),43450.0,,43450.0,,43450.0,,43450.0,,43450.0,,43450.0,,,,,,,,,,,,,,19626.0,,19902.0,,20053.0,,20053.0,,20885.0,,23838.0,,,,,,,,,,,,,,4442.0,,4442.0,,4442.0,,4442.0,,4442.0,,4442.0,
NIT,National Institute of Technology Hamirpur,"Engineering Physics (4 Years, Bachelor of Technology)",OS,Gender-Neutral,30990.0,,33349.0,,33854.0,,33854.0,,33854.0,,40002.0,,5068.0,,5355.0,,5634.0,,5634.0,,5634.0,,6613.0,,12113.0,,12982.0,,12982.0,,12982.0,,12982.0,,13837.0,,6327.0,,6877.0,,7025.0,,7025.0,,7025.0,,7025.0,,2616.0,,2616.0,,2616.0,,2616.0,,2616.0,,2616.0,
NIT,National Institute of Technology Hamirpur,"Materials Science and Engineering (4 Years, Bachelor of Technology)",HS,Female-only (including Supernumerary),123798.0,,125560.0,,125560.0,,125560.0,,125560.0,,139651.0,,,,,,,,,,,,,,145028.0,,145028.0,,145028.0,,145028.0,,145028.0,,145028.0,,12487.0,,12487.0,,12487.0,,12487.0,,12487.0,,12487.0,,,,,,,,,,,,,
NIT,National Institute of Technology Hamirpur,"Materials Science and Engineering (4 Years, Bachelor of Technology)",HS,Gender-Neutral,100081.0,,111935.0,,112496.0,,112687.0,,112687.0,,117169.0,,18089.0,,18206.0,,18206.0,,18206.0,,18206.0,,18206.0,,131347.0,,146850.0,,146850.0,,146850.0,,146850.0,,146850.0,,16900.0,,17180.0,,17180.0,,17180.0,,17180.0,,17180.0,,4410.0,,4677.0,,4677.0,,4677.0,,4677.0,,4677.0,
NIT,National Institute of Technology Hamirpur,"Materials Science and Engineering (4 Years, Bachelor of Technology)",OS,Female-only (including Supernumerary),33671.0,,53403.0,,53403.0,,53403.0,,53403.0,,53403.0,,8129.0,,8129.0,,9201.0,,9201.0,,9714.0,,9761.0,,19066.0,,19700.0,,19700.0,,19700.0,,19700.0,,23516.0,,,,,,,,,,,,,,4495.0,,4892.0,,4892.0,,4892.0,,4892.0,,4892.0,
NIT,National Institute of Technology Hamirpur,"Materials Science and Engineering (4 Years, Bachelor of Technology)",OS,Gender-Neutral,41548.0,2375.0,45407.0,2849.0,45407.0,2849.0,45407.0,2849.0,45579.0,2849.0,47285.0,2849.0,6048.0,,6634.0,,6634.0,,6634.0,,6634.0,,7021.0,,13908.0,,14751.0,,14751.0,,15509.0,,15509.0,,16291.0,,6673.0,,7786.0,,7822.0,,7822.0,,7822.0,,8248.0,,2635.0,,2989.0,,2989.0,,2989.0,,2989.0,,2989.0,
NIT,National Institute of Technology Hamirpur,"Mathematics and Computing (4 Years, Bachelor of Technology)",HS,Female-only (including Supernumerary),45810.0,,51830.0,,51830.0,,51830.0,,51830.0,,51830.0,,,,,,,,,,,,,,86994.0,,106610.0,,106610.0,,106610.0,,106610.0,,106610.0,,,,,,,,,,,,,,4206.0,,6056.0,,6056.0,,6056.0,,6056.0,,6056.0,
NIT,National Institute of Technology Hamirpur,"Mathematics and Computing (4 Years, Bachelor of Technology)",HS,Gender-Neutral,33284.0,,33284.0,,33284.0,,33284.0,,33284.0,,33284.0,,7667.0,,7667.0,,7667.0,,7667.0,,7667.0,,7667.0,,39224.0,,40895.0,,40895.0,,40895.0,,40895.0,,40895.0,,6720.0,,6720.0,,6720.0,,6720.0,,6720.0,,6720.0,,1915.0,,1915.0,,1915.0,,1915.0,,1915.0,,1915.0,
NIT,National Institute of Technology Hamirpur,"Mathematics and Computing (4 Years, Bachelor of Technology)",OS,Female-only (including Supernumerary),23357.0,,24930.0,,24930.0,,24930.0,,24930.0,,26813.0,,4071.0,,4071.0,,4071.0,,4071.0,,4071.0,,4071.0,,10617.0,,10617.0,,10617.0,,10617.0,,10617.0,,10617.0,,5150.0,,5150.0,,5150.0,,5150.0,,5150.0,,5150.0,,,,,,,,,,,,,
NIT,National Institute of Technology Hamirpur,"Mathematics and Computing (4 Years, Bachelor of Technology)",OS,Gender-Neutral,14230.0,664.0,14930.0,664.0,14930.0,664.0,14930.0,664.0,15074.0,664.0,16238.0,664.0,1975.0,,2117.0,,2117.0,,2117.0,,2273.0,,2353.0,,5120.0,443.0,5307.0,443.0,5307.0,443.0,5307.0,443.0,5324.0,443.0,5543.0,443.0,2637.0,,3143.0,,3143.0,,3143.0,,3143.0,,3143.0,,1536.0,,1536.0,,1536.0,,1536.0,,1536.0,,1536.0,
NIT,National Institute of Technology Hamirpur,"Mechanical Engineering (4 Years, Bachelor of Technology)",HS,Female-only (including Supernumerary),117712.0,,132909.0,,132909.0,,132909.0,,132909.0,,132909.0,,21226.0,,21226.0,,21226.0,,21226.0,,21226.0,,21226.0,,171453.0,,240423.0,,255739.0,,255739.0,,255739.0,,255739.0,,12952.0,,16385.0,,16385.0,,16385.0,,16385.0,,16385.0,,4716.0,,5072.0,,5164.0,,5164.0,,5164.0,,5164.0,
NIT,National Institute of Technology Hamirpur,"Mechanical Engineering (4 Years, Bachelor of Technology)",HS,Gender-Neutral,66968.0,2324.0,72419.0,,73552.0,,73552.0,,73552.0,,73871.0,,12679.0,,12679.0,,12679.0,,12679.0,,12679.0,,12679.0,,94161.0,,97791.0,,98149.0,,98149.0,,98149.0,,100089.0,,12678.0,,12678.0,,12678.0,,12678.0,,12678.0,,12678.0,,4045.0,,4059.0,,4059.0,,4059.0,,4059.0,,4059.0,
NIT,National Institute of Technology Hamirpur,"Mechanical Engineering (4 Years, Bachelor of Technology)",OS,Female-only (including Supernumerary),43383.0,3188.0,48920.0,3188.0,49184.0,2972.0,49184.0,2972.0,49602.0,2972.0,52199.0,2972.0,7681.0,,7708.0,,7708.0,,7708.0,,7708.0,,7708.0,,15970.0,,18922.0,,18922.0,,18922.0,,18922.0,,22589.0,,8145.0,,8145.0,,8145.0,,8145.0,,8145.0,,8145.0,,2693.0,,3496.0,,3496.0,,3496.0,,3496.0,,3496.0,
NIT,National Institute of Technology Hamirpur,"Mechanical Engineering (4 Years, Bachelor of Technology)",OS,Gender-Neutral,30851.0,1894.0,32241.0,1929.0,32241.0,2070.0,32241.0,2070.0,32241.0,2070.0,36258.0,2070.0,4528.0,,4917.0,,4917.0,,4955.0,,4955.0,,5634.0,,10132.0,,10706.0,,10821.0,,10821.0,,10821.0,,11328.0,,5475.0,,5936.0,,5936.0,,5936.0,,5936.0,,5975.0,,2071.0,,2079.0,,2124.0,,2124.0,,2124.0,,2306.0,
NIT,"National Institute of Technology Karnataka, Surathkal","Artificial Intelligence (4 Years, Bachelor of Technology)",HS,Female-only (including Supernumerary),7056.0,,8949.0,,8949.0,,8949.0,,8949.0,,10004.0,,,,,,,,,,,,,,3171.0,,4693.0,,4693.0,,4693.0,,4693.0,,4693.0,,,,,,,,,,,,,,453.0,,789.0,,789.0,,789.0,,789.0,,789.0,
NIT,"National Institute of Technology Karnataka, Surathkal","Artificial Intelligence (4 Years, Bachelor of Technology)",HS,Gender-Neutral,3438.0,,3489.0,,3489.0,,3579.0,,3579.0,,3579.0,,549.0,,549.0,,549.0,,549.0,,549.0,,730.0,,2274.0,47.0,2350.0,82.0,2350.0,82.0,2350.0,82.0,2491.0,82.0,2491.0,82.0,909.0,,1216.0,,1216.0,,1216.0,,1499.0,,1499.0,,474.0,,474.0,,474.0,,474.0,,474.0,,474.0,
NIT,"National Institute of Technology Karnataka, Surathkal","Artificial Intelligence (4 Years, Bachelor of Technology)",OS,Female-only (including Supernumerary),3703.0,,3987.0,,3987.0,,3987.0,,3987.0,,3987.0,,1087.0,,1087.0,,1087.0,,1087.0,,1087.0,,1087.0,,1792.0,,1792.0,,1792.0,,1792.0,,1792.0,,2459.0,,784.0,,784.0,,784.0,,784.0,,784.0,,784.0,,,,,,,,,,,,,
NIT,"National Institute of Technology Karnataka, Surathkal","Artificial Intelligence (4 Years, Bachelor of Technology)",OS,Gender-Neutral,2372.0,71.0,2372.0,71.0,2372.0,71.0,2372.0,71.0,2372.0,71.0,2650.0,71.0,309.0,,318.0,,318.0,,318.0,,318.0,,318.0,,723.0,,927.0,,927.0,,927.0,,1017.0,,1017.0,,453.0,,616.0,,616.0,,616.0,,616.0,,684.0,,138.0,,180.0,,180.0,,180.0,,180.0,,180.0,
NIT,"National Institute of Technology Karnataka, Surathkal","Chemical Engineering (4 Years, Bachelor of Technology)",HS,Female-only (including Supernumerary),20212.0,1269.0,24052.0,1425.0,24052.0,1425.0,24052.0,1425.0,24052.0,1425.0,25773.0,1425.0,,,,,,,,,,,,,9493.0,,14957.0,,14957.0,,14957.0,,14957.0,,14957.0,,6868.0,,6868.0,,6868.0,,6868.0,,6868.0,,6868.0,,1496.0,,2262.0,,2262.0,,2262.0,,2262.0,,2722.0,
NIT,"National Institute of Technology Karnataka, Surathkal","Chemical Engineering (4 Years, Bachelor of Technology)",HS,Gender-Neutral,15821.0,,17615.0,,18194.0,,18194.0,,18194.0,,18581.0,,3539.0,,3699.0,,3699.0,,3699.0,,3699.0,,3699.0,,7536.0,,8111.0,,8111.0,,8111.0,,8111.0,,8111.0,,3550.0,,3616.0,,3616.0,,3616.0,,3616.0,,3616.0,,1718.0,,2295.0,,2295.0,,2295.0,,2295.0,,2295.0,
NIT,"National Institute of Technology Karnataka, Surathkal","Chemical Engineering (4 Years, Bachelor of Technology)",OS,Female-only (including Supernumerary),20685.0,,21110.0,,21464.0,,21464.0,,21464.0,,21464.0,,3965.0,,3965.0,,3965.0,,3965.0,,4509.0,,4509.0,,8556.0,,9791.0,,9791.0,,9791.0,,9791.0,,11568.0,,4607.0,,4807.0,,4807.0,,4807.0,,4807.0,,4807.0,,,,,,,,,,,,,
NIT,"National Institute of Technology Karnataka, Surathkal","Chemical Engineering (4 Years, Bachelor of Technology)",OS,Gender-Neutral,12286.0,336.0,12403.0,336.0,12403.0,336.0,12403.0,336.0,12485.0,336.0,13477.0,336.0,2002.0,,2026.0,,2028.0,,2028.0,,2028.0,,2028.0,,5176.0,,5416.0,,5416.0,,5416.0,,5416.0,,5623.0,,2830.0,,2960.0,,2960.0,,2960.0,,2960.0,,3020.0,,1006.0,,1350.0,,1350.0,,1350.0,,1350.0,,1350.0,
NIT,"National Institute of Technology Karnataka, Surathkal","Civil Engineering (4 Years, Bachelor of Technology)",HS,Female-only (including Supernumerary),24186.0,,32895.0,,32895.0,,32895.0,,32895.0,,41388.0,,6951.0,,6951.0,,6951.0,,6951.0,,6951.0,,6951.0,,13506.0,447.0,15737.0,511.0,16382.0,511.0,16382.0,511.0,16382.0,511.0,17691.0,511.0,4800.0,,7751.0,,7751.0,,7751.0,,7751.0,,7751.0,,2596.0,,2596.0,,2596.0,,2622.0,,2622.0,,2622.0,
NIT,"National Institute of Technology Karnataka, Surathkal","Civil Engineering (4 Years, Bachelor of Technology)",HS,Gender-Neutral,22534.0,619.0,25859.0,1128.0,25859.0,1128.0,25859.0,1128.0,25859.0,1128.0,28252.0,1128.0,4203.0,,4436.0,,4436.0,,4436.0,,4436.0,,4918.0,,8757.0,,10287.0,,10830.0,,12888.0,,15171.0,,16873.0,,3719.0,73.0,4582.0,73.0,4586.0,73.0,4586.0,73.0,4586.0,73.0,4586.0,73.0,1778.0,,1854.0,,1854.0,,1854.0,,1854.0,,1854.0,
NIT,"National Institute of Technology Karnataka, Surathkal","Civil Engineering (4 Years, Bachelor of Technology)",OS,Female-only (including Supernumerary),31371.0,,34014.0,,34014.0,,34014.0,,34014.0,,34014.0,,5254.0,,5254.0,,5407.0,,5407.0,,5416.0,,5416.0,,11801.0,,13140.0,,14118.0,,14143.0,,14143.0,,14700.0,,4832.0,,6457.0,,6457.0,,6457.0,,6457.0,,6457.0,,1095.0,,1222.0,,1222.0,,1222.0,,1222.0,,1222.0,
NIT,"National Institute of Technology Karnataka, Surathkal","Civil Engineering (4 Years, Bachelor of Technology)",OS,Gender-Neutral,19255.0,776.0,20584.0,776.0,20584.0,776.0,20584.0,776.0,21147.0,776.0,22901.0,776.0,2810.0,133.0,3259.0,133.0,3259.0,133.0,3259.0,133.0,3259.0,133.0,3299.0,133.0,6463.0,368.0,7363.0,368.0,7363.0,368.0,7363.0,368.0,7408.0,368.0,7577.0,368.0,3123.0,,3335.0,,3504.0,,3504.0,,3504.0,,3900.0,,743.0,,859.0,,859.0,,859.0,,859.0,,859.0,
NIT,"National Institute of Technology Karnataka, Surathkal","Computational and Data Science (4 Years, Bachelor of Technology)",HS,Female-only (including Supernumerary),6453.0,,6453.0,,6453.0,,6453.0,,6453.0,,6453.0,,,,,,,,,,,,,,5518.0,,7041.0,,7041.0,,7041.0,,7041.0,,7041.0,,3537.0,,3655.0,,3655.0,,3655.0,,3655.0,,3655.0,,,,,,,,,,,,,
NIT,"National Institute of Technology Karnataka, Surathkal","Computational and Data Science (4 Years, Bachelor of Technology)",HS,Gender-Neutral,4342.0,75.0,4805.0,75.0,4805.0,75.0,4805.0,75.0,4805.0,75.0,4805.0,75.0,1073.0,,1073.0,,1073.0,,1073.0,,1073.0,,1073.0,,3286.0,,3627.0,,3627.0,,3627.0,,3627.0,,3726.0,,1514.0,,1551.0,,1551.0,,1551.0,,1570.0,,1570.0,,523.0,,523.0,,523.0,,523.0,,523.0,,523.0,
NIT,"National Institute of Technology Karnataka, Surathkal","Computational and Data Science (4 Years, Bachelor of Technology)",OS,Female-only (including Supernumerary),3987.0,,5131.0,,5131.0,,5131.0,,5131.0,,5131.0,,793.0,,1373.0,,1373.0,,1373.0,,1373.0,,1373.0,,2459.0,,2459.0,,2459.0,,2459.0,,2459.0,,3151.0,,,,,,,,,,,,,,,,,,,,,,,,,
NIT,"National Institute of Technology Karnataka, Surathkal","Computational and Data Science (4 Years, Bachelor of Technology)",OS,Gender-Neutral,3192.0,,3210.0,,3286.0,,3286.0,,3286.0,,3471.0,,415.0,,415.0,,415.0,,415.0,,415.0,,415.0,,1273.0,,1452.0,,1452.0,,1452.0,,1452.0,,1452.0,,726.0,,726.0,,726.0,,726.0,,726.0,,726.0,,267.0,,267.0,,267.0,,267.0,,267.0,,267.0,
NIT,"National Institute of Technology Karnataka, Surathkal","Computer Science and Engineering (4 Years, Bachelor of Technology)",HS,Female-only (including Supernumerary),3567.0,,3567.0,,3567.0,,3567.0,,3567.0,,5752.0,,1214.0,,1214.0,,1214.0,,1214.0,,1214.0,,1214.0,,2665.0,223.0,3457.0,376.0,3457.0,376.0,3457.0,376.0,3457.0,376.0,3457.0,376.0,497.0,,1101.0,,1101.0,,1101.0,,1101.0,,1101.0,,44.0,,44.0,,44.0,,44.0,,44.0,,44.0,
NIT,"National Institute of Technology Karnataka, Surathkal","Computer Science and Engineering (4 Years, Bachelor of Technology)",HS,Gender-Neutral,2726.0,56.0,2726.0,56.0,2726.0,56.0,2726.0,56.0,2726.0,56.0,2800.0,56.0,397.0,64.0,397.0,64.0,397.0,64.0,397.0,64.0,397.0,64.0,549.0,64.0,1761.0,,1934.0,,1934.0,,1934.0,,2251.0,,2251.0,,731.0,6.0,917.0,6.0,917.0,6.0,917.0,6.0,917.0,6.0,917.0,6.0,354.0,,478.0,,478.0,,478.0,,478.0,,500.0,
NIT,"National Institute of Technology Karnataka, Surathkal","Computer Science and Engineering (4 Years, Bachelor of Technology)",OS,Female-only (including Supernumerary),3531.0,86.0,3863.0,86.0,3863.0,86.0,3863.0,86.0,3986.0,86.0,3986.0,86.0,631.0,,631.0,,631.0,,631.0,,631.0,,631.0,,1723.0,,1723.0,,1723.0,,1723.0,,1723.0,,1792.0,,618.0,,618.0,,618.0,,618.0,,618.0,,665.0,,293.0,,293.0,,293.0,,293.0,,293.0,,293.0,
NIT,"National Institute of Technology Karnataka, Surathkal","Computer Science and Engineering (4 Years, Bachelor of Technology)",OS,Gender-Neutral,1528.0,,1546.0,,1563.0,,1607.0,,1607.0,,1827.0,,287.0,,309.0,,311.0,,311.0,,311.0,,316.0,,495.0,24.0,568.0,24.0,568.0,24.0,568.0,24.0,568.0,24.0,577.0,24.0,322.0,,364.0,,364.0,,364.0,,364.0,,364.0,,124.0,,138.0,,138.0,,138.0,,138.0,,138.0,
NIT,"National Institute of Technology Karnataka, Surathkal","Electrical and Electronics Engineering (4 Years, Bachelor of Technology)",HS,Female-only (including Supernumerary),11998.0,,11998.0,,11998.0,,11998.0,,11998.0,,13968.0,,3713.0,,3713.0,,3713.0,,3713.0,,3713.0,,3713.0,,6139.0,,7884.0,,7884.0,,7884.0,,7884.0,,7884.0,,4107.0,,5086.0,,5086.0,,5086.0,,5086.0,,5086.0,,922.0,,1152.0,,1152.0,,1152.0,,1152.0,,1152.0,
NIT,"National Institute of Technology Karnataka, Surathkal","Electrical and Electronics Engineering (4 Years, Bachelor of Technology)",HS,Gender-Neutral,6674.0,150.0,6674.0,466.0,6674.0,466.0,6674.0,466.0,6904.0,466.0,7493.0,466.0,1937.0,,2038.0,,2038.0,,2038.0,,2038.0,,2113.0,,4210.0,82.0,4557.0,739.0,4557.0,739.0,4557.0,739.0,4633.0,739.0,4664.0,739.0,2326.0,,2336.0,,2336.0,,2336.0,,2336.0,,2336.0,,782.0,,847.0,,864.0,,864.0,,864.0,,1312.0,
NIT,"National Institute of Technology Karnataka, Surathkal","Electrical and Electronics Engineering (4 Years, Bachelor of Technology)",OS,Female-only (including Supernumerary),9026.0,658.0,10511.0,658.0,10511.0,658.0,10511.0,658.0,10511.0,658.0,11234.0,658.0,1991.0,,1991.0,,1991.0,,1991.0,,1991.0,,2194.0,,5773.0,,5773.0,,5773.0,,5773.0,,5773.0,,5773.0,,2806.0,,2806.0,,2806.0,,2806.0,,2806.0,,2806.0,,1030.0,,1030.0,,1030.0,,1030.0,,1030.0,,1030.0,
NIT,"National Institute of Technology Karnataka, Surathkal","Electrical and Electronics Engineering (4 Years, Bachelor of Technology)",OS,Gender-Neutral,5728.0,,5918.0,,6026.0,,6026.0,,6026.0,,6872.0,,1158.0,,1165.0,,1165.0,,1165.0,,1165.0,,1165.0,,2372.0,100.0,2444.0,100.0,2454.0,100.0,2454.0,100.0,2454.0,100.0,2498.0,100.0,1207.0,48.0,1448.0,48.0,1448.0,48.0,1448.0,48.0,1461.0,48.0,1573.0,48.0,597.0,41.0,608.0,41.0,608.0,41.0,608.0,41.0,611.0,41.0,611.0,41.0
NIT,"National Institute of Technology Karnataka, Surathkal","Electronics and Communication Engineering (4 Years, Bachelor of Technology)",HS,Female-only (including Supernumerary),7027.0,441.0,7027.0,441.0,7027.0,441.0,7027.0,441.0,7027.0,441.0,9286.0,441.0,2891.0,,2891.0,,2891.0,,2891.0,,2891.0,,2891.0,,4943.0,,5742.0,,5742.0,,5742.0,,5742.0,,5742.0,,1904.0,,3537.0,,3537.0,,3537.0,,3537.0,,3714.0,,141.0,,141.0,,141.0,,141.0,,1058.0,,1058.0,
NIT,"National Institute of Technology Karnataka, Surathkal","Electronics and Communication Engineering (4 Years, Bachelor of Technology)",HS,Gender-Neutral,5327.0,,5345.0,,5345.0,,5349.0,,5349.0,,5573.0,,1384.0,88.0,1521.0,88.0,1521.0,88.0,1521.0,88.0,1521.0,88.0,1668.0,88.0,3623.0,111.0,3794.0,111.0,3794.0,111.0,3794.0,111.0,3853.0,111.0,3862.0,111.0,1551.0,,1841.0,,1841.0,,1841.0,,1868.0,,1868.0,,478.0,47.0,649.0,,673.0,,673.0,,673.0,,673.0,
NIT,"National Institute of Technology Karnataka, Surathkal","Electronics and Communication Engineering (4 Years, Bachelor of Technology)",OS,Female-only (including Supernumerary),6178.0,331.0,6798.0,331.0,6798.0,331.0,6798.0,331.0,6798.0,331.0,7008.0,331.0,1368.0,,1368.0,,1368.0,,1368.0,,1368.0,,1477.0,,3589.0,,3589.0,,3589.0,,3589.0,,3589.0,,3589.0,,1449.0,,1449.0,,1449.0,,1449.0,,1449.0,,1503.0,,504.0,,554.0,,554.0,,554.0,,554.0,,554.0,
NIT,"National Institute of Technology Karnataka, Surathkal","Electronics and Communication Engineering (4 Years, Bachelor of Technology)",OS,Gender-Neutral,3934.0,,4125.0,,4158.0,,4158.0,,4158.0,,4347.0,,599.0,,599.0,,599.0,,599.0,,615.0,,669.0,,1687.0,,1772.0,,1772.0,,1772.0,,1772.0,,1795.0,,808.0,18.0,888.0,18.0,888.0,18.0,888.0,18.0,888.0,18.0,888.0,18.0,459.0,,459.0,,459.0,,459.0,,459.0,,459.0,
NIT,"National Institute of Technology Karnataka, Surathkal","Information Technology (4 Years, Bachelor of Technology)",HS,Female-only (including Supernumerary),6323.0,,6323.0,,6323.0,,6323.0,,6323.0,,7056.0,,2701.0,,2701.0,,2701.0,,2701.0,,2701.0,,2701.0,,5078.0,376.0,5786.0,832.0,5786.0,1061.0,5786.0,1632.0,5786.0,1632.0,5786.0,1632.0,2799.0,,2799.0,,2799.0,,2799.0,,2799.0,,2799.0,,480.0,,500.0,,500.0,,500.0,,500.0,,2262.0,
NIT,"National Institute of Technology Karnataka, Surathkal","Information Technology (4 Years, Bachelor of Technology)",HS,Gender-Neutral,4086.0,132.0,4086.0,132.0,4086.0,132.0,4086.0,132.0,4086.0,132.0,4086.0,132.0,819.0,,819.0,,819.0,,819.0,,819.0,,1521.0,,3057.0,,3286.0,,3286.0,,3286.0,,3286.0,,3286.0,,1417.0,,1499.0,,1499.0,,1499.0,,1514.0,,1514.0,,500.0,,532.0,,532.0,,532.0,,532.0,,532.0,
NIT,"National Institute of Technology Karnataka, Surathkal","Information Technology (4 Years, Bachelor of Technology)",OS,Female-only (including Supernumerary),5106.0,,6005.0,,6005.0,,6005.0,,6537.0,,6735.0,,1350.0,,1350.0,,1350.0,,1350.0,,1350.0,,1350.0,,2950.0,,2950.0,,2950.0,,2950.0,,2950.0,,2950.0,,1395.0,,1395.0,,1395.0,,1395.0,,1395.0,,1395.0,,,,,,,,,,,,,
NIT,"National Institute of Technology Karnataka, Surathkal","Information Technology (4 Years, Bachelor of Technology)",OS,Gender-Neutral,2787.0,112.0,2966.0,112.0,2966.0,112.0,2980.0,112.0,2980.0,112.0,3160.0,112.0,372.0,,389.0,,389.0,,389.0,,389.0,,404.0,,1142.0,,1198.0,,1198.0,,1198.0,,1198.0,,1198.0,,571.0,25.0,571.0,25.0,571.0,25.0,571.0,25.0,571.0,25.0,571.0,78.0,292.0,30.0,292.0,30.0,292.0,30.0,292.0,30.0,292.0,30.0,292.0,30.0
NIT,"National Institute of Technology Karnataka, Surathkal","Mechanical Engineering (4 Years, Bachelor of Technology)",HS,Female-only (including Supernumerary),22672.0,,22672.0,,22672.0,,22672.0,,22672.0,,24186.0,,8621.0,,8822.0,,8822.0,,8822.0,,8822.0,,8822.0,,11507.0,,13849.0,,13849.0,,13849.0,,13849.0,,13849.0,,5086.0,,6912.0,,6912.0,,6912.0,,6912.0,,6912.0,,789.0,,1312.0,,1312.0,,1312.0,,1312.0,,4225.0,
NIT,"National Institute of Technology Karnataka, Surathkal","Mechanical Engineering (4 Years, Bachelor of Technology)",HS,Gender-Neutral,11166.0,466.0,11666.0,619.0,11806.0,619.0,11806.0,661.0,11825.0,661.0,12126.0,661.0,2339.0,227.0,2344.0,227.0,2344.0,227.0,2344.0,227.0,2344.0,227.0,2477.0,227.0,6091.0,260.0,6786.0,590.0,6786.0,590.0,6786.0,590.0,6786.0,590.0,6813.0,590.0,3065.0,137.0,3436.0,137.0,3436.0,137.0,3436.0,137.0,3436.0,137.0,3436.0,137.0,1312.0,,1718.0,,1718.0,,1718.0,,1718.0,,1718.0,
NIT,"National Institute of Technology Karnataka, Surathkal","Mechanical Engineering (4 Years, Bachelor of Technology)",OS,Female-only (including Supernumerary),19997.0,296.0,19997.0,296.0,19997.0,296.0,19997.0,296.0,20174.0,296.0,20174.0,296.0,3624.0,,3624.0,,3624.0,,3624.0,,3624.0,,3778.0,,8703.0,,9529.0,,9529.0,,9529.0,,9529.0,,9529.0,,4031.0,,4607.0,,4607.0,,4607.0,,4607.0,,4738.0,,1793.0,,2016.0,,2016.0,,2016.0,,2016.0,,2016.0,
NIT,"National Institute of Technology Karnataka, Surathkal","Mechanical Engineering (4 Years, Bachelor of Technology)",OS,Gender-Neutral,10057.0,606.0,10384.0,611.0,10454.0,611.0,10462.0,611.0,10478.0,611.0,11950.0,611.0,1949.0,,1984.0,,1988.0,,1988.0,,1988.0,,2023.0,,4022.0,257.0,4441.0,257.0,4460.0,257.0,4460.0,257.0,4460.0,257.0,4559.0,257.0,2175.0,156.0,2378.0,156.0,2378.0,156.0,2378.0,156.0,2378.0,156.0,2378.0,156.0,838.0,,838.0,,838.0,,838.0,,866.0,,866.0,
NIT,"National Institute of Technology Karnataka, Surathkal","Metallurgical and Materials Engineering (4 Years, Bachelor of Technology)",HS,Female-only (including Supernumerary),29117.0,,36630.0,,36630.0,,36630.0,,36630.0,,39535.0,,,,,,,,,,,,,,13849.0,,16382.0,,19503.0,,19503.0,,19503.0,,19503.0,,5545.0,,6300.0,,6300.0,,6300.0,,6300.0,,6300.0,,2231.0,,2622.0,,2622.0,,5573.0,,5573.0,,5573.0,
NIT,"National Institute of Technology Karnataka, Surathkal","Metallurgical and Materials Engineering (4 Years, Bachelor of Technology)",HS,Gender-Neutral,21243.0,954.0,21243.0,1112.0,21430.0,1112.0,21430.0,1112.0,21430.0,1112.0,24264.0,1112.0,4426.0,,4426.0,,4426.0,,4426.0,,4426.0,,4936.0,,12438.0,,14368.0,,14814.0,,14814.0,,14814.0,,14814.0,,5098.0,,6172.0,,6172.0,,6172.0,,6172.0,,6172.0,,1498.0,,1864.0,,1864.0,,1864.0,,1864.0,,1864.0,
NIT,"National Institute of Technology Karnataka, Surathkal","Metallurgical and Materials Engineering (4 Years, Bachelor of Technology)",OS,Female-only (including Supernumerary),29213.0,,29213.0,,29213.0,,29213.0,,29213.0,,29213.0,,5981.0,,5981.0,,5981.0,,5981.0,,5981.0,,5981.0,,10704.0,,11779.0,,11779.0,,11779.0,,11779.0,,14142.0,,5455.0,,6831.0,,6831.0,,6831.0,,6831.0,,6831.0,,,,,,,,,,,,,
NIT,"National Institute of Technology Karnataka, Surathkal","Metallurgical and Materials Engineering (4 Years, Bachelor of Technology)",OS,Gender-Neutral,20021.0,962.0,20460.0,962.0,20460.0,962.0,20460.0,962.0,20460.0,962.0,22965.0,1241.0,3320.0,,3320.0,,3320.0,,3320.0,,3320.0,,3825.0,,7718.0,496.0,8272.0,496.0,8272.0,496.0,8272.0,496.0,8272.0,496.0,8374.0,531.0,4150.0,,4150.0,,4150.0,,4150.0,,4332.0,,4793.0,,1684.0,,1809.0,,1809.0,,1809.0,,1809.0,,1809.0,
NIT,"National Institute of Technology Karnataka, Surathkal","Mining Engineering (4 Years, Bachelor of Technology)",HS,Female-only (including Supernumerary),40373.0,,41970.0,,41970.0,,41970.0,,41970.0,,46883.0,,,,,,,,,,,,,,16382.0,,17301.0,,20007.0,,20007.0,,20007.0,,20007.0,,6300.0,,7862.0,,7862.0,,7862.0,,7862.0,,7862.0,,2622.0,,4902.0,,4902.0,,4902.0,,4902.0,,4902.0,
NIT,"National Institute of Technology Karnataka, Surathkal","Mining Engineering (4 Years, Bachelor of Technology)",HS,Gender-Neutral,27975.0,,35666.0,,35787.0,,35787.0,,35787.0,,39455.0,,4918.0,,5689.0,,7117.0,,7508.0,,8086.0,,8248.0,,13210.0,,16125.0,,17002.0,,17270.0,,17270.0,,17790.0,,6248.0,,6608.0,,6608.0,,6608.0,,6608.0,,6608.0,,1965.0,,1965.0,,1965.0,,1965.0,,1965.0,,1965.0,
NIT,"National Institute of Technology Karnataka, Surathkal","Mining Engineering (4 Years, Bachelor of Technology)",OS,Female-only (including Supernumerary),41075.0,,41419.0,,41419.0,,41419.0,,41441.0,,50279.0,,6172.0,,6327.0,,6327.0,,6327.0,,6327.0,,7688.0,,12771.0,,14389.0,,14389.0,,14389.0,,14389.0,,15430.0,,7120.0,,7884.0,,7884.0,,7884.0,,7884.0,,7884.0,,,,,,,,,,,,,
NIT,"National Institute of Technology Karnataka, Surathkal","Mining Engineering (4 Years, Bachelor of Technology)",OS,Gender-Neutral,25160.0,,26762.0,,26762.0,,26762.0,,26762.0,,28750.0,,3904.0,,3904.0,,3904.0,,3904.0,,3904.0,,4365.0,,8994.0,,9552.0,,9552.0,,9552.0,,9582.0,,9875.0,,4924.0,,5071.0,,5071.0,,5071.0,,5071.0,,5071.0,,1350.0,,2020.0,,2020.0,,2020.0,,2020.0,,2020.0,
NIT,National Institute of Technology Meghalaya,"Civil Engineering (4 Years, Bachelor of Technology)",HS,Female-only (including Supernumerary),259481.0,,259481.0,,259481.0,,259481.0,,259481.0,,259481.0,,,,,,,,,,,,,,,,,,,,,,,,,,,,,,,,,,,,,,6678.0,,6678.0,,6678.0,,6678.0,,6678.0,,6678.0,
NIT,National Institute of Technology Meghalaya,"Civil Engineering (4 Years, Bachelor of Technology)",HS,Gender-Neutral,146176.0,,318381.0,,318381.0,,318381.0,,318381.0,,318381.0,,,,,,,,,,,,,,,,,,,,,,,,,,,,,,,,,,,,,,7979.0,106.0,11453.0,,11797.0,,11797.0,,11797.0,,11797.0,
NIT,National Institute of Technology Meghalaya,"Civil Engineering (4 Years, Bachelor of Technology)",OS,Female-only (including Supernumerary),53076.0,,64296.0,,67842.0,,67842.0,,67842.0,,69745.0,,,,,,,,,,,,,,21724.0,,23870.0,,24006.0,,24475.0,,24730.0,,26785.0,,,,,,,,,,,,,,,,,,,,,,,,,
NIT,National Institute of Technology Meghalaya,"Civil Engineering (4 Years, Bachelor of Technology)",OS,Gender-Neutral,44560.0,,48255.0,,48977.0,,48977.0,,48977.0,,52450.0,,6889.0,,7106.0,,7106.0,,7106.0,,7106.0,,7879.0,,14765.0,,16061.0,,16061.0,,16061.0,,16061.0,,16261.0,,6462.0,,7283.0,,7283.0,,7283.0,,7283.0,,8012.0,,1960.0,,2962.0,,2962.0,,2962.0,,2962.0,,2962.0,
NIT,National Institute of Technology Meghalaya,"Computer Science and Engineering (4 Years, Bachelor of Technology)",HS,Female-only (including Supernumerary),59005.0,,128954.0,,128954.0,,128954.0,,128954.0,,128954.0,,,,,,,,,,,,,,,,,,,,,,,,,,,,,,,,,,,,,,1762.0,,3546.0,,3546.0,,3546.0,,3546.0,,3546.0,
NIT,National Institute of Technology Meghalaya,"Computer Science and Engineering (4 Years, Bachelor of Technology)",HS,Gender-Neutral,59949.0,,59949.0,,59949.0,,59949.0,,59949.0,,59949.0,,16829.0,,61100.0,,,,,,,,,,,,,,,,,,,,,,40375.0,,40375.0,,40375.0,,40375.0,,40375.0,,40375.0,,5413.0,,6542.0,,6940.0,,6940.0,,6940.0,,6940.0,
NIT,National Institute of Technology Meghalaya,"Computer Science and Engineering (4 Years, Bachelor of Technology)",OS,Female-only (including Supernumerary),31763.0,,37667.0,,37667.0,,37667.0,,37667.0,,37667.0,,,,,,,,,,,,,,10781.0,,10781.0,,10781.0,,10781.0,,10781.0,,10781.0,,5169.0,,5753.0,,5753.0,,5753.0,,5753.0,,8595.0,,,,,,,,,,,,,
NIT,National Institute of Technology Meghalaya,"Computer Science and Engineering (4 Years, Bachelor of Technology)",OS,Gender-Neutral,19623.0,,22102.0,,22131.0,,22131.0,,22131.0,,24074.0,,3119.0,157.0,3119.0,164.0,3120.0,164.0,3120.0,164.0,3120.0,164.0,3574.0,164.0,6270.0,,6921.0,,6921.0,,6921.0,,6921.0,,7313.0,,2616.0,,2870.0,,2870.0,,2870.0,,2870.0,,2870.0,,1297.0,,1297.0,,1297.0,,1297.0,,1297.0,,1506.0,
NIT,National Institute of Technology Meghalaya,"Electrical and Electronics Engineering (4 Years, Bachelor of Technology)",HS,Female-only (including Supernumerary),238430.0,,247266.0,,247266.0,,247266.0,,247266.0,,247266.0,,,,,,,,,,,,,,,,,,,,,,,,,,,,,,,,,,,,,,7277.0,,11959.0,,11959.0,,11959.0,,11959.0,,11959.0,
NIT,National Institute of Technology Meghalaya,"Electrical and Electronics Engineering (4 Years, Bachelor of Technology)",HS,Gender-Neutral,146012.0,,146012.0,,146012.0,,146012.0,,146012.0,,146012.0,,,,,,,,,,,,,,,,,,,,,,,,,,43408.0,,53040.0,,53040.0,,53040.0,,53040.0,,53040.0,,11959.0,,16164.0,,16568.0,,16961.0,,16961.0,,16961.0,
NIT,National Institute of Technology Meghalaya,"Electrical and Electronics Engineering (4 Years, Bachelor of Technology)",OS,Female-only (including Supernumerary),35192.0,,45708.0,,54339.0,,54339.0,,54339.0,,54339.0,,,,,,,,,,,,,,18680.0,,20885.0,,20885.0,,20885.0,,21224.0,,21224.0,,,,,,,,,,,,,,4013.0,,4311.0,,4718.0,,4718.0,,4718.0,,4718.0,
NIT,National Institute of Technology Meghalaya,"Electrical and Electronics Engineering (4 Years, Bachelor of Technology)",OS,Gender-Neutral,35333.0,,37248.0,,37416.0,,37416.0,,38352.0,,43231.0,,5315.0,,5852.0,,5852.0,,5852.0,,5892.0,,6614.0,,11494.0,1033.0,12571.0,1665.0,12571.0,1665.0,12571.0,1665.0,12571.0,1665.0,13601.0,1665.0,5950.0,,6719.0,,6719.0,,6955.0,,6955.0,,6956.0,,,,,,,,,,,,,
NIT,National Institute of Technology Meghalaya,"Electronics and Communication Engineering (4 Years, Bachelor of Technology)",HS,Female-only (including Supernumerary),128954.0,,238430.0,,238430.0,,238430.0,,238430.0,,238430.0,,,,,,,,,,,,,,,,,,,,,,,,,,,,,,,,,,,,,,8609.0,,14800.0,,17443.0,,17666.0,,19325.0,,19325.0,
NIT,National Institute of Technology Meghalaya,"Electronics and Communication Engineering (4 Years, Bachelor of Technology)",HS,Gender-Neutral,96527.0,,146176.0,,146176.0,,146176.0,,146176.0,,146176.0,,93208.0,,,,,,,,,,,,,,,,,,,,,,,,,,,,,,,,,,,,9838.0,114.0,10469.0,,10469.0,,10469.0,,10469.0,,10469.0,
NIT,National Institute of Technology Meghalaya,"Electronics and Communication Engineering (4 Years, Bachelor of Technology)",OS,Female-only (including Supernumerary),38606.0,,46464.0,,46464.0,,46464.0,,46464.0,,50606.0,,7087.0,,7087.0,,7087.0,,7087.0,,7087.0,,8256.0,,13482.0,,18885.0,,18885.0,,18885.0,,18885.0,,21054.0,,8703.0,,9700.0,,9700.0,,9700.0,,9700.0,,9700.0,,,,,,,,,,,,,
NIT,National Institute of Technology Meghalaya,"Electronics and Communication Engineering (4 Years, Bachelor of Technology)",OS,Gender-Neutral,27344.0,1354.0,29560.0,1354.0,30444.0,1354.0,30444.0,1354.0,30444.0,1354.0,31476.0,1354.0,4041.0,,4338.0,,4338.0,,4338.0,,4338.0,,4413.0,,9282.0,,9594.0,,9594.0,,9594.0,,9594.0,,9594.0,,4505.0,,4505.0,,4505.0,,4505.0,,4505.0,,4505.0,,1705.0,,1826.0,,1826.0,,1826.0,,1826.0,,2148.0,
NIT,National Institute of Technology Meghalaya,"Mechanical Engineering (4 Years, Bachelor of Technology)",HS,Female-only (including Supernumerary),247266.0,,386331.0,,657703.0,,657703.0,,657703.0,,657703.0,,,,,,,,,,,,,,,,,,,,,,,,,,,,,,,,,,,,,,13447.0,,17665.0,,20548.0,,20593.0,,25213.0,,31286.0,
NIT,National Institute of Technology Meghalaya,"Mechanical Engineering (4 Years, Bachelor of Technology)",HS,Gender-Neutral,136427.0,,136427.0,,136427.0,,136427.0,,136427.0,,136427.0,,,,,,,,,,,,,,,,,,,,,,,,,,53040.0,,57130.0,,68841.0,,,,,,,,13487.0,,16568.0,,16977.0,,18434.0,,19007.0,,19007.0,
NIT,National Institute of Technology Meghalaya,"Mechanical Engineering (4 Years, Bachelor of Technology)",OS,Female-only (including Supernumerary),52980.0,,52980.0,,52980.0,,52980.0,,52980.0,,58621.0,,,,,,,,,,,,,,19902.0,,21724.0,,23870.0,,23870.0,,23870.0,,24494.0,,10039.0,,10749.0,,10749.0,,10749.0,,10749.0,,10749.0,,,,,,,,,,,,,
NIT,National Institute of Technology Meghalaya,"Mechanical Engineering (4 Years, Bachelor of Technology)",OS,Gender-Neutral,41076.0,,44254.0,,45422.0,,45422.0,,45422.0,,47505.0,,6344.0,,6791.0,,6791.0,,6791.0,,6791.0,,7146.0,,12047.0,,14433.0,,14453.0,,14453.0,,14453.0,,14453.0,,6881.0,,7268.0,,7268.0,,7268.0,,7268.0,,7268.0,,2380.0,,3073.0,,3073.0,,3073.0,,3073.0,,3073.0,
NIT,National Institute of Technology Nagaland,"Civil Engineering (4 Years, Bachelor of Technology)",HS,Female-only (including Supernumerary),,,,,,,,,,,,,,,,,,,,,,,,,,,,,,,,,,,,,,,,,,,,,,,,,5333.0,,5451.0,,5451.0,,5451.0,,5451.0,,5451.0,
NIT,National Institute of Technology Nagaland,"Civil Engineering (4 Years, Bachelor of Technology)",HS,Gender-Neutral,,,,,,,,,,,,,,,,,,,,,,,,,,,,,,,,,,,,,,,,,,,,,,,,,7382.0,,9363.0,,10162.0,,10162.0,,10162.0,,10162.0,
NIT,National Institute of Technology Nagaland,"Civil Engineering (4 Years, Bachelor of Technology)",OS,Female-only (including Supernumerary),53803.0,,64218.0,,67554.0,,72183.0,,72284.0,,73722.0,,9628.0,,10103.0,,10103.0,,10753.0,,10825.0,,11032.0,,22970.0,,24256.0,,24730.0,,24730.0,,26177.0,,26759.0,,10749.0,,11360.0,,11360.0,,11593.0,,11623.0,,11674.0,,,,,,,,,,,,,
NIT,National Institute of Technology Nagaland,"Civil Engineering (4 Years, Bachelor of Technology)",OS,Gender-Neutral,52097.0,,55714.0,,57319.0,,57538.0,,57688.0,,60689.0,,7398.0,,8033.0,,8379.0,,8379.0,,8379.0,,8748.0,,15994.0,,17754.0,,17971.0,,17971.0,,17971.0,,19441.0,,7954.0,,8596.0,,8714.0,,8714.0,,8810.0,,9642.0,,,,,,,,,,,,,
NIT,National Institute of Technology Nagaland,"Computer Science and Engineering (4 Years, Bachelor of Technology)",HS,Female-only (including Supernumerary),,,,,,,,,,,,,,,,,,,,,,,,,,,,,,,,,,,,,,,,,,,,,,,,,9771.0,,15006.0,,15006.0,,15006.0,,15006.0,,15006.0,
NIT,National Institute of Technology Nagaland,"Computer Science and Engineering (4 Years, Bachelor of Technology)",HS,Gender-Neutral,,,,,,,,,,,,,,,,,,,,,,,,,,,,,,,,,,,,,,,,,,,,,,,,,7981.0,,9732.0,,10899.0,,11799.0,,11799.0,,11799.0,
NIT,National Institute of Technology Nagaland,"Computer Science and Engineering (4 Years, Bachelor of Technology)",OS,Female-only (including Supernumerary),44210.0,2394.0,50687.0,2394.0,51368.0,2394.0,51368.0,2394.0,52051.0,2394.0,52051.0,2394.0,,,,,,,,,,,,,15259.0,,15455.0,,15455.0,,15455.0,,15455.0,,18885.0,,,,,,,,,,,,,,,,,,,,,,,,,
NIT,National Institute of Technology Nagaland,"Computer Science and Engineering (4 Years, Bachelor of Technology)",OS,Gender-Neutral,32418.0,,36109.0,,36109.0,,36109.0,,36193.0,,39594.0,,4946.0,276.0,5172.0,276.0,5172.0,276.0,5172.0,276.0,5478.0,276.0,5753.0,276.0,10142.0,,11395.0,,11395.0,,11395.0,,11618.0,,12177.0,,4187.0,209.0,5307.0,209.0,5307.0,209.0,5307.0,209.0,5307.0,209.0,5503.0,209.0,,,,,,,,,,,,
NIT,National Institute of Technology Nagaland,"Electrical and Electronics Engineering (4 Years, Bachelor of Technology)",HS,Female-only (including Supernumerary),,,,,,,,,,,,,,,,,,,,,,,,,,,,,,,,,,,,,,,,,,,,,,,,,13693.0,,13693.0,,13693.0,,13693.0,,13693.0,,13693.0,
NIT,National Institute of Technology Nagaland,"Electrical and Electronics Engineering (4 Years, Bachelor of Technology)",HS,Gender-Neutral,,,,,,,,,,,,,,,,,,,,,,,,,,,,,,,,,,,,,,,,,,,,,,,,,13869.0,,14985.0,,15444.0,,15444.0,,15444.0,,15444.0,
NIT,National Institute of Technology Nagaland,"Electrical and Electronics Engineering (4 Years, Bachelor of Technology)",OS,Female-only (including Supernumerary),57613.0,,57613.0,,57613.0,,57613.0,,57613.0,,59372.0,,,,,,,,,,,,,,20876.0,,21636.0,,21932.0,,22698.0,,22698.0,,23704.0,,9410.0,,9410.0,,9410.0,,9410.0,,9410.0,,10222.0,,,,,,,,,,,,,
NIT,National Institute of Technology Nagaland,"Electrical and Electronics Engineering (4 Years, Bachelor of Technology)",OS,Gender-Neutral,42864.0,,46982.0,,48612.0,,48987.0,,48987.0,,50145.0,,7015.0,,7019.0,,7036.0,,7036.0,,7036.0,,7266.0,,14024.0,,15226.0,,15826.0,,15849.0,,15849.0,,16006.0,,6427.0,,7795.0,,8071.0,,8071.0,,8071.0,,8071.0,,,,,,,,,,,,,
NIT,National Institute of Technology Nagaland,"Electronics and Communication Engineering (4 Years, Bachelor of Technology)",HS,Female-only (including Supernumerary),,,,,,,,,,,,,,,,,,,,,,,,,,,,,,,,,,,,,,,,,,,,,,,,,15792.0,,32515.0,,32515.0,,32515.0,,32515.0,,32515.0,
NIT,National Institute of Technology Nagaland,"Electronics and Communication Engineering (4 Years, Bachelor of Technology)",HS,Gender-Neutral,,,,,,,,,,,,,,,,,,,,,,,,,,,,,,,,,,,,,,,,,,,,,,,,,15969.0,,19853.0,,30582.0,,17916.0,,17916.0,,17916.0,
NIT,National Institute of Technology Nagaland,"Electronics and Communication Engineering (4 Years, Bachelor of Technology)",OS,Female-only (including Supernumerary),48757.0,4163.0,52260.0,4163.0,52260.0,4163.0,52260.0,4163.0,55159.0,,55159.0,,,,,,,,,,,,,,18885.0,,20379.0,,20379.0,,20379.0,,20379.0,,22404.0,,,,,,,,,,,,,,,,,,,,,,,,,
NIT,National Institute of Technology Nagaland,"Electronics and Communication Engineering (4 Years, Bachelor of Technology)",OS,Gender-Neutral,38323.0,,42864.0,,42905.0,,42905.0,,42905.0,,44158.0,,5741.0,,6287.0,,6331.0,,6331.0,,6570.0,,6927.0,,12174.0,,12893.0,,13078.0,,13078.0,,13338.0,,13901.0,,5791.0,,7241.0,,7411.0,,7691.0,,7691.0,,7691.0,,,,,,,,,,,,,
NIT,National Institute of Technology Nagaland,"Electronics and Instrumentation Engineering (4 Years, Bachelor of Technology)",HS,Female-only (including Supernumerary),,,,,,,,,,,,,,,,,,,,,,,,,,,,,,,,,,,,,,,,,,,,,,,,,42395.0,,42395.0,,,,,,,,,
NIT,National Institute of Technology Nagaland,"Electronics and Instrumentation Engineering (4 Years, Bachelor of Technology)",HS,Gender-Neutral,,,,,,,,,,,,,,,,,,,,,,,,,,,,,,,,,,,,,,,,,,,,,,,,,19076.0,,33130.0,,27950.0,,27950.0,,27950.0,,27950.0,
NIT,National Institute of Technology Nagaland,"Electronics and Instrumentation Engineering (4 Years, Bachelor of Technology)",OS,Female-only (including Supernumerary),57997.0,,59337.0,,61121.0,,61121.0,,62702.0,,69562.0,,,,,,,,,,,,,,19046.0,,20758.0,,20758.0,,20758.0,,20758.0,,26498.0,,9398.0,,11048.0,,11048.0,,11360.0,,11360.0,,11623.0,,,,,,,,,,,,,
NIT,National Institute of Technology Nagaland,"Electronics and Instrumentation Engineering (4 Years, Bachelor of Technology)",OS,Gender-Neutral,44096.0,1619.0,46704.0,3956.0,47270.0,4118.0,49405.0,4118.0,51013.0,4118.0,53110.0,4118.0,7266.0,,7347.0,,7461.0,,7565.0,,7573.0,,7925.0,,13933.0,1342.0,15096.0,1754.0,15096.0,,15664.0,,15664.0,,16313.0,,6953.0,,7623.0,,8204.0,,8204.0,,8352.0,,8352.0,,,,,,,,,,,,,
NIT,National Institute of Technology Nagaland,"Mechanical Engineering (4 Years, Bachelor of Technology)",HS,Female-only (including Supernumerary),,,,,,,,,,,,,,,,,,,,,,,,,,,,,,,,,,,,,,,,,,,,,,,,,23735.0,,23735.0,,23735.0,,23735.0,,23735.0,,23735.0,
NIT,National Institute of Technology Nagaland,"Mechanical Engineering (4 Years, Bachelor of Technology)",HS,Gender-Neutral,,,,,,,,,,,,,,,,,,,,,,,,,,,,,,,,,,,,,,,,,,,,,,,,,16975.0,,20335.0,,30464.0,,18715.0,,18715.0,,18715.0,
NIT,National Institute of Technology Nagaland,"Mechanical Engineering (4 Years, Bachelor of Technology)",OS,Female-only (including Supernumerary),59372.0,,61121.0,,66478.0,,68163.0,,69114.0,,75126.0,,,,,,,,,,,,,,23009.0,,24398.0,,24494.0,,24494.0,,24582.0,,24582.0,,,,,,,,,,,,,,,,,,,,,,,,,
NIT,National Institute of Technology Nagaland,"Mechanical Engineering (4 Years, Bachelor of Technology)",OS,Gender-Neutral,46466.0,,50882.0,,52052.0,,52752.0,,53728.0,,56813.0,,7232.0,,7764.0,,8004.0,,8004.0,,8004.0,,8209.0,,15460.0,,16337.0,,16370.0,,16370.0,,16370.0,,18276.0,,7494.0,,8274.0,,8352.0,,8352.0,,8546.0,,9063.0,,,,,,,,,,,,,
NIT,National Institute of Technology Patna,"Architecture (5 Years, Bachelor of Architecture)",HS,Female-only (including Supernumerary),3222.0,,3246.0,,3246.0,,3246.0,,3246.0,,3246.0,,,,,,,,,,,,,,1028.0,,1240.0,,1240.0,,1240.0,,1363.0,,1363.0,,224.0,,763.0,,967.0,,967.0,,967.0,,967.0,,,,,,,,,,,,,
NIT,National Institute of Technology Patna,"Architecture (5 Years, Bachelor of Architecture)",HS,Gender-Neutral,3414.0,,4139.0,,4169.0,,4269.0,,4364.0,,4364.0,,318.0,,455.0,,455.0,,455.0,,455.0,,455.0,,1363.0,,1415.0,,1607.0,,1675.0,,1948.0,,1972.0,,365.0,,532.0,,532.0,,532.0,,532.0,,532.0,,486.0,,486.0,,486.0,,486.0,,486.0,,486.0,
NIT,National Institute of Technology Patna,"Architecture (5 Years, Bachelor of Architecture)",OS,Female-only (including Supernumerary),799.0,,985.0,,985.0,,985.0,,985.0,,1018.0,,,,,,,,,,,,,,346.0,,517.0,,517.0,,517.0,,517.0,,517.0,,175.0,,175.0,,175.0,,175.0,,175.0,,247.0,,,,,,,,,,,,,
NIT,National Institute of Technology Patna,"Architecture (5 Years, Bachelor of Architecture)",OS,Gender-Neutral,878.0,,1036.0,,1070.0,,1092.0,,1119.0,,1187.0,,274.0,,334.0,,378.0,,381.0,,415.0,,430.0,,417.0,,538.0,,613.0,,613.0,,625.0,,641.0,,147.0,,231.0,,231.0,,247.0,,247.0,,288.0,,100.0,,160.0,,160.0,,160.0,,160.0,,160.0,
NIT,National Institute of Technology Patna,"Artificial Intelligence and Data Science (4 Years, Bachelor of Technology)",HS,Female-only (including Supernumerary),29689.0,,32323.0,,32323.0,,32323.0,,32323.0,,32323.0,,5939.0,,5939.0,,5939.0,,5939.0,,5939.0,,5939.0,,10941.0,,11334.0,,11334.0,,11334.0,,11334.0,,11334.0,,7634.0,,7634.0,,7634.0,,7634.0,,7634.0,,7634.0,,5549.0,,5549.0,,5549.0,,5549.0,,5549.0,,5549.0,
NIT,National Institute of Technology Patna,"Artificial Intelligence and Data Science (4 Years, Bachelor of Technology)",HS,Gender-Neutral,20710.0,627.0,20824.0,627.0,21101.0,627.0,21101.0,627.0,21101.0,627.0,21207.0,627.0,2917.0,,2960.0,,2960.0,,2960.0,,2960.0,,3065.0,,6285.0,,6403.0,,6403.0,,6403.0,,6403.0,,6879.0,,4368.0,,5524.0,,5524.0,,5524.0,,5524.0,,5524.0,,2414.0,,2974.0,,2974.0,,2974.0,,2974.0,,2974.0,
NIT,National Institute of Technology Patna,"Artificial Intelligence and Data Science (4 Years, Bachelor of Technology)",OS,Female-only (including Supernumerary),24676.0,,26020.0,,26020.0,,26020.0,,26020.0,,27428.0,,4307.0,,4307.0,,4307.0,,4307.0,,4307.0,,4307.0,,9814.0,,10860.0,,10860.0,,10860.0,,10860.0,,10860.0,,4433.0,,4433.0,,4433.0,,4433.0,,4433.0,,5518.0,,1934.0,,1934.0,,1934.0,,1934.0,,1934.0,,1934.0,
NIT,National Institute of Technology Patna,"Artificial Intelligence and Data Science (4 Years, Bachelor of Technology)",OS,Gender-Neutral,15261.0,498.0,15862.0,638.0,15994.0,638.0,15994.0,638.0,15994.0,638.0,16537.0,638.0,2172.0,,2172.0,,2172.0,,2172.0,,2172.0,,2542.0,,5313.0,,5653.0,,5653.0,,5653.0,,5653.0,,5792.0,,2716.0,,2988.0,,2988.0,,2988.0,,2988.0,,2988.0,,1174.0,,1174.0,,1174.0,,1174.0,,1174.0,,1174.0,
NIT,National Institute of Technology Patna,"Chemical Technology (5 Years, Bachelor and Master of Technology (Dual Degree))",HS,Female-only (including Supernumerary),54558.0,,63591.0,,63591.0,,63591.0,,63591.0,,63591.0,,,,,,,,,,,,,,,,,,,,,,,,,,,,,,,,,,,,,,,,,,,,,,,,,
NIT,National Institute of Technology Patna,"Chemical Technology (5 Years, Bachelor and Master of Technology (Dual Degree))",HS,Gender-Neutral,44108.0,,49846.0,,54616.0,,54920.0,,54920.0,,54920.0,,6579.0,,7683.0,,7724.0,,7740.0,,7740.0,,7740.0,,13931.0,,15284.0,,16416.0,,16416.0,,16416.0,,16416.0,,8551.0,,9753.0,,9870.0,,9870.0,,9870.0,,9870.0,,,,,,,,,,,,,
NIT,National Institute of Technology Patna,"Chemical Technology (5 Years, Bachelor and Master of Technology (Dual Degree))",OS,Female-only (including Supernumerary),49184.0,,51861.0,,51861.0,,51861.0,,51861.0,,51861.0,,,,,,,,,,,,,,,,,,,,,,,,,,,,,,,,,,,,,,,,,,,,,,,,,
NIT,National Institute of Technology Patna,"Chemical Technology (5 Years, Bachelor and Master of Technology (Dual Degree))",OS,Gender-Neutral,28123.0,,35060.0,,35060.0,,35060.0,,35060.0,,43789.0,,6011.0,,6467.0,,6467.0,,6518.0,,6518.0,,6805.0,,12697.0,1084.0,13923.0,1442.0,13923.0,1442.0,13923.0,1442.0,13923.0,1443.0,15102.0,1443.0,6066.0,,7264.0,,7264.0,,7264.0,,7264.0,,7264.0,,,,,,,,,,,,,
NIT,National Institute of Technology Patna,"Civil Engineering (4 Years, Bachelor of Technology)",HS,Female-only (including Supernumerary),60965.0,,61338.0,,62426.0,,62426.0,,62426.0,,66687.0,,8848.0,,8848.0,,8851.0,,8851.0,,8851.0,,9552.0,,19994.0,,22503.0,,23352.0,,23352.0,,23352.0,,23747.0,,11198.0,,12955.0,,12955.0,,12955.0,,13239.0,,13239.0,,6725.0,,6725.0,,6725.0,,6725.0,,6725.0,,6725.0,
NIT,National Institute of Technology Patna,"Civil Engineering (4 Years, Bachelor of Technology)",HS,Gender-Neutral,43231.0,769.0,46368.0,2517.0,46762.0,2517.0,46910.0,2517.0,46910.0,2517.0,48512.0,2517.0,6550.0,,6601.0,,6653.0,,6729.0,,6729.0,,7044.0,,13680.0,1026.0,14626.0,1466.0,15373.0,,15373.0,,15433.0,,15659.0,,7184.0,,8378.0,,8596.0,,8596.0,,8596.0,,8702.0,,3766.0,,3766.0,,3766.0,,3766.0,,3766.0,,3766.0,
NIT,National Institute of Technology Patna,"Civil Engineering (4 Years, Bachelor of Technology)",OS,Female-only (including Supernumerary),50625.0,,56202.0,,58383.0,,58383.0,,58662.0,,62620.0,,7905.0,,8448.0,,8448.0,,8448.0,,8448.0,,9075.0,,19120.0,,20293.0,,21892.0,,21892.0,,22505.0,,23097.0,,8808.0,,9444.0,,9444.0,,9444.0,,9444.0,,9602.0,,3169.0,,3670.0,,3670.0,,3670.0,,3670.0,,3670.0,
NIT,National Institute of Technology Patna,"Civil Engineering (4 Years, Bachelor of Technology)",OS,Gender-Neutral,41773.0,1346.0,44883.0,1346.0,44984.0,1346.0,45526.0,1346.0,45921.0,1346.0,48513.0,1346.0,6239.0,,6441.0,,6671.0,,6671.0,,6671.0,,7197.0,,13341.0,763.0,14563.0,1185.0,14684.0,1185.0,14751.0,1185.0,14786.0,1185.0,15869.0,1185.0,6322.0,,6984.0,,6987.0,,6987.0,,6987.0,,7029.0,,1709.0,,1960.0,,1960.0,,1960.0,,1960.0,,1960.0,
NIT,National Institute of Technology Patna,"Civil Engineering with Specialization in Construction Technology and Management (5 Years, Bachelor and Master of Technology (Dual Degree))",HS,Female-only (including Supernumerary),65506.0,,66097.0,,66097.0,,66097.0,,66097.0,,70282.0,,,,,,,,,,,,,,,,,,,,,,,,,,,,,,,,,,,,,,,,,,,,,,,,,
NIT,National Institute of Technology Patna,"Civil Engineering with Specialization in Construction Technology and Management (5 Years, Bachelor and Master of Technology (Dual Degree))",HS,Gender-Neutral,44664.0,,44664.0,,44664.0,,44664.0,,44664.0,,48231.0,,6829.0,,6829.0,,6970.0,,6970.0,,6970.0,,8244.0,,13949.0,,14056.0,,14056.0,,14056.0,,14056.0,,15775.0,,8378.0,,8551.0,,9499.0,,9499.0,,9499.0,,9499.0,,,,,,,,,,,,,
NIT,National Institute of Technology Patna,"Civil Engineering with Specialization in Construction Technology and Management (5 Years, Bachelor and Master of Technology (Dual Degree))",OS,Female-only (including Supernumerary),50891.0,,61765.0,,61765.0,,61765.0,,61765.0,,61765.0,,,,,,,,,,,,,,,,,,,,,,,,,,,,,,,,,,,,,,,,,,,,,,,,,
NIT,National Institute of Technology Patna,"Civil Engineering with Specialization in Construction Technology and Management (5 Years, Bachelor and Master of Technology (Dual Degree))",OS,Gender-Neutral,40690.0,,44286.0,,45208.0,,45208.0,,45208.0,,47881.0,,6621.0,,6621.0,,6621.0,,6621.0,,6621.0,,7256.0,,13392.0,,14683.0,,14809.0,,14809.0,,14809.0,,14809.0,,6532.0,,6886.0,,6886.0,,6886.0,,6886.0,,6886.0,,,,,,,,,,,,,
NIT,National Institute of Technology Patna,"Computer Science and Engineering (4 Years, Bachelor of Technology)",HS,Female-only (including Supernumerary),27961.0,,29456.0,,29456.0,,29456.0,,29456.0,,29456.0,,4218.0,,4667.0,,4667.0,,4667.0,,4667.0,,5225.0,,9093.0,,9173.0,,9173.0,,9173.0,,10489.0,,10489.0,,5787.0,,5787.0,,5787.0,,5787.0,,5787.0,,5787.0,,3865.0,,3865.0,,3865.0,,3865.0,,3865.0,,3865.0,
NIT,National Institute of Technology Patna,"Computer Science and Engineering (4 Years, Bachelor of Technology)",HS,Gender-Neutral,16345.0,490.0,16398.0,490.0,16398.0,490.0,16398.0,490.0,16443.0,490.0,17808.0,490.0,2431.0,116.0,2493.0,116.0,2493.0,116.0,2493.0,116.0,2673.0,116.0,2711.0,116.0,4647.0,213.0,4916.0,213.0,4916.0,213.0,4916.0,213.0,4916.0,213.0,5534.0,213.0,3451.0,69.0,3525.0,69.0,3525.0,69.0,3525.0,69.0,3525.0,69.0,3525.0,69.0,1629.0,,1629.0,,1629.0,,1629.0,,1629.0,,1629.0,
NIT,National Institute of Technology Patna,"Computer Science and Engineering (4 Years, Bachelor of Technology)",OS,Female-only (including Supernumerary),20450.0,,23311.0,,23391.0,,23391.0,,23447.0,,24676.0,,3056.0,,3355.0,,3355.0,,3355.0,,3785.0,,3829.0,,8837.0,,10236.0,,10236.0,,10236.0,,10236.0,,10408.0,,3822.0,,3822.0,,3822.0,,3822.0,,3822.0,,3822.0,,1745.0,,1745.0,,1745.0,,1745.0,,1745.0,,1745.0,
NIT,National Institute of Technology Patna,"Computer Science and Engineering (4 Years, Bachelor of Technology)",OS,Gender-Neutral,13235.0,332.0,13629.0,589.0,13706.0,589.0,13706.0,589.0,13948.0,589.0,14996.0,589.0,1825.0,96.0,2031.0,96.0,2031.0,96.0,2031.0,96.0,2039.0,96.0,2136.0,96.0,4303.0,162.0,4574.0,227.0,4599.0,227.0,4599.0,227.0,4702.0,227.0,4774.0,227.0,2522.0,84.0,2732.0,243.0,2762.0,243.0,2762.0,243.0,2762.0,243.0,2821.0,243.0,1091.0,,1091.0,,1091.0,,1091.0,,1091.0,,1091.0,
NIT,National Institute of Technology Patna,"Computer Science and Engineering with Specialization in Cyber Security (5 Years, Bachelor and Master of Technology (Dual Degree))",HS,Female-only (including Supernumerary),35063.0,,35063.0,,35063.0,,37875.0,,37875.0,,37875.0,,,,,,,,,,,,,,11334.0,,11981.0,,11981.0,,11981.0,,11981.0,,15058.0,,,,,,,,,,,,,,,,,,,,,,,,,
NIT,National Institute of Technology Patna,"Computer Science and Engineering with Specialization in Cyber Security (5 Years, Bachelor and Master of Technology (Dual Degree))",HS,Gender-Neutral,22964.0,,23681.0,,23681.0,,23681.0,,23681.0,,23681.0,,3340.0,,3340.0,,3340.0,,3340.0,,3340.0,,3340.0,,6321.0,,6654.0,,6664.0,,6664.0,,6664.0,,7405.0,,5019.0,,5142.0,,5142.0,,5142.0,,5142.0,,5142.0,,3721.0,,3721.0,,3721.0,,3721.0,,3721.0,,3721.0,
NIT,National Institute of Technology Patna,"Computer Science and Engineering with Specialization in Cyber Security (5 Years, Bachelor and Master of Technology (Dual Degree))",OS,Female-only (including Supernumerary),27428.0,,27428.0,,27428.0,,27428.0,,27428.0,,28341.0,,,,,,,,,,,,,,11896.0,,11896.0,,11896.0,,11896.0,,11896.0,,11896.0,,,,,,,,,,,,,,,,,,,,,,,,,
NIT,National Institute of Technology Patna,"Computer Science and Engineering with Specialization in Cyber Security (5 Years, Bachelor and Master of Technology (Dual Degree))",OS,Gender-Neutral,16088.0,,16664.0,,16757.0,,16757.0,,16757.0,,17732.0,,2207.0,,2549.0,,2549.0,,2549.0,,2549.0,,2561.0,,5044.0,,5080.0,,5080.0,,5080.0,,5645.0,,6092.0,,2534.0,,2534.0,,2534.0,,2534.0,,2534.0,,2534.0,,1345.0,,1345.0,,1345.0,,1345.0,,1345.0,,1345.0,
NIT,National Institute of Technology Patna,"Computer Science and Engineering with Specialization in Data Science (5 Years, Bachelor and Master of Technology (Dual Degree))",HS,Female-only (including Supernumerary),33716.0,,33716.0,,33716.0,,33716.0,,33716.0,,33716.0,,,,,,,,,,,,,,,,,,,,,,,,,,8647.0,,9037.0,,9037.0,,9037.0,,9037.0,,9037.0,,,,,,,,,,,,,
NIT,National Institute of Technology Patna,"Computer Science and Engineering with Specialization in Data Science (5 Years, Bachelor and Master of Technology (Dual Degree))",HS,Gender-Neutral,21534.0,,21956.0,,21956.0,,22750.0,,22750.0,,22789.0,,2978.0,,3128.0,,3128.0,,3214.0,,3214.0,,3214.0,,6302.0,,6302.0,,6302.0,,6302.0,,6302.0,,6321.0,,4515.0,,4515.0,,4515.0,,4515.0,,4515.0,,4515.0,,1442.0,,1442.0,,1442.0,,1442.0,,1442.0,,1442.0,
NIT,National Institute of Technology Patna,"Computer Science and Engineering with Specialization in Data Science (5 Years, Bachelor and Master of Technology (Dual Degree))",OS,Female-only (including Supernumerary),26005.0,,26005.0,,26005.0,,26005.0,,26005.0,,26005.0,,,,,,,,,,,,,,,,,,,,,,,,,,5297.0,,5297.0,,5297.0,,5297.0,,6390.0,,6390.0,,,,,,,,,,,,,
NIT,National Institute of Technology Patna,"Computer Science and Engineering with Specialization in Data Science (5 Years, Bachelor and Master of Technology (Dual Degree))",OS,Gender-Neutral,14600.0,,15393.0,,15858.0,,15858.0,,15858.0,,17439.0,,2312.0,,2498.0,,2498.0,,2498.0,,2498.0,,2498.0,,5381.0,,5614.0,,5614.0,,5614.0,,5925.0,,5925.0,,2732.0,,2856.0,,2856.0,,2856.0,,3277.0,,3277.0,,1443.0,,1443.0,,1443.0,,1443.0,,1543.0,,1543.0,
NIT,National Institute of Technology Patna,"Electrical Engineering (4 Years, Bachelor of Technology)",HS,Female-only (including Supernumerary),45226.0,,48264.0,,48928.0,,48928.0,,48928.0,,49345.0,,6848.0,,6848.0,,7111.0,,7111.0,,7111.0,,7123.0,,14677.0,,14724.0,,14724.0,,14724.0,,14724.0,,15167.0,,9470.0,,9470.0,,9470.0,,9470.0,,9470.0,,9470.0,,5379.0,,5379.0,,5379.0,,5379.0,,5379.0,,5379.0,
NIT,National Institute of Technology Patna,"Electrical Engineering (4 Years, Bachelor of Technology)",HS,Gender-Neutral,29069.0,1499.0,30887.0,1801.0,30981.0,1801.0,31160.0,1801.0,31290.0,1801.0,31816.0,1801.0,4221.0,,4497.0,,4497.0,,4583.0,,4583.0,,4620.0,,8984.0,755.0,9301.0,1264.0,9323.0,1264.0,9323.0,1264.0,9323.0,1264.0,9806.0,1264.0,6089.0,,6691.0,,6691.0,,6691.0,,6691.0,,6691.0,,3198.0,,5526.0,,5526.0,,5526.0,,5526.0,,5781.0,
NIT,National Institute of Technology Patna,"Electrical Engineering (4 Years, Bachelor of Technology)",OS,Female-only (including Supernumerary),37318.0,,39569.0,,39755.0,,39755.0,,39755.0,,42229.0,,5273.0,,5647.0,,5647.0,,5647.0,,5647.0,,6062.0,,14020.0,,14816.0,,14816.0,,14816.0,,14816.0,,15364.0,,7105.0,,7231.0,,7231.0,,7231.0,,7231.0,,7231.0,,2918.0,,3169.0,,3169.0,,3169.0,,3169.0,,3169.0,
NIT,National Institute of Technology Patna,"Electrical Engineering (4 Years, Bachelor of Technology)",OS,Gender-Neutral,24524.0,1348.0,25041.0,1695.0,25051.0,1695.0,25051.0,1695.0,25069.0,1695.0,27921.0,1695.0,3748.0,,3814.0,,3814.0,,3814.0,,3814.0,,4301.0,,7743.0,680.0,8246.0,937.0,8295.0,937.0,8423.0,937.0,8653.0,937.0,9228.0,937.0,4427.0,,4605.0,,4934.0,,4934.0,,4934.0,,4969.0,,1949.0,,2001.0,,2001.0,,2001.0,,2001.0,,2001.0,
NIT,National Institute of Technology Patna,"Electrical Engineering with Specialization In Power System Engineering (5 Years, Bachelor and Master of Technology (Dual Degree))",HS,Female-only (including Supernumerary),51534.0,,51534.0,,51534.0,,51534.0,,51534.0,,51534.0,,,,,,,,,,,,,,,,,,,,,,,,,,11087.0,,11087.0,,11087.0,,11087.0,,11087.0,,11087.0,,,,,,,,,,,,,
NIT,National Institute of Technology Patna,"Electrical Engineering with Specialization In Power System Engineering (5 Years, Bachelor and Master of Technology (Dual Degree))",HS,Gender-Neutral,33615.0,,35168.0,,35292.0,,35292.0,,35292.0,,35951.0,,4947.0,,4963.0,,4963.0,,4963.0,,4963.0,,5309.0,,9944.0,,10177.0,,10177.0,,10177.0,,10177.0,,10240.0,,6000.0,,6000.0,,6000.0,,6000.0,,6000.0,,6000.0,,4621.0,,5781.0,,5781.0,,5781.0,,5781.0,,6161.0,
NIT,National Institute of Technology Patna,"Electrical Engineering with Specialization In Power System Engineering (5 Years, Bachelor and Master of Technology (Dual Degree))",OS,Female-only (including Supernumerary),38300.0,,39412.0,,39412.0,,39412.0,,39412.0,,41442.0,,,,,,,,,,,,,,15032.0,,15473.0,,15473.0,,15473.0,,15473.0,,17056.0,,,,,,,,,,,,,,,,,,,,,,,,,
NIT,National Institute of Technology Patna,"Electrical Engineering with Specialization In Power System Engineering (5 Years, Bachelor and Master of Technology (Dual Degree))",OS,Gender-Neutral,27504.0,,27777.0,,27777.0,,27777.0,,27777.0,,30990.0,,3795.0,,4137.0,,4137.0,,4137.0,,4137.0,,4658.0,,8423.0,,8653.0,,8675.0,,8945.0,,8945.0,,9550.0,,3837.0,,3837.0,,3837.0,,3837.0,,3837.0,,3837.0,,1769.0,,1769.0,,1769.0,,1769.0,,2049.0,,2049.0,
NIT,National Institute of Technology Patna,"Electronics Engineering (VLSI Design and Technology) (4 Years, Bachelor of Technology)",HS,Female-only (including Supernumerary),46474.0,,46557.0,,46557.0,,46557.0,,46557.0,,46557.0,,6527.0,,6689.0,,6689.0,,6689.0,,6689.0,,6689.0,,14724.0,,15167.0,,15167.0,,15167.0,,15167.0,,19081.0,,9666.0,,9666.0,,9666.0,,9666.0,,9666.0,,9666.0,,8107.0,,8107.0,,8107.0,,8107.0,,8107.0,,8107.0,
NIT,National Institute of Technology Patna,"Electronics Engineering (VLSI Design and Technology) (4 Years, Bachelor of Technology)",HS,Gender-Neutral,28016.0,1812.0,29481.0,1812.0,29926.0,1812.0,30037.0,1812.0,30075.0,1812.0,30551.0,1812.0,4186.0,291.0,4186.0,291.0,4208.0,291.0,4247.0,291.0,4247.0,291.0,4362.0,291.0,8606.0,1085.0,8870.0,1212.0,8870.0,1212.0,8870.0,1212.0,8870.0,1212.0,8984.0,1212.0,7019.0,,7030.0,,7030.0,,7030.0,,7030.0,,7215.0,,4269.0,,4610.0,,4610.0,,4610.0,,4610.0,,4610.0,
NIT,National Institute of Technology Patna,"Electronics Engineering (VLSI Design and Technology) (4 Years, Bachelor of Technology)",OS,Female-only (including Supernumerary),31255.0,,33999.0,,33999.0,,33999.0,,33999.0,,37784.0,,5241.0,,5241.0,,5241.0,,5241.0,,5241.0,,5635.0,,13573.0,,14575.0,,14575.0,,14575.0,,14575.0,,14644.0,,6390.0,,6390.0,,6390.0,,6390.0,,6606.0,,6606.0,,2835.0,,2835.0,,2835.0,,2835.0,,3123.0,,3123.0,
NIT,National Institute of Technology Patna,"Electronics Engineering (VLSI Design and Technology) (4 Years, Bachelor of Technology)",OS,Gender-Neutral,20095.0,1449.0,20726.0,1449.0,20726.0,1449.0,20726.0,1449.0,21444.0,1449.0,22770.0,1449.0,2950.0,302.0,3015.0,380.0,3015.0,380.0,3015.0,380.0,3126.0,380.0,3351.0,380.0,7545.0,724.0,7614.0,1151.0,7879.0,1151.0,7935.0,1151.0,7935.0,1151.0,8295.0,1151.0,3940.0,,4303.0,,4424.0,,4424.0,,4424.0,,4466.0,,1698.0,,1886.0,,1886.0,,1886.0,,1886.0,,1886.0,
NIT,National Institute of Technology Patna,"Electronics and Communication Engineering (4 Years, Bachelor of Technology)",HS,Female-only (including Supernumerary),33271.0,,33425.0,,33425.0,,33425.0,,33425.0,,33425.0,,4667.0,,5225.0,,5225.0,,5225.0,,5225.0,,5434.0,,11981.0,,14387.0,,14387.0,,14387.0,,14387.0,,14387.0,,7126.0,,7126.0,,7126.0,,7126.0,,7126.0,,7126.0,,5861.0,,5861.0,,5861.0,,5861.0,,5861.0,,6454.0,
NIT,National Institute of Technology Patna,"Electronics and Communication Engineering (4 Years, Bachelor of Technology)",HS,Gender-Neutral,23727.0,1227.0,24555.0,1227.0,24684.0,1227.0,24684.0,1227.0,24810.0,1227.0,25184.0,1227.0,3457.0,,3459.0,,3472.0,,3472.0,,3508.0,,3554.0,,6737.0,576.0,7266.0,576.0,7266.0,576.0,7266.0,576.0,7266.0,576.0,7318.0,576.0,4681.0,,5590.0,,5590.0,,5590.0,,5590.0,,5599.0,,2547.0,,3103.0,,3103.0,,3103.0,,3103.0,,3198.0,
NIT,National Institute of Technology Patna,"Electronics and Communication Engineering (4 Years, Bachelor of Technology)",OS,Female-only (including Supernumerary),28968.0,,31255.0,,31255.0,,31255.0,,31255.0,,32454.0,,4158.0,,4468.0,,4468.0,,4468.0,,4468.0,,5011.0,,12597.0,,13387.0,,13387.0,,13387.0,,13387.0,,13579.0,,4393.0,,5518.0,,5518.0,,5518.0,,5518.0,,5906.0,,2403.0,,2403.0,,2403.0,,2403.0,,2403.0,,2403.0,
NIT,National Institute of Technology Patna,"Electronics and Communication Engineering (4 Years, Bachelor of Technology)",OS,Gender-Neutral,18152.0,195.0,18672.0,755.0,18876.0,755.0,18880.0,755.0,19240.0,755.0,20558.0,755.0,2722.0,,2769.0,,2769.0,,2769.0,,2772.0,,2961.0,,6165.0,441.0,6484.0,643.0,6484.0,643.0,6484.0,643.0,6484.0,643.0,6574.0,751.0,3494.0,,3808.0,,3808.0,,3808.0,,3808.0,,3808.0,,1634.0,,1656.0,,1656.0,,1656.0,,1656.0,,1656.0,
NIT,National Institute of Technology Patna,"Electronics and Communication Engineering with Specialization in Microelectronics and VLSI System Design (5 Years, Bachelor and Master of Technology (Dual Degree))",HS,Female-only (including Supernumerary),37875.0,,37875.0,,37875.0,,47115.0,,47115.0,,47115.0,,,,,,,,,,,,,,12974.0,,16613.0,,17949.0,,17949.0,,17949.0,,17949.0,,,,,,,,,,,,,,,,,,,,,,,,,
NIT,National Institute of Technology Patna,"Electronics and Communication Engineering with Specialization in Microelectronics and VLSI System Design (5 Years, Bachelor and Master of Technology (Dual Degree))",HS,Gender-Neutral,29267.0,,29291.0,,29291.0,,29291.0,,29291.0,,29291.0,,4046.0,,4046.0,,4046.0,,4046.0,,4046.0,,4046.0,,8502.0,,8527.0,,8527.0,,8527.0,,8527.0,,8527.0,,5142.0,,5866.0,,5866.0,,5866.0,,5866.0,,5866.0,,4163.0,,4163.0,,4163.0,,4163.0,,4163.0,,4163.0,
NIT,National Institute of Technology Patna,"Electronics and Communication Engineering with Specialization in Microelectronics and VLSI System Design (5 Years, Bachelor and Master of Technology (Dual Degree))",OS,Female-only (including Supernumerary),28810.0,,28810.0,,28810.0,,28810.0,,30276.0,,30276.0,,,,,,,,,,,,,,13827.0,,13827.0,,13827.0,,13827.0,,13827.0,,14748.0,,,,,,,,,,,,,,,,,,,,,,,,,
NIT,National Institute of Technology Patna,"Electronics and Communication Engineering with Specialization in Microelectronics and VLSI System Design (5 Years, Bachelor and Master of Technology (Dual Degree))",OS,Gender-Neutral,21593.0,,22526.0,,22526.0,,22526.0,,22526.0,,23301.0,,3263.0,,3263.0,,3263.0,,3263.0,,3263.0,,3263.0,,6884.0,,6884.0,,6884.0,,6884.0,,6884.0,,7136.0,,3397.0,,3690.0,,3690.0,,3690.0,,3690.0,,3690.0,,1543.0,,1543.0,,1543.0,,1543.0,,1840.0,,1840.0,
NIT,National Institute of Technology Patna,"Material Science and Engineering (5 Years, Bachelor and Master of Technology (Dual Degree))",HS,Female-only (including Supernumerary),63591.0,,65506.0,,65506.0,,65506.0,,65506.0,,70512.0,,,,,,,,,,,,,,,,,,,,,,,,,,,,,,,,,,,,,,,,,,,,,,,,,
NIT,National Institute of Technology Patna,"Material Science and Engineering (5 Years, Bachelor and Master of Technology (Dual Degree))",HS,Gender-Neutral,46166.0,,48419.0,,48419.0,,48419.0,,48419.0,,55890.0,,6783.0,,7474.0,,7474.0,,7474.0,,7474.0,,8867.0,,13976.0,,15433.0,,16833.0,,16833.0,,16833.0,,16833.0,,8407.0,,10268.0,,10268.0,,10268.0,,10268.0,,10268.0,,,,,,,,,,,,,
NIT,National Institute of Technology Patna,"Material Science and Engineering (5 Years, Bachelor and Master of Technology (Dual Degree))",OS,Female-only (including Supernumerary),40485.0,,49910.0,,49910.0,,49910.0,,57002.0,,57002.0,,,,,,,,,,,,,,,,,,,,,,,,,,,,,,,,,,,,,,,,,,,,,,,,,
NIT,National Institute of Technology Patna,"Material Science and Engineering (5 Years, Bachelor and Master of Technology (Dual Degree))",OS,Gender-Neutral,35969.0,,38018.0,,38018.0,,38018.0,,38018.0,,40081.0,,5867.0,,5867.0,,5867.0,,5867.0,,5867.0,,5867.0,,13039.0,,13610.0,,13610.0,,13610.0,,13610.0,,13610.0,,5195.0,,5195.0,,5195.0,,5195.0,,5195.0,,5195.0,,,,,,,,,,,,,
NIT,National Institute of Technology Patna,"Mathematics and Computing Technology (5 Years, Bachelor and Master of Technology (Dual Degree))",HS,Female-only (including Supernumerary),34477.0,,34477.0,,34477.0,,34477.0,,34477.0,,34477.0,,,,,,,,,,,,,,,,,,,,,,,,,,,,,,,,,,,,,,,,,,,,,,,,,
NIT,National Institute of Technology Patna,"Mathematics and Computing Technology (5 Years, Bachelor and Master of Technology (Dual Degree))",HS,Gender-Neutral,24376.0,,24578.0,,24578.0,,25084.0,,25084.0,,25200.0,,3360.0,,3913.0,,3913.0,,3913.0,,3913.0,,3913.0,,6403.0,,7046.0,,7405.0,,7405.0,,7405.0,,7487.0,,5151.0,,5151.0,,5151.0,,5151.0,,5151.0,,5151.0,,,,,,,,,,,,,
NIT,National Institute of Technology Patna,"Mathematics and Computing Technology (5 Years, Bachelor and Master of Technology (Dual Degree))",OS,Female-only (including Supernumerary),26020.0,,28341.0,,28341.0,,28341.0,,28341.0,,29361.0,,,,,,,,,,,,,,,,,,,,,,,,,,,,,,,,,,,,,,,,,,,,,,,,,
NIT,National Institute of Technology Patna,"Mathematics and Computing Technology (5 Years, Bachelor and Master of Technology (Dual Degree))",OS,Gender-Neutral,11555.0,,16098.0,,16098.0,,16098.0,,16937.0,,17348.0,,2561.0,,2561.0,,2561.0,,2561.0,,2561.0,,2611.0,,4774.0,,4774.0,,4774.0,,4774.0,,4774.0,,6007.0,,3291.0,,3463.0,,3463.0,,3463.0,,3463.0,,3463.0,,,,,,,,,,,,,
NIT,National Institute of Technology Patna,"Mechanical Engineering (4 Years, Bachelor of Technology)",HS,Female-only (including Supernumerary),52384.0,,55036.0,,55036.0,,55036.0,,55036.0,,57928.0,,7427.0,,7891.0,,7891.0,,7891.0,,7891.0,,8540.0,,19562.0,,20023.0,,20023.0,,20023.0,,20023.0,,22698.0,,11996.0,,12428.0,,12428.0,,12428.0,,12955.0,,12955.0,,6454.0,,6454.0,,6454.0,,6454.0,,6454.0,,8673.0,
NIT,National Institute of Technology Patna,"Mechanical Engineering (4 Years, Bachelor of Technology)",HS,Gender-Neutral,35292.0,2280.0,38064.0,2490.0,38310.0,2490.0,38355.0,2490.0,38355.0,2490.0,38896.0,2490.0,5165.0,,5395.0,,5411.0,,5411.0,,5411.0,,5768.0,,10962.0,1019.0,11931.0,1395.0,12040.0,1395.0,12041.0,1395.0,12239.0,1395.0,12717.0,1395.0,8053.0,,8407.0,,8551.0,,8551.0,,8551.0,,8551.0,,5781.0,,8269.0,,8673.0,,8673.0,,8673.0,,9538.0,
NIT,National Institute of Technology Patna,"Mechanical Engineering (4 Years, Bachelor of Technology)",OS,Female-only (including Supernumerary),45325.0,,48925.0,,49494.0,,49494.0,,49494.0,,55531.0,,6912.0,,6912.0,,7513.0,,7513.0,,7513.0,,7905.0,,18232.0,,18868.0,,18868.0,,18868.0,,19396.0,,20834.0,,8209.0,,8623.0,,8623.0,,8623.0,,9237.0,,9441.0,,2908.0,,3918.0,,3918.0,,3918.0,,3918.0,,3918.0,
NIT,National Institute of Technology Patna,"Mechanical Engineering (4 Years, Bachelor of Technology)",OS,Gender-Neutral,30791.0,1755.0,33708.0,1996.0,34053.0,1996.0,34053.0,1996.0,34053.0,1996.0,37407.0,1996.0,4718.0,,5042.0,,5136.0,,5136.0,,5136.0,,5847.0,,10681.0,751.0,11269.0,920.0,11354.0,920.0,11390.0,920.0,11452.0,920.0,12262.0,920.0,5629.0,,6002.0,,6002.0,,6002.0,,6002.0,,6038.0,,2185.0,,2185.0,,2237.0,,2237.0,,2310.0,,2498.0,
NIT,National Institute of Technology Patna,"Mechanical Engineering with Specialization in Manufacturing and Industrial Engineering (5 Years, Bachelor and Master of Technology (Dual Degree))",HS,Female-only (including Supernumerary),56301.0,,56301.0,,56301.0,,56301.0,,56301.0,,56301.0,,,,,,,,,,,,,,21700.0,,21700.0,,21700.0,,21700.0,,21700.0,,21700.0,,,,,,,,,,,,,,,,,,,,,,,,,
NIT,National Institute of Technology Patna,"Mechanical Engineering with Specialization in Manufacturing and Industrial Engineering (5 Years, Bachelor and Master of Technology (Dual Degree))",HS,Gender-Neutral,40262.0,,42232.0,,44406.0,,44406.0,,44406.0,,46166.0,,5768.0,,6352.0,,6352.0,,6352.0,,6352.0,,6892.0,,13752.0,,13949.0,,13949.0,,13949.0,,13949.0,,13949.0,,8083.0,,9499.0,,9753.0,,9753.0,,9753.0,,9753.0,,6161.0,,9595.0,,9595.0,,9595.0,,9595.0,,9595.0,
NIT,National Institute of Technology Patna,"Mechanical Engineering with Specialization in Manufacturing and Industrial Engineering (5 Years, Bachelor and Master of Technology (Dual Degree))",OS,Female-only (including Supernumerary),45324.0,,54848.0,,55871.0,,55871.0,,55871.0,,55871.0,,,,,,,,,,,,,,18722.0,,20072.0,,22715.0,,22715.0,,23023.0,,24089.0,,,,,,,,,,,,,,,,,,,,,,,,,
NIT,National Institute of Technology Patna,"Mechanical Engineering with Specialization in Manufacturing and Industrial Engineering (5 Years, Bachelor and Master of Technology (Dual Degree))",OS,Gender-Neutral,35056.0,,36035.0,,36035.0,,36035.0,,37442.0,,38169.0,,5462.0,,6257.0,,6257.0,,6257.0,,6257.0,,6621.0,,11234.0,,12286.0,,12286.0,,12286.0,,12286.0,,12971.0,,5553.0,,6209.0,,6209.0,,6209.0,,6209.0,,6401.0,,2533.0,,2569.0,,2569.0,,2569.0,,2883.0,,2883.0,
NIT,National Institute of Technology Patna,"Mechatronics and Automation Engineering (4 Years, Bachelor of Technology)",HS,Female-only (including Supernumerary),49673.0,,49673.0,,49673.0,,49673.0,,49673.0,,52912.0,,,,,,,,,,,,,,18987.0,,19562.0,,19562.0,,19562.0,,19562.0,,19562.0,,12274.0,,12274.0,,12274.0,,12274.0,,12274.0,,12274.0,,,,,,,,,,,,,
NIT,National Institute of Technology Patna,"Mechatronics and Automation Engineering (4 Years, Bachelor of Technology)",HS,Gender-Neutral,31627.0,,31994.0,,31994.0,,31994.0,,32115.0,,33461.0,,4414.0,,4414.0,,4414.0,,4414.0,,4614.0,,5733.0,,9267.0,,10283.0,,10283.0,,10283.0,,10283.0,,10812.0,,7755.0,,7755.0,,7755.0,,7755.0,,7755.0,,7755.0,,4610.0,,5790.0,,5790.0,,5790.0,,5790.0,,5790.0,
NIT,National Institute of Technology Patna,"Mechatronics and Automation Engineering (4 Years, Bachelor of Technology)",OS,Female-only (including Supernumerary),37437.0,,37437.0,,37437.0,,37437.0,,37437.0,,48371.0,,,,,,,,,,,,,,14915.0,,14915.0,,14915.0,,14915.0,,14915.0,,14915.0,,6606.0,,6606.0,,6606.0,,6606.0,,8623.0,,8623.0,,,,,,,,,,,,,
NIT,National Institute of Technology Patna,"Mechatronics and Automation Engineering (4 Years, Bachelor of Technology)",OS,Gender-Neutral,21854.0,,22770.0,,22911.0,,22911.0,,22911.0,,25887.0,,3959.0,,3959.0,,3959.0,,3959.0,,3959.0,,3960.0,,8103.0,,8378.0,,8378.0,,8653.0,,8839.0,,8905.0,,3817.0,,4558.0,,4558.0,,4558.0,,4558.0,,4558.0,,1997.0,,2498.0,,2498.0,,2498.0,,2498.0,,2560.0,
NIT,National Institute of Technology Puducherry,"Civil Engineering (4 Years, Bachelor of Technology)",HS,Female-only (including Supernumerary),116333.0,,142541.0,,142541.0,,142541.0,,142541.0,,142541.0,,,,,,,,,,,,,,,,,,,,,,,,,,24360.0,,27899.0,,27899.0,,27899.0,,27899.0,,27899.0,,,,,,,,,,,,,
NIT,National Institute of Technology Puducherry,"Civil Engineering (4 Years, Bachelor of Technology)",HS,Gender-Neutral,160125.0,,201559.0,,204611.0,,204611.0,,204611.0,,205593.0,,,,,,,,,,,,,,57213.0,,75105.0,,75900.0,,75900.0,,75900.0,,78906.0,,29004.0,,35722.0,,37778.0,,37778.0,,37778.0,,39501.0,,23430.0,,,,,,,,,,,
NIT,National Institute of Technology Puducherry,"Civil Engineering (4 Years, Bachelor of Technology)",OS,Female-only (including Supernumerary),48752.0,,53296.0,,53296.0,,53296.0,,54989.0,,59514.0,,7619.0,,8800.0,,8800.0,,8800.0,,8800.0,,8800.0,,15796.0,,16619.0,,17893.0,,17893.0,,17893.0,,18650.0,,,,,,,,,,,,,,,,,,,,,,,,,
NIT,National Institute of Technology Puducherry,"Civil Engineering (4 Years, Bachelor of Technology)",OS,Gender-Neutral,43223.0,919.0,47255.0,919.0,47881.0,919.0,47881.0,919.0,48189.0,919.0,49922.0,919.0,6461.0,,6853.0,,6853.0,,6853.0,,6853.0,,7690.0,,13552.0,,15677.0,,15936.0,,15936.0,,15936.0,,15994.0,,5949.0,,7439.0,,7574.0,,7644.0,,7644.0,,7644.0,,2498.0,,2682.0,,2728.0,,2728.0,,2728.0,,2728.0,
NIT,National Institute of Technology Puducherry,"Computer Science and Engineering (4 Years, Bachelor of Technology)",HS,Female-only (including Supernumerary),65403.0,3074.0,77925.0,3074.0,77925.0,3074.0,77925.0,3074.0,77925.0,3074.0,77925.0,3074.0,11900.0,,20007.0,,20007.0,,20007.0,,20007.0,,20007.0,,24211.0,,28405.0,,28405.0,,28405.0,,28405.0,,28405.0,,6379.0,,6379.0,,6379.0,,6379.0,,6379.0,,6379.0,,,,,,,,,,,,,
NIT,National Institute of Technology Puducherry,"Computer Science and Engineering (4 Years, Bachelor of Technology)",HS,Gender-Neutral,50932.0,,61481.0,,63341.0,,63341.0,,63341.0,,64692.0,,20222.0,,33632.0,,33632.0,,33632.0,,33632.0,,33632.0,,20207.0,,23526.0,,24246.0,,24246.0,,24246.0,,24651.0,,9754.0,,10072.0,,10072.0,,10072.0,,10072.0,,13433.0,,11523.0,,11523.0,,11523.0,,11523.0,,11523.0,,11523.0,
NIT,National Institute of Technology Puducherry,"Computer Science and Engineering (4 Years, Bachelor of Technology)",OS,Female-only (including Supernumerary),12431.0,420.0,20899.0,420.0,20899.0,420.0,20899.0,420.0,20899.0,420.0,20899.0,420.0,,,,,,,,,,,,,8947.0,,8947.0,,8947.0,,8947.0,,8947.0,,8947.0,,4157.0,,4457.0,,4457.0,,4457.0,,4457.0,,4457.0,,1086.0,,1469.0,,1469.0,,1469.0,,1469.0,,1469.0,
NIT,National Institute of Technology Puducherry,"Computer Science and Engineering (4 Years, Bachelor of Technology)",OS,Gender-Neutral,14207.0,,17596.0,,17600.0,,17600.0,,17669.0,,19758.0,,2417.0,,2710.0,,2710.0,,2710.0,,2773.0,,2872.0,,5686.0,104.0,6239.0,104.0,6239.0,104.0,6239.0,104.0,6239.0,104.0,7077.0,104.0,2537.0,,2537.0,,2537.0,,2537.0,,2537.0,,2537.0,,1216.0,,1216.0,,1216.0,,1216.0,,1216.0,,1216.0,
NIT,National Institute of Technology Puducherry,"Electrical and Electronics Engineering (4 Years, Bachelor of Technology)",HS,Female-only (including Supernumerary),95419.0,,110823.0,,115035.0,,115035.0,,115035.0,,115035.0,,,,,,,,,,,,,,31128.0,,36205.0,,43261.0,,43261.0,,43261.0,,43261.0,,13433.0,,13433.0,,13433.0,,13433.0,,13433.0,,24360.0,,,,,,,,,,,,,
NIT,National Institute of Technology Puducherry,"Electrical and Electronics Engineering (4 Years, Bachelor of Technology)",HS,Gender-Neutral,90397.0,3255.0,111199.0,3255.0,114982.0,3255.0,114982.0,3255.0,115600.0,3255.0,116492.0,3255.0,79381.0,,,,,,,,,,,,35815.0,,42941.0,,46818.0,,46818.0,,46818.0,,48452.0,,17859.0,,21117.0,,22960.0,,22960.0,,22960.0,,25630.0,,13087.0,,13087.0,,13087.0,,13087.0,,13087.0,,13087.0,
NIT,National Institute of Technology Puducherry,"Electrical and Electronics Engineering (4 Years, Bachelor of Technology)",OS,Female-only (including Supernumerary),29879.0,,35210.0,,35210.0,,35210.0,,35210.0,,35672.0,,,,,,,,,,,,,,13088.0,,13454.0,,13454.0,,13454.0,,13454.0,,15796.0,,4543.0,,5455.0,,5455.0,,5455.0,,5455.0,,5455.0,,2601.0,,2601.0,,2601.0,,2601.0,,2601.0,,2601.0,
NIT,National Institute of Technology Puducherry,"Electrical and Electronics Engineering (4 Years, Bachelor of Technology)",OS,Gender-Neutral,27169.0,1111.0,30409.0,1111.0,30409.0,1111.0,30409.0,1111.0,30622.0,1111.0,33769.0,1111.0,4600.0,237.0,4689.0,237.0,4689.0,237.0,4689.0,237.0,4689.0,237.0,4775.0,237.0,8553.0,,9997.0,,10047.0,,10047.0,,10056.0,,10711.0,,4661.0,,5292.0,,5292.0,,5292.0,,5292.0,,5327.0,,1566.0,57.0,1566.0,103.0,1566.0,103.0,1566.0,103.0,1566.0,103.0,1566.0,103.0
NIT,National Institute of Technology Puducherry,"Electronics and Communication Engineering (4 Years, Bachelor of Technology)",HS,Female-only (including Supernumerary),63930.0,,91058.0,,94509.0,,94509.0,,97477.0,,97477.0,,40777.0,,40777.0,,40777.0,,40777.0,,40777.0,,40777.0,,30069.0,,31128.0,,32882.0,,32882.0,,33664.0,,33664.0,,10072.0,,23296.0,,23296.0,,23296.0,,23296.0,,23296.0,,,,,,,,,,,,,
NIT,National Institute of Technology Puducherry,"Electronics and Communication Engineering (4 Years, Bachelor of Technology)",HS,Gender-Neutral,67546.0,1272.0,79227.0,1272.0,80622.0,1272.0,80622.0,1272.0,80622.0,1272.0,86567.0,1272.0,75957.0,,102891.0,,121199.0,,121199.0,,121199.0,,121199.0,,24651.0,,32882.0,,36205.0,,36205.0,,36973.0,,36973.0,,12543.0,,15184.0,,15184.0,,15184.0,,15184.0,,15263.0,,13032.0,,13032.0,,13032.0,,13032.0,,13032.0,,13032.0,
NIT,National Institute of Technology Puducherry,"Electronics and Communication Engineering (4 Years, Bachelor of Technology)",OS,Female-only (including Supernumerary),23443.0,,23443.0,,23443.0,,23443.0,,23443.0,,23443.0,,5192.0,,5192.0,,5192.0,,5192.0,,5192.0,,5192.0,,10152.0,,10152.0,,10152.0,,10152.0,,10152.0,,10152.0,,4333.0,,4897.0,,4897.0,,4897.0,,4897.0,,4897.0,,,,,,,,,,,,,
NIT,National Institute of Technology Puducherry,"Electronics and Communication Engineering (4 Years, Bachelor of Technology)",OS,Gender-Neutral,21232.0,,23310.0,,23732.0,,23732.0,,23831.0,,24078.0,,3099.0,,3479.0,,3479.0,,3479.0,,3479.0,,3479.0,,7031.0,311.0,7517.0,311.0,7517.0,311.0,7517.0,311.0,7517.0,311.0,7517.0,311.0,3496.0,116.0,4131.0,116.0,4131.0,116.0,4131.0,116.0,4131.0,116.0,4131.0,116.0,1468.0,,1474.0,,1474.0,,1474.0,,1692.0,,1787.0,
NIT,National Institute of Technology Puducherry,"Mechanical Engineering (4 Years, Bachelor of Technology)",HS,Female-only (including Supernumerary),112979.0,,167588.0,,169672.0,,169672.0,,169672.0,,169672.0,,,,,,,,,,,,,,44483.0,,57213.0,,70269.0,,70269.0,,70269.0,,70269.0,,,,,,,,,,,,,,,,,,,,,,,,,
NIT,National Institute of Technology Puducherry,"Mechanical Engineering (4 Years, Bachelor of Technology)",HS,Gender-Neutral,116492.0,,156557.0,,160125.0,,160125.0,,160125.0,,167788.0,,121199.0,,121199.0,,,,,,,,,,50115.0,,66009.0,,66626.0,,66626.0,,68202.0,,68664.0,,24185.0,,25630.0,,25630.0,,25630.0,,25630.0,,30217.0,,18797.0,,18797.0,,18797.0,,18797.0,,18797.0,,18797.0,
NIT,National Institute of Technology Puducherry,"Mechanical Engineering (4 Years, Bachelor of Technology)",OS,Female-only (including Supernumerary),41902.0,,51896.0,,51896.0,,51896.0,,51896.0,,52093.0,,,,,,,,,,,,,,16201.0,,16309.0,,16309.0,,16309.0,,16309.0,,17841.0,,4868.0,,6612.0,,6612.0,,6612.0,,6612.0,,6612.0,,,,,,,,,,,,,
NIT,National Institute of Technology Puducherry,"Mechanical Engineering (4 Years, Bachelor of Technology)",OS,Gender-Neutral,33709.0,,37559.0,,39471.0,,39471.0,,39668.0,,42881.0,,5575.0,,5632.0,,5632.0,,5632.0,,5632.0,,6461.0,,11540.0,553.0,12541.0,778.0,12541.0,778.0,12541.0,778.0,12585.0,778.0,13587.0,778.0,5284.0,308.0,6299.0,310.0,6354.0,310.0,6354.0,310.0,6354.0,310.0,6354.0,310.0,2261.0,,2261.0,,2261.0,,2261.0,,2261.0,,2261.0,
NIT,National Institute of Technology Raipur,"Architecture (5 Years, Bachelor of Architecture)",HS,Female-only (including Supernumerary),3142.0,,3142.0,,3142.0,,3142.0,,3142.0,,3142.0,,1022.0,,1446.0,,,,,,,,,,998.0,,1168.0,,1168.0,,1168.0,,1168.0,,1168.0,,,,,,,,,,,,,,70.0,,70.0,,70.0,,70.0,,70.0,,70.0,
NIT,National Institute of Technology Raipur,"Architecture (5 Years, Bachelor of Architecture)",HS,Gender-Neutral,3366.0,75.0,3565.0,,3672.0,,3672.0,,3672.0,,3672.0,,1227.0,,4743.0,,,,,,,,,,2280.0,,2836.0,,3130.0,,3809.0,,5709.0,,6399.0,,1321.0,,1341.0,,1341.0,,1341.0,,1341.0,,1341.0,,123.0,,123.0,,123.0,,123.0,,123.0,,123.0,
NIT,National Institute of Technology Raipur,"Architecture (5 Years, Bachelor of Architecture)",OS,Female-only (including Supernumerary),704.0,,704.0,,704.0,,704.0,,704.0,,704.0,,,,,,,,,,,,,,311.0,,311.0,,311.0,,311.0,,311.0,,311.0,,94.0,,94.0,,94.0,,94.0,,94.0,,94.0,,,,,,,,,,,,,
NIT,National Institute of Technology Raipur,"Architecture (5 Years, Bachelor of Architecture)",OS,Gender-Neutral,839.0,,980.0,,1042.0,,1066.0,,1070.0,,1070.0,,192.0,,298.0,,298.0,,298.0,,298.0,,298.0,,450.0,,513.0,,536.0,,536.0,,536.0,,585.0,,176.0,,241.0,,244.0,,244.0,,244.0,,244.0,,45.0,,69.0,,69.0,,69.0,,69.0,,69.0,
NIT,National Institute of Technology Raipur,"Bio Medical Engineering (4 Years, Bachelor of Technology)",HS,Female-only (including Supernumerary),111855.0,,111855.0,,111855.0,,111855.0,,111855.0,,124270.0,,,,,,,,,,,,,,38492.0,,40587.0,,40587.0,,40587.0,,42418.0,,48141.0,,16216.0,,16216.0,,16216.0,,16216.0,,16216.0,,16216.0,,,,,,,,,,,,,
NIT,National Institute of Technology Raipur,"Bio Medical Engineering (4 Years, Bachelor of Technology)",HS,Gender-Neutral,107214.0,,109730.0,,111905.0,,112111.0,,112111.0,,116282.0,,23347.0,,27993.0,,27993.0,,27993.0,,27993.0,,27993.0,,36484.0,,38329.0,,41286.0,,41705.0,,42458.0,,44661.0,,16689.0,,17238.0,,17250.0,,19058.0,,19431.0,,19689.0,,4832.0,,4865.0,,5745.0,,5745.0,,5745.0,,5745.0,
NIT,National Institute of Technology Raipur,"Bio Medical Engineering (4 Years, Bachelor of Technology)",OS,Female-only (including Supernumerary),45977.0,,51726.0,,54996.0,,55046.0,,56525.0,,58068.0,,8906.0,,8906.0,,9407.0,,9407.0,,9638.0,,9961.0,,21273.0,,21804.0,,23291.0,,23787.0,,23912.0,,24431.0,,9275.0,,9820.0,,11233.0,,11233.0,,11233.0,,11314.0,,,,,,,,,,,,,
NIT,National Institute of Technology Raipur,"Bio Medical Engineering (4 Years, Bachelor of Technology)",OS,Gender-Neutral,46378.0,2035.0,51490.0,2035.0,52973.0,2035.0,53572.0,2035.0,53717.0,2035.0,56483.0,2035.0,7160.0,,7428.0,,7552.0,,7700.0,,7757.0,,8052.0,,15603.0,993.0,17337.0,993.0,17803.0,993.0,18007.0,993.0,18007.0,993.0,18900.0,993.0,7786.0,,8759.0,,9068.0,,9068.0,,9091.0,,9272.0,,3105.0,,3429.0,,3429.0,,3429.0,,3429.0,,3473.0,
NIT,National Institute of Technology Raipur,"Bio Technology (4 Years, Bachelor of Technology)",HS,Female-only (including Supernumerary),100879.0,,106560.0,,106560.0,,106560.0,,106560.0,,112882.0,,20317.0,,21449.0,,21449.0,,21449.0,,21449.0,,21449.0,,33438.0,,38492.0,,38492.0,,38492.0,,38492.0,,47268.0,,12724.0,,12724.0,,16319.0,,16319.0,,16319.0,,16319.0,,6329.0,,7079.0,,7079.0,,7079.0,,7079.0,,7079.0,
NIT,National Institute of Technology Raipur,"Bio Technology (4 Years, Bachelor of Technology)",HS,Gender-Neutral,92241.0,,104843.0,,107308.0,,107472.0,,107472.0,,108275.0,,22077.0,,24068.0,,24068.0,,24068.0,,24068.0,,24068.0,,34589.0,,37071.0,,37081.0,,37081.0,,37081.0,,37293.0,,15162.0,,16319.0,,16698.0,,17238.0,,18574.0,,18574.0,,4829.0,,4832.0,,4832.0,,4832.0,,4832.0,,4832.0,
NIT,National Institute of Technology Raipur,"Bio Technology (4 Years, Bachelor of Technology)",OS,Female-only (including Supernumerary),47221.0,1673.0,53164.0,1673.0,54504.0,1673.0,54989.0,1673.0,55046.0,1673.0,56035.0,1673.0,,,,,,,,,,,,,18191.0,,21273.0,,22815.0,,22815.0,,22815.0,,24189.0,,6772.0,,6772.0,,6772.0,,6772.0,,6772.0,,10008.0,,3525.0,,4225.0,,4225.0,,4225.0,,4225.0,,4866.0,
NIT,National Institute of Technology Raipur,"Bio Technology (4 Years, Bachelor of Technology)",OS,Gender-Neutral,43061.0,,48878.0,,50995.0,,51809.0,,52371.0,,54841.0,,6841.0,,7220.0,,7387.0,,7433.0,,7531.0,,7841.0,,15177.0,,16943.0,,17216.0,,17289.0,,17403.0,,18055.0,,7690.0,,8391.0,,8612.0,,8612.0,,8759.0,,9235.0,,2814.0,,3210.0,,3339.0,,3339.0,,3339.0,,3339.0,
NIT,National Institute of Technology Raipur,"Chemical Engineering (4 Years, Bachelor of Technology)",HS,Female-only (including Supernumerary),71922.0,,78338.0,,78338.0,,78338.0,,79907.0,,80602.0,,16069.0,,20317.0,,20317.0,,20317.0,,20317.0,,20317.0,,27187.0,,27187.0,,27187.0,,27187.0,,27337.0,,33867.0,,11271.0,,11609.0,,11609.0,,11609.0,,11609.0,,11609.0,,,,,,,,,,,,,
NIT,National Institute of Technology Raipur,"Chemical Engineering (4 Years, Bachelor of Technology)",HS,Gender-Neutral,62746.0,,63992.0,,65544.0,,65544.0,,65544.0,,66029.0,,12324.0,,14551.0,,14551.0,,14551.0,,14551.0,,14551.0,,21407.0,,23261.0,,23261.0,,23261.0,,23261.0,,23261.0,,12370.0,,12642.0,,12724.0,,12724.0,,12724.0,,12724.0,,3490.0,,3618.0,,3913.0,,3913.0,,3913.0,,3913.0,
NIT,National Institute of Technology Raipur,"Chemical Engineering (4 Years, Bachelor of Technology)",OS,Female-only (including Supernumerary),45503.0,,48791.0,,48791.0,,48791.0,,48791.0,,48791.0,,6736.0,,7584.0,,7584.0,,7584.0,,7584.0,,8261.0,,14530.0,,18360.0,,19636.0,,19636.0,,19636.0,,19966.0,,8463.0,,9050.0,,9050.0,,9050.0,,9050.0,,9050.0,,2979.0,,3770.0,,4261.0,,4261.0,,4261.0,,4261.0,
NIT,National Institute of Technology Raipur,"Chemical Engineering (4 Years, Bachelor of Technology)",OS,Gender-Neutral,35946.0,1797.0,37198.0,1797.0,37198.0,1797.0,37198.0,1797.0,37483.0,1797.0,40986.0,1797.0,5211.0,,5572.0,,5572.0,,5572.0,,5572.0,,6099.0,,11491.0,839.0,11669.0,961.0,11669.0,961.0,11669.0,961.0,11734.0,961.0,12636.0,1070.0,6080.0,,6458.0,,6702.0,,6849.0,,6849.0,,6977.0,,2494.0,,2689.0,,2689.0,,2689.0,,2689.0,,2689.0,
NIT,National Institute of Technology Raipur,"Civil Engineering (4 Years, Bachelor of Technology)",HS,Female-only (including Supernumerary),81244.0,,81244.0,,81244.0,,81244.0,,81244.0,,91760.0,,19871.0,,19871.0,,19871.0,,19871.0,,19871.0,,19871.0,,30007.0,,30007.0,,30007.0,,30007.0,,30007.0,,34133.0,,3778.0,,3778.0,,3778.0,,3778.0,,3778.0,,3778.0,,3503.0,,3503.0,,3503.0,,3503.0,,3503.0,,3503.0,
NIT,National Institute of Technology Raipur,"Civil Engineering (4 Years, Bachelor of Technology)",HS,Gender-Neutral,64072.0,1925.0,69250.0,,70546.0,,70546.0,,71480.0,,73812.0,,13611.0,,20500.0,,20500.0,,20500.0,,20500.0,,20500.0,,26102.0,,27617.0,,28020.0,,28020.0,,28183.0,,28187.0,,10122.0,,12023.0,,12023.0,,12023.0,,12023.0,,12023.0,,3232.0,,3382.0,,3490.0,,3490.0,,3490.0,,3490.0,
NIT,National Institute of Technology Raipur,"Civil Engineering (4 Years, Bachelor of Technology)",OS,Female-only (including Supernumerary),51543.0,,55287.0,,55561.0,,57056.0,,57312.0,,63154.0,,7698.0,,8073.0,,8073.0,,8073.0,,8353.0,,8960.0,,19311.0,,19620.0,,19947.0,,19947.0,,19947.0,,19947.0,,8989.0,,9020.0,,9020.0,,9020.0,,9020.0,,9410.0,,3496.0,,3610.0,,3610.0,,3610.0,,3610.0,,3610.0,
NIT,National Institute of Technology Raipur,"Civil Engineering (4 Years, Bachelor of Technology)",OS,Gender-Neutral,41084.0,1854.0,43951.0,1855.0,43951.0,1855.0,43981.0,1855.0,43981.0,1855.0,47160.0,1855.0,6100.0,,6342.0,,6429.0,,6429.0,,6429.0,,6952.0,,13187.0,840.0,14356.0,962.0,14432.0,962.0,14432.0,962.0,14519.0,962.0,15534.0,962.0,6305.0,,6956.0,,6956.0,,6956.0,,6956.0,,7006.0,,2031.0,,2203.0,,2203.0,,2203.0,,2203.0,,2203.0,
NIT,National Institute of Technology Raipur,"Computer Science and Engineering (4 Years, Bachelor of Technology)",HS,Female-only (including Supernumerary),28150.0,,28150.0,,28150.0,,28150.0,,28150.0,,28150.0,,7826.0,,7826.0,,7826.0,,7826.0,,7826.0,,7826.0,,13279.0,,14837.0,,14837.0,,14837.0,,14837.0,,14837.0,,5769.0,,7516.0,,7516.0,,7516.0,,7516.0,,7516.0,,2855.0,,2855.0,,2855.0,,2855.0,,2855.0,,2855.0,
NIT,National Institute of Technology Raipur,"Computer Science and Engineering (4 Years, Bachelor of Technology)",HS,Gender-Neutral,21540.0,867.0,21642.0,867.0,21642.0,867.0,21642.0,867.0,21642.0,867.0,21913.0,867.0,4451.0,,5952.0,,5952.0,,5952.0,,5952.0,,5952.0,,10054.0,513.0,10634.0,513.0,10634.0,513.0,10634.0,513.0,10634.0,513.0,10634.0,513.0,3996.0,,4187.0,,4187.0,,4187.0,,4187.0,,4203.0,,1110.0,,1419.0,,1419.0,,1419.0,,1419.0,,1419.0,
NIT,National Institute of Technology Raipur,"Computer Science and Engineering (4 Years, Bachelor of Technology)",OS,Female-only (including Supernumerary),17153.0,,18213.0,,18213.0,,18213.0,,18213.0,,21653.0,,2356.0,181.0,3026.0,181.0,3026.0,181.0,3026.0,181.0,3026.0,181.0,3026.0,181.0,7102.0,,7181.0,,7677.0,,7677.0,,7677.0,,8747.0,,3845.0,,4032.0,,4032.0,,4032.0,,4032.0,,4032.0,,,72.0,,72.0,,72.0,,72.0,,72.0,,72.0
NIT,National Institute of Technology Raipur,"Computer Science and Engineering (4 Years, Bachelor of Technology)",OS,Gender-Neutral,12123.0,341.0,12566.0,439.0,12619.0,439.0,12619.0,439.0,12726.0,439.0,13559.0,439.0,1644.0,,1708.0,,1716.0,,1716.0,,1795.0,,1892.0,,3933.0,187.0,4100.0,187.0,4138.0,187.0,4138.0,187.0,4142.0,187.0,4453.0,187.0,2265.0,92.0,2376.0,92.0,2376.0,92.0,2376.0,92.0,2376.0,92.0,2527.0,92.0,1075.0,,1075.0,,1075.0,,1075.0,,1075.0,,1090.0,
NIT,National Institute of Technology Raipur,"Electrical Engineering (4 Years, Bachelor of Technology)",HS,Female-only (including Supernumerary),62086.0,,62654.0,,62654.0,,62654.0,,62654.0,,65100.0,,16043.0,,16069.0,,16069.0,,16069.0,,16069.0,,16069.0,,24048.0,,24048.0,,24048.0,,24048.0,,24048.0,,24887.0,,8577.0,,10121.0,,10969.0,,10969.0,,10969.0,,10969.0,,5090.0,,5090.0,,5090.0,,5090.0,,5090.0,,5090.0,
NIT,National Institute of Technology Raipur,"Electrical Engineering (4 Years, Bachelor of Technology)",HS,Gender-Neutral,42081.0,1872.0,47790.0,2258.0,49965.0,2258.0,49965.0,2258.0,50131.0,2258.0,51834.0,2258.0,9578.0,,10151.0,,10151.0,,10151.0,,10151.0,,10151.0,,16944.0,1497.0,17249.0,1497.0,17249.0,1497.0,17249.0,1497.0,17249.0,1497.0,17268.0,1497.0,8099.0,,8253.0,,8449.0,,8449.0,,8449.0,,8795.0,,2740.0,,2860.0,,2973.0,,2973.0,,2973.0,,2973.0,
NIT,National Institute of Technology Raipur,"Electrical Engineering (4 Years, Bachelor of Technology)",OS,Female-only (including Supernumerary),35368.0,,37998.0,,37998.0,,37998.0,,37998.0,,39412.0,,5218.0,,5635.0,,5635.0,,5635.0,,5635.0,,5791.0,,12773.0,,13935.0,,13935.0,,13935.0,,13935.0,,13935.0,,7095.0,,7276.0,,7276.0,,7276.0,,7276.0,,7276.0,,1982.0,,1982.0,,1982.0,,1982.0,,1982.0,,1982.0,
NIT,National Institute of Technology Raipur,"Electrical Engineering (4 Years, Bachelor of Technology)",OS,Gender-Neutral,23631.0,984.0,24826.0,984.0,24886.0,984.0,24886.0,984.0,24886.0,984.0,27378.0,984.0,3518.0,,3598.0,,3598.0,,3598.0,,3845.0,,3994.0,,7638.0,,7956.0,,8019.0,,8019.0,,8019.0,,8656.0,,4323.0,284.0,4500.0,284.0,4569.0,284.0,4569.0,284.0,4569.0,284.0,4569.0,284.0,1740.0,,1914.0,,1914.0,,1914.0,,1914.0,,1914.0,
NIT,National Institute of Technology Raipur,"Electronics and Communication Engineering (4 Years, Bachelor of Technology)",HS,Female-only (including Supernumerary),52691.0,,52691.0,,52691.0,,52691.0,,52691.0,,53284.0,,13083.0,,16043.0,,16043.0,,16043.0,,16043.0,,16043.0,,21481.0,,21481.0,,21481.0,,21481.0,,21481.0,,24048.0,,8677.0,,9469.0,,10121.0,,10121.0,,10121.0,,10121.0,,4674.0,,5207.0,,5207.0,,5207.0,,5207.0,,5207.0,
NIT,National Institute of Technology Raipur,"Electronics and Communication Engineering (4 Years, Bachelor of Technology)",HS,Gender-Neutral,34859.0,1367.0,37556.0,1367.0,37556.0,1367.0,37556.0,1367.0,37556.0,1367.0,40209.0,1367.0,7156.0,,8735.0,,8735.0,,8735.0,,8735.0,,8735.0,,14386.0,,14702.0,,14702.0,,14702.0,,14702.0,,14702.0,,6614.0,,6614.0,,7764.0,,7764.0,,7764.0,,8045.0,,2100.0,,2100.0,,2860.0,,2860.0,,2860.0,,2860.0,
NIT,National Institute of Technology Raipur,"Electronics and Communication Engineering (4 Years, Bachelor of Technology)",OS,Female-only (including Supernumerary),26172.0,831.0,27105.0,831.0,27697.0,831.0,27697.0,831.0,28029.0,831.0,28810.0,831.0,3785.0,,3785.0,,4044.0,,4044.0,,4044.0,,4044.0,,10487.0,,11606.0,,11606.0,,11606.0,,11606.0,,12356.0,,5053.0,,5053.0,,5053.0,,5053.0,,5053.0,,5053.0,,,,,,,,,,,,,
NIT,National Institute of Technology Raipur,"Electronics and Communication Engineering (4 Years, Bachelor of Technology)",OS,Gender-Neutral,17969.0,699.0,18503.0,699.0,18671.0,699.0,18671.0,699.0,18671.0,699.0,20044.0,699.0,2629.0,120.0,2629.0,120.0,2673.0,120.0,2673.0,120.0,2698.0,120.0,2900.0,120.0,5928.0,282.0,6314.0,282.0,6338.0,282.0,6338.0,282.0,6338.0,282.0,6376.0,282.0,3681.0,,3984.0,,4012.0,,4012.0,,4012.0,,4036.0,,1408.0,,1562.0,,1592.0,,1592.0,,1592.0,,1615.0,
NIT,National Institute of Technology Raipur,"Information Technology (4 Years, Bachelor of Technology)",HS,Female-only (including Supernumerary),48270.0,,48270.0,,48270.0,,48270.0,,48270.0,,48270.0,,8440.0,,8440.0,,8440.0,,8440.0,,8440.0,,8440.0,,18555.0,,21685.0,,21685.0,,21685.0,,21685.0,,21685.0,,7516.0,,8677.0,,8677.0,,8677.0,,8677.0,,8677.0,,2993.0,,4674.0,,4674.0,,4674.0,,4674.0,,4674.0,
NIT,National Institute of Technology Raipur,"Information Technology (4 Years, Bachelor of Technology)",HS,Gender-Neutral,30190.0,802.0,30190.0,802.0,30190.0,802.0,30190.0,802.0,30190.0,802.0,30900.0,802.0,6507.0,,7156.0,,7156.0,,7156.0,,7156.0,,7156.0,,11226.0,,12018.0,,12018.0,,12018.0,,12018.0,,12018.0,,4732.0,,4859.0,,5010.0,,5010.0,,5010.0,,5865.0,,2271.0,,2392.0,,2392.0,,2392.0,,2392.0,,2392.0,
NIT,National Institute of Technology Raipur,"Information Technology (4 Years, Bachelor of Technology)",OS,Female-only (including Supernumerary),23391.0,,24953.0,,25166.0,,25166.0,,25166.0,,26688.0,,3391.0,,3430.0,,3492.0,,3492.0,,3492.0,,3983.0,,9740.0,,9740.0,,9740.0,,9740.0,,10356.0,,10607.0,,4668.0,249.0,4668.0,,4668.0,,4668.0,,4668.0,,4668.0,,,,,,,,,,,,,
NIT,National Institute of Technology Raipur,"Information Technology (4 Years, Bachelor of Technology)",OS,Gender-Neutral,14591.0,457.0,15509.0,727.0,15533.0,727.0,15543.0,727.0,15552.0,727.0,16763.0,727.0,2039.0,106.0,2148.0,125.0,2217.0,125.0,2217.0,125.0,2217.0,125.0,2338.0,125.0,5252.0,,5451.0,,5542.0,,5542.0,,5614.0,,5725.0,,3202.0,,3330.0,,3330.0,,3330.0,,3456.0,,3661.0,,1307.0,,1425.0,,1425.0,,1425.0,,1468.0,,1468.0,
NIT,National Institute of Technology Raipur,"Mechanical Engineering (4 Years, Bachelor of Technology)",HS,Female-only (including Supernumerary),68892.0,,68892.0,,68892.0,,68892.0,,78338.0,,82426.0,,16149.0,,16149.0,,16149.0,,16149.0,,16149.0,,16149.0,,26875.0,,26875.0,,26875.0,,26875.0,,26875.0,,28731.0,,11914.0,,11914.0,,13401.0,,13401.0,,13401.0,,13401.0,,5207.0,,7179.0,,7179.0,,7179.0,,7179.0,,7179.0,
NIT,National Institute of Technology Raipur,"Mechanical Engineering (4 Years, Bachelor of Technology)",HS,Gender-Neutral,52957.0,2258.0,57409.0,2653.0,58013.0,2653.0,58013.0,2653.0,58013.0,2653.0,59807.0,2653.0,10151.0,,12566.0,,12566.0,,12566.0,,12566.0,,12566.0,,18812.0,,19319.0,,19481.0,,19481.0,,19481.0,,20401.0,,9814.0,,10016.0,,10016.0,,10016.0,,10016.0,,10341.0,,3030.0,,3036.0,,3232.0,,3232.0,,3232.0,,3232.0,
NIT,National Institute of Technology Raipur,"Mechanical Engineering (4 Years, Bachelor of Technology)",OS,Female-only (including Supernumerary),45371.0,,49184.0,,49602.0,,50326.0,,50341.0,,50341.0,,6444.0,,7268.0,,7268.0,,7268.0,,7268.0,,7415.0,,17362.0,1173.0,18292.0,1173.0,18620.0,1173.0,18620.0,1173.0,18620.0,1173.0,18722.0,1173.0,6227.0,,8401.0,,9192.0,,9192.0,,9192.0,,9500.0,,3007.0,,3525.0,,3525.0,,3525.0,,3525.0,,3525.0,
NIT,National Institute of Technology Raipur,"Mechanical Engineering (4 Years, Bachelor of Technology)",OS,Gender-Neutral,29821.0,1020.0,31932.0,1020.0,31932.0,1020.0,32358.0,1020.0,32358.0,1020.0,35303.0,1020.0,4487.0,,4600.0,,4602.0,,4621.0,,4621.0,,5778.0,,10026.0,,10567.0,,10706.0,,10706.0,,10706.0,,11006.0,,5508.0,,5786.0,,5786.0,,5786.0,,5786.0,,5951.0,,1958.0,,2076.0,,2076.0,,2076.0,,2076.0,,2076.0,
NIT,National Institute of Technology Raipur,"Metallurgical and Materials Engineering (4 Years, Bachelor of Technology)",HS,Female-only (including Supernumerary),86272.0,,86752.0,,86752.0,,86752.0,,92868.0,,106560.0,,19955.0,,22334.0,,22334.0,,22334.0,,22334.0,,22334.0,,33012.0,,33867.0,,33867.0,,33867.0,,34133.0,,43146.0,,13320.0,,13320.0,,13320.0,,13320.0,,13320.0,,13320.0,,6587.0,,7275.0,,7275.0,,7275.0,,7275.0,,7275.0,
NIT,National Institute of Technology Raipur,"Metallurgical and Materials Engineering (4 Years, Bachelor of Technology)",HS,Gender-Neutral,75258.0,2440.0,84152.0,2440.0,84152.0,2440.0,84152.0,2440.0,84152.0,2440.0,85636.0,2440.0,16406.0,,22077.0,,22077.0,,22077.0,,22077.0,,22077.0,,30395.0,,31919.0,,31919.0,,31919.0,,31919.0,,32722.0,,13401.0,,13782.0,,14454.0,,14454.0,,14454.0,,14454.0,,4370.0,,4829.0,,4865.0,,4865.0,,4865.0,,4865.0,
NIT,National Institute of Technology Raipur,"Metallurgical and Materials Engineering (4 Years, Bachelor of Technology)",OS,Female-only (including Supernumerary),53135.0,,59913.0,,60073.0,,60073.0,,60327.0,,65702.0,,8670.0,,8670.0,,8670.0,,8670.0,,8670.0,,9698.0,,19966.0,,22196.0,,23350.0,,23350.0,,23787.0,,24300.0,,9160.0,,10221.0,,10221.0,,10221.0,,10221.0,,10221.0,,4261.0,,4303.0,,4309.0,,4309.0,,4309.0,,4309.0,
NIT,National Institute of Technology Raipur,"Metallurgical and Materials Engineering (4 Years, Bachelor of Technology)",OS,Gender-Neutral,44142.0,1859.0,46665.0,1982.0,47246.0,1982.0,47246.0,1982.0,47714.0,1982.0,50773.0,1982.0,6361.0,,6760.0,,6760.0,,6760.0,,6760.0,,7373.0,,14956.0,,16467.0,,16636.0,,16636.0,,16636.0,,16938.0,,7360.0,,7926.0,,7938.0,,7938.0,,7938.0,,8127.0,,2911.0,,3053.0,,3053.0,,3053.0,,3179.0,,3209.0,
NIT,National Institute of Technology Raipur,"Mining Engineering (4 Years, Bachelor of Technology)",HS,Female-only (including Supernumerary),96895.0,,100803.0,,100803.0,,100803.0,,104863.0,,121134.0,,26155.0,,26155.0,,26155.0,,26155.0,,26155.0,,26155.0,,38765.0,,39528.0,,39528.0,,39528.0,,40587.0,,47165.0,,14725.0,,15238.0,,15238.0,,15238.0,,15238.0,,15238.0,,,,,,,,,,,,,
NIT,National Institute of Technology Raipur,"Mining Engineering (4 Years, Bachelor of Technology)",HS,Gender-Neutral,91812.0,,96677.0,,97519.0,,97519.0,,97519.0,,101941.0,,19816.0,,22114.0,,22114.0,,22114.0,,22114.0,,22114.0,,33141.0,,34541.0,,34541.0,,34541.0,,34541.0,,34845.0,,13507.0,,15162.0,,15875.0,,15875.0,,15875.0,,15936.0,,3964.0,,4249.0,,4249.0,,4249.0,,4249.0,,4249.0,
NIT,National Institute of Technology Raipur,"Mining Engineering (4 Years, Bachelor of Technology)",OS,Female-only (including Supernumerary),55999.0,,61532.0,,63458.0,,63458.0,,66133.0,,68355.0,,8989.0,,8989.0,,9170.0,,9317.0,,9485.0,,10073.0,,21054.0,,22723.0,,23303.0,,23303.0,,23303.0,,25857.0,,9418.0,,10657.0,,10657.0,,10657.0,,10657.0,,10657.0,,3986.0,,3986.0,,3986.0,,3986.0,,3986.0,,3986.0,
NIT,National Institute of Technology Raipur,"Mining Engineering (4 Years, Bachelor of Technology)",OS,Gender-Neutral,47246.0,,49468.0,,49674.0,,50213.0,,50575.0,,52916.0,,6932.0,,7069.0,,7114.0,,7220.0,,7304.0,,7591.0,,15390.0,,16616.0,,16869.0,,16869.0,,17196.0,,17574.0,,7724.0,,8127.0,,8283.0,,8283.0,,8283.0,,8293.0,,2806.0,,2817.0,,2817.0,,2817.0,,3053.0,,3185.0,
NIT,National Institute of Technology Sikkim,"Artificial Intelligence and Machine Learning (4 Years, Bachelor of Technology)",HS,Female-only (including Supernumerary),193935.0,,213909.0,,213909.0,,213909.0,,213909.0,,213909.0,,,,,,,,,,,,,,298345.0,,298345.0,,298345.0,,298345.0,,298345.0,,298345.0,,,,,,,,,,,,,,,,,,,,,,,,,
NIT,National Institute of Technology Sikkim,"Artificial Intelligence and Machine Learning (4 Years, Bachelor of Technology)",HS,Gender-Neutral,241662.0,,288771.0,,288771.0,,288771.0,,288771.0,,288771.0,,,,,,,,,,,,,,131718.0,,279864.0,,344903.0,,344903.0,,344903.0,,398600.0,,31398.0,,46414.0,,46414.0,,46414.0,,46414.0,,46414.0,,21372.0,,21372.0,,21372.0,,21372.0,,21372.0,,21372.0,
NIT,National Institute of Technology Sikkim,"Artificial Intelligence and Machine Learning (4 Years, Bachelor of Technology)",OS,Female-only (including Supernumerary),37997.0,,42203.0,,42561.0,,42561.0,,42561.0,,42561.0,,,,,,,,,,,,,,15742.0,,16428.0,,16428.0,,16428.0,,16428.0,,16604.0,,6827.0,,6827.0,,6827.0,,6827.0,,6827.0,,6827.0,,,,,,,,,,,,,
NIT,National Institute of Technology Sikkim,"Artificial Intelligence and Machine Learning (4 Years, Bachelor of Technology)",OS,Gender-Neutral,26980.0,,28594.0,,28594.0,,28594.0,,28865.0,,29014.0,,,,,,,,,,,,,,8716.0,,8828.0,,8828.0,,8828.0,,8828.0,,9296.0,,2812.0,,4088.0,,4088.0,,4088.0,,4088.0,,5616.0,,1786.0,,2051.0,,2061.0,,2221.0,,2221.0,,2221.0,
NIT,National Institute of Technology Sikkim,"Civil Engineering (4 Years, Bachelor of Technology)",HS,Female-only (including Supernumerary),366127.0,,366127.0,,366127.0,,366127.0,,366127.0,,366127.0,,,,,,,,,,,,,,,,,,,,,,,,,,,,,,,,,,,,,,,,,,,,,,,,,
NIT,National Institute of Technology Sikkim,"Civil Engineering (4 Years, Bachelor of Technology)",HS,Gender-Neutral,417292.0,,629625.0,,629625.0,,629625.0,,629625.0,,629625.0,,,,,,,,,,,,,,344903.0,,542586.0,,542586.0,,542586.0,,542586.0,,542586.0,,103997.0,,,,,,,,,,,,8886.0,,19349.0,,21439.0,,21439.0,,21439.0,,21439.0,
NIT,National Institute of Technology Sikkim,"Civil Engineering (4 Years, Bachelor of Technology)",OS,Female-only (including Supernumerary),56536.0,,63124.0,,64296.0,,64296.0,,64464.0,,71333.0,,,,,,,,,,,,,,21484.0,,23770.0,,24936.0,,25125.0,,25125.0,,25578.0,,9904.0,,11314.0,,11314.0,,11314.0,,11314.0,,11644.0,,,,,,,,,,,,,
NIT,National Institute of Technology Sikkim,"Civil Engineering (4 Years, Bachelor of Technology)",OS,Gender-Neutral,49684.0,,52797.0,,52970.0,,53182.0,,53182.0,,54268.0,,,,,,,,,,,,,,15563.0,,16460.0,,16940.0,,17131.0,,17131.0,,18159.0,,6987.0,,7004.0,,8257.0,,8257.0,,8257.0,,8257.0,,,31.0,,67.0,,67.0,,67.0,,67.0,,67.0
NIT,National Institute of Technology Sikkim,"Computer Science and Engineering (4 Years, Bachelor of Technology)",HS,Female-only (including Supernumerary),141592.0,,181877.0,,181877.0,,181877.0,,181877.0,,181877.0,,,,,,,,,,,,,,94632.0,,94632.0,,94632.0,,94632.0,,94632.0,,94632.0,,18919.0,,18919.0,,18919.0,,18919.0,,18919.0,,18919.0,,,,,,,,,,,,,
NIT,National Institute of Technology Sikkim,"Computer Science and Engineering (4 Years, Bachelor of Technology)",HS,Gender-Neutral,170692.0,2253.0,170692.0,2253.0,170692.0,2253.0,170692.0,2253.0,170692.0,2253.0,185001.0,2253.0,,,,,,,,,,,,,129104.0,,129104.0,,129104.0,,129104.0,,129104.0,,132548.0,,9395.0,,9395.0,,9395.0,,9395.0,,9395.0,,9395.0,,5931.0,,5931.0,,5931.0,,5931.0,,5931.0,,5931.0,
NIT,National Institute of Technology Sikkim,"Computer Science and Engineering (4 Years, Bachelor of Technology)",OS,Female-only (including Supernumerary),23642.0,,25725.0,,25725.0,,25725.0,,25725.0,,25725.0,,,,,,,,,,,,,,7370.0,,16397.0,,16397.0,,16397.0,,16397.0,,16397.0,,5728.0,,5728.0,,5728.0,,5728.0,,5728.0,,5728.0,,,,,,,,,,,,,
NIT,National Institute of Technology Sikkim,"Computer Science and Engineering (4 Years, Bachelor of Technology)",OS,Gender-Neutral,21087.0,755.0,25441.0,925.0,25441.0,925.0,25441.0,925.0,25441.0,925.0,26616.0,925.0,,,,,,,,,,,,,7236.0,,8680.0,,8680.0,,8680.0,,8680.0,,8827.0,,3549.0,,4022.0,,4022.0,,4022.0,,4022.0,,4088.0,,1610.0,,1786.0,,2132.0,,2132.0,,2132.0,,2132.0,
NIT,National Institute of Technology Sikkim,"Electrical and Electronics Engineering (4 Years, Bachelor of Technology)",HS,Female-only (including Supernumerary),492523.0,,492523.0,,492523.0,,492523.0,,492523.0,,492523.0,,,,,,,,,,,,,,390856.0,,,,,,,,,,,,,,,,,,,,,,,,,,,,,,,,,,,
NIT,National Institute of Technology Sikkim,"Electrical and Electronics Engineering (4 Years, Bachelor of Technology)",HS,Gender-Neutral,458586.0,,514742.0,,514742.0,,514742.0,,514742.0,,514742.0,,,,,,,,,,,,,,195516.0,,396093.0,,476722.0,,476722.0,,476722.0,,476722.0,,40691.0,,,,,,,,,,,,10605.0,,14424.0,,14424.0,,14424.0,,14424.0,,14424.0,
NIT,National Institute of Technology Sikkim,"Electrical and Electronics Engineering (4 Years, Bachelor of Technology)",OS,Female-only (including Supernumerary),50549.0,,50549.0,,50549.0,,50549.0,,50549.0,,57003.0,,,,,,,,,,,,,,19146.0,,19146.0,,19146.0,,19146.0,,22520.0,,23376.0,,7995.0,,7995.0,,7995.0,,7995.0,,7995.0,,7995.0,,,,,,,,,,,,,
NIT,National Institute of Technology Sikkim,"Electrical and Electronics Engineering (4 Years, Bachelor of Technology)",OS,Gender-Neutral,35180.0,,38536.0,,39534.0,,40133.0,,41191.0,,43501.0,,,,,,,,,,,,,,11452.0,718.0,11933.0,970.0,11933.0,1288.0,11933.0,1523.0,12526.0,1523.0,12767.0,1523.0,6053.0,,6881.0,,6881.0,,6881.0,,6881.0,,6955.0,,2118.0,,2742.0,,2742.0,,2742.0,,2742.0,,2742.0,
NIT,National Institute of Technology Sikkim,"Electronics and Communication Engineering (4 Years, Bachelor of Technology)",HS,Female-only (including Supernumerary),246353.0,,364930.0,,364930.0,,364930.0,,364930.0,,364930.0,,,,,,,,,,,,,,303584.0,,303584.0,,303584.0,,303584.0,,303584.0,,303584.0,,,,,,,,,,,,,,,,,,,,,,,,,
NIT,National Institute of Technology Sikkim,"Electronics and Communication Engineering (4 Years, Bachelor of Technology)",HS,Gender-Neutral,364930.0,,415454.0,,415454.0,,415454.0,,415454.0,,415454.0,,,,,,,,,,,,,,149706.0,,344903.0,,172832.0,,172832.0,,172832.0,,172832.0,,32644.0,,51111.0,,51111.0,,51111.0,,51111.0,,51111.0,,13881.0,,13881.0,,13881.0,,13881.0,,13881.0,,13881.0,
NIT,National Institute of Technology Sikkim,"Electronics and Communication Engineering (4 Years, Bachelor of Technology)",OS,Female-only (including Supernumerary),39506.0,,48511.0,,48511.0,,48511.0,,48511.0,,48511.0,,,,,,,,,,,,,,18335.0,,18335.0,,18335.0,,18335.0,,18335.0,,18335.0,,7473.0,,7473.0,,7473.0,,7473.0,,7473.0,,7473.0,,,,,,,,,,,,,
NIT,National Institute of Technology Sikkim,"Electronics and Communication Engineering (4 Years, Bachelor of Technology)",OS,Gender-Neutral,31018.0,,35024.0,,35024.0,,35024.0,,35535.0,,36705.0,,,,,,,,,,,,,,9634.0,643.0,10505.0,966.0,10505.0,966.0,10505.0,966.0,10505.0,966.0,11076.0,966.0,5307.0,,5780.0,,5780.0,,5780.0,,5780.0,,6153.0,,2695.0,,2695.0,,2695.0,,2695.0,,2695.0,,2695.0,
NIT,National Institute of Technology Sikkim,"Mechanical Engineering (4 Years, Bachelor of Technology)",HS,Female-only (including Supernumerary),338000.0,,338000.0,,338000.0,,338000.0,,338000.0,,338000.0,,,,,,,,,,,,,,,,,,,,,,,,,,,,,,,,,,,,,,14918.0,,20617.0,,20617.0,,20617.0,,20617.0,,40002.0,
NIT,National Institute of Technology Sikkim,"Mechanical Engineering (4 Years, Bachelor of Technology)",HS,Gender-Neutral,504723.0,,598816.0,,626461.0,,626461.0,,626461.0,,626461.0,,,,,,,,,,,,,,331218.0,,460472.0,,,,,,,,,,56381.0,,118383.0,,118383.0,,118383.0,,118383.0,,118383.0,,14424.0,,20323.0,,26390.0,,26390.0,,26390.0,,26390.0,
NIT,National Institute of Technology Sikkim,"Mechanical Engineering (4 Years, Bachelor of Technology)",OS,Female-only (including Supernumerary),54848.0,,57542.0,,58351.0,,58351.0,,59372.0,,64100.0,,,,,,,,,,,,,,20312.0,,22589.0,,22589.0,,22589.0,,22589.0,,24074.0,,,,,,,,,,,,,,,,,,,,,,,,,
NIT,National Institute of Technology Sikkim,"Mechanical Engineering (4 Years, Bachelor of Technology)",OS,Gender-Neutral,39937.0,,43501.0,,45364.0,,45405.0,,45924.0,,49151.0,,,,,,,,,,,,,,12526.0,,14195.0,,14195.0,,14638.0,,14638.0,,15295.0,,6579.0,,6579.0,,6579.0,,6894.0,,6894.0,,6894.0,,2245.0,,3011.0,,3011.0,,3011.0,,3011.0,,3011.0,
NIT,"National Institute of Technology, Andhra Pradesh","Bio Technology (4 Years, Bachelor of Technology)",HS,Female-only (including Supernumerary),60190.0,,63833.0,,63833.0,,63833.0,,65082.0,,69035.0,,,,,,,,,,,,,,20598.0,,20876.0,,20876.0,,20876.0,,20876.0,,23672.0,,,,,,,,,,,,,,,,,,,,,,,,,
NIT,"National Institute of Technology, Andhra Pradesh","Bio Technology (4 Years, Bachelor of Technology)",HS,Gender-Neutral,54603.0,,59230.0,,59363.0,,59363.0,,60161.0,,61356.0,,7743.0,,8386.0,,8524.0,,8524.0,,8668.0,,9079.0,,17681.0,,18524.0,,19248.0,,19248.0,,19248.0,,20258.0,,8751.0,,9390.0,,9866.0,,9866.0,,9866.0,,9866.0,,2836.0,,3294.0,,3709.0,,3709.0,,3709.0,,3709.0,
NIT,"National Institute of Technology, Andhra Pradesh","Bio Technology (4 Years, Bachelor of Technology)",OS,Female-only (including Supernumerary),36464.0,,36464.0,,50922.0,,50922.0,,50922.0,,50922.0,,8987.0,,9385.0,,9385.0,,9385.0,,9385.0,,10755.0,,13133.0,,15080.0,,19631.0,,19631.0,,19631.0,,20932.0,,,,,,,,,,,,,,,,,,,,,,,,,
NIT,"National Institute of Technology, Andhra Pradesh","Bio Technology (4 Years, Bachelor of Technology)",OS,Gender-Neutral,38938.0,,47515.0,,50060.0,,50646.0,,51667.0,,53898.0,,6646.0,,7433.0,,7555.0,,7875.0,,7875.0,,8059.0,,14191.0,698.0,16297.0,698.0,17223.0,698.0,17282.0,698.0,18150.0,698.0,18297.0,698.0,5571.0,,7864.0,,8173.0,,8173.0,,8173.0,,8173.0,,2809.0,,2887.0,,2887.0,,2887.0,,2887.0,,2887.0,
NIT,"National Institute of Technology, Andhra Pradesh","Chemical Engineering (4 Years, Bachelor of Technology)",HS,Female-only (including Supernumerary),49343.0,,50537.0,,50537.0,,50537.0,,55960.0,,55960.0,,8322.0,,8322.0,,8322.0,,8322.0,,8322.0,,8708.0,,16136.0,,19966.0,,19966.0,,19966.0,,19966.0,,20930.0,,,,,,,,,,,,,,,,,,,,,,,,,
NIT,"National Institute of Technology, Andhra Pradesh","Chemical Engineering (4 Years, Bachelor of Technology)",HS,Gender-Neutral,43409.0,1469.0,49439.0,1549.0,49439.0,1549.0,49439.0,1549.0,50671.0,1549.0,55070.0,1549.0,7099.0,,7099.0,,7099.0,,7099.0,,7630.0,,8341.0,,15956.0,,17208.0,,17900.0,,17900.0,,17900.0,,18478.0,,8056.0,,8111.0,,8111.0,,8111.0,,8111.0,,8111.0,,2368.0,,2368.0,,2368.0,,2368.0,,2368.0,,2368.0,
NIT,"National Institute of Technology, Andhra Pradesh","Chemical Engineering (4 Years, Bachelor of Technology)",OS,Female-only (including Supernumerary),46905.0,,45825.0,,45825.0,,45825.0,,45825.0,,53838.0,,7251.0,,7251.0,,7251.0,,7251.0,,7251.0,,7927.0,,15129.0,,18629.0,,19839.0,,19839.0,,19839.0,,19839.0,,,,,,,,,,,,,,,,,,,,,,,,,
NIT,"National Institute of Technology, Andhra Pradesh","Chemical Engineering (4 Years, Bachelor of Technology)",OS,Gender-Neutral,38453.0,,40629.0,,40629.0,,40629.0,,41084.0,,45191.0,,6237.0,,6237.0,,6237.0,,6237.0,,6237.0,,6518.0,,13555.0,,15324.0,,15324.0,,15324.0,,15324.0,,15943.0,,6464.0,,6833.0,,7190.0,,7190.0,,7190.0,,7190.0,,2541.0,,2797.0,,2797.0,,2797.0,,2867.0,,2867.0,
NIT,"National Institute of Technology, Andhra Pradesh","Civil Engineering (4 Years, Bachelor of Technology)",HS,Female-only (including Supernumerary),57864.0,,63151.0,,63151.0,,63151.0,,64084.0,,65156.0,,9041.0,,9041.0,,9041.0,,9041.0,,9311.0,,9485.0,,17913.0,,20977.0,,20977.0,,20977.0,,20977.0,,20977.0,,8822.0,,8822.0,,8822.0,,8822.0,,8822.0,,8822.0,,,,,,,,,,,,,
NIT,"National Institute of Technology, Andhra Pradesh","Civil Engineering (4 Years, Bachelor of Technology)",HS,Gender-Neutral,46774.0,,49304.0,,49732.0,,51258.0,,51258.0,,53333.0,,6703.0,,7149.0,,7177.0,,7284.0,,7284.0,,7728.0,,16384.0,,17333.0,,18058.0,,18058.0,,18058.0,,18473.0,,6773.0,,6773.0,,6773.0,,6773.0,,6773.0,,6773.0,,3133.0,,3380.0,,3632.0,,3632.0,,3632.0,,3632.0,
NIT,"National Institute of Technology, Andhra Pradesh","Civil Engineering (4 Years, Bachelor of Technology)",OS,Female-only (including Supernumerary),50203.0,,54241.0,,55035.0,,55035.0,,55035.0,,61534.0,,8654.0,,8654.0,,8654.0,,8654.0,,8654.0,,8966.0,,15765.0,,18996.0,,18996.0,,18996.0,,18996.0,,19494.0,,6612.0,,8427.0,,8427.0,,9400.0,,9400.0,,9400.0,,,,,,,,,,,,,
NIT,"National Institute of Technology, Andhra Pradesh","Civil Engineering (4 Years, Bachelor of Technology)",OS,Gender-Neutral,42596.0,1597.0,47606.0,1597.0,49007.0,1597.0,49220.0,1597.0,49309.0,1597.0,52976.0,1597.0,6166.0,,6859.0,,7089.0,,7089.0,,7311.0,,7490.0,,14452.0,684.0,15865.0,684.0,16261.0,684.0,16261.0,684.0,16261.0,684.0,16779.0,684.0,7113.0,,7954.0,,7954.0,,7954.0,,7954.0,,7954.0,,2008.0,,2377.0,,2377.0,,2377.0,,2377.0,,2377.0,
NIT,"National Institute of Technology, Andhra Pradesh","Computer Science and Engineering (4 Years, Bachelor of Technology)",HS,Female-only (including Supernumerary),19173.0,,19173.0,,19173.0,,19173.0,,19173.0,,19173.0,,2870.0,,3906.0,,3906.0,,3906.0,,3906.0,,3906.0,,7736.0,,7736.0,,7736.0,,7736.0,,7736.0,,8556.0,,3188.0,,3188.0,,3188.0,,3188.0,,3188.0,,3188.0,,1545.0,,1545.0,,1545.0,,1545.0,,1545.0,,1545.0,
NIT,"National Institute of Technology, Andhra Pradesh","Computer Science and Engineering (4 Years, Bachelor of Technology)",HS,Gender-Neutral,17114.0,276.0,17309.0,276.0,17309.0,276.0,17309.0,276.0,17309.0,276.0,17349.0,276.0,2321.0,73.0,2349.0,73.0,2349.0,73.0,2349.0,73.0,2349.0,73.0,2417.0,73.0,6630.0,,6789.0,,6789.0,,6789.0,,6789.0,,6789.0,,2762.0,,3397.0,,3397.0,,3397.0,,3397.0,,3397.0,,1500.0,,1500.0,,1500.0,,1500.0,,1500.0,,1500.0,
NIT,"National Institute of Technology, Andhra Pradesh","Computer Science and Engineering (4 Years, Bachelor of Technology)",OS,Female-only (including Supernumerary),27253.0,,28030.0,,28030.0,,28030.0,,28030.0,,29374.0,,3829.0,,4014.0,,4014.0,,4014.0,,4014.0,,4158.0,,8539.0,,8815.0,,10251.0,,10251.0,,10251.0,,10251.0,,4542.0,,5689.0,,5689.0,,5689.0,,5689.0,,5689.0,,1407.0,,1407.0,,1407.0,,1407.0,,1407.0,,1407.0,
NIT,"National Institute of Technology, Andhra Pradesh","Computer Science and Engineering (4 Years, Bachelor of Technology)",OS,Gender-Neutral,16537.0,432.0,17040.0,432.0,17040.0,432.0,17040.0,432.0,17102.0,432.0,18183.0,432.0,2444.0,,2480.0,,2480.0,,2480.0,,2722.0,,3005.0,,5741.0,218.0,5741.0,218.0,5741.0,218.0,5741.0,218.0,5794.0,218.0,5921.0,218.0,3105.0,62.0,3105.0,62.0,3153.0,62.0,3153.0,62.0,3153.0,62.0,3153.0,62.0,1206.0,,1206.0,,1206.0,,1206.0,,1206.0,,1206.0,
NIT,"National Institute of Technology, Andhra Pradesh","Electrical and Electronics Engineering (4 Years, Bachelor of Technology)",HS,Female-only (including Supernumerary),43479.0,,44908.0,,46958.0,,46958.0,,46958.0,,46958.0,,6235.0,,6742.0,,6742.0,,6742.0,,6742.0,,6742.0,,12652.0,,16172.0,,16172.0,,16172.0,,16172.0,,16172.0,,5577.0,,7296.0,,7296.0,,7296.0,,7296.0,,7296.0,,2891.0,,2891.0,,2891.0,,2891.0,,2891.0,,2891.0,
NIT,"National Institute of Technology, Andhra Pradesh","Electrical and Electronics Engineering (4 Years, Bachelor of Technology)",HS,Gender-Neutral,33006.0,1173.0,34219.0,1173.0,34219.0,1173.0,34219.0,1173.0,34219.0,1173.0,39438.0,1173.0,4885.0,153.0,5072.0,153.0,5072.0,153.0,5072.0,153.0,5072.0,153.0,5632.0,153.0,11339.0,,12092.0,,12092.0,,12092.0,,12313.0,,13103.0,,6060.0,,6510.0,,6510.0,,6510.0,,6510.0,,6510.0,,1969.0,,2836.0,,2836.0,,2836.0,,2836.0,,2836.0,
NIT,"National Institute of Technology, Andhra Pradesh","Electrical and Electronics Engineering (4 Years, Bachelor of Technology)",OS,Female-only (including Supernumerary),40146.0,,42229.0,,44002.0,,44002.0,,44002.0,,46905.0,,5890.0,,6658.0,,6658.0,,6658.0,,6658.0,,6658.0,,13445.0,,15500.0,,15500.0,,15500.0,,15500.0,,15765.0,,6331.0,,6331.0,,6331.0,,6331.0,,6331.0,,6331.0,,2280.0,,2280.0,,2280.0,,2280.0,,2400.0,,2400.0,
NIT,"National Institute of Technology, Andhra Pradesh","Electrical and Electronics Engineering (4 Years, Bachelor of Technology)",OS,Gender-Neutral,29595.0,965.0,32174.0,965.0,32174.0,965.0,32174.0,965.0,32678.0,965.0,34448.0,965.0,4632.0,,5036.0,,5577.0,,5577.0,,5650.0,,5650.0,,10155.0,646.0,10929.0,646.0,10929.0,646.0,10929.0,646.0,11252.0,646.0,11660.0,646.0,5062.0,,6146.0,,6146.0,,6146.0,,6146.0,,6146.0,,1787.0,113.0,1816.0,,1816.0,,1816.0,,1816.0,,1816.0,
NIT,"National Institute of Technology, Andhra Pradesh","Electronics and Communication Engineering (4 Years, Bachelor of Technology)",HS,Female-only (including Supernumerary),32051.0,,34411.0,,34411.0,,34411.0,,34411.0,,34411.0,,4919.0,,4919.0,,4919.0,,4919.0,,4919.0,,4919.0,,11213.0,,12652.0,,12652.0,,12652.0,,12652.0,,12652.0,,4457.0,,5577.0,,5577.0,,5577.0,,5577.0,,5577.0,,2881.0,,2881.0,,2881.0,,2881.0,,2881.0,,2881.0,
NIT,"National Institute of Technology, Andhra Pradesh","Electronics and Communication Engineering (4 Years, Bachelor of Technology)",HS,Gender-Neutral,25487.0,463.0,26273.0,463.0,26273.0,463.0,26273.0,463.0,26273.0,463.0,26754.0,463.0,3587.0,,3601.0,,3601.0,,3601.0,,3601.0,,3860.0,,8391.0,190.0,8916.0,190.0,8916.0,190.0,8989.0,190.0,8989.0,190.0,9224.0,190.0,4529.0,,4603.0,,4603.0,,4603.0,,4603.0,,4603.0,,1879.0,29.0,1879.0,29.0,1879.0,29.0,1879.0,29.0,1879.0,29.0,1879.0,29.0
NIT,"National Institute of Technology, Andhra Pradesh","Electronics and Communication Engineering (4 Years, Bachelor of Technology)",OS,Female-only (including Supernumerary),34012.0,,37318.0,,39100.0,,39100.0,,39100.0,,39100.0,,5359.0,,5890.0,,5890.0,,5890.0,,5890.0,,5890.0,,11292.0,,11796.0,,11796.0,,11796.0,,11796.0,,11796.0,,4866.0,,5242.0,,5242.0,,5242.0,,5242.0,,5242.0,,1682.0,,1682.0,,1682.0,,1682.0,,2280.0,,2280.0,
NIT,"National Institute of Technology, Andhra Pradesh","Electronics and Communication Engineering (4 Years, Bachelor of Technology)",OS,Gender-Neutral,23732.0,615.0,25083.0,615.0,25278.0,615.0,25278.0,615.0,25278.0,615.0,26678.0,615.0,3943.0,,4157.0,,4157.0,,4157.0,,4157.0,,4198.0,,7400.0,,7918.0,,7918.0,,7918.0,,7918.0,,9205.0,,4131.0,,5081.0,,5081.0,,5081.0,,5081.0,,5081.0,,1591.0,,1787.0,,1787.0,,1787.0,,1787.0,,2008.0,
NIT,"National Institute of Technology, Andhra Pradesh","Mechanical Engineering (4 Years, Bachelor of Technology)",HS,Female-only (including Supernumerary),50537.0,,57864.0,,58964.0,,59444.0,,59444.0,,62838.0,,7259.0,,8348.0,,8909.0,,8909.0,,8909.0,,9049.0,,16075.0,,18620.0,,19990.0,,19990.0,,19990.0,,19990.0,,8032.0,,8032.0,,8032.0,,8032.0,,8032.0,,8032.0,,,,,,,,,,,,,
NIT,"National Institute of Technology, Andhra Pradesh","Mechanical Engineering (4 Years, Bachelor of Technology)",HS,Gender-Neutral,39188.0,1166.0,43406.0,1166.0,43546.0,1166.0,43546.0,1166.0,43546.0,1166.0,44846.0,1166.0,5665.0,,6176.0,,6176.0,,6176.0,,6176.0,,6703.0,,12177.0,,14353.0,,14353.0,,14353.0,,14355.0,,15647.0,,6835.0,222.0,6854.0,222.0,6854.0,222.0,6854.0,222.0,6854.0,222.0,6854.0,222.0,2754.0,,3317.0,,3380.0,,3380.0,,3380.0,,3380.0,
NIT,"National Institute of Technology, Andhra Pradesh","Mechanical Engineering (4 Years, Bachelor of Technology)",OS,Female-only (including Supernumerary),47207.0,,51537.0,,52078.0,,52078.0,,52078.0,,58812.0,,7268.0,,8763.0,,8763.0,,8763.0,,8763.0,,8763.0,,16408.0,,17683.0,,17683.0,,17683.0,,17683.0,,17683.0,,8442.0,,8442.0,,8442.0,,8442.0,,8442.0,,8442.0,,,,,,,,,,,,,
NIT,"National Institute of Technology, Andhra Pradesh","Mechanical Engineering (4 Years, Bachelor of Technology)",OS,Gender-Neutral,35218.0,,39173.0,,39173.0,,39999.0,,39999.0,,43912.0,,5650.0,,5778.0,,5778.0,,5778.0,,5848.0,,6611.0,,12259.0,630.0,13331.0,806.0,13331.0,806.0,13331.0,806.0,13331.0,806.0,14086.0,806.0,6083.0,,6470.0,,6894.0,,7104.0,,7104.0,,7104.0,,1816.0,,2380.0,,2766.0,,2766.0,,2766.0,,2817.0,
NIT,"National Institute of Technology, Andhra Pradesh","Metallurgical and Materials Engineering (4 Years, Bachelor of Technology)",HS,Female-only (including Supernumerary),59913.0,,62838.0,,66644.0,,66644.0,,67498.0,,67498.0,,8909.0,,9485.0,,9618.0,,9618.0,,10556.0,,11168.0,,18620.0,,20930.0,,20930.0,,20930.0,,20930.0,,22841.0,,,,,,,,,,,,,,,,,,,,,,,,,
NIT,"National Institute of Technology, Andhra Pradesh","Metallurgical and Materials Engineering (4 Years, Bachelor of Technology)",HS,Gender-Neutral,55175.0,1549.0,56816.0,1783.0,58912.0,1783.0,58912.0,1783.0,58912.0,1783.0,61466.0,1783.0,7796.0,,8004.0,,8668.0,,8668.0,,8718.0,,8935.0,,16879.0,,18681.0,,18681.0,,18681.0,,18681.0,,19254.0,,8237.0,,8739.0,,8739.0,,8739.0,,8739.0,,8739.0,,3135.0,,3632.0,,4033.0,,4033.0,,4033.0,,4033.0,
NIT,"National Institute of Technology, Andhra Pradesh","Metallurgical and Materials Engineering (4 Years, Bachelor of Technology)",OS,Female-only (including Supernumerary),42788.0,,42788.0,,42788.0,,42788.0,,42788.0,,42788.0,,,,,,,,,,,,,,14774.0,,14774.0,,14774.0,,14774.0,,14774.0,,21221.0,,9632.0,,10260.0,,10260.0,,10260.0,,10260.0,,10260.0,,,,,,,,,,,,,
NIT,"National Institute of Technology, Andhra Pradesh","Metallurgical and Materials Engineering (4 Years, Bachelor of Technology)",OS,Gender-Neutral,46158.0,,48135.0,,49482.0,,49482.0,,49482.0,,52304.0,,6705.0,,6904.0,,7350.0,,7350.0,,7350.0,,7875.0,,14368.0,,16708.0,,16832.0,,16832.0,,17304.0,,17472.0,,6930.0,,8323.0,,8323.0,,8323.0,,8323.0,,8428.0,,2995.0,,3104.0,,3104.0,,3104.0,,3104.0,,3104.0,
NIT,"National Institute of Technology, Jamshedpur","Civil Engineering (4 Years, Bachelor of Technology)",HS,Female-only (including Supernumerary),67115.0,,68605.0,,72247.0,,72247.0,,72247.0,,77436.0,,,,,,,,,,,,,,24476.0,,24779.0,,25274.0,,25274.0,,25274.0,,26608.0,,15789.0,,16491.0,,16491.0,,16491.0,,16491.0,,16491.0,,3495.0,,3495.0,,3495.0,,3495.0,,3495.0,,3495.0,
NIT,"National Institute of Technology, Jamshedpur","Civil Engineering (4 Years, Bachelor of Technology)",HS,Gender-Neutral,43248.0,2228.0,46275.0,2708.0,46275.0,2708.0,46275.0,2708.0,46275.0,2708.0,49446.0,2708.0,7899.0,,9294.0,,9294.0,,9294.0,,9294.0,,10051.0,,14746.0,,15879.0,,15879.0,,16754.0,,16908.0,,17341.0,,9307.0,,10216.0,,10216.0,,10216.0,,10216.0,,10216.0,,2309.0,,2309.0,,2309.0,,2309.0,,2309.0,,2309.0,
NIT,"National Institute of Technology, Jamshedpur","Civil Engineering (4 Years, Bachelor of Technology)",OS,Female-only (including Supernumerary),48111.0,,50540.0,,53076.0,,53180.0,,55216.0,,58662.0,,7454.0,,8338.0,,8338.0,,8338.0,,8338.0,,8851.0,,18300.0,1360.0,20092.0,1681.0,20092.0,1701.0,20092.0,1701.0,20092.0,1701.0,20859.0,1701.0,8789.0,,8989.0,,8989.0,,8989.0,,8989.0,,8989.0,,3031.0,,3031.0,,3282.0,,3282.0,,3282.0,,3282.0,
NIT,"National Institute of Technology, Jamshedpur","Civil Engineering (4 Years, Bachelor of Technology)",OS,Gender-Neutral,36989.0,928.0,38924.0,928.0,39064.0,928.0,39064.0,928.0,39064.0,928.0,40071.0,928.0,5423.0,,5853.0,,5979.0,,5979.0,,5979.0,,6176.0,,11628.0,,12473.0,,12473.0,,12681.0,,13024.0,,13680.0,,5768.0,,6262.0,,6262.0,,6262.0,,6262.0,,6262.0,,2027.0,,2446.0,,2446.0,,2446.0,,2446.0,,2446.0,
NIT,"National Institute of Technology, Jamshedpur","Computer Science and Engineering (4 Years, Bachelor of Technology)",HS,Female-only (including Supernumerary),17944.0,,19508.0,,19508.0,,19508.0,,19508.0,,21476.0,,3954.0,,3954.0,,3954.0,,3954.0,,3954.0,,3954.0,,8264.0,,8264.0,,8264.0,,8264.0,,8264.0,,8264.0,,3337.0,,4835.0,,4835.0,,4835.0,,4835.0,,4835.0,,1265.0,,1265.0,,1265.0,,1265.0,,1265.0,,1265.0,
NIT,"National Institute of Technology, Jamshedpur","Computer Science and Engineering (4 Years, Bachelor of Technology)",HS,Gender-Neutral,11058.0,493.0,11264.0,516.0,11264.0,516.0,11264.0,516.0,11264.0,516.0,11978.0,516.0,2272.0,,2288.0,,2288.0,,2288.0,,2288.0,,2288.0,,3917.0,262.0,4247.0,262.0,4247.0,262.0,4247.0,262.0,4247.0,262.0,4523.0,262.0,2249.0,,2249.0,,2249.0,,2249.0,,2249.0,,2249.0,,872.0,,872.0,,872.0,,872.0,,872.0,,872.0,
NIT,"National Institute of Technology, Jamshedpur","Computer Science and Engineering (4 Years, Bachelor of Technology)",OS,Female-only (including Supernumerary),15789.0,388.0,16847.0,388.0,16847.0,388.0,16847.0,388.0,16847.0,388.0,18219.0,388.0,2237.0,,2456.0,,2456.0,,2456.0,,2456.0,,2555.0,,5497.0,,6298.0,,6298.0,,6298.0,,6298.0,,6298.0,,3242.0,,3707.0,,3707.0,,3707.0,,3707.0,,3707.0,,1153.0,,1627.0,,1627.0,,1627.0,,1627.0,,1627.0,
NIT,"National Institute of Technology, Jamshedpur","Computer Science and Engineering (4 Years, Bachelor of Technology)",OS,Gender-Neutral,7855.0,294.0,8130.0,294.0,8130.0,294.0,8130.0,294.0,8203.0,294.0,8902.0,294.0,1074.0,53.0,1080.0,66.0,1080.0,66.0,1097.0,66.0,1206.0,66.0,1251.0,66.0,2767.0,114.0,2905.0,114.0,2905.0,114.0,2905.0,114.0,2905.0,114.0,3011.0,114.0,1677.0,,1830.0,,1830.0,,1830.0,,1830.0,,1836.0,,659.0,,672.0,,672.0,,672.0,,672.0,,672.0,
NIT,"National Institute of Technology, Jamshedpur","Electrical Engineering (4 Years, Bachelor of Technology)",HS,Female-only (including Supernumerary),39017.0,,39017.0,,39017.0,,39017.0,,39017.0,,40298.0,,5472.0,,5971.0,,5971.0,,5971.0,,5971.0,,5971.0,,12112.0,,13271.0,,13271.0,,13271.0,,15250.0,,15564.0,,5572.0,,5572.0,,5572.0,,5572.0,,5572.0,,5572.0,,,,,,,,,,,,,
NIT,"National Institute of Technology, Jamshedpur","Electrical Engineering (4 Years, Bachelor of Technology)",HS,Gender-Neutral,21288.0,1201.0,22001.0,1201.0,22001.0,1201.0,22001.0,1201.0,22001.0,1201.0,22552.0,1201.0,3404.0,,3404.0,,3404.0,,3404.0,,3404.0,,3404.0,,6771.0,1104.0,7737.0,1104.0,7737.0,1104.0,7737.0,1104.0,7737.0,1104.0,7854.0,1104.0,5680.0,,6053.0,,6053.0,,6053.0,,6053.0,,6094.0,,1794.0,,1794.0,,1794.0,,1794.0,,1794.0,,1794.0,
NIT,"National Institute of Technology, Jamshedpur","Electrical Engineering (4 Years, Bachelor of Technology)",OS,Female-only (including Supernumerary),28229.0,,30963.0,,30963.0,,30963.0,,30963.0,,31488.0,,4546.0,267.0,4635.0,267.0,4635.0,267.0,4635.0,267.0,4635.0,267.0,4635.0,267.0,12451.0,,13320.0,,13320.0,,13320.0,,13320.0,,13320.0,,5914.0,,5914.0,,5914.0,,5914.0,,5914.0,,5914.0,,,,,,,,,,,,,
NIT,"National Institute of Technology, Jamshedpur","Electrical Engineering (4 Years, Bachelor of Technology)",OS,Gender-Neutral,16641.0,275.0,17550.0,275.0,17550.0,275.0,17550.0,275.0,17601.0,275.0,18345.0,275.0,2373.0,,2439.0,,2439.0,,2439.0,,2494.0,,2797.0,,5550.0,539.0,5986.0,539.0,5986.0,539.0,5986.0,539.0,5986.0,539.0,6205.0,539.0,3352.0,272.0,3418.0,272.0,3418.0,272.0,3418.0,272.0,3418.0,272.0,3418.0,272.0,1782.0,,1838.0,,1838.0,,1838.0,,1838.0,,1998.0,
NIT,"National Institute of Technology, Jamshedpur","Electronics and Communication Engineering (4 Years, Bachelor of Technology)",HS,Female-only (including Supernumerary),28907.0,2890.0,33004.0,2890.0,33004.0,2890.0,33004.0,2890.0,33004.0,2890.0,34551.0,2890.0,4543.0,,5472.0,,5472.0,,5472.0,,5472.0,,5472.0,,9837.0,,9837.0,,9837.0,,9837.0,,9837.0,,11399.0,,4835.0,,6774.0,,6774.0,,6774.0,,6774.0,,6774.0,,1696.0,,1696.0,,1696.0,,1696.0,,1696.0,,1696.0,
NIT,"National Institute of Technology, Jamshedpur","Electronics and Communication Engineering (4 Years, Bachelor of Technology)",HS,Gender-Neutral,17137.0,,17264.0,,17264.0,,17411.0,,17411.0,,17746.0,,2670.0,,2670.0,,2670.0,,2670.0,,2670.0,,3027.0,,4888.0,748.0,4888.0,748.0,4920.0,748.0,4920.0,748.0,4920.0,748.0,4922.0,748.0,4102.0,,4197.0,,4197.0,,4197.0,,4197.0,,4197.0,,1343.0,,1394.0,,1394.0,,1394.0,,1394.0,,1394.0,
NIT,"National Institute of Technology, Jamshedpur","Electronics and Communication Engineering (4 Years, Bachelor of Technology)",OS,Female-only (including Supernumerary),22582.0,1078.0,22912.0,1164.0,22912.0,1164.0,22912.0,1164.0,24017.0,1164.0,25080.0,1164.0,3147.0,,3866.0,,3866.0,,3866.0,,3866.0,,3866.0,,7883.0,,10328.0,,10328.0,,10328.0,,10328.0,,10328.0,,4797.0,,5169.0,,5169.0,,5169.0,,5169.0,,5169.0,,2254.0,,2254.0,,2254.0,,2254.0,,2254.0,,2254.0,
NIT,"National Institute of Technology, Jamshedpur","Electronics and Communication Engineering (4 Years, Bachelor of Technology)",OS,Gender-Neutral,11364.0,,11586.0,,11586.0,,11586.0,,11586.0,,12868.0,,1553.0,151.0,1673.0,151.0,1673.0,151.0,1673.0,151.0,1673.0,151.0,1842.0,151.0,4353.0,292.0,4608.0,386.0,4608.0,390.0,4608.0,390.0,4608.0,390.0,4730.0,390.0,2605.0,219.0,2877.0,219.0,2877.0,219.0,2877.0,219.0,2877.0,219.0,2921.0,219.0,1175.0,,1175.0,,1175.0,,1175.0,,1175.0,,1398.0,
NIT,"National Institute of Technology, Jamshedpur","Engineering and Computational Mechanics (4 Years, Bachelor of Technology)",HS,Female-only (including Supernumerary),50133.0,,50133.0,,50133.0,,50133.0,,50133.0,,54116.0,,9267.0,,9267.0,,9267.0,,9267.0,,9267.0,,9267.0,,16074.0,,16074.0,,16074.0,,16074.0,,16074.0,,17540.0,,,,,,,,,,,,,,,,,,,,,,,,,
NIT,"National Institute of Technology, Jamshedpur","Engineering and Computational Mechanics (4 Years, Bachelor of Technology)",HS,Gender-Neutral,26546.0,1012.0,26546.0,1012.0,26546.0,1012.0,26546.0,1012.0,26546.0,1012.0,26546.0,1012.0,4249.0,,4249.0,,4249.0,,4249.0,,4249.0,,4249.0,,8234.0,,8422.0,,8422.0,,8422.0,,8422.0,,8422.0,,6966.0,,6966.0,,6966.0,,6966.0,,6966.0,,6966.0,,3092.0,,3092.0,,3092.0,,3092.0,,3092.0,,3092.0,
NIT,"National Institute of Technology, Jamshedpur","Engineering and Computational Mechanics (4 Years, Bachelor of Technology)",OS,Female-only (including Supernumerary),28128.0,,30680.0,,30680.0,,30680.0,,30680.0,,30680.0,,,,,,,,,,,,,,12755.0,,12961.0,,12961.0,,12961.0,,12961.0,,12961.0,,6652.0,,6652.0,,6652.0,,6652.0,,6652.0,,6652.0,,,,,,,,,,,,,
NIT,"National Institute of Technology, Jamshedpur","Engineering and Computational Mechanics (4 Years, Bachelor of Technology)",OS,Gender-Neutral,18698.0,,20025.0,,20025.0,,20025.0,,20025.0,,21317.0,,2549.0,,2764.0,,2764.0,,2764.0,,2764.0,,3023.0,,5832.0,,5842.0,,5842.0,,5842.0,,5842.0,,5842.0,,3870.0,,3902.0,,3902.0,,3902.0,,3902.0,,3902.0,,1872.0,,1872.0,,1872.0,,1872.0,,1872.0,,2135.0,
NIT,"National Institute of Technology, Jamshedpur","Mechanical Engineering (4 Years, Bachelor of Technology)",HS,Female-only (including Supernumerary),53114.0,,59944.0,,60346.0,,60346.0,,61890.0,,61890.0,,7560.0,,15233.0,,15233.0,,15233.0,,15233.0,,15233.0,,18042.0,,18716.0,,18984.0,,18984.0,,23224.0,,23224.0,,11877.0,,11877.0,,11877.0,,11877.0,,11877.0,,11877.0,,4141.0,,4141.0,,4141.0,,4141.0,,4141.0,,4141.0,
NIT,"National Institute of Technology, Jamshedpur","Mechanical Engineering (4 Years, Bachelor of Technology)",HS,Gender-Neutral,32236.0,,33105.0,,33105.0,,33105.0,,33156.0,,33156.0,,6482.0,,6505.0,,6505.0,,6505.0,,6505.0,,6505.0,,10880.0,1009.0,11241.0,1009.0,11241.0,1187.0,11241.0,1650.0,11354.0,1650.0,11452.0,1650.0,7815.0,,7815.0,,7815.0,,7815.0,,7815.0,,7815.0,,2241.0,,2241.0,,2241.0,,2241.0,,2241.0,,2241.0,
NIT,"National Institute of Technology, Jamshedpur","Mechanical Engineering (4 Years, Bachelor of Technology)",OS,Female-only (including Supernumerary),41040.0,,45371.0,,47903.0,,48111.0,,48111.0,,48217.0,,6036.0,,6678.0,,6943.0,,7306.0,,7306.0,,7441.0,,16180.0,,18232.0,,18232.0,,18232.0,,18232.0,,19626.0,,8091.0,,8471.0,,8471.0,,8471.0,,8471.0,,8471.0,,3282.0,,3282.0,,4206.0,,4206.0,,4206.0,,4206.0,
NIT,"National Institute of Technology, Jamshedpur","Mechanical Engineering (4 Years, Bachelor of Technology)",OS,Gender-Neutral,24397.0,1148.0,25728.0,1148.0,25942.0,1148.0,25942.0,1148.0,26024.0,1148.0,28545.0,1148.0,3682.0,,3876.0,,3900.0,,3900.0,,3900.0,,4354.0,,8727.0,683.0,8988.0,1224.0,9186.0,1335.0,9206.0,1415.0,9206.0,1415.0,9397.0,1415.0,4865.0,,5044.0,,5044.0,,5044.0,,5044.0,,5044.0,,2054.0,,2353.0,,2353.0,,2353.0,,2353.0,,2353.0,
NIT,"National Institute of Technology, Jamshedpur","Metallurgical and Materials Engineering (4 Years, Bachelor of Technology)",HS,Female-only (including Supernumerary),70329.0,,72247.0,,73069.0,,73069.0,,73069.0,,73069.0,,13469.0,,13469.0,,13469.0,,13469.0,,13469.0,,13469.0,,22549.0,,23691.0,,24476.0,,24476.0,,27778.0,,27778.0,,14329.0,,14329.0,,14329.0,,14329.0,,14329.0,,14329.0,,3216.0,,4481.0,,4481.0,,4481.0,,4481.0,,4481.0,
NIT,"National Institute of Technology, Jamshedpur","Metallurgical and Materials Engineering (4 Years, Bachelor of Technology)",HS,Gender-Neutral,46063.0,3908.0,47333.0,3908.0,47333.0,3908.0,47333.0,,47333.0,,48995.0,,7739.0,,9595.0,,9595.0,,9595.0,,9595.0,,9595.0,,15561.0,,16246.0,,16908.0,,16908.0,,17341.0,,18091.0,,10216.0,,10869.0,,11197.0,,11197.0,,11197.0,,11197.0,,2650.0,,2650.0,,2650.0,,2650.0,,2650.0,,2650.0,
NIT,"National Institute of Technology, Jamshedpur","Metallurgical and Materials Engineering (4 Years, Bachelor of Technology)",OS,Female-only (including Supernumerary),49692.0,,51556.0,,54455.0,,54567.0,,54567.0,,54567.0,,,,,,,,,,,,,,19975.0,,21506.0,,21506.0,,21506.0,,21506.0,,22503.0,,9097.0,,10762.0,,10762.0,,10774.0,,10774.0,,10774.0,,3885.0,,3885.0,,3885.0,,3885.0,,3885.0,,3885.0,
NIT,"National Institute of Technology, Jamshedpur","Metallurgical and Materials Engineering (4 Years, Bachelor of Technology)",OS,Gender-Neutral,40443.0,,42215.0,,43082.0,,43118.0,,43202.0,,45058.0,,6024.0,284.0,6181.0,437.0,6529.0,,6529.0,,6529.0,,6712.0,,13448.0,,14037.0,,14243.0,,14243.0,,14243.0,,15749.0,,7162.0,,7530.0,,7623.0,,7623.0,,7623.0,,7724.0,,2669.0,,2669.0,,2669.0,,2669.0,,2669.0,,2697.0,
NIT,"National Institute of Technology, Jamshedpur","Production and Industrial Engineering (4 Years, Bachelor of Technology)",HS,Female-only (including Supernumerary),70969.0,,76814.0,,79263.0,,82940.0,,82940.0,,82940.0,,17378.0,,17378.0,,17378.0,,17378.0,,17378.0,,17378.0,,23691.0,,25648.0,,26827.0,,26827.0,,26827.0,,28577.0,,15083.0,,15083.0,,15083.0,,15083.0,,15083.0,,15083.0,,,,,,,,,,,,,
NIT,"National Institute of Technology, Jamshedpur","Production and Industrial Engineering (4 Years, Bachelor of Technology)",HS,Gender-Neutral,50896.0,,51697.0,,51697.0,,51697.0,,51697.0,,56066.0,,8996.0,,9726.0,,9726.0,,9726.0,,9726.0,,10034.0,,15931.0,1687.0,17491.0,1687.0,18091.0,1687.0,18091.0,1687.0,18245.0,1687.0,18969.0,1687.0,11437.0,,11723.0,,11814.0,,11814.0,,11814.0,,11814.0,,3379.0,,3379.0,,3379.0,,3379.0,,3379.0,,3379.0,
NIT,"National Institute of Technology, Jamshedpur","Production and Industrial Engineering (4 Years, Bachelor of Technology)",OS,Female-only (including Supernumerary),49861.0,,53135.0,,55082.0,,57003.0,,57003.0,,58798.0,,7306.0,,8605.0,,8605.0,,8605.0,,8605.0,,8626.0,,16533.0,,20456.0,,21273.0,,21273.0,,21273.0,,22196.0,,9580.0,,10614.0,,10898.0,,11048.0,,11048.0,,11048.0,,,,,,,,,,,,,
NIT,"National Institute of Technology, Jamshedpur","Production and Industrial Engineering (4 Years, Bachelor of Technology)",OS,Gender-Neutral,37370.0,1950.0,39557.0,2482.0,39557.0,2482.0,39557.0,2482.0,39824.0,2482.0,43754.0,2482.0,5327.0,,6305.0,,6342.0,,6342.0,,6342.0,,6376.0,,13237.0,,13558.0,,13685.0,,13728.0,,13772.0,,14357.0,,6653.0,,6952.0,,7172.0,,7172.0,,7172.0,,7521.0,,2559.0,,2697.0,,2697.0,,2697.0,,2697.0,,3103.0,
NIT,"National Institute of Technology, Kurukshetra","Architecture (5 Years, Bachelor of Architecture)",HS,Female-only (including Supernumerary),1201.0,,1326.0,,1326.0,,1326.0,,1326.0,,1326.0,,,,,,,,,,,,,,567.0,,567.0,,934.0,,934.0,,934.0,,934.0,,192.0,,192.0,,192.0,,192.0,,192.0,,192.0,,,,,,,,,,,,,
NIT,"National Institute of Technology, Kurukshetra","Architecture (5 Years, Bachelor of Architecture)",HS,Gender-Neutral,1497.0,,1793.0,,2091.0,,2102.0,,2110.0,,2110.0,,279.0,,319.0,,319.0,,319.0,,319.0,,319.0,,1190.0,,1533.0,,1805.0,,2003.0,,2604.0,,2728.0,,201.0,,264.0,,264.0,,264.0,,264.0,,264.0,,506.0,,506.0,,506.0,,506.0,,506.0,,506.0,
NIT,"National Institute of Technology, Kurukshetra","Architecture (5 Years, Bachelor of Architecture)",OS,Female-only (including Supernumerary),281.0,,281.0,,281.0,,281.0,,281.0,,281.0,,250.0,,350.0,,375.0,,394.0,,394.0,,394.0,,378.0,,502.0,,502.0,,502.0,,502.0,,502.0,,114.0,,114.0,,114.0,,114.0,,114.0,,114.0,,,,,,,,,,,,,
NIT,"National Institute of Technology, Kurukshetra","Architecture (5 Years, Bachelor of Architecture)",OS,Gender-Neutral,842.0,184.0,974.0,,974.0,,974.0,,1008.0,,1109.0,,78.0,,252.0,,321.0,,321.0,,321.0,,321.0,,475.0,,515.0,,538.0,,538.0,,538.0,,589.0,,180.0,,232.0,,269.0,,269.0,,269.0,,289.0,,87.0,,158.0,,171.0,,171.0,,171.0,,171.0,
NIT,"National Institute of Technology, Kurukshetra","Artificial Intelligence and Data Science (4 Years, Bachelor of Technology)",HS,Female-only (including Supernumerary),15964.0,,15964.0,,15964.0,,15964.0,,15964.0,,15964.0,,,,,,,,,,,,,,10741.0,,11250.0,,11250.0,,11250.0,,11250.0,,11250.0,,4078.0,,4078.0,,4078.0,,4078.0,,4078.0,,4078.0,,7287.0,,7287.0,,7287.0,,7287.0,,7287.0,,7287.0,
NIT,"National Institute of Technology, Kurukshetra","Artificial Intelligence and Data Science (4 Years, Bachelor of Technology)",HS,Gender-Neutral,11129.0,,11621.0,,11621.0,,11956.0,,11956.0,,12578.0,,1484.0,,1630.0,,1630.0,,1654.0,,1654.0,,1940.0,,4278.0,379.0,4628.0,606.0,4628.0,606.0,4628.0,606.0,4628.0,606.0,5067.0,606.0,2564.0,53.0,2598.0,53.0,2598.0,53.0,2598.0,53.0,2598.0,53.0,2598.0,53.0,2996.0,,2996.0,,2996.0,,2996.0,,2996.0,,2996.0,
NIT,"National Institute of Technology, Kurukshetra","Artificial Intelligence and Data Science (4 Years, Bachelor of Technology)",OS,Female-only (including Supernumerary),14422.0,,16341.0,,16341.0,,16341.0,,16518.0,,16768.0,,,,,,,,,,,,,,6400.0,,6400.0,,6400.0,,6400.0,,6400.0,,6400.0,,2324.0,,2324.0,,2324.0,,2324.0,,2324.0,,3389.0,,727.0,,727.0,,727.0,,727.0,,727.0,,727.0,
NIT,"National Institute of Technology, Kurukshetra","Artificial Intelligence and Data Science (4 Years, Bachelor of Technology)",OS,Gender-Neutral,7844.0,,8048.0,,8048.0,,8048.0,,8107.0,,8510.0,,1091.0,,1160.0,,1160.0,,1160.0,,1160.0,,1312.0,,3074.0,,3187.0,,3187.0,,3187.0,,3187.0,,3237.0,,1416.0,,1489.0,,1489.0,,1489.0,,1489.0,,1489.0,,781.0,,781.0,,781.0,,781.0,,781.0,,781.0,
NIT,"National Institute of Technology, Kurukshetra","Artificial Intelligence and Machine Learning (4 Years, Bachelor of Technology)",HS,Female-only (including Supernumerary),16221.0,,16221.0,,16221.0,,16221.0,,16221.0,,16221.0,,2909.0,,2909.0,,2909.0,,2909.0,,2909.0,,2909.0,,11678.0,,13236.0,,13236.0,,13236.0,,13364.0,,13364.0,,1577.0,,1577.0,,1577.0,,1577.0,,1577.0,,4877.0,,,,,,,,,,,,,
NIT,"National Institute of Technology, Kurukshetra","Artificial Intelligence and Machine Learning (4 Years, Bachelor of Technology)",HS,Gender-Neutral,10601.0,,10654.0,,10654.0,,10654.0,,10654.0,,12346.0,,1793.0,,1841.0,,1841.0,,1841.0,,1841.0,,1932.0,,4614.0,606.0,4614.0,,4614.0,,4614.0,,4614.0,,4614.0,,2335.0,,2564.0,,2564.0,,2564.0,,2564.0,,2564.0,,2499.0,,2499.0,,2499.0,,2499.0,,2499.0,,2499.0,
NIT,"National Institute of Technology, Kurukshetra","Artificial Intelligence and Machine Learning (4 Years, Bachelor of Technology)",OS,Female-only (including Supernumerary),13117.0,,14422.0,,14422.0,,14422.0,,16465.0,,16465.0,,,,,,,,,,,,,,6707.0,,6949.0,,6949.0,,6949.0,,6949.0,,7102.0,,2229.0,,3789.0,,3789.0,,3789.0,,3789.0,,3789.0,,1239.0,,1871.0,,1871.0,,1871.0,,1871.0,,1871.0,
NIT,"National Institute of Technology, Kurukshetra","Artificial Intelligence and Machine Learning (4 Years, Bachelor of Technology)",OS,Gender-Neutral,8048.0,321.0,8462.0,321.0,8462.0,321.0,8462.0,321.0,8521.0,321.0,9204.0,321.0,1200.0,,1200.0,,1200.0,,1200.0,,1227.0,,1331.0,,2850.0,,3196.0,,3196.0,,3196.0,,3196.0,,3278.0,,1264.0,,1526.0,,1526.0,,1526.0,,1526.0,,1526.0,,751.0,,751.0,,751.0,,751.0,,751.0,,751.0,
NIT,"National Institute of Technology, Kurukshetra","Civil Engineering (4 Years, Bachelor of Technology)",HS,Female-only (including Supernumerary),50993.0,,50993.0,,49720.0,,49720.0,,49720.0,,49720.0,,7964.0,,8667.0,,8667.0,,8667.0,,8667.0,,8667.0,,18278.0,,21224.0,,21224.0,,21224.0,,22799.0,,22799.0,,5427.0,,5427.0,,5427.0,,5427.0,,5427.0,,5427.0,,,,,,,,,,,,,
NIT,"National Institute of Technology, Kurukshetra","Civil Engineering (4 Years, Bachelor of Technology)",HS,Gender-Neutral,36317.0,,39551.0,,39551.0,,39551.0,,40126.0,,43064.0,,5629.0,,5900.0,,5900.0,,5900.0,,5978.0,,6687.0,,13675.0,,14031.0,,14510.0,,14510.0,,14510.0,,15505.0,,6154.0,,6234.0,,6234.0,,6234.0,,6234.0,,6234.0,,21484.0,,42009.0,,21484.0,,21484.0,,21484.0,,21484.0,
NIT,"National Institute of Technology, Kurukshetra","Civil Engineering (4 Years, Bachelor of Technology)",OS,Female-only (including Supernumerary),40960.0,,46724.0,,47998.0,,47998.0,,50540.0,,51765.0,,5769.0,,7454.0,,7465.0,,7465.0,,7465.0,,7605.0,,16187.0,,19214.0,,19214.0,,19311.0,,19311.0,,19700.0,,6376.0,,7849.0,,7849.0,,7849.0,,7849.0,,7849.0,,1344.0,,1344.0,,1344.0,,1344.0,,1344.0,,1344.0,
NIT,"National Institute of Technology, Kurukshetra","Civil Engineering (4 Years, Bachelor of Technology)",OS,Gender-Neutral,28862.0,924.0,34753.0,924.0,34922.0,924.0,34922.0,924.0,35049.0,924.0,36367.0,924.0,4443.0,229.0,5129.0,229.0,5129.0,229.0,5129.0,229.0,5129.0,229.0,5476.0,229.0,10357.0,,10605.0,,10966.0,,10966.0,,11085.0,,11628.0,,4562.0,,5172.0,,5179.0,,5179.0,,5179.0,,5294.0,,954.0,,1255.0,,1255.0,,1255.0,,1255.0,,1255.0,
NIT,"National Institute of Technology, Kurukshetra","Civil Engineering (5 Years, Bachelor and Master of Technology (Dual Degree))",HS,Female-only (including Supernumerary),52199.0,,52199.0,,60389.0,,60389.0,,60389.0,,60389.0,,,,,,,,,,,,,,,,,,,,,,,,,,,,,,,,,,,,,,,,,,,,,,,,,
NIT,"National Institute of Technology, Kurukshetra","Civil Engineering (5 Years, Bachelor and Master of Technology (Dual Degree))",HS,Gender-Neutral,36613.0,,41134.0,,41134.0,,41134.0,,41134.0,,49120.0,,,,,,,,,,,,,,15060.0,,15885.0,,15885.0,,15885.0,,15885.0,,15885.0,,7625.0,,7625.0,,7625.0,,7625.0,,7625.0,,7625.0,,19552.0,,19552.0,,19552.0,,19552.0,,19552.0,,19552.0,
NIT,"National Institute of Technology, Kurukshetra","Civil Engineering (5 Years, Bachelor and Master of Technology (Dual Degree))",OS,Female-only (including Supernumerary),46438.0,,49137.0,,51765.0,,51765.0,,51765.0,,59458.0,,,,,,,,,,,,,,,,,,,,,,,,,,,,,,,,,,,,,,,,,,,,,,,,,
NIT,"National Institute of Technology, Kurukshetra","Civil Engineering (5 Years, Bachelor and Master of Technology (Dual Degree))",OS,Gender-Neutral,35469.0,,36067.0,,36067.0,,36067.0,,36067.0,,38018.0,,4926.0,,5421.0,,5421.0,,5421.0,,5421.0,,5546.0,,12175.0,,12924.0,,12924.0,,12924.0,,12924.0,,12924.0,,4829.0,,5294.0,,5294.0,,5294.0,,5294.0,,5302.0,,,,,,,,,,,,,
NIT,"National Institute of Technology, Kurukshetra","Computer Science and Engineering (4 Years, Bachelor of Technology)",HS,Female-only (including Supernumerary),12130.0,,12218.0,,12218.0,,12218.0,,12218.0,,12218.0,,2427.0,,2427.0,,2427.0,,2427.0,,2427.0,,2427.0,,6549.0,,6549.0,,6549.0,,6549.0,,6724.0,,6724.0,,2573.0,,2573.0,,2573.0,,2573.0,,2573.0,,2573.0,,1353.0,,1353.0,,1353.0,,1353.0,,1353.0,,1353.0,
NIT,"National Institute of Technology, Kurukshetra","Computer Science and Engineering (4 Years, Bachelor of Technology)",HS,Gender-Neutral,7993.0,60.0,8198.0,60.0,8198.0,60.0,8198.0,60.0,8198.0,60.0,8484.0,60.0,1298.0,,1298.0,,1298.0,,1298.0,,1298.0,,1372.0,,2982.0,301.0,2982.0,301.0,2982.0,301.0,2982.0,301.0,3005.0,301.0,3005.0,301.0,1599.0,,1599.0,,1599.0,,1599.0,,1599.0,,1600.0,,1406.0,,1406.0,,1406.0,,1406.0,,1406.0,,1406.0,
NIT,"National Institute of Technology, Kurukshetra","Computer Science and Engineering (4 Years, Bachelor of Technology)",OS,Female-only (including Supernumerary),11075.0,,11578.0,,11578.0,,11578.0,,11578.0,,11578.0,,2154.0,,2154.0,,2154.0,,2154.0,,2154.0,,2154.0,,4563.0,271.0,4563.0,271.0,4563.0,271.0,4563.0,271.0,4563.0,271.0,4563.0,271.0,2159.0,,2229.0,,2229.0,,2229.0,,2229.0,,2324.0,,860.0,,860.0,,860.0,,860.0,,860.0,,860.0,
NIT,"National Institute of Technology, Kurukshetra","Computer Science and Engineering (4 Years, Bachelor of Technology)",OS,Gender-Neutral,6268.0,93.0,6366.0,93.0,6490.0,93.0,6490.0,93.0,6562.0,93.0,7037.0,93.0,779.0,35.0,893.0,35.0,893.0,35.0,893.0,35.0,893.0,35.0,923.0,35.0,2318.0,,2532.0,,2532.0,,2532.0,,2538.0,,2600.0,,1174.0,,1264.0,,1264.0,,1264.0,,1264.0,,1294.0,,463.0,,463.0,,463.0,,463.0,,463.0,,463.0,
NIT,"National Institute of Technology, Kurukshetra","Computer Science and Engineering (5 Years, Bachelor and Master of Technology (Dual Degree))",HS,Female-only (including Supernumerary),,,,,,,,,,,,,,,,,,,,,,,,,5109.0,,12511.0,,12511.0,,12511.0,,12511.0,,12511.0,,,,,,,,,,,,,,,,,,,,,,,,,
NIT,"National Institute of Technology, Kurukshetra","Computer Science and Engineering (5 Years, Bachelor and Master of Technology (Dual Degree))",HS,Gender-Neutral,11456.0,594.0,11456.0,594.0,11456.0,594.0,11456.0,594.0,11456.0,594.0,11456.0,594.0,,,,,,,,,,,,,4123.0,,5503.0,,5503.0,,5503.0,,5503.0,,5503.0,,,,,,,,,,,,,,6103.0,,11480.0,,11480.0,,11480.0,,11480.0,,11480.0,
NIT,"National Institute of Technology, Kurukshetra","Computer Science and Engineering (5 Years, Bachelor and Master of Technology (Dual Degree))",OS,Female-only (including Supernumerary),13074.0,,13074.0,,13074.0,,13074.0,,13074.0,,13074.0,,,,,,,,,,,,,,,,,,,,,,,,,,,,,,,,,,,,,,,,,,,,,,,,,
NIT,"National Institute of Technology, Kurukshetra","Computer Science and Engineering (5 Years, Bachelor and Master of Technology (Dual Degree))",OS,Gender-Neutral,6917.0,,7283.0,,7283.0,,7283.0,,7283.0,,7283.0,,1271.0,,1271.0,,1271.0,,1271.0,,1271.0,,1429.0,,2092.0,,2092.0,,2092.0,,2092.0,,2092.0,,2092.0,,1323.0,,1931.0,,1931.0,,1931.0,,1931.0,,1931.0,,,,,,,,,,,,,
NIT,"National Institute of Technology, Kurukshetra","Electrical Engineering (4 Years, Bachelor of Technology)",HS,Female-only (including Supernumerary),27080.0,,34142.0,,34148.0,,34148.0,,34148.0,,34330.0,,4494.0,,4824.0,,4824.0,,4824.0,,4824.0,,4824.0,,14266.0,,17040.0,,17040.0,,17040.0,,17040.0,,17040.0,,6904.0,,6904.0,,6904.0,,6904.0,,6904.0,,6904.0,,5150.0,,5150.0,,5150.0,,5150.0,,5150.0,,5150.0,
NIT,"National Institute of Technology, Kurukshetra","Electrical Engineering (4 Years, Bachelor of Technology)",HS,Gender-Neutral,22084.0,,22837.0,,22837.0,,22837.0,,23240.0,,24102.0,,3339.0,,3417.0,,3417.0,,3417.0,,3509.0,,3702.0,,7952.0,,7952.0,,7952.0,,7952.0,,8275.0,,8303.0,,4059.0,,5016.0,,5016.0,,5016.0,,5016.0,,5016.0,,22635.0,,25203.0,,27995.0,,27995.0,,27995.0,,27995.0,
NIT,"National Institute of Technology, Kurukshetra","Electrical Engineering (4 Years, Bachelor of Technology)",OS,Female-only (including Supernumerary),24455.0,1239.0,25530.0,1239.0,25530.0,1239.0,25530.0,1239.0,25530.0,1239.0,25530.0,1239.0,3484.0,,3542.0,,3542.0,,3542.0,,3542.0,,3542.0,,10671.0,,12112.0,,12112.0,,12112.0,,12112.0,,12112.0,,5656.0,,5656.0,,5656.0,,5656.0,,5656.0,,5656.0,,,,,,,,,,,,,
NIT,"National Institute of Technology, Kurukshetra","Electrical Engineering (4 Years, Bachelor of Technology)",OS,Gender-Neutral,14535.0,,15078.0,,15078.0,,15078.0,,15106.0,,17242.0,,2127.0,,2138.0,,2138.0,,2138.0,,2138.0,,2380.0,,5293.0,508.0,5680.0,547.0,5698.0,547.0,5698.0,547.0,5698.0,547.0,5982.0,547.0,3035.0,,3104.0,,3142.0,,3142.0,,3142.0,,3142.0,,1232.0,,1348.0,,1355.0,,1355.0,,1355.0,,1355.0,
NIT,"National Institute of Technology, Kurukshetra","Electrical Engineering (5 Years, Bachelor and Master of Technology (Dual Degree))",HS,Female-only (including Supernumerary),,,,,,,,,,,,,4824.0,,8252.0,,8252.0,,8252.0,,8252.0,,8252.0,,,,,,,,,,,,,,,,,,,,,,,,,,,,,,,,,,,,,
NIT,"National Institute of Technology, Kurukshetra","Electrical Engineering (5 Years, Bachelor and Master of Technology (Dual Degree))",HS,Gender-Neutral,22663.0,,23712.0,,23712.0,,23712.0,,23712.0,,27197.0,,,,,,,,,,,,,,8532.0,,8532.0,,8532.0,,8532.0,,8532.0,,8532.0,,5370.0,,5370.0,,5370.0,,5370.0,,5370.0,,5529.0,,20859.0,,20859.0,,20859.0,,20859.0,,20859.0,,20859.0,
NIT,"National Institute of Technology, Kurukshetra","Electrical Engineering (5 Years, Bachelor and Master of Technology (Dual Degree))",OS,Female-only (including Supernumerary),25783.0,,28099.0,,28099.0,,28099.0,,28099.0,,28099.0,,,,,,,,,,,,,,,,,,,,,,,,,,,,,,,,,,,,,,,,,,,,,,,,,
NIT,"National Institute of Technology, Kurukshetra","Electrical Engineering (5 Years, Bachelor and Master of Technology (Dual Degree))",OS,Gender-Neutral,15655.0,373.0,15655.0,373.0,15655.0,373.0,15655.0,373.0,15655.0,373.0,17159.0,373.0,,,,,,,,,,,,,5740.0,,6048.0,,6048.0,,6048.0,,6048.0,,6573.0,,3249.0,,3249.0,,3249.0,,3249.0,,3249.0,,3489.0,,,,,,,,,,,,,
NIT,"National Institute of Technology, Kurukshetra","Electronics and Communication Engineering (4 Years, Bachelor of Technology)",HS,Female-only (including Supernumerary),20080.0,,20820.0,,20820.0,,20820.0,,20820.0,,20823.0,,3215.0,,3812.0,,3812.0,,3812.0,,3812.0,,3812.0,,13236.0,,14113.0,,14113.0,,14113.0,,14113.0,,14113.0,,5484.0,,5484.0,,5484.0,,5484.0,,5484.0,,5484.0,,8531.0,,8531.0,,8531.0,,8531.0,,8531.0,,8531.0,
NIT,"National Institute of Technology, Kurukshetra","Electronics and Communication Engineering (4 Years, Bachelor of Technology)",HS,Gender-Neutral,14916.0,597.0,15108.0,744.0,15127.0,931.0,15269.0,931.0,15269.0,931.0,15889.0,931.0,2100.0,,2447.0,,2447.0,,2447.0,,2447.0,,2654.0,,6423.0,871.0,6423.0,,6423.0,,6423.0,,6469.0,,6762.0,,3431.0,,3471.0,,3471.0,,3471.0,,3471.0,,3471.0,,15052.0,,17543.0,,17543.0,,17543.0,,17543.0,,17543.0,
NIT,"National Institute of Technology, Kurukshetra","Electronics and Communication Engineering (4 Years, Bachelor of Technology)",OS,Female-only (including Supernumerary),17473.0,,19009.0,,19009.0,,19009.0,,19750.0,,20128.0,,3101.0,,3101.0,,3101.0,,3101.0,,3101.0,,3105.0,,8054.0,485.0,8054.0,485.0,8054.0,485.0,8054.0,485.0,8054.0,485.0,8054.0,485.0,2680.0,,2680.0,,2680.0,,2680.0,,2680.0,,2680.0,,1728.0,,2322.0,,2322.0,,2322.0,,2322.0,,2322.0,
NIT,"National Institute of Technology, Kurukshetra","Electronics and Communication Engineering (4 Years, Bachelor of Technology)",OS,Gender-Neutral,10533.0,167.0,10582.0,167.0,10636.0,167.0,10636.0,167.0,11241.0,167.0,12163.0,167.0,1542.0,101.0,1581.0,106.0,1581.0,106.0,1581.0,106.0,1581.0,106.0,1706.0,106.0,4054.0,,4429.0,,4429.0,,4429.0,,4429.0,,4705.0,,2108.0,,2407.0,,2407.0,,2407.0,,2407.0,,2501.0,,1017.0,,1232.0,,1232.0,,1232.0,,1232.0,,1232.0,
NIT,"National Institute of Technology, Kurukshetra","Electronics and Communication Engineering (5 Years, Bachelor and Master of Technology (Dual Degree))",HS,Female-only (including Supernumerary),20177.0,,20177.0,,20177.0,,20177.0,,20177.0,,20177.0,,,,,,,,,,,,,,,,,,,,,,,,,,,,,,,,,,,,,,,,,,,,,,,,,
NIT,"National Institute of Technology, Kurukshetra","Electronics and Communication Engineering (5 Years, Bachelor and Master of Technology (Dual Degree))",HS,Gender-Neutral,16112.0,1530.0,16112.0,1530.0,16112.0,1530.0,16112.0,1530.0,16112.0,1530.0,16112.0,1530.0,,,,,,,,,,,,,6762.0,,6762.0,,6762.0,,6762.0,,6762.0,,6931.0,,4250.0,,4330.0,,4330.0,,4330.0,,4330.0,,4330.0,,28341.0,,,,,,,,,,,
NIT,"National Institute of Technology, Kurukshetra","Electronics and Communication Engineering (5 Years, Bachelor and Master of Technology (Dual Degree))",OS,Female-only (including Supernumerary),18486.0,,21093.0,,21093.0,,21093.0,,21093.0,,21431.0,,,,,,,,,,,,,,,,,,,,,,,,,,,,,,,,,,,,,,,,,,,,,,,,,
NIT,"National Institute of Technology, Kurukshetra","Electronics and Communication Engineering (5 Years, Bachelor and Master of Technology (Dual Degree))",OS,Gender-Neutral,9524.0,,11963.0,,11963.0,,11963.0,,11963.0,,12384.0,,1600.0,,1600.0,,1600.0,,1600.0,,1600.0,,2127.0,,4421.0,,4802.0,,4802.0,,4802.0,,4802.0,,4874.0,,2712.0,,2712.0,,2712.0,,2712.0,,2712.0,,2712.0,,,,,,,,,,,,,
NIT,"National Institute of Technology, Kurukshetra","Industrial Internet of Things (4 Years, Bachelor of Technology)",HS,Female-only (including Supernumerary),29052.0,,29077.0,,31048.0,,31048.0,,31048.0,,31048.0,,,,,,,,,,,,,,16124.0,,16124.0,,16124.0,,16124.0,,16124.0,,16124.0,,10661.0,,10940.0,,10940.0,,10940.0,,10940.0,,10940.0,,,,,,,,,,,,,
NIT,"National Institute of Technology, Kurukshetra","Industrial Internet of Things (4 Years, Bachelor of Technology)",HS,Gender-Neutral,22410.0,,24083.0,,24083.0,,24176.0,,24176.0,,24176.0,,3304.0,,3850.0,,3850.0,,3850.0,,3850.0,,3850.0,,10341.0,,10341.0,,10746.0,,10746.0,,10852.0,,10852.0,,5928.0,,5928.0,,5928.0,,5928.0,,5928.0,,5928.0,,27995.0,,27995.0,,,,,,,,,
NIT,"National Institute of Technology, Kurukshetra","Industrial Internet of Things (4 Years, Bachelor of Technology)",OS,Female-only (including Supernumerary),24622.0,,26170.0,,26170.0,,26170.0,,26170.0,,26170.0,,4356.0,,4356.0,,4356.0,,4356.0,,4356.0,,4356.0,,11317.0,,11317.0,,11317.0,,11317.0,,11317.0,,11317.0,,6243.0,,6243.0,,6243.0,,6243.0,,6243.0,,6243.0,,3590.0,,3590.0,,3590.0,,3590.0,,3590.0,,3590.0,
NIT,"National Institute of Technology, Kurukshetra","Industrial Internet of Things (4 Years, Bachelor of Technology)",OS,Gender-Neutral,15941.0,544.0,16537.0,1520.0,16537.0,1520.0,16537.0,1520.0,16537.0,1520.0,17859.0,1520.0,2319.0,,2319.0,,2319.0,,2319.0,,2319.0,,2521.0,,5564.0,622.0,6412.0,655.0,6412.0,655.0,6412.0,655.0,6412.0,655.0,6520.0,655.0,2919.0,,3855.0,,3855.0,,3855.0,,3855.0,,3855.0,,1707.0,,1707.0,,1707.0,,1707.0,,1707.0,,1707.0,
NIT,"National Institute of Technology, Kurukshetra","Information Technology (4 Years, Bachelor of Technology)",HS,Female-only (including Supernumerary),13242.0,,13315.0,,13315.0,,13315.0,,13315.0,,13315.0,,2847.0,,2847.0,,2847.0,,2847.0,,2847.0,,2847.0,,9430.0,,9430.0,,9430.0,,9430.0,,11678.0,,11678.0,,4229.0,,4229.0,,4229.0,,4229.0,,4229.0,,4229.0,,,,,,,,,,,,,
NIT,"National Institute of Technology, Kurukshetra","Information Technology (4 Years, Bachelor of Technology)",HS,Gender-Neutral,10866.0,494.0,10955.0,494.0,10955.0,494.0,11183.0,494.0,11183.0,494.0,12252.0,494.0,1630.0,,1758.0,,1758.0,,1758.0,,1758.0,,1758.0,,4208.0,771.0,4208.0,871.0,4208.0,871.0,4208.0,871.0,4208.0,871.0,4278.0,871.0,2120.0,,2127.0,,2127.0,,2127.0,,2127.0,,2127.0,,5108.0,,5108.0,,5108.0,,5108.0,,5108.0,,5108.0,
NIT,"National Institute of Technology, Kurukshetra","Information Technology (4 Years, Bachelor of Technology)",OS,Female-only (including Supernumerary),14711.0,,15361.0,,15361.0,,15361.0,,15794.0,,16341.0,,,,,,,,,,,,,,7032.0,,7102.0,,7102.0,,7102.0,,7102.0,,7725.0,,2889.0,,2889.0,,2889.0,,2889.0,,2889.0,,2889.0,,1298.0,,1298.0,,1298.0,,1298.0,,1298.0,,1298.0,
NIT,"National Institute of Technology, Kurukshetra","Information Technology (4 Years, Bachelor of Technology)",OS,Gender-Neutral,7618.0,,7998.0,,7998.0,,7998.0,,8130.0,,8600.0,,1080.0,,1252.0,,1252.0,,1252.0,,1252.0,,1383.0,,2709.0,,2823.0,,2823.0,,2823.0,,2823.0,,2823.0,,1464.0,55.0,1482.0,84.0,1482.0,84.0,1482.0,84.0,1482.0,84.0,1482.0,84.0,831.0,,831.0,,831.0,,831.0,,831.0,,831.0,
NIT,"National Institute of Technology, Kurukshetra","Mathematics and Computing (4 Years, Bachelor of Technology)",HS,Female-only (including Supernumerary),17842.0,,18112.0,,18112.0,,18112.0,,18112.0,,18112.0,,,,,,,,,,,,,,9181.0,,9181.0,,9181.0,,9181.0,,9181.0,,9181.0,,4935.0,,4935.0,,4935.0,,4935.0,,4935.0,,4935.0,,7478.0,,7478.0,,7478.0,,7478.0,,7478.0,,7478.0,
NIT,"National Institute of Technology, Kurukshetra","Mathematics and Computing (4 Years, Bachelor of Technology)",HS,Gender-Neutral,12985.0,1045.0,14176.0,1670.0,14176.0,1670.0,14436.0,1670.0,14763.0,1670.0,15269.0,1670.0,1758.0,,2208.0,,2208.0,,2208.0,,2208.0,,2312.0,,5592.0,,5650.0,,5650.0,,5650.0,,5650.0,,5758.0,,2937.0,,3431.0,,3431.0,,3431.0,,3431.0,,3544.0,,13150.0,,13150.0,,13150.0,,13150.0,,13150.0,,13150.0,
NIT,"National Institute of Technology, Kurukshetra","Mathematics and Computing (4 Years, Bachelor of Technology)",OS,Female-only (including Supernumerary),15118.0,,16318.0,,16619.0,,16619.0,,16619.0,,16719.0,,2563.0,,2563.0,,2563.0,,2563.0,,2563.0,,2789.0,,5974.0,,5974.0,,5974.0,,5974.0,,5974.0,,5974.0,,2978.0,,2978.0,,2978.0,,2978.0,,2978.0,,4398.0,,1780.0,,1956.0,,1956.0,,1956.0,,1956.0,,1956.0,
NIT,"National Institute of Technology, Kurukshetra","Mathematics and Computing (4 Years, Bachelor of Technology)",OS,Gender-Neutral,9457.0,,9667.0,,9667.0,,9667.0,,9806.0,,10265.0,,1363.0,,1442.0,,1442.0,,1442.0,,1442.0,,1449.0,,3503.0,264.0,3628.0,269.0,3628.0,269.0,3628.0,269.0,3686.0,269.0,3895.0,269.0,1484.0,135.0,1484.0,135.0,1484.0,135.0,1484.0,135.0,1484.0,135.0,1914.0,135.0,937.0,,937.0,,937.0,,937.0,,937.0,,937.0,
NIT,"National Institute of Technology, Kurukshetra","Mechanical Engineering (4 Years, Bachelor of Technology)",HS,Female-only (including Supernumerary),37992.0,,42172.0,,42172.0,,42172.0,,42172.0,,43383.0,,5413.0,,6160.0,,6160.0,,6160.0,,6160.0,,6834.0,,17698.0,,18278.0,,18278.0,,18278.0,,18278.0,,18278.0,,8028.0,,8028.0,,8028.0,,8028.0,,8028.0,,8028.0,,,,,,,,,,,,,
NIT,"National Institute of Technology, Kurukshetra","Mechanical Engineering (4 Years, Bachelor of Technology)",HS,Gender-Neutral,27319.0,,27581.0,,27581.0,,27581.0,,27977.0,,30173.0,,3955.0,,4021.0,,4021.0,,4021.0,,4122.0,,4528.0,,11131.0,,11139.0,,11139.0,,11139.0,,11243.0,,11894.0,,5016.0,,5434.0,,5434.0,,5434.0,,5434.0,,5453.0,,20337.0,,20337.0,,20337.0,,20337.0,,20337.0,,20337.0,
NIT,"National Institute of Technology, Kurukshetra","Mechanical Engineering (4 Years, Bachelor of Technology)",OS,Female-only (including Supernumerary),33976.0,2238.0,35715.0,2238.0,35715.0,2238.0,35715.0,2238.0,36908.0,2238.0,39363.0,2238.0,4922.0,,5502.0,,5502.0,,5502.0,,5502.0,,5502.0,,14321.0,,16610.0,,16610.0,,16610.0,,16610.0,,18011.0,,5734.0,,6728.0,,6728.0,,6728.0,,6728.0,,6728.0,,,,,,,,,,,,,
NIT,"National Institute of Technology, Kurukshetra","Mechanical Engineering (4 Years, Bachelor of Technology)",OS,Gender-Neutral,20888.0,,21660.0,,22049.0,,22049.0,,22184.0,,24753.0,,3216.0,,3324.0,,3324.0,,3324.0,,3324.0,,3610.0,,7461.0,515.0,8103.0,751.0,8103.0,751.0,8103.0,751.0,8108.0,751.0,8442.0,865.0,3854.0,,4410.0,,4410.0,,4410.0,,4481.0,,4481.0,,1601.0,,1773.0,,1773.0,,1773.0,,1773.0,,1773.0,
NIT,"National Institute of Technology, Kurukshetra","Mechanical Engineering (5 Years, Bachelor and Master of Technology (Dual Degree))",HS,Female-only (including Supernumerary),,,,,,,,,,,,,8252.0,,8643.0,,8643.0,,8643.0,,8643.0,,8643.0,,,,,,,,,,,,,,,,,,,,,,,,,,,,,,,,,,,,,
NIT,"National Institute of Technology, Kurukshetra","Mechanical Engineering (5 Years, Bachelor and Master of Technology (Dual Degree))",HS,Gender-Neutral,29194.0,,30995.0,,30995.0,,30995.0,,30995.0,,32679.0,,,,,,,,,,,,,,12144.0,,12144.0,,12144.0,,12144.0,,12144.0,,12144.0,,6545.0,,6545.0,,6545.0,,6545.0,,6545.0,,6545.0,,45519.0,,,,,,,,,,,
NIT,"National Institute of Technology, Kurukshetra","Mechanical Engineering (5 Years, Bachelor and Master of Technology (Dual Degree))",OS,Female-only (including Supernumerary),38789.0,,38789.0,,38789.0,,38789.0,,38789.0,,41419.0,,,,,,,,,,,,,,,,,,,,,,,,,,,,,,,,,,,,,,,,,,,,,,,,,
NIT,"National Institute of Technology, Kurukshetra","Mechanical Engineering (5 Years, Bachelor and Master of Technology (Dual Degree))",OS,Gender-Neutral,18772.0,1727.0,20199.0,1990.0,20199.0,1990.0,20199.0,1990.0,20199.0,1990.0,20199.0,1990.0,,,,,,,,,,,,,7394.0,,8848.0,,8848.0,,8848.0,,8848.0,,8923.0,,4011.0,,4011.0,,4011.0,,4011.0,,4011.0,,4011.0,,,,,,,,,,,,,
NIT,"National Institute of Technology, Kurukshetra","Microelectronics & VLSI Engineering (4 Years, Bachelor of Technology)",HS,Female-only (including Supernumerary),25886.0,,28066.0,,28066.0,,28066.0,,28066.0,,28066.0,,3832.0,,4494.0,,4494.0,,4494.0,,4494.0,,4494.0,,14845.0,,17688.0,,17688.0,,17688.0,,17688.0,,17688.0,,8554.0,,8554.0,,8554.0,,8554.0,,8554.0,,8554.0,,,,,,,,,,,,,
NIT,"National Institute of Technology, Kurukshetra","Microelectronics & VLSI Engineering (4 Years, Bachelor of Technology)",HS,Gender-Neutral,20595.0,3034.0,21568.0,,21568.0,,21784.0,,21784.0,,22646.0,,2966.0,,2994.0,,2994.0,,3229.0,,3229.0,,3229.0,,9991.0,,9991.0,,10165.0,,10165.0,,10165.0,,10275.0,,3866.0,,3866.0,,3866.0,,3866.0,,3866.0,,4997.0,,17543.0,,,,,,,,,,,
NIT,"National Institute of Technology, Kurukshetra","Microelectronics & VLSI Engineering (4 Years, Bachelor of Technology)",OS,Female-only (including Supernumerary),21653.0,,20992.0,,20992.0,,20992.0,,24002.0,,25152.0,,3928.0,,3928.0,,3928.0,,3928.0,,3928.0,,3928.0,,10328.0,,10385.0,,10385.0,,10385.0,,10385.0,,10487.0,,4830.0,,4830.0,,4830.0,,4830.0,,5994.0,,5994.0,,2275.0,,2684.0,,2684.0,,2684.0,,2835.0,,2835.0,
NIT,"National Institute of Technology, Kurukshetra","Microelectronics & VLSI Engineering (4 Years, Bachelor of Technology)",OS,Gender-Neutral,13775.0,,13801.0,,13801.0,,13801.0,,13801.0,,15155.0,,1848.0,,2039.0,,2039.0,,2039.0,,2054.0,,2166.0,,5124.0,,5511.0,,5520.0,,5520.0,,5520.0,,5641.0,,3076.0,,3376.0,,3376.0,,3376.0,,3376.0,,3376.0,,1399.0,64.0,1399.0,64.0,1399.0,64.0,1399.0,64.0,1399.0,64.0,1399.0,64.0
NIT,"National Institute of Technology, Kurukshetra","Production and Industrial Engineering (4 Years, Bachelor of Technology)",HS,Female-only (including Supernumerary),53194.0,,56629.0,,56629.0,,56629.0,,56629.0,,56629.0,,,,,,,,,,,,,,21179.0,,21179.0,,21179.0,,21179.0,,21179.0,,21179.0,,9256.0,,9256.0,,9256.0,,9256.0,,9256.0,,9256.0,,,,,,,,,,,,,
NIT,"National Institute of Technology, Kurukshetra","Production and Industrial Engineering (4 Years, Bachelor of Technology)",HS,Gender-Neutral,36959.0,,39858.0,,40542.0,,40542.0,,41525.0,,44633.0,,6121.0,,6334.0,,6334.0,,6334.0,,6334.0,,7442.0,,14510.0,,14899.0,,15140.0,,15224.0,,15224.0,,15224.0,,6655.0,,7747.0,,7747.0,,7747.0,,7747.0,,7901.0,,,,,,,,,,,,,
NIT,"National Institute of Technology, Kurukshetra","Production and Industrial Engineering (4 Years, Bachelor of Technology)",OS,Female-only (including Supernumerary),42545.0,,47430.0,,47430.0,,47430.0,,49994.0,,51883.0,,7540.0,,7685.0,,8257.0,,8257.0,,8257.0,,8605.0,,18444.0,,18940.0,,20519.0,,20519.0,,20519.0,,21133.0,,9308.0,,9418.0,,9418.0,,9418.0,,9418.0,,9418.0,,,,,,,,,,,,,
NIT,"National Institute of Technology, Kurukshetra","Production and Industrial Engineering (4 Years, Bachelor of Technology)",OS,Gender-Neutral,31527.0,2071.0,34657.0,2564.0,34959.0,2564.0,34959.0,2564.0,34959.0,2564.0,39510.0,2564.0,4789.0,,4978.0,,4978.0,,4978.0,,4978.0,,5645.0,,12164.0,,12877.0,,13103.0,,13103.0,,13103.0,,14005.0,,5302.0,,6578.0,,6578.0,,6578.0,,6578.0,,6647.0,,2087.0,,2806.0,,2806.0,,2806.0,,2806.0,,2806.0,
NIT,"National Institute of Technology, Kurukshetra","ROBOTICS & AUTOMATION (4 Years, Bachelor of Technology)",HS,Female-only (including Supernumerary),19412.0,,20080.0,,20080.0,,20080.0,,20080.0,,20080.0,,4272.0,,4272.0,,4719.0,,4719.0,,4719.0,,4719.0,,13614.0,,13614.0,,13614.0,,13614.0,,13614.0,,13614.0,,7980.0,,7980.0,,7980.0,,7980.0,,7980.0,,7980.0,,,,,,,,,,,,,
NIT,"National Institute of Technology, Kurukshetra","ROBOTICS & AUTOMATION (4 Years, Bachelor of Technology)",HS,Gender-Neutral,19399.0,,19399.0,,19399.0,,19399.0,,19872.0,,20596.0,,3115.0,,3115.0,,3115.0,,3115.0,,3138.0,,3138.0,,8327.0,,8327.0,,8327.0,,8327.0,,8849.0,,9853.0,,4206.0,,4997.0,,4997.0,,4997.0,,4997.0,,5370.0,,10849.0,,10849.0,,10849.0,,10849.0,,10849.0,,10849.0,
NIT,"National Institute of Technology, Kurukshetra","ROBOTICS & AUTOMATION (4 Years, Bachelor of Technology)",OS,Female-only (including Supernumerary),16686.0,,16686.0,,16686.0,,16686.0,,16686.0,,19019.0,,,,,,,,,,,,,,9891.0,,10092.0,,10092.0,,10092.0,,10092.0,,10385.0,,4462.0,,4666.0,,4666.0,,4666.0,,4666.0,,5738.0,,,,,,,,,,,,,
NIT,"National Institute of Technology, Kurukshetra","ROBOTICS & AUTOMATION (4 Years, Bachelor of Technology)",OS,Gender-Neutral,11769.0,720.0,12731.0,720.0,12731.0,720.0,12731.0,720.0,13162.0,720.0,13940.0,720.0,1736.0,,1842.0,,1842.0,,1889.0,,1889.0,,2034.0,,4366.0,366.0,4740.0,366.0,4740.0,366.0,4740.0,366.0,4740.0,366.0,4932.0,366.0,2379.0,,2379.0,,2379.0,,2379.0,,2379.0,,2379.0,,852.0,,852.0,,852.0,,852.0,,852.0,,852.0,
NIT,"National Institute of Technology, Kurukshetra","SUSTAINABLE ENERGY TECHNOLOGIES (4 Years, Bachelor of Technology)",HS,Female-only (including Supernumerary),52806.0,,57357.0,,57357.0,,57357.0,,57357.0,,60587.0,,,,,,,,,,,,,,21099.0,,21099.0,,21099.0,,21099.0,,21099.0,,21099.0,,8128.0,,10661.0,,10661.0,,10661.0,,10661.0,,11745.0,,,,,,,,,,,,,
NIT,"National Institute of Technology, Kurukshetra","SUSTAINABLE ENERGY TECHNOLOGIES (4 Years, Bachelor of Technology)",HS,Gender-Neutral,40265.0,1884.0,43533.0,1884.0,43975.0,1884.0,43975.0,1884.0,43987.0,1884.0,48578.0,1884.0,6219.0,,6401.0,,6643.0,,6643.0,,6643.0,,7633.0,,15804.0,,16239.0,,17607.0,,17735.0,,17857.0,,18056.0,,7522.0,,8649.0,,8787.0,,8787.0,,8787.0,,8932.0,,,,,,,,,,,,,
NIT,"National Institute of Technology, Kurukshetra","SUSTAINABLE ENERGY TECHNOLOGIES (4 Years, Bachelor of Technology)",OS,Female-only (including Supernumerary),41864.0,,46242.0,,46242.0,,46242.0,,47430.0,,47430.0,,7602.0,,7602.0,,7602.0,,7602.0,,7602.0,,9407.0,,16645.0,,16645.0,,16645.0,,16645.0,,16645.0,,16645.0,,7814.0,,7814.0,,7814.0,,7814.0,,7814.0,,7814.0,,3770.0,,4343.0,,4343.0,,4343.0,,4343.0,,4343.0,
NIT,"National Institute of Technology, Kurukshetra","SUSTAINABLE ENERGY TECHNOLOGIES (4 Years, Bachelor of Technology)",OS,Gender-Neutral,30100.0,,31642.0,,31642.0,,31642.0,,31642.0,,36123.0,,4717.0,,5139.0,,5139.0,,5139.0,,5139.0,,5170.0,,9903.0,,10332.0,,12097.0,,12097.0,,12097.0,,13362.0,,5937.0,,6327.0,,6327.0,,6327.0,,6327.0,,6559.0,,2865.0,,3075.0,,3075.0,,3075.0,,3137.0,,3196.0,
NIT,"National Institute of Technology, Manipur","Civil Engineering (4 Years, Bachelor of Technology)",HS,Female-only (including Supernumerary),287849.0,,287849.0,,287849.0,,287849.0,,287849.0,,287849.0,,,,,,,,,,,,,,199827.0,,199827.0,,199827.0,,199827.0,,199827.0,,199827.0,,,,,,,,,,,,,,15538.0,,15538.0,,15538.0,,15538.0,,15538.0,,15538.0,
NIT,"National Institute of Technology, Manipur","Civil Engineering (4 Years, Bachelor of Technology)",HS,Gender-Neutral,276080.0,,278552.0,,278552.0,,278552.0,,278552.0,,278552.0,,,,,,,,,,,,,,113539.0,,113869.0,,113869.0,,113869.0,,113869.0,,113869.0,,,,,,,,,,,,,,13738.0,,20621.0,,36133.0,,36133.0,,36133.0,,36133.0,
NIT,"National Institute of Technology, Manipur","Civil Engineering (4 Years, Bachelor of Technology)",OS,Female-only (including Supernumerary),61138.0,,68893.0,,69810.0,,71379.0,,71379.0,,77201.0,,,,,,,,,,,,,,20751.0,,22810.0,,25125.0,,25591.0,,25591.0,,25591.0,,,,,,,,,,,,,,,,,,,,,,,,,
NIT,"National Institute of Technology, Manipur","Civil Engineering (4 Years, Bachelor of Technology)",OS,Gender-Neutral,51493.0,,55838.0,,56880.0,,57385.0,,57385.0,,60323.0,,7433.0,,8175.0,,8239.0,,8239.0,,8239.0,,8846.0,,15960.0,,17796.0,,18122.0,,18122.0,,18122.0,,19258.0,,7906.0,,8583.0,,9204.0,,9204.0,,9312.0,,9436.0,,2526.0,,2526.0,,2526.0,,2526.0,,2526.0,,2526.0,
NIT,"National Institute of Technology, Manipur","Computer Science and Engineering (4 Years, Bachelor of Technology)",HS,Female-only (including Supernumerary),245850.0,,245850.0,,245850.0,,245850.0,,245850.0,,245850.0,,,,,,,,,,,,,,99987.0,,99987.0,,99987.0,,99987.0,,99987.0,,99987.0,,,,,,,,,,,,,,12658.0,,12658.0,,12658.0,,12658.0,,12658.0,,12658.0,
NIT,"National Institute of Technology, Manipur","Computer Science and Engineering (4 Years, Bachelor of Technology)",HS,Gender-Neutral,166719.0,,195740.0,,195740.0,,195740.0,,195740.0,,215198.0,,,,,,,,,,,,,,77255.0,,80694.0,,80694.0,,80694.0,,80694.0,,86358.0,,8880.0,,13407.0,,13407.0,,13407.0,,13407.0,,13407.0,,11938.0,,16331.0,,16331.0,,16331.0,,16331.0,,16331.0,
NIT,"National Institute of Technology, Manipur","Computer Science and Engineering (4 Years, Bachelor of Technology)",OS,Female-only (including Supernumerary),42334.0,,46638.0,,46638.0,,46638.0,,47354.0,,52490.0,,7330.0,,7384.0,,7454.0,,7454.0,,7454.0,,7454.0,,16397.0,,19469.0,,19469.0,,19469.0,,19469.0,,21026.0,,5554.0,,8876.0,,8876.0,,8876.0,,8876.0,,8876.0,,,,,,,,,,,,,
NIT,"National Institute of Technology, Manipur","Computer Science and Engineering (4 Years, Bachelor of Technology)",OS,Gender-Neutral,26617.0,876.0,31384.0,1171.0,31490.0,1171.0,31490.0,1171.0,31667.0,1171.0,33098.0,1567.0,3940.0,,4723.0,,4723.0,,4723.0,,4727.0,,4812.0,,9699.0,,11286.0,,11366.0,,11366.0,,11366.0,,11948.0,,4138.0,,4598.0,,4598.0,,4598.0,,4598.0,,4598.0,,2132.0,,2245.0,,2268.0,,2269.0,,2269.0,,2269.0,
NIT,"National Institute of Technology, Manipur","Electrical Engineering (4 Years, Bachelor of Technology)",HS,Female-only (including Supernumerary),519643.0,,591955.0,,591955.0,,591955.0,,591955.0,,591955.0,,,,,,,,,,,,,,229423.0,,256379.0,,280561.0,,461540.0,,461540.0,,461540.0,,,,,,,,,,,,,,,,,,,,,,,,,
NIT,"National Institute of Technology, Manipur","Electrical Engineering (4 Years, Bachelor of Technology)",HS,Gender-Neutral,312646.0,,326143.0,,326143.0,,326143.0,,326143.0,,346687.0,,,,,,,,,,,,,,123381.0,,151916.0,,190897.0,,190897.0,,190897.0,,208717.0,,19945.0,,22263.0,,23241.0,,23241.0,,23241.0,,23241.0,,16331.0,,36133.0,,18959.0,,18959.0,,18959.0,,18959.0,
NIT,"National Institute of Technology, Manipur","Electrical Engineering (4 Years, Bachelor of Technology)",OS,Female-only (including Supernumerary),55677.0,,58102.0,,58102.0,,58102.0,,58102.0,,66424.0,,,,,,,,,,,,,,18996.0,,21717.0,,21717.0,,21717.0,,21717.0,,21717.0,,8876.0,,10328.0,,10328.0,,10328.0,,10328.0,,11105.0,,,,,,,,,,,,,
NIT,"National Institute of Technology, Manipur","Electrical Engineering (4 Years, Bachelor of Technology)",OS,Gender-Neutral,42064.0,,44070.0,,44070.0,,44070.0,,44146.0,,50092.0,,6047.0,,6770.0,,6770.0,,6770.0,,6770.0,,7175.0,,12796.0,807.0,15553.0,1507.0,15659.0,,15659.0,,15659.0,,16019.0,,7256.0,,7408.0,,8088.0,,8088.0,,8088.0,,8088.0,,2683.0,,2683.0,,2683.0,,2683.0,,2683.0,,2754.0,
NIT,"National Institute of Technology, Manipur","Electronics and Communication Engineering (4 Years, Bachelor of Technology)",HS,Female-only (including Supernumerary),397945.0,,625673.0,,625673.0,,625673.0,,625673.0,,625673.0,,,,,,,,,,,,,,,,,,,,,,,,,,,,,,,,,,,,,,34685.0,,34685.0,,34685.0,,34685.0,,34685.0,,34685.0,
NIT,"National Institute of Technology, Manipur","Electronics and Communication Engineering (4 Years, Bachelor of Technology)",HS,Gender-Neutral,233574.0,,277952.0,,277952.0,,277952.0,,277952.0,,352131.0,,,,,,,,,,,,,,87348.0,,138696.0,,149402.0,,149402.0,,149402.0,,196257.0,,,,,,,,,,,,,,12921.0,,16479.0,,16479.0,,16479.0,,16479.0,,16479.0,
NIT,"National Institute of Technology, Manipur","Electronics and Communication Engineering (4 Years, Bachelor of Technology)",OS,Female-only (including Supernumerary),51368.0,,52498.0,,54139.0,,54139.0,,54139.0,,58102.0,,,,,,,,,,,,,,16695.0,,20312.0,,20312.0,,20312.0,,20312.0,,21114.0,,8548.0,,9455.0,,9455.0,,9455.0,,9455.0,,9455.0,,,,,,,,,,,,,
NIT,"National Institute of Technology, Manipur","Electronics and Communication Engineering (4 Years, Bachelor of Technology)",OS,Gender-Neutral,36764.0,,40587.0,,42422.0,,42422.0,,42422.0,,42695.0,,5700.0,,5960.0,,6087.0,,6087.0,,6087.0,,6169.0,,11245.0,777.0,12241.0,1001.0,12304.0,1157.0,12304.0,1157.0,12304.0,1157.0,12722.0,1157.0,5939.0,,6664.0,,6664.0,,6664.0,,6664.0,,6664.0,,2353.0,,2766.0,,2827.0,,2827.0,,2827.0,,2827.0,
NIT,"National Institute of Technology, Manipur","Mechanical Engineering (4 Years, Bachelor of Technology)",HS,Female-only (including Supernumerary),632369.0,,652566.0,,738493.0,,738493.0,,738493.0,,738493.0,,,,,,,,,,,,,,,,,,,,,,,,,,,,,,,,,,,,,,,,,,,,,,,,,
NIT,"National Institute of Technology, Manipur","Mechanical Engineering (4 Years, Bachelor of Technology)",HS,Gender-Neutral,288637.0,,392387.0,,440057.0,,520954.0,,521309.0,,529893.0,,,,,,,,,,,,,,190210.0,,190210.0,,253154.0,,290705.0,,309996.0,,380783.0,,,,,,,,,,,,,,24039.0,,20153.0,,20153.0,,20153.0,,20153.0,,20153.0,
NIT,"National Institute of Technology, Manipur","Mechanical Engineering (4 Years, Bachelor of Technology)",OS,Female-only (including Supernumerary),60757.0,,65033.0,,67137.0,,67137.0,,67137.0,,72273.0,,,,,,,,,,,,,,19768.0,,23704.0,,23704.0,,23704.0,,23704.0,,26647.0,,9724.0,,11042.0,,11042.0,,11042.0,,11042.0,,11042.0,,,,,,,,,,,,,
NIT,"National Institute of Technology, Manipur","Mechanical Engineering (4 Years, Bachelor of Technology)",OS,Gender-Neutral,42976.0,2037.0,47065.0,3364.0,50092.0,3757.0,50092.0,3757.0,50543.0,3757.0,52716.0,3757.0,7008.0,,7078.0,,7189.0,,7189.0,,7266.0,,8051.0,,14492.0,1157.0,15690.0,1528.0,15956.0,,16171.0,,16171.0,,17549.0,,7268.0,,8012.0,,8012.0,,8012.0,,8012.0,,8159.0,,2518.0,,3077.0,,3077.0,,3077.0,,3077.0,,3077.0,
NIT,"National Institute of Technology, Mizoram","Chemical Science and Technology (4 Years, Bachelor of Technology)",HS,Female-only (including Supernumerary),800138.0,,,,,,,,,,,,,,,,,,,,,,,,,,,,,,,,,,,,,,,,,,,,,,,,,,,,,,,,,,,
NIT,"National Institute of Technology, Mizoram","Chemical Science and Technology (4 Years, Bachelor of Technology)",HS,Gender-Neutral,937704.0,,1274910.0,,,,,,,,,,,,,,,,,,,,,,,,,,,,,,,,,,,,,,,,,,,,,,,,,,,,,,,,,
NIT,"National Institute of Technology, Mizoram","Chemical Science and Technology (4 Years, Bachelor of Technology)",OS,Female-only (including Supernumerary),53113.0,,63480.0,,63480.0,,63480.0,,64465.0,,67414.0,,,,,,,,,,,,,,22196.0,,23774.0,,25078.0,,25078.0,,25078.0,,25078.0,,,,,,,,,,,,,,,,,,,,,,,,,
NIT,"National Institute of Technology, Mizoram","Chemical Science and Technology (4 Years, Bachelor of Technology)",OS,Gender-Neutral,39552.0,,53298.0,,53298.0,,53298.0,,53298.0,,57895.0,,7628.0,,8131.0,,8272.0,,8272.0,,8272.0,,8951.0,,,,,,,,,,,,,,,,,,,,,,,,,,,,,,,,,,,,,
NIT,"National Institute of Technology, Mizoram","Civil Engineering (4 Years, Bachelor of Technology)",HS,Female-only (including Supernumerary),513914.0,,535246.0,,626254.0,,626254.0,,626254.0,,626254.0,,,,,,,,,,,,,,,,,,,,,,,,,,,,,,,,,,,,,,,,,,,,,,,,,
NIT,"National Institute of Technology, Mizoram","Civil Engineering (4 Years, Bachelor of Technology)",HS,Gender-Neutral,418215.0,,548694.0,,548694.0,,548694.0,,548694.0,,548694.0,,,,,,,,,,,,,,,,,,,,,,,,,,,,,,,,,,,,,,8689.0,,12451.0,,15184.0,,16069.0,,17565.0,,17565.0,
NIT,"National Institute of Technology, Mizoram","Civil Engineering (4 Years, Bachelor of Technology)",OS,Female-only (including Supernumerary),64221.0,,67137.0,,70628.0,,70628.0,,70628.0,,70628.0,,9386.0,,10158.0,,10158.0,,10554.0,,10832.0,,11131.0,,22878.0,,24006.0,,24518.0,,25202.0,,25202.0,,27737.0,,,,,,,,,,,,,,,,,,,,,,,,,
NIT,"National Institute of Technology, Mizoram","Civil Engineering (4 Years, Bachelor of Technology)",OS,Gender-Neutral,51888.0,,55330.0,,57142.0,,57142.0,,57142.0,,61620.0,,7550.0,,8041.0,,8082.0,,8149.0,,8149.0,,8925.0,,16248.0,,17807.0,,18125.0,,18312.0,,18427.0,,19699.0,,8133.0,,8714.0,,8993.0,,8993.0,,9093.0,,9093.0,,2868.0,,3177.0,,3234.0,,3234.0,,3234.0,,3234.0,
NIT,"National Institute of Technology, Mizoram","Computer Science and Engineering (4 Years, Bachelor of Technology)",HS,Female-only (including Supernumerary),726400.0,,1002085.0,,1002085.0,,1002085.0,,1002085.0,,1002085.0,,,,,,,,,,,,,,,,,,,,,,,,,,,,,,,,,,,,,,,,,,,,,,,,,
NIT,"National Institute of Technology, Mizoram","Computer Science and Engineering (4 Years, Bachelor of Technology)",HS,Gender-Neutral,350610.0,,493621.0,,555923.0,,563566.0,,563566.0,,563566.0,,,,,,,,,,,,,,349722.0,,,,,,,,,,,,97390.0,,97390.0,,97390.0,,97390.0,,97390.0,,97390.0,,7874.0,,12222.0,,14641.0,,17849.0,,17897.0,,17897.0,
NIT,"National Institute of Technology, Mizoram","Computer Science and Engineering (4 Years, Bachelor of Technology)",OS,Female-only (including Supernumerary),36191.0,,47354.0,,47354.0,,47354.0,,51368.0,,53709.0,,6706.0,,7475.0,,7658.0,,7658.0,,7658.0,,8235.0,,14584.0,,18060.0,,18060.0,,18060.0,,18060.0,,18060.0,,6365.0,,7848.0,,7848.0,,7848.0,,7848.0,,9016.0,,,,,,,,,,,,,
NIT,"National Institute of Technology, Mizoram","Computer Science and Engineering (4 Years, Bachelor of Technology)",OS,Gender-Neutral,31124.0,,33179.0,,33179.0,,33179.0,,34329.0,,37751.0,,4490.0,,4727.0,,4727.0,,4727.0,,5172.0,,5268.0,,10144.0,,11866.0,,11866.0,,11866.0,,11866.0,,12228.0,,4329.0,,5339.0,,5339.0,,5339.0,,5339.0,,5339.0,,2247.0,,2247.0,,2247.0,,2247.0,,2247.0,,2247.0,
NIT,"National Institute of Technology, Mizoram","Electrical Engineering (4 Years, Bachelor of Technology)",HS,Female-only (including Supernumerary),1221717.0,,,,,,,,,,,,,,,,,,,,,,,,,,,,,,,,,,,,,,,,,,,,,,,,,,,,,,,,,,,
NIT,"National Institute of Technology, Mizoram","Electrical Engineering (4 Years, Bachelor of Technology)",HS,Gender-Neutral,644180.0,,1176727.0,,718900.0,,718900.0,,718900.0,,718900.0,,,,,,,,,,,,,,,,,,,,,,,,,,,,,,,,,,,,,,17643.0,,36966.0,,,,,,,,,
NIT,"National Institute of Technology, Mizoram","Electrical Engineering (4 Years, Bachelor of Technology)",OS,Female-only (including Supernumerary),53927.0,,54419.0,,62647.0,,62647.0,,62647.0,,64465.0,,,,,,,,,,,,,,18060.0,,18987.0,,23084.0,,23604.0,,23604.0,,23604.0,,9237.0,,10316.0,,10316.0,,10316.0,,10316.0,,11319.0,,4301.0,,4301.0,,4301.0,,4301.0,,4301.0,,4301.0,
NIT,"National Institute of Technology, Mizoram","Electrical Engineering (4 Years, Bachelor of Technology)",OS,Gender-Neutral,42626.0,,45141.0,,46048.0,,46244.0,,46824.0,,51698.0,,6770.0,,6979.0,,7112.0,,7112.0,,7175.0,,7396.0,,13865.0,1199.0,14893.0,1512.0,15849.0,1512.0,15851.0,1512.0,15851.0,1512.0,16123.0,1512.0,6629.0,,7697.0,,7697.0,,7697.0,,7697.0,,7697.0,,,,,,,,,,,,,
NIT,"National Institute of Technology, Mizoram","Electronics and Communication Engineering (4 Years, Bachelor of Technology)",HS,Gender-Neutral,750728.0,,1105820.0,,1105820.0,,1105820.0,,1105820.0,,1105820.0,,,,,,,,,,,,,,,,,,,,,,,,,,,,,,,,,,,,,,32474.0,,,,,,,,,,,
NIT,"National Institute of Technology, Mizoram","Electronics and Communication Engineering (4 Years, Bachelor of Technology)",OS,Female-only (including Supernumerary),49910.0,,53709.0,,53709.0,,53709.0,,53709.0,,54822.0,,7666.0,,8256.0,,8256.0,,8256.0,,8256.0,,8322.0,,,,,,,,,,,,,,9016.0,,9016.0,,9016.0,,9016.0,,9016.0,,10316.0,,3123.0,,3123.0,,3123.0,,3123.0,,3739.0,,3739.0,
NIT,"National Institute of Technology, Mizoram","Electronics and Communication Engineering (4 Years, Bachelor of Technology)",OS,Gender-Neutral,38127.0,2092.0,42182.0,2374.0,42914.0,2374.0,42976.0,2374.0,43223.0,2374.0,44871.0,2374.0,5437.0,,6087.0,,6287.0,,6287.0,,6287.0,,6287.0,,11695.0,,12715.0,,12767.0,,12767.0,,12767.0,,13265.0,,5563.0,,6114.0,,6114.0,,6533.0,,6533.0,,6533.0,,2832.0,,2832.0,,2832.0,,2832.0,,2865.0,,2865.0,
NIT,"National Institute of Technology, Mizoram","Mathematics and Computing (4 Years, Bachelor of Technology)",HS,Female-only (including Supernumerary),1019344.0,,1210797.0,,,,,,,,,,,,,,,,,,,,,,,,,,,,,,,,,,,,,,,,,,,,,,,,,,,,,,,,,
NIT,"National Institute of Technology, Mizoram","Mathematics and Computing (4 Years, Bachelor of Technology)",HS,Gender-Neutral,724185.0,,764291.0,,764291.0,,764291.0,,764291.0,,764291.0,,,,,,,,,,,,,,,,,,,,,,,,,,,,,,,,,,,,,,,,,,,,,,,,,
NIT,"National Institute of Technology, Mizoram","Mathematics and Computing (4 Years, Bachelor of Technology)",OS,Female-only (including Supernumerary),46638.0,,52308.0,,52498.0,,52498.0,,52498.0,,53715.0,,,,,,,,,,,,,,19899.0,,19899.0,,19899.0,,19899.0,,19899.0,,21636.0,,,,,,,,,,,,,,,,,,,,,,,,,
NIT,"National Institute of Technology, Mizoram","Mathematics and Computing (4 Years, Bachelor of Technology)",OS,Gender-Neutral,20801.0,,37156.0,,37321.0,,37321.0,,37321.0,,37859.0,,,,,,,,,,,,,,10673.0,,10673.0,,10673.0,,10673.0,,10673.0,,11997.0,,,,,,,,,,,,,,,,,,,,,,,,,
NIT,"National Institute of Technology, Mizoram","Mechanical Engineering (4 Years, Bachelor of Technology)",HS,Gender-Neutral,840727.0,,1314967.0,,1314967.0,,1314967.0,,1314967.0,,1314967.0,,,,,,,,,,,,,,,,,,,,,,,,,,,,,,,,,,,,,,25443.0,,,,,,,,,,,
NIT,"National Institute of Technology, Mizoram","Mechanical Engineering (4 Years, Bachelor of Technology)",OS,Female-only (including Supernumerary),54906.0,,62642.0,,62642.0,,62642.0,,63480.0,,69192.0,,,,,,,,,,,,,,,,,,,,,,,,,,10316.0,,10650.0,,11105.0,,11105.0,,11105.0,,11417.0,,4489.0,,4489.0,,4489.0,,4489.0,,4489.0,,4489.0,
NIT,"National Institute of Technology, Mizoram","Mechanical Engineering (4 Years, Bachelor of Technology)",OS,Gender-Neutral,46244.0,,47240.0,,50882.0,,52728.0,,53362.0,,55295.0,,7078.0,,7189.0,,7550.0,,7926.0,,7926.0,,8149.0,,15170.0,,16171.0,,16674.0,,16679.0,,16679.0,,18092.0,,7347.0,,7874.0,,7874.0,,7874.0,,7874.0,,8679.0,,,,,,,,,,,,,
NIT,"National Institute of Technology, Rourkela","Architecture (5 Years, Bachelor of Architecture)",HS,Female-only (including Supernumerary),1046.0,,1204.0,,1204.0,,1204.0,,1204.0,,1204.0,,,,,,,,,,,,,,729.0,,729.0,,729.0,,729.0,,729.0,,729.0,,,,,,,,,,,,,,,,,,,,,,,,,
NIT,"National Institute of Technology, Rourkela","Architecture (5 Years, Bachelor of Architecture)",HS,Gender-Neutral,1204.0,,1223.0,,1223.0,,1223.0,,1223.0,,1621.0,,87.0,,146.0,,146.0,,146.0,,146.0,,146.0,,923.0,,1585.0,,1585.0,,1585.0,,1585.0,,1585.0,,272.0,,272.0,,272.0,,272.0,,272.0,,272.0,,52.0,,94.0,,103.0,,103.0,,103.0,,103.0,
NIT,"National Institute of Technology, Rourkela","Architecture (5 Years, Bachelor of Architecture)",OS,Female-only (including Supernumerary),277.0,,369.0,,369.0,,369.0,,369.0,,369.0,,,,,,,,,,,,,,126.0,,208.0,,208.0,,208.0,,208.0,,208.0,,,,,,,,,,,,,,,,,,,,,,,,,
NIT,"National Institute of Technology, Rourkela","Architecture (5 Years, Bachelor of Architecture)",OS,Gender-Neutral,369.0,,511.0,,521.0,,521.0,,550.0,,550.0,,128.0,,153.0,,153.0,,153.0,,153.0,,153.0,,174.0,,240.0,,240.0,,240.0,,240.0,,240.0,,83.0,,83.0,,83.0,,83.0,,83.0,,83.0,,28.0,,45.0,,45.0,,45.0,,45.0,,45.0,
NIT,"National Institute of Technology, Rourkela","Artificial Intelligence (4 Years, Bachelor of Technology)",HS,Female-only (including Supernumerary),17226.0,,18371.0,,18371.0,,18371.0,,18371.0,,18371.0,,,,,,,,,,,,,,11591.0,,12978.0,,12978.0,,12978.0,,12978.0,,12978.0,,,,,,,,,,,,,,,,,,,,,,,,,
NIT,"National Institute of Technology, Rourkela","Artificial Intelligence (4 Years, Bachelor of Technology)",HS,Gender-Neutral,9099.0,233.0,9099.0,233.0,9099.0,233.0,9099.0,233.0,9099.0,233.0,9099.0,233.0,2198.0,,2485.0,,2485.0,,2485.0,,2485.0,,2485.0,,4506.0,,4682.0,,4804.0,,4804.0,,4804.0,,4804.0,,2169.0,,2194.0,,2194.0,,2194.0,,2194.0,,2194.0,,981.0,,1308.0,,1308.0,,1308.0,,1308.0,,1308.0,
NIT,"National Institute of Technology, Rourkela","Artificial Intelligence (4 Years, Bachelor of Technology)",OS,Female-only (including Supernumerary),6735.0,,6735.0,,6735.0,,6735.0,,6735.0,,7401.0,,,,,,,,,,,,,,3284.0,,3284.0,,3284.0,,3284.0,,3284.0,,3284.0,,1518.0,,1518.0,,1518.0,,1518.0,,1518.0,,1518.0,,,,,,,,,,,,,
NIT,"National Institute of Technology, Rourkela","Artificial Intelligence (4 Years, Bachelor of Technology)",OS,Gender-Neutral,3650.0,,3665.0,,3918.0,,3918.0,,3918.0,,4448.0,,438.0,,438.0,,438.0,,438.0,,438.0,,538.0,,1258.0,,1454.0,,1454.0,,1454.0,,1454.0,,1454.0,,727.0,,880.0,,880.0,,880.0,,880.0,,880.0,,313.0,,313.0,,313.0,,313.0,,313.0,,313.0,
NIT,"National Institute of Technology, Rourkela","Bio Medical Engineering (4 Years, Bachelor of Technology)",HS,Female-only (including Supernumerary),41982.0,,47758.0,,66152.0,,66789.0,,71255.0,,71947.0,,,,,,,,,,,,,,23592.0,,32605.0,,39029.0,,40179.0,,40179.0,,40179.0,,,,,,,,,,,,,,,,,,,,,,,,,
NIT,"National Institute of Technology, Rourkela","Bio Medical Engineering (4 Years, Bachelor of Technology)",HS,Gender-Neutral,39689.0,,45260.0,,45260.0,,45260.0,,45260.0,,45885.0,,8294.0,,9053.0,,9304.0,,9304.0,,9304.0,,10316.0,,19265.0,,21118.0,,21118.0,,21118.0,,21118.0,,21118.0,,7757.0,,7793.0,,8064.0,,8064.0,,8064.0,,8064.0,,3154.0,,3292.0,,3292.0,,3292.0,,3292.0,,3292.0,
NIT,"National Institute of Technology, Rourkela","Bio Medical Engineering (4 Years, Bachelor of Technology)",OS,Female-only (including Supernumerary),20720.0,,20720.0,,38268.0,,38268.0,,38268.0,,40701.0,,,,,,,,,,,,,,9557.0,,10809.0,,14132.0,,14132.0,,14132.0,,14132.0,,3618.0,,6251.0,,6251.0,,6251.0,,6251.0,,6251.0,,,,,,,,,,,,,
NIT,"National Institute of Technology, Rourkela","Bio Medical Engineering (4 Years, Bachelor of Technology)",OS,Gender-Neutral,22637.0,,32374.0,,32374.0,,32374.0,,32374.0,,34766.0,,4659.0,,5007.0,,5007.0,,5019.0,,5019.0,,5384.0,,9577.0,,11331.0,,11331.0,,11331.0,,11331.0,,13278.0,,5164.0,,6454.0,,6454.0,,6454.0,,6454.0,,6811.0,,2044.0,,2044.0,,2044.0,,2044.0,,2044.0,,2044.0,
NIT,"National Institute of Technology, Rourkela","Bio Technology (4 Years, Bachelor of Technology)",HS,Female-only (including Supernumerary),32636.0,,54157.0,,57017.0,,61806.0,,61806.0,,67806.0,,,,,,,,,,,,,,18168.0,,18168.0,,18168.0,,39029.0,,39029.0,,39029.0,,,,,,,,,,,,,,,,,,,,,,,,,
NIT,"National Institute of Technology, Rourkela","Bio Technology (4 Years, Bachelor of Technology)",HS,Gender-Neutral,30355.0,679.0,41882.0,1199.0,42292.0,3027.0,42292.0,3027.0,42292.0,3027.0,42292.0,3027.0,6370.0,,8312.0,,8891.0,,8891.0,,8891.0,,8891.0,,14610.0,,17889.0,,18386.0,,18430.0,,18737.0,,19011.0,,7086.0,,7757.0,,7757.0,,7757.0,,7757.0,,7757.0,,3205.0,,3205.0,,3205.0,,3205.0,,3205.0,,3205.0,
NIT,"National Institute of Technology, Rourkela","Bio Technology (4 Years, Bachelor of Technology)",OS,Female-only (including Supernumerary),29206.0,,33575.0,,41061.0,,41061.0,,41061.0,,41061.0,,,,,,,,,,,,,,10790.0,,11906.0,,15397.0,,15397.0,,15397.0,,15397.0,,3079.0,,3079.0,,3079.0,,3079.0,,3079.0,,3079.0,,,,,,,,,,,,,
NIT,"National Institute of Technology, Rourkela","Bio Technology (4 Years, Bachelor of Technology)",OS,Gender-Neutral,23562.0,,24662.0,,24662.0,,24662.0,,24662.0,,32227.0,,4242.0,,4248.0,,4248.0,,4248.0,,4248.0,,5252.0,,10504.0,,10656.0,,10656.0,,10656.0,,10656.0,,11290.0,,3384.0,,4642.0,,4642.0,,4642.0,,4642.0,,5323.0,,1131.0,,1131.0,,1131.0,,1131.0,,1131.0,,1131.0,
NIT,"National Institute of Technology, Rourkela","Ceramic Engineering (4 Years, Bachelor of Technology)",HS,Female-only (including Supernumerary),47758.0,,56317.0,,64423.0,,66841.0,,66841.0,,66841.0,,,,,,,,,,,,,,29864.0,,30603.0,,38814.0,,38814.0,,38814.0,,38814.0,,8182.0,,11716.0,,11716.0,,11716.0,,11716.0,,11716.0,,,,,,,,,,,,,
NIT,"National Institute of Technology, Rourkela","Ceramic Engineering (4 Years, Bachelor of Technology)",HS,Gender-Neutral,35045.0,,40921.0,,40921.0,,40921.0,,40921.0,,43332.0,,8247.0,,8768.0,,8768.0,,8768.0,,8772.0,,9304.0,,15313.0,,16899.0,,16899.0,,17176.0,,17176.0,,17176.0,,7905.0,,8064.0,,8311.0,,8311.0,,8311.0,,9457.0,,2708.0,,4139.0,,4139.0,,4139.0,,4139.0,,4139.0,
NIT,"National Institute of Technology, Rourkela","Ceramic Engineering (4 Years, Bachelor of Technology)",OS,Female-only (including Supernumerary),47115.0,,49648.0,,52123.0,,52123.0,,52123.0,,52626.0,,,,,,,,,,,,,,16135.0,,16533.0,,16533.0,,16533.0,,16533.0,,19814.0,,,,,,,,,,,,,,2575.0,,2869.0,,2869.0,,2869.0,,2869.0,,2869.0,
NIT,"National Institute of Technology, Rourkela","Ceramic Engineering (4 Years, Bachelor of Technology)",OS,Gender-Neutral,26762.0,1704.0,30468.0,1704.0,30468.0,1704.0,31545.0,1704.0,31545.0,1704.0,34022.0,2228.0,4248.0,,4861.0,,4861.0,,4861.0,,4861.0,,4973.0,,9483.0,,9926.0,,9926.0,,9926.0,,9926.0,,10250.0,,5976.0,,6325.0,,6325.0,,6325.0,,6325.0,,6325.0,,2402.0,,2402.0,,2402.0,,2402.0,,2402.0,,2402.0,
NIT,"National Institute of Technology, Rourkela","Ceramic Engineering and M.Tech Industrial Ceramic (5 Years, Bachelor and Master of Technology (Dual Degree))",HS,Female-only (including Supernumerary),50253.0,,60050.0,,66841.0,,71858.0,,73686.0,,73686.0,,,,,,,,,,,,,,,,,,,,,,,,,,,,,,,,,,,,,,,,,,,,,,,,,
NIT,"National Institute of Technology, Rourkela","Ceramic Engineering and M.Tech Industrial Ceramic (5 Years, Bachelor and Master of Technology (Dual Degree))",HS,Gender-Neutral,44149.0,,50899.0,,50899.0,,50899.0,,50899.0,,50899.0,,,,,,,,,,,,,,17654.0,,18386.0,,21182.0,,21182.0,,21230.0,,22234.0,,8311.0,,8311.0,,9457.0,,9457.0,,9457.0,,9801.0,,,,,,,,,,,,,
NIT,"National Institute of Technology, Rourkela","Ceramic Engineering and M.Tech Industrial Ceramic (5 Years, Bachelor and Master of Technology (Dual Degree))",OS,Female-only (including Supernumerary),48228.0,,48228.0,,53135.0,,53135.0,,53135.0,,60327.0,,,,,,,,,,,,,,,,,,,,,,,,,,,,,,,,,,,,,,,,,,,,,,,,,
NIT,"National Institute of Technology, Rourkela","Ceramic Engineering and M.Tech Industrial Ceramic (5 Years, Bachelor and Master of Technology (Dual Degree))",OS,Gender-Neutral,31064.0,,37764.0,,37764.0,,37764.0,,37764.0,,45200.0,,,,,,,,,,,,,,10733.0,,13259.0,,13741.0,,13908.0,,13908.0,,14175.0,,6104.0,,6502.0,,6502.0,,6502.0,,6502.0,,6502.0,,,,,,,,,,,,,
NIT,"National Institute of Technology, Rourkela","Chemical Engineering (4 Years, Bachelor of Technology)",HS,Female-only (including Supernumerary),32697.0,,39325.0,,39325.0,,39325.0,,39325.0,,40082.0,,,,,,,,,,,,,,21992.0,,31085.0,,32227.0,,32227.0,,32227.0,,32227.0,,6488.0,,8182.0,,8182.0,,8182.0,,8182.0,,8182.0,,3575.0,,3575.0,,3575.0,,3575.0,,3575.0,,3575.0,
NIT,"National Institute of Technology, Rourkela","Chemical Engineering (4 Years, Bachelor of Technology)",HS,Gender-Neutral,22716.0,2373.0,23539.0,2373.0,23539.0,2373.0,23539.0,2373.0,23539.0,2373.0,23539.0,2373.0,6544.0,,7071.0,,7071.0,,7071.0,,7071.0,,7985.0,,11270.0,,11922.0,,12000.0,,12251.0,,12251.0,,12423.0,,5930.0,,6005.0,,6005.0,,6005.0,,6005.0,,6005.0,,2426.0,,2426.0,,2426.0,,2426.0,,2426.0,,2426.0,
NIT,"National Institute of Technology, Rourkela","Chemical Engineering (4 Years, Bachelor of Technology)",OS,Female-only (including Supernumerary),27489.0,,28759.0,,29692.0,,29692.0,,29692.0,,29927.0,,,,,,,,,,,,,,11568.0,,11568.0,,11568.0,,11568.0,,11568.0,,11940.0,,4976.0,,4976.0,,4976.0,,4976.0,,4976.0,,6138.0,,,,,,,,,,,,,
NIT,"National Institute of Technology, Rourkela","Chemical Engineering (4 Years, Bachelor of Technology)",OS,Gender-Neutral,15509.0,703.0,15929.0,703.0,16319.0,703.0,16319.0,703.0,16655.0,703.0,18034.0,788.0,2595.0,,2650.0,,2844.0,,2844.0,,2844.0,,3008.0,,6340.0,,6607.0,,6607.0,,6607.0,,6607.0,,6935.0,,3265.0,,3739.0,,3739.0,,3739.0,,3739.0,,3815.0,,955.0,,955.0,,955.0,,955.0,,955.0,,955.0,
NIT,"National Institute of Technology, Rourkela","Chemical Engineering (5 Years, Bachelor and Master of Technology (Dual Degree))",HS,Female-only (including Supernumerary),,,,,,,,,,,,,,,,,,,,,,,,,22283.0,,32227.0,,32605.0,,32605.0,,32605.0,,32605.0,,,,,,,,,,,,,,,,,,,,,,,,,
NIT,"National Institute of Technology, Rourkela","Chemical Engineering (5 Years, Bachelor and Master of Technology (Dual Degree))",HS,Gender-Neutral,24496.0,,33511.0,,33511.0,,33511.0,,33511.0,,33511.0,,,,,,,,,,,,,,9919.0,,15985.0,,15985.0,,15985.0,,15985.0,,15985.0,,4047.0,,7086.0,,7086.0,,7086.0,,7086.0,,7086.0,,,,,,,,,,,,,
NIT,"National Institute of Technology, Rourkela","Chemical Engineering (5 Years, Bachelor and Master of Technology (Dual Degree))",OS,Female-only (including Supernumerary),30124.0,,30572.0,,30572.0,,30572.0,,30572.0,,30572.0,,,,,,,,,,,,,,,,,,,,,,,,,,,,,,,,,,,,,,,,,,,,,,,,,
NIT,"National Institute of Technology, Rourkela","Chemical Engineering (5 Years, Bachelor and Master of Technology (Dual Degree))",OS,Gender-Neutral,16985.0,,20805.0,,20805.0,,20805.0,,20805.0,,20944.0,,3389.0,,3389.0,,3389.0,,3389.0,,3389.0,,3718.0,,6210.0,,6935.0,,6935.0,,6935.0,,6935.0,,7396.0,,4326.0,,4326.0,,4326.0,,4326.0,,4326.0,,4326.0,,,,,,,,,,,,,
NIT,"National Institute of Technology, Rourkela","Chemistry (5 Years, Integrated Master of Science)",HS,Female-only (including Supernumerary),51433.0,,56782.0,,59395.0,,59395.0,,59395.0,,59395.0,,,,,,,,,,,,,,25049.0,,25049.0,,25049.0,,25049.0,,25049.0,,25049.0,,,,,,,,,,,,,,,,,,,,,,,,,
NIT,"National Institute of Technology, Rourkela","Chemistry (5 Years, Integrated Master of Science)",HS,Gender-Neutral,50408.0,,53904.0,,53904.0,,53904.0,,53904.0,,60683.0,,10244.0,,10991.0,,10991.0,,10991.0,,10991.0,,12502.0,,20781.0,,22234.0,,22234.0,,22234.0,,22234.0,,30983.0,,10883.0,,10883.0,,10883.0,,10883.0,,10883.0,,12110.0,,4070.0,,5700.0,,6193.0,,6843.0,,7078.0,,7243.0,
NIT,"National Institute of Technology, Rourkela","Chemistry (5 Years, Integrated Master of Science)",OS,Female-only (including Supernumerary),34430.0,,34430.0,,34430.0,,34430.0,,34430.0,,34430.0,,,,,,,,,,,,,,13952.0,,19814.0,,19814.0,,19814.0,,19814.0,,20747.0,,,,,,,,,,,,,,,,,,,,,,,,,
NIT,"National Institute of Technology, Rourkela","Chemistry (5 Years, Integrated Master of Science)",OS,Gender-Neutral,29185.0,,38235.0,,38235.0,,38235.0,,38235.0,,43806.0,,5534.0,,5534.0,,5534.0,,5534.0,,5534.0,,7533.0,,10799.0,,13676.0,,13676.0,,13676.0,,13676.0,,13772.0,,6207.0,,7522.0,,8080.0,,8080.0,,8080.0,,8080.0,,2685.0,,3228.0,,3228.0,,3228.0,,3228.0,,3228.0,
NIT,"National Institute of Technology, Rourkela","Civil Engineering (4 Years, Bachelor of Technology)",HS,Female-only (including Supernumerary),37288.0,,43108.0,,43525.0,,43525.0,,43525.0,,43525.0,,,,,,,,,,,,,,24402.0,,32670.0,,32767.0,,32767.0,,32767.0,,32767.0,,5065.0,,5065.0,,5065.0,,5065.0,,5065.0,,5065.0,,,,,,,,,,,,,
NIT,"National Institute of Technology, Rourkela","Civil Engineering (4 Years, Bachelor of Technology)",HS,Gender-Neutral,26250.0,1018.0,27915.0,1018.0,28368.0,1018.0,28368.0,1018.0,28368.0,1018.0,28368.0,1018.0,6784.0,,8187.0,,8312.0,,8312.0,,8312.0,,8312.0,,11587.0,1411.0,12953.0,1411.0,13313.0,1411.0,13335.0,1411.0,13335.0,1411.0,13335.0,1411.0,5410.0,,5496.0,,5496.0,,5496.0,,5496.0,,5496.0,,2344.0,,2344.0,,2344.0,,2344.0,,2344.0,,2344.0,
NIT,"National Institute of Technology, Rourkela","Civil Engineering (4 Years, Bachelor of Technology)",OS,Female-only (including Supernumerary),34358.0,,36568.0,,36568.0,,36568.0,,36568.0,,36568.0,,,,,,,,,,,,,,13304.0,,14118.0,,14143.0,,14201.0,,14201.0,,14201.0,,5067.0,,6041.0,,6041.0,,6041.0,,6041.0,,6041.0,,,,,,,,,,,,,
NIT,"National Institute of Technology, Rourkela","Civil Engineering (4 Years, Bachelor of Technology)",OS,Gender-Neutral,23208.0,641.0,24526.0,641.0,24526.0,641.0,24526.0,641.0,24526.0,641.0,25282.0,641.0,3589.0,,3594.0,,3594.0,,3639.0,,3639.0,,3729.0,,7960.0,427.0,8231.0,427.0,8231.0,427.0,8231.0,427.0,8231.0,427.0,8296.0,427.0,3687.0,,3740.0,,3740.0,,3740.0,,3740.0,,4293.0,,914.0,,1025.0,,1025.0,,1025.0,,1025.0,,1025.0,
NIT,"National Institute of Technology, Rourkela","Computer Science and Engineering (4 Years, Bachelor of Technology)",HS,Female-only (including Supernumerary),15727.0,191.0,16197.0,256.0,16197.0,256.0,16197.0,256.0,16197.0,256.0,16197.0,256.0,,,,,,,,,,,,,7654.0,,11964.0,,11964.0,,11964.0,,11964.0,,11964.0,,2688.0,,2688.0,,2688.0,,2688.0,,2688.0,,2688.0,,898.0,,1471.0,,1471.0,,1471.0,,1471.0,,1471.0,
NIT,"National Institute of Technology, Rourkela","Computer Science and Engineering (4 Years, Bachelor of Technology)",HS,Gender-Neutral,7371.0,88.0,7853.0,90.0,7853.0,90.0,7853.0,90.0,7853.0,90.0,7853.0,90.0,1287.0,22.0,2045.0,22.0,2045.0,22.0,2045.0,22.0,2045.0,22.0,2045.0,22.0,4182.0,180.0,4440.0,180.0,4440.0,180.0,4440.0,180.0,4440.0,180.0,4440.0,180.0,1718.0,,1718.0,,1718.0,,1718.0,,1718.0,,1718.0,,729.0,,729.0,,729.0,,729.0,,729.0,,729.0,
NIT,"National Institute of Technology, Rourkela","Computer Science and Engineering (4 Years, Bachelor of Technology)",OS,Female-only (including Supernumerary),5524.0,,5524.0,,5524.0,,5524.0,,5524.0,,5524.0,,747.0,,793.0,,793.0,,793.0,,793.0,,793.0,,2807.0,,2833.0,,2833.0,,2833.0,,2833.0,,2833.0,,1226.0,33.0,1226.0,33.0,1226.0,33.0,1226.0,33.0,1226.0,33.0,1449.0,33.0,316.0,,316.0,,316.0,,316.0,,316.0,,316.0,
NIT,"National Institute of Technology, Rourkela","Computer Science and Engineering (4 Years, Bachelor of Technology)",OS,Gender-Neutral,3122.0,96.0,3156.0,118.0,3160.0,118.0,3167.0,118.0,3369.0,118.0,3431.0,118.0,338.0,18.0,338.0,31.0,349.0,31.0,349.0,31.0,351.0,31.0,438.0,31.0,1011.0,45.0,1049.0,57.0,1049.0,57.0,1049.0,57.0,1214.0,57.0,1214.0,57.0,407.0,26.0,409.0,34.0,409.0,34.0,409.0,34.0,409.0,34.0,409.0,34.0,230.0,8.0,230.0,22.0,230.0,22.0,230.0,22.0,230.0,22.0,230.0,33.0
NIT,"National Institute of Technology, Rourkela","Electrical Engineering (4 Years, Bachelor of Technology)",HS,Female-only (including Supernumerary),24439.0,982.0,30552.0,982.0,30552.0,982.0,30552.0,982.0,30552.0,982.0,30552.0,982.0,6065.0,,6298.0,,6298.0,,6298.0,,6298.0,,6298.0,,16237.0,566.0,29864.0,566.0,29864.0,566.0,29864.0,566.0,29864.0,566.0,29864.0,566.0,5298.0,,6488.0,,6488.0,,6488.0,,6488.0,,6488.0,,3147.0,,3147.0,,3147.0,,3147.0,,3147.0,,3147.0,
NIT,"National Institute of Technology, Rourkela","Electrical Engineering (4 Years, Bachelor of Technology)",HS,Gender-Neutral,15456.0,547.0,16008.0,906.0,16008.0,906.0,16008.0,906.0,16008.0,926.0,16250.0,926.0,4992.0,124.0,5470.0,305.0,5470.0,305.0,5470.0,305.0,5470.0,305.0,5726.0,305.0,7163.0,687.0,8074.0,942.0,9085.0,942.0,9085.0,942.0,9085.0,942.0,9515.0,942.0,2785.0,,3411.0,,3411.0,,3411.0,,3411.0,,3411.0,,1924.0,,2082.0,,2082.0,,2082.0,,2082.0,,2082.0,
NIT,"National Institute of Technology, Rourkela","Electrical Engineering (4 Years, Bachelor of Technology)",OS,Female-only (including Supernumerary),15342.0,593.0,16882.0,593.0,17190.0,593.0,17190.0,593.0,17190.0,593.0,18535.0,593.0,2522.0,,2535.0,,2535.0,,2535.0,,2535.0,,2535.0,,6056.0,641.0,6070.0,641.0,6070.0,641.0,6070.0,759.0,6738.0,759.0,6738.0,759.0,2480.0,,2480.0,,2480.0,,2480.0,,2480.0,,2480.0,,1460.0,,1460.0,,1460.0,,1460.0,,1460.0,,1460.0,
NIT,"National Institute of Technology, Rourkela","Electrical Engineering (4 Years, Bachelor of Technology)",OS,Gender-Neutral,9416.0,406.0,9611.0,478.0,9640.0,478.0,9640.0,478.0,9640.0,478.0,10623.0,478.0,1391.0,112.0,1432.0,238.0,1432.0,238.0,1486.0,238.0,1486.0,238.0,1528.0,238.0,3473.0,261.0,3740.0,261.0,3740.0,261.0,3740.0,261.0,3857.0,261.0,4051.0,261.0,1758.0,83.0,1864.0,83.0,1864.0,83.0,1864.0,83.0,1997.0,83.0,2033.0,83.0,869.0,,886.0,,912.0,,912.0,,912.0,,912.0,
NIT,"National Institute of Technology, Rourkela","Electronics and Communication Engineering (4 Years, Bachelor of Technology)",HS,Female-only (including Supernumerary),20920.0,,20920.0,,20920.0,,20920.0,,20920.0,,20920.0,,3178.0,,3217.0,,3217.0,,3217.0,,3217.0,,3217.0,,11036.0,,16237.0,,16237.0,,16237.0,,16237.0,,16237.0,,4025.0,,4025.0,,4025.0,,4025.0,,4025.0,,4025.0,,2606.0,,4070.0,,4070.0,,4070.0,,4070.0,,4070.0,
NIT,"National Institute of Technology, Rourkela","Electronics and Communication Engineering (4 Years, Bachelor of Technology)",HS,Gender-Neutral,10758.0,228.0,11195.0,228.0,11195.0,228.0,11195.0,228.0,11195.0,228.0,11195.0,228.0,2485.0,,3256.0,,3256.0,,3256.0,,3256.0,,3256.0,,5418.0,,5452.0,,5759.0,,5759.0,,5759.0,,5759.0,,1716.0,,2345.0,,2345.0,,2345.0,,2345.0,,2345.0,,1200.0,,1783.0,,1783.0,,1783.0,,1783.0,,1783.0,
NIT,"National Institute of Technology, Rourkela","Electronics and Communication Engineering (4 Years, Bachelor of Technology)",OS,Female-only (including Supernumerary),6697.0,,10506.0,,10678.0,,10678.0,,10842.0,,10842.0,,1477.0,,1477.0,,1477.0,,1477.0,,1477.0,,1679.0,,3678.0,,3678.0,,3678.0,,3678.0,,3678.0,,3678.0,,1129.0,,2273.0,,2273.0,,2273.0,,2273.0,,2273.0,,564.0,,564.0,,564.0,,564.0,,564.0,,564.0,
NIT,"National Institute of Technology, Rourkela","Electronics and Communication Engineering (4 Years, Bachelor of Technology)",OS,Gender-Neutral,5109.0,232.0,5264.0,232.0,5264.0,232.0,5264.0,232.0,5264.0,232.0,5785.0,232.0,714.0,,714.0,,714.0,,714.0,,714.0,,748.0,,1902.0,,2052.0,,2052.0,,2052.0,,2052.0,,2131.0,,921.0,,1066.0,,1066.0,,1066.0,,1066.0,,1169.0,,465.0,,465.0,,465.0,,465.0,,465.0,,465.0,
NIT,"National Institute of Technology, Rourkela","Electronics and Instrumentation Engineering (4 Years, Bachelor of Technology)",HS,Female-only (including Supernumerary),21904.0,,21904.0,,21904.0,,21904.0,,21904.0,,21904.0,,3217.0,,6370.0,,6370.0,,6370.0,,6370.0,,6370.0,,12978.0,,23559.0,,23559.0,,23559.0,,23559.0,,23559.0,,5112.0,,5112.0,,5112.0,,5112.0,,5112.0,,5112.0,,3701.0,,4771.0,,5308.0,,5308.0,,5308.0,,5308.0,
NIT,"National Institute of Technology, Rourkela","Electronics and Instrumentation Engineering (4 Years, Bachelor of Technology)",HS,Gender-Neutral,13717.0,256.0,13784.0,341.0,13784.0,341.0,13784.0,341.0,13784.0,341.0,13784.0,341.0,4015.0,,4015.0,,4015.0,,4015.0,,4015.0,,4015.0,,5912.0,,6222.0,,6554.0,,6554.0,,6554.0,,6554.0,,2681.0,,2708.0,,2708.0,,2708.0,,2708.0,,2708.0,,1308.0,,1924.0,,1924.0,,1924.0,,1924.0,,1924.0,
NIT,"National Institute of Technology, Rourkela","Electronics and Instrumentation Engineering (4 Years, Bachelor of Technology)",OS,Female-only (including Supernumerary),13968.0,,13968.0,,13968.0,,13968.0,,14585.0,,15183.0,,2412.0,,2522.0,,2522.0,,2522.0,,2522.0,,3374.0,,8335.0,,8335.0,,8335.0,,8335.0,,8335.0,,8335.0,,,,,,,,,,,,,,,,,,,,,,,,,
NIT,"National Institute of Technology, Rourkela","Electronics and Instrumentation Engineering (4 Years, Bachelor of Technology)",OS,Gender-Neutral,8167.0,,8195.0,,8400.0,,8400.0,,8400.0,,9555.0,,1239.0,,1265.0,,1265.0,,1265.0,,1265.0,,1265.0,,3641.0,,3708.0,,3708.0,,3708.0,,3932.0,,3932.0,,1708.0,,1809.0,,1809.0,,1809.0,,1921.0,,1921.0,,585.0,,585.0,,585.0,,585.0,,585.0,,585.0,
NIT,"National Institute of Technology, Rourkela","Food Process Engineering (4 Years, Bachelor of Technology)",HS,Female-only (including Supernumerary),51979.0,,54386.0,,69114.0,,69114.0,,71858.0,,78347.0,,,,,,,,,,,,,,31085.0,,37197.0,,37197.0,,37197.0,,37197.0,,37197.0,,11716.0,,13304.0,,13304.0,,13304.0,,13304.0,,13304.0,,,,,,,,,,,,,
NIT,"National Institute of Technology, Rourkela","Food Process Engineering (4 Years, Bachelor of Technology)",HS,Gender-Neutral,44029.0,,47772.0,,48391.0,,48391.0,,48391.0,,48809.0,,8772.0,,9304.0,,10316.0,,10316.0,,10618.0,,11435.0,,19011.0,,21705.0,,21962.0,,21962.0,,21962.0,,22133.0,,8064.0,,8931.0,,9060.0,,9060.0,,9060.0,,9060.0,,3182.0,,3182.0,,3182.0,,3182.0,,3182.0,,3182.0,
NIT,"National Institute of Technology, Rourkela","Food Process Engineering (4 Years, Bachelor of Technology)",OS,Female-only (including Supernumerary),33994.0,,33994.0,,33994.0,,33994.0,,33994.0,,33994.0,,6868.0,,7629.0,,7688.0,,7688.0,,7688.0,,8848.0,,13486.0,,19066.0,,19066.0,,19066.0,,19066.0,,19066.0,,8666.0,,9097.0,,9097.0,,9097.0,,9097.0,,9097.0,,,,,,,,,,,,,
NIT,"National Institute of Technology, Rourkela","Food Process Engineering (4 Years, Bachelor of Technology)",OS,Gender-Neutral,34766.0,,37193.0,,37439.0,,38826.0,,38826.0,,40010.0,,5019.0,,5710.0,,5710.0,,5710.0,,5710.0,,6257.0,,11208.0,,11403.0,,11403.0,,11403.0,,11403.0,,13777.0,,5194.0,,6512.0,,6512.0,,6512.0,,6512.0,,6512.0,,2456.0,,2685.0,,2685.0,,2685.0,,2685.0,,2685.0,
NIT,"National Institute of Technology, Rourkela","Industrial Design (4 Years, Bachelor of Technology)",HS,Female-only (including Supernumerary),34233.0,,34233.0,,34233.0,,34233.0,,34233.0,,34233.0,,,,,,,,,,,,,,30011.0,,35483.0,,35483.0,,35483.0,,35483.0,,35483.0,,,,,,,,,,,,,,,,,,,,,,,,,
NIT,"National Institute of Technology, Rourkela","Industrial Design (4 Years, Bachelor of Technology)",HS,Gender-Neutral,25881.0,,30209.0,,30209.0,,30209.0,,30209.0,,31363.0,,6739.0,,6739.0,,6739.0,,6739.0,,6739.0,,6739.0,,13993.0,,14498.0,,14498.0,,14610.0,,14610.0,,14610.0,,6293.0,,8004.0,,8004.0,,8004.0,,8004.0,,8004.0,,2770.0,,2984.0,,2984.0,,2984.0,,2984.0,,2984.0,
NIT,"National Institute of Technology, Rourkela","Industrial Design (4 Years, Bachelor of Technology)",OS,Female-only (including Supernumerary),27788.0,,27788.0,,27788.0,,27788.0,,27788.0,,27788.0,,,,,,,,,,,,,,12831.0,,14449.0,,14449.0,,14449.0,,14449.0,,14449.0,,,,,,,,,,,,,,,,,,,,,,,,,
NIT,"National Institute of Technology, Rourkela","Industrial Design (4 Years, Bachelor of Technology)",OS,Gender-Neutral,22900.0,,23298.0,,23298.0,,23298.0,,23298.0,,24030.0,,4268.0,,4268.0,,4268.0,,4268.0,,4268.0,,4662.0,,8482.0,,8579.0,,8579.0,,8579.0,,8579.0,,8579.0,,4658.0,,4658.0,,4658.0,,4658.0,,4658.0,,5540.0,,1930.0,,1930.0,,1930.0,,1930.0,,1930.0,,1930.0,
NIT,"National Institute of Technology, Rourkela","Life Science (5 Years, Integrated Master of Science)",HS,Female-only (including Supernumerary),55873.0,,57966.0,,67184.0,,67184.0,,67184.0,,67184.0,,,,,,,,,,,,,,26461.0,,34420.0,,41830.0,,41830.0,,41830.0,,41830.0,,,,,,,,,,,,,,,,,,,,,,,,,
NIT,"National Institute of Technology, Rourkela","Life Science (5 Years, Integrated Master of Science)",HS,Gender-Neutral,50526.0,,64892.0,,75395.0,,78561.0,,79125.0,,81559.0,,8047.0,,12502.0,,12502.0,,12502.0,,12502.0,,13171.0,,23638.0,,25319.0,,30863.0,,31995.0,,32076.0,,32515.0,,9060.0,,9060.0,,11398.0,,11398.0,,11398.0,,11398.0,,5386.0,,6752.0,,7826.0,,7826.0,,7826.0,,7826.0,
NIT,"National Institute of Technology, Rourkela","Life Science (5 Years, Integrated Master of Science)",OS,Female-only (including Supernumerary),43307.0,,50922.0,,54025.0,,56525.0,,58328.0,,58328.0,,,,,,,,,,,,,,15616.0,,22774.0,,22774.0,,22774.0,,22774.0,,22774.0,,,,,,,,,,,,,,,,,,,,,,,,,
NIT,"National Institute of Technology, Rourkela","Life Science (5 Years, Integrated Master of Science)",OS,Gender-Neutral,30511.0,,42079.0,,46305.0,,50388.0,,50388.0,,51669.0,,7149.0,,7205.0,,7205.0,,7205.0,,7700.0,,7700.0,,11814.0,,16537.0,,17727.0,,17935.0,,18560.0,,18602.0,,4319.0,,4319.0,,4319.0,,4319.0,,4319.0,,4319.0,,2637.0,,3532.0,,3532.0,,3532.0,,3532.0,,3532.0,
NIT,"National Institute of Technology, Rourkela","Mathematics (5 Years, Integrated Master of Science)",HS,Female-only (including Supernumerary),51226.0,,51226.0,,51226.0,,51226.0,,51226.0,,51226.0,,,,,,,,,,,,,,,,,,,,,,,,,,,,,,,,,,,,,,,,,,,,,,,,,
NIT,"National Institute of Technology, Rourkela","Mathematics (5 Years, Integrated Master of Science)",HS,Gender-Neutral,45854.0,,50360.0,,50360.0,,50360.0,,50360.0,,52270.0,,10991.0,,11794.0,,11794.0,,11794.0,,11794.0,,11794.0,,19653.0,,22879.0,,22879.0,,22879.0,,22879.0,,22879.0,,11189.0,,11660.0,,11660.0,,11660.0,,11660.0,,12057.0,,5323.0,,5386.0,,5386.0,,5386.0,,5386.0,,5386.0,
NIT,"National Institute of Technology, Rourkela","Mathematics (5 Years, Integrated Master of Science)",OS,Female-only (including Supernumerary),34818.0,,34818.0,,34818.0,,34818.0,,37359.0,,37359.0,,,,,,,,,,,,,,,,,,,,,,,,,,,,,,,,,,,,,,,,,,,,,,,,,
NIT,"National Institute of Technology, Rourkela","Mathematics (5 Years, Integrated Master of Science)",OS,Gender-Neutral,23032.0,,24205.0,,24205.0,,24205.0,,24205.0,,24786.0,,3319.0,,3929.0,,3929.0,,3929.0,,3929.0,,3929.0,,9201.0,,11164.0,,11164.0,,11164.0,,11164.0,,11164.0,,3981.0,,4016.0,,4016.0,,4016.0,,4016.0,,4016.0,,1501.0,,1501.0,,1501.0,,1501.0,,1501.0,,1501.0,
NIT,"National Institute of Technology, Rourkela","Mechanical Engineering (4 Years, Bachelor of Technology)",HS,Female-only (including Supernumerary),31244.0,,31957.0,,31957.0,,31957.0,,31957.0,,31958.0,,7660.0,,7660.0,,7660.0,,7660.0,,7660.0,,7660.0,,21673.0,1639.0,30011.0,1639.0,31085.0,1639.0,31085.0,1639.0,31085.0,1639.0,31085.0,1639.0,6241.0,,6241.0,,6241.0,,6241.0,,6241.0,,6241.0,,1456.0,,4542.0,,4542.0,,4542.0,,4542.0,,4542.0,
NIT,"National Institute of Technology, Rourkela","Mechanical Engineering (4 Years, Bachelor of Technology)",HS,Gender-Neutral,20378.0,637.0,20771.0,637.0,20771.0,637.0,20771.0,637.0,20771.0,637.0,21488.0,637.0,5801.0,,6638.0,,6638.0,,6638.0,,6638.0,,6668.0,,9365.0,587.0,10384.0,587.0,10846.0,587.0,10940.0,587.0,10940.0,587.0,11266.0,587.0,3869.0,,4316.0,,4316.0,,4316.0,,4316.0,,4316.0,,1670.0,,1977.0,,1977.0,,1977.0,,1977.0,,1977.0,
NIT,"National Institute of Technology, Rourkela","Mechanical Engineering (4 Years, Bachelor of Technology)",OS,Female-only (including Supernumerary),24059.0,,24059.0,,24059.0,,24059.0,,26172.0,,27489.0,,3847.0,,3847.0,,3847.0,,3847.0,,3847.0,,3847.0,,10436.0,759.0,11399.0,759.0,11399.0,759.0,11399.0,779.0,11399.0,779.0,11514.0,779.0,4133.0,,4738.0,,4738.0,,4738.0,,4738.0,,4976.0,,2016.0,,2165.0,,2165.0,,2165.0,,2165.0,,2165.0,
NIT,"National Institute of Technology, Rourkela","Mechanical Engineering (4 Years, Bachelor of Technology)",OS,Gender-Neutral,12248.0,712.0,12995.0,712.0,13040.0,712.0,13040.0,712.0,13250.0,712.0,15035.0,712.0,2055.0,,2062.0,,2140.0,,2140.0,,2146.0,,2367.0,,4819.0,391.0,5420.0,399.0,5546.0,399.0,5546.0,399.0,5571.0,399.0,5577.0,399.0,2817.0,275.0,2896.0,275.0,2896.0,275.0,2896.0,275.0,2896.0,275.0,2896.0,275.0,924.0,54.0,957.0,54.0,957.0,54.0,957.0,54.0,1015.0,54.0,1015.0,54.0
NIT,"National Institute of Technology, Rourkela","Metallurgical and Materials Engineering (4 Years, Bachelor of Technology)",HS,Female-only (including Supernumerary),40082.0,,48117.0,,48117.0,,48117.0,,48117.0,,50863.0,,,,,,,,,,,,,,29339.0,,36638.0,,38375.0,,38375.0,,38375.0,,38375.0,,7635.0,,7635.0,,7635.0,,7635.0,,7635.0,,7635.0,,,,,,,,,,,,,
NIT,"National Institute of Technology, Rourkela","Metallurgical and Materials Engineering (4 Years, Bachelor of Technology)",HS,Gender-Neutral,29716.0,2456.0,29837.0,2456.0,29837.0,2456.0,29837.0,2456.0,29837.0,2456.0,31600.0,2456.0,7985.0,,8607.0,,8607.0,,8607.0,,8768.0,,8772.0,,13011.0,1182.0,13664.0,1182.0,13664.0,1182.0,14379.0,1182.0,14379.0,1182.0,14648.0,1182.0,6522.0,,6584.0,,6584.0,,6584.0,,6584.0,,6630.0,,2082.0,,2675.0,,2675.0,,2675.0,,2675.0,,2675.0,
NIT,"National Institute of Technology, Rourkela","Metallurgical and Materials Engineering (4 Years, Bachelor of Technology)",OS,Female-only (including Supernumerary),39801.0,,39801.0,,39801.0,,39801.0,,39801.0,,41195.0,,,,,,,,,,,,,,13142.0,,15521.0,,15521.0,,15521.0,,15521.0,,16135.0,,6041.0,,7267.0,,7267.0,,7267.0,,7267.0,,7267.0,,2196.0,,2196.0,,2196.0,,2196.0,,2196.0,,2196.0,
NIT,"National Institute of Technology, Rourkela","Metallurgical and Materials Engineering (4 Years, Bachelor of Technology)",OS,Gender-Neutral,26442.0,1112.0,27054.0,1150.0,27054.0,1150.0,27054.0,1439.0,27054.0,1439.0,30135.0,1439.0,4076.0,,4694.0,,4694.0,,4694.0,,4694.0,,4875.0,,8827.0,585.0,8944.0,589.0,8944.0,589.0,8944.0,641.0,8944.0,641.0,9868.0,641.0,4938.0,,5746.0,,5746.0,,5746.0,,5746.0,,5761.0,,1851.0,,2128.0,,2128.0,,2128.0,,2128.0,,2128.0,
NIT,"National Institute of Technology, Rourkela","Metallurgical and Materials Engineering (5 Years, Bachelor and Master of Technology (Dual Degree))",HS,Female-only (including Supernumerary),,,,,,,,,,,,,,,,,,,,,,,,,26841.0,,37907.0,,43548.0,,43548.0,,43548.0,,43548.0,,,,,,,,,,,,,,,,,,,,,,,,,
NIT,"National Institute of Technology, Rourkela","Metallurgical and Materials Engineering (5 Years, Bachelor and Master of Technology (Dual Degree))",HS,Gender-Neutral,36055.0,,39890.0,,39890.0,,39890.0,,39890.0,,39890.0,,,,,,,,,,,,,,11922.0,,15038.0,,15038.0,,15038.0,,16003.0,,16003.0,,6920.0,,6920.0,,6920.0,,6920.0,,6920.0,,6920.0,,,,,,,,,,,,,
NIT,"National Institute of Technology, Rourkela","Metallurgical and Materials Engineering (5 Years, Bachelor and Master of Technology (Dual Degree))",OS,Female-only (including Supernumerary),41441.0,,47131.0,,47131.0,,47131.0,,47131.0,,47131.0,,,,,,,,,,,,,,,,,,,,,,,,,,,,,,,,,,,,,,,,,,,,,,,,,
NIT,"National Institute of Technology, Rourkela","Metallurgical and Materials Engineering (5 Years, Bachelor and Master of Technology (Dual Degree))",OS,Gender-Neutral,30376.0,,33829.0,,33829.0,,33829.0,,33829.0,,35129.0,,,,,,,,,,,,,,10395.0,,10733.0,,10832.0,,10832.0,,10832.0,,13259.0,,5540.0,,5612.0,,5612.0,,5612.0,,5612.0,,6195.0,,,,,,,,,,,,,
NIT,"National Institute of Technology, Rourkela","Mining Engineering (4 Years, Bachelor of Technology)",HS,Female-only (including Supernumerary),42304.0,,43773.0,,50863.0,,50863.0,,50863.0,,54553.0,,10367.0,,10367.0,,10367.0,,10367.0,,10367.0,,10367.0,,,,,,,,,,,,,,,,,,,,,,,,,,5309.0,,5309.0,,5309.0,,5309.0,,5309.0,,5309.0,
NIT,"National Institute of Technology, Rourkela","Mining Engineering (4 Years, Bachelor of Technology)",HS,Gender-Neutral,30411.0,,35557.0,,35557.0,,35557.0,,35557.0,,35557.0,,8064.0,,8247.0,,8247.0,,8247.0,,8247.0,,8247.0,,13664.0,,14610.0,,14691.0,,14909.0,,14909.0,,14909.0,,6630.0,,6630.0,,6630.0,,6630.0,,6630.0,,7905.0,,1948.0,,3164.0,,3164.0,,3164.0,,3164.0,,3164.0,
NIT,"National Institute of Technology, Rourkela","Mining Engineering (4 Years, Bachelor of Technology)",OS,Female-only (including Supernumerary),42811.0,,48630.0,,48630.0,,48630.0,,48630.0,,53135.0,,,,,,,,,,,,,,14781.0,,14781.0,,14781.0,,14781.0,,14781.0,,18254.0,,7124.0,,8405.0,,8405.0,,8405.0,,8405.0,,8405.0,,,,,,,,,,,,,
NIT,"National Institute of Technology, Rourkela","Mining Engineering (4 Years, Bachelor of Technology)",OS,Gender-Neutral,29975.0,,30904.0,,30904.0,,30904.0,,30904.0,,35731.0,,4955.0,,4955.0,,4955.0,,4973.0,,4973.0,,5123.0,,10124.0,,10250.0,,10250.0,,10250.0,,10250.0,,10527.0,,5091.0,,5250.0,,5250.0,,5250.0,,5250.0,,5250.0,,1011.0,,1011.0,,1011.0,,1011.0,,1011.0,,1011.0,
NIT,"National Institute of Technology, Rourkela","Mining Engineering (5 Years, Bachelor and Master of Technology (Dual Degree))",HS,Female-only (including Supernumerary),,,,,,,,,,,,,,,,,,,,,,,,,29283.0,,37914.0,,48096.0,,48096.0,,48096.0,,48096.0,,,,,,,,,,,,,,,,,,,,,,,,,
NIT,"National Institute of Technology, Rourkela","Mining Engineering (5 Years, Bachelor and Master of Technology (Dual Degree))",HS,Gender-Neutral,36780.0,,40423.0,,40423.0,,40423.0,,40423.0,,40423.0,,,,,,,,,,,,,,14174.0,,16003.0,,16003.0,,16003.0,,17654.0,,17654.0,,7046.0,,7046.0,,7046.0,,7046.0,,7046.0,,8438.0,,4307.0,,4496.0,,4496.0,,4496.0,,4496.0,,4496.0,
NIT,"National Institute of Technology, Rourkela","Mining Engineering (5 Years, Bachelor and Master of Technology (Dual Degree))",OS,Female-only (including Supernumerary),,,,,,,,,,,,,,,,,,,,,,,,,15812.0,,16135.0,,16135.0,,16135.0,,16135.0,,21414.0,,,,,,,,,,,,,,,,,,,,,,,,,
NIT,"National Institute of Technology, Rourkela","Mining Engineering (5 Years, Bachelor and Master of Technology (Dual Degree))",OS,Gender-Neutral,34630.0,,37567.0,,37934.0,,37934.0,,37934.0,,41212.0,,5035.0,,5258.0,,5857.0,,5857.0,,5857.0,,5857.0,,,,,,,,,,,,,,5778.0,,5778.0,,5778.0,,5778.0,,5778.0,,5778.0,,2130.0,,2130.0,,2130.0,,2130.0,,2130.0,,2130.0,
NIT,"National Institute of Technology, Rourkela","Physics (5 Years, Integrated Master of Science)",HS,Female-only (including Supernumerary),43878.0,,43878.0,,43878.0,,43878.0,,43878.0,,43878.0,,,,,,,,,,,,,,19614.0,,24677.0,,24677.0,,24677.0,,24677.0,,24677.0,,,,,,,,,,,,,,,,,,,,,,,,,
NIT,"National Institute of Technology, Rourkela","Physics (5 Years, Integrated Master of Science)",HS,Gender-Neutral,44676.0,,52304.0,,52304.0,,52304.0,,52304.0,,53337.0,,9053.0,,9229.0,,9229.0,,9229.0,,9229.0,,10991.0,,18644.0,,21018.0,,21018.0,,21018.0,,21127.0,,21127.0,,10719.0,,10719.0,,10719.0,,10719.0,,10719.0,,10719.0,,3623.0,,4485.0,,4485.0,,4485.0,,4485.0,,4485.0,
NIT,"National Institute of Technology, Rourkela","Physics (5 Years, Integrated Master of Science)",OS,Female-only (including Supernumerary),27473.0,,27473.0,,27473.0,,27473.0,,27473.0,,27473.0,,,,,,,,,,,,,,,,,,,,,,,,,,,,,,,,,,,,,,,,,,,,,,,,,
NIT,"National Institute of Technology, Rourkela","Physics (5 Years, Integrated Master of Science)",OS,Gender-Neutral,16278.0,,17826.0,,17826.0,,17826.0,,17826.0,,23219.0,,3193.0,,3193.0,,3193.0,,3193.0,,3193.0,,3955.0,,9958.0,,10417.0,,10417.0,,10417.0,,10417.0,,10417.0,,2705.0,,2705.0,,2705.0,,2705.0,,2705.0,,4106.0,,1975.0,,1975.0,,1975.0,,1975.0,,1975.0,,2966.0,
NIT,"National Institute of Technology, Silchar","Civil Engineering (4 Years, Bachelor of Technology)",HS,Female-only (including Supernumerary),78072.0,,97162.0,,97162.0,,100532.0,,100532.0,,103145.0,,15260.0,,18212.0,,20682.0,,23443.0,,23443.0,,23443.0,,64985.0,,67424.0,,68401.0,,68401.0,,69379.0,,69379.0,,11516.0,,11516.0,,11516.0,,11516.0,,11516.0,,12197.0,,3173.0,,3173.0,,3173.0,,3173.0,,3173.0,,3173.0,
NIT,"National Institute of Technology, Silchar","Civil Engineering (4 Years, Bachelor of Technology)",HS,Gender-Neutral,69771.0,879.0,76662.0,879.0,77570.0,879.0,77570.0,879.0,77570.0,879.0,80869.0,879.0,11788.0,,12070.0,,12339.0,,12339.0,,12339.0,,13477.0,,38407.0,476.0,46847.0,476.0,48249.0,476.0,49352.0,476.0,49647.0,476.0,51543.0,476.0,10063.0,,11596.0,,11596.0,,11596.0,,11882.0,,12294.0,,2377.0,,2741.0,,2741.0,,2741.0,,3279.0,,3555.0,
NIT,"National Institute of Technology, Silchar","Civil Engineering (4 Years, Bachelor of Technology)",OS,Female-only (including Supernumerary),50540.0,3022.0,58351.0,3192.0,58832.0,3192.0,58832.0,3192.0,59047.0,3192.0,65033.0,3192.0,8359.0,,8406.0,,8406.0,,8406.0,,9201.0,,9385.0,,18938.0,,20598.0,,20598.0,,20598.0,,20598.0,,23975.0,,9050.0,,9299.0,,9299.0,,9299.0,,9781.0,,9781.0,,2938.0,,3155.0,,3155.0,,3155.0,,3155.0,,3155.0,
NIT,"National Institute of Technology, Silchar","Civil Engineering (4 Years, Bachelor of Technology)",OS,Gender-Neutral,39914.0,1380.0,42877.0,2228.0,43847.0,2228.0,44148.0,2228.0,44300.0,2228.0,48062.0,2581.0,5960.0,,6117.0,,6461.0,,6461.0,,6461.0,,6887.0,,13218.0,800.0,14431.0,1294.0,14625.0,1369.0,14625.0,1369.0,14683.0,1369.0,15757.0,1369.0,5794.0,,6963.0,,7028.0,,7028.0,,7028.0,,7283.0,,2194.0,67.0,2227.0,106.0,2227.0,106.0,2227.0,106.0,2227.0,,2283.0,
NIT,"National Institute of Technology, Silchar","Computer Science and Engineering (4 Years, Bachelor of Technology)",HS,Female-only (including Supernumerary),45010.0,,45010.0,,45010.0,,45010.0,,47951.0,,49187.0,,9473.0,,11904.0,,11904.0,,11904.0,,11904.0,,11904.0,,29556.0,,29556.0,,29556.0,,29556.0,,29556.0,,29556.0,,6657.0,,6657.0,,6657.0,,6657.0,,6657.0,,6657.0,,1491.0,,1552.0,,1552.0,,1552.0,,1552.0,,1552.0,
NIT,"National Institute of Technology, Silchar","Computer Science and Engineering (4 Years, Bachelor of Technology)",HS,Gender-Neutral,21987.0,230.0,22340.0,1222.0,22340.0,1222.0,22340.0,1222.0,23155.0,1222.0,23366.0,1222.0,4215.0,,4396.0,,4822.0,,4822.0,,4822.0,,5173.0,,13541.0,809.0,13541.0,906.0,13541.0,906.0,13541.0,906.0,13962.0,906.0,13962.0,906.0,2955.0,,3144.0,,3144.0,,3144.0,,3144.0,,3144.0,,817.0,,817.0,,817.0,,817.0,,817.0,,817.0,
NIT,"National Institute of Technology, Silchar","Computer Science and Engineering (4 Years, Bachelor of Technology)",OS,Female-only (including Supernumerary),17987.0,,20151.0,,21442.0,,21442.0,,21442.0,,22468.0,,3026.0,,3374.0,,3672.0,,3672.0,,3672.0,,3787.0,,7677.0,,7883.0,,7896.0,,7896.0,,7896.0,,8153.0,,3466.0,,3858.0,,3858.0,,3858.0,,3858.0,,3858.0,,1309.0,,1309.0,,1309.0,,1309.0,,1309.0,,1309.0,
NIT,"National Institute of Technology, Silchar","Computer Science and Engineering (4 Years, Bachelor of Technology)",OS,Gender-Neutral,11112.0,226.0,11599.0,259.0,11696.0,259.0,11696.0,259.0,11979.0,259.0,12665.0,259.0,1621.0,34.0,1633.0,47.0,1633.0,47.0,1633.0,47.0,1633.0,47.0,1689.0,47.0,3702.0,160.0,3948.0,220.0,3948.0,220.0,3948.0,220.0,3993.0,220.0,4079.0,220.0,1869.0,,1986.0,,1986.0,,1986.0,,1986.0,,2063.0,,900.0,,944.0,,944.0,,944.0,,944.0,,944.0,
NIT,"National Institute of Technology, Silchar","Electrical Engineering (4 Years, Bachelor of Technology)",HS,Female-only (including Supernumerary),73141.0,,89120.0,,90827.0,,90827.0,,93822.0,,95180.0,,13737.0,,19058.0,,19058.0,,19058.0,,19058.0,,19058.0,,54704.0,,56270.0,,56270.0,,56270.0,,58479.0,,58479.0,,10852.0,,10852.0,,10852.0,,10852.0,,10852.0,,10852.0,,3213.0,,3213.0,,3213.0,,3213.0,,3213.0,,3213.0,
NIT,"National Institute of Technology, Silchar","Electrical Engineering (4 Years, Bachelor of Technology)",HS,Gender-Neutral,52637.0,2431.0,57078.0,2431.0,57530.0,2431.0,57530.0,2431.0,57607.0,2431.0,58422.0,2431.0,9318.0,,9880.0,,9880.0,,9880.0,,9880.0,,9902.0,,31028.0,1420.0,34122.0,1420.0,34122.0,1420.0,34122.0,1420.0,34852.0,1420.0,37145.0,1420.0,7911.0,,8540.0,,8540.0,,8540.0,,8540.0,,8552.0,,1890.0,,2224.0,,2224.0,,2224.0,,2224.0,,2224.0,
NIT,"National Institute of Technology, Silchar","Electrical Engineering (4 Years, Bachelor of Technology)",OS,Female-only (including Supernumerary),34382.0,2093.0,39492.0,2492.0,39492.0,2492.0,39492.0,2492.0,39492.0,2492.0,40537.0,2492.0,5387.0,,6036.0,,6036.0,,6222.0,,6222.0,,6310.0,,14649.0,,14894.0,,15305.0,,15305.0,,16012.0,,16012.0,,6552.0,,6552.0,,6552.0,,6552.0,,6552.0,,7534.0,,2183.0,,3002.0,,3322.0,,3322.0,,3322.0,,3322.0,
NIT,"National Institute of Technology, Silchar","Electrical Engineering (4 Years, Bachelor of Technology)",OS,Gender-Neutral,22146.0,1480.0,23289.0,1698.0,23386.0,1698.0,23589.0,1698.0,24073.0,1698.0,25920.0,1698.0,3301.0,215.0,3392.0,310.0,3392.0,310.0,3415.0,310.0,3448.0,310.0,3870.0,322.0,7326.0,655.0,7878.0,769.0,7968.0,769.0,7968.0,769.0,7986.0,769.0,8499.0,769.0,3853.0,,4465.0,,4492.0,,4492.0,,4527.0,,4601.0,,1839.0,,1849.0,,1849.0,,1849.0,,1955.0,,2029.0,
NIT,"National Institute of Technology, Silchar","Electronics and Communication Engineering (4 Years, Bachelor of Technology)",HS,Female-only (including Supernumerary),58994.0,,62066.0,,62066.0,,62066.0,,67048.0,,68973.0,,10174.0,,14528.0,,14528.0,,14528.0,,14528.0,,14528.0,,37267.0,,37267.0,,37267.0,,37267.0,,37267.0,,37267.0,,7445.0,,7445.0,,7445.0,,7445.0,,7445.0,,7445.0,,1552.0,,2011.0,,2011.0,,2011.0,,2011.0,,2011.0,
NIT,"National Institute of Technology, Silchar","Electronics and Communication Engineering (4 Years, Bachelor of Technology)",HS,Gender-Neutral,34934.0,825.0,38288.0,825.0,38427.0,825.0,38427.0,825.0,38427.0,825.0,40328.0,825.0,5934.0,,6308.0,,6308.0,,6308.0,,6308.0,,6308.0,,20901.0,,22358.0,,22358.0,,22358.0,,22365.0,,22828.0,,4662.0,,5716.0,,5716.0,,5716.0,,6540.0,,6717.0,,1248.0,,1248.0,,1248.0,,1248.0,,1248.0,,1248.0,
NIT,"National Institute of Technology, Silchar","Electronics and Communication Engineering (4 Years, Bachelor of Technology)",OS,Female-only (including Supernumerary),25810.0,719.0,27153.0,816.0,27153.0,816.0,27153.0,816.0,28810.0,816.0,31185.0,816.0,4304.0,,4431.0,,4431.0,,4431.0,,4431.0,,4667.0,,11806.0,,11806.0,,11806.0,,11806.0,,13166.0,,13166.0,,4032.0,,4856.0,,4856.0,,4856.0,,4856.0,,4856.0,,1608.0,,1608.0,,1608.0,,1608.0,,1608.0,,1608.0,
NIT,"National Institute of Technology, Silchar","Electronics and Communication Engineering (4 Years, Bachelor of Technology)",OS,Gender-Neutral,15294.0,312.0,16180.0,911.0,16180.0,970.0,16180.0,970.0,16876.0,970.0,18068.0,970.0,2141.0,164.0,2389.0,168.0,2389.0,168.0,2389.0,168.0,2418.0,168.0,2658.0,168.0,5364.0,333.0,5822.0,391.0,5882.0,391.0,5882.0,391.0,5882.0,391.0,6119.0,391.0,3089.0,,3581.0,,3626.0,,3626.0,,3626.0,,3754.0,,1212.0,42.0,1274.0,42.0,1274.0,42.0,1274.0,42.0,1274.0,42.0,1274.0,42.0
NIT,"National Institute of Technology, Silchar","Electronics and Instrumentation Engineering (4 Years, Bachelor of Technology)",HS,Female-only (including Supernumerary),63019.0,,68973.0,,68973.0,,68973.0,,73141.0,,75283.0,,11643.0,,11643.0,,11643.0,,11643.0,,11643.0,,11643.0,,49389.0,,49389.0,,49389.0,,49389.0,,49389.0,,49389.0,,7760.0,,7760.0,,7760.0,,7760.0,,7760.0,,7760.0,,3086.0,,3086.0,,3086.0,,3086.0,,3086.0,,3086.0,
NIT,"National Institute of Technology, Silchar","Electronics and Instrumentation Engineering (4 Years, Bachelor of Technology)",HS,Gender-Neutral,44952.0,1733.0,47945.0,1733.0,47945.0,1733.0,47945.0,1733.0,47945.0,1733.0,50066.0,1733.0,7563.0,,8486.0,,8486.0,,8486.0,,8486.0,,8725.0,,23742.0,,28895.0,,28895.0,,28895.0,,29619.0,,30844.0,,6970.0,,7218.0,,7218.0,,7218.0,,7868.0,,7873.0,,1544.0,,1784.0,,1784.0,,1784.0,,1784.0,,1784.0,
NIT,"National Institute of Technology, Silchar","Electronics and Instrumentation Engineering (4 Years, Bachelor of Technology)",OS,Female-only (including Supernumerary),32164.0,,36262.0,,37569.0,,38165.0,,39737.0,,39861.0,,4431.0,,5202.0,,5286.0,,5830.0,,5830.0,,6280.0,,14657.0,,15359.0,,15359.0,,15359.0,,15359.0,,16610.0,,7258.0,,7258.0,,7258.0,,7258.0,,7258.0,,7258.0,,2262.0,,3768.0,,3768.0,,3768.0,,3768.0,,3768.0,
NIT,"National Institute of Technology, Silchar","Electronics and Instrumentation Engineering (4 Years, Bachelor of Technology)",OS,Gender-Neutral,19912.0,,20531.0,,20531.0,,20531.0,,20531.0,,21722.0,,2880.0,,3095.0,,3095.0,,3095.0,,3095.0,,3266.0,,6657.0,,6803.0,,7243.0,,7243.0,,7259.0,,7259.0,,3581.0,216.0,4059.0,216.0,4072.0,216.0,4072.0,216.0,4072.0,216.0,4498.0,216.0,1451.0,,1821.0,,1932.0,,1932.0,,1932.0,,1932.0,
NIT,"National Institute of Technology, Silchar","Mechanical Engineering (4 Years, Bachelor of Technology)",HS,Female-only (including Supernumerary),75820.0,,90827.0,,91106.0,,95180.0,,95180.0,,96332.0,,15284.0,,19724.0,,22151.0,,22151.0,,22151.0,,22151.0,,65380.0,,66079.0,,66079.0,,66079.0,,67424.0,,67424.0,,10525.0,,10525.0,,10525.0,,10525.0,,10525.0,,11516.0,,2233.0,,2233.0,,2233.0,,2233.0,,2233.0,,2233.0,
NIT,"National Institute of Technology, Silchar","Mechanical Engineering (4 Years, Bachelor of Technology)",HS,Gender-Neutral,60412.0,1959.0,63304.0,3645.0,64880.0,3645.0,64880.0,3645.0,65723.0,3645.0,68356.0,3645.0,10406.0,,11006.0,,11524.0,,11524.0,,11524.0,,11788.0,,33331.0,,38787.0,,38985.0,,39534.0,,40699.0,,43335.0,,9582.0,,10225.0,,10225.0,,10225.0,,11384.0,,11384.0,,2312.0,,2653.0,,2653.0,,2653.0,,2715.0,,2804.0,
NIT,"National Institute of Technology, Silchar","Mechanical Engineering (4 Years, Bachelor of Technology)",OS,Female-only (including Supernumerary),44667.0,2492.0,48900.0,3381.0,48900.0,3424.0,49602.0,3424.0,51413.0,3424.0,55677.0,3424.0,6943.0,,7681.0,,7681.0,,8348.0,,8348.0,,8359.0,,17590.0,,19215.0,,19455.0,,19455.0,,19455.0,,19920.0,,7534.0,,8824.0,,9027.0,,9027.0,,9027.0,,9192.0,,2690.0,,2908.0,,2908.0,,2908.0,,2908.0,,2908.0,
NIT,"National Institute of Technology, Silchar","Mechanical Engineering (4 Years, Bachelor of Technology)",OS,Gender-Neutral,29097.0,1062.0,30603.0,1298.0,30603.0,1298.0,30603.0,1298.0,30603.0,1298.0,34130.0,1298.0,4383.0,,4614.0,,4657.0,,4657.0,,4692.0,,5031.0,,9844.0,828.0,10323.0,1026.0,10357.0,1294.0,10357.0,1335.0,10357.0,1335.0,10706.0,1335.0,5000.0,,5629.0,,5629.0,,5629.0,,5629.0,,5669.0,,1955.0,,1955.0,,2202.0,,2202.0,,2239.0,,2239.0,
NIT,"National Institute of Technology, Srinagar","Chemical Engineering (4 Years, Bachelor of Technology)",JK,Female-only (including Supernumerary),133300.0,,150798.0,,158741.0,,158741.0,,158741.0,,180608.0,,,,,,,,,,,,,,,,,,,,,,,,,,44318.0,,44502.0,,44502.0,,44502.0,,44502.0,,44502.0,,9311.0,,9311.0,,9311.0,,9311.0,,9311.0,,9311.0,
NIT,"National Institute of Technology, Srinagar","Chemical Engineering (4 Years, Bachelor of Technology)",JK,Gender-Neutral,98352.0,3172.0,107777.0,,108706.0,,108706.0,,108706.0,,117046.0,,89282.0,,76360.0,,76360.0,,76360.0,,76360.0,,76360.0,,437742.0,,311482.0,,311482.0,,311482.0,,311482.0,,,,25995.0,,29513.0,,30176.0,,31013.0,,31013.0,,31013.0,,4604.0,,4872.0,,4872.0,,4872.0,,4872.0,,4937.0,
NIT,"National Institute of Technology, Srinagar","Chemical Engineering (4 Years, Bachelor of Technology)",LA,Gender-Neutral,372690.0,,372690.0,,372690.0,,372690.0,,372690.0,,372690.0,,,,,,,,,,,,,,,,,,,,,,,,,,,,,,,,,,,,,,,,,,,,,,,,,
NIT,"National Institute of Technology, Srinagar","Chemical Engineering (4 Years, Bachelor of Technology)",OS,Female-only (including Supernumerary),53611.0,,60190.0,,62404.0,,62404.0,,62404.0,,62404.0,,8966.0,,8966.0,,8966.0,,8966.0,,8966.0,,10254.0,,20422.0,,23600.0,,23600.0,,24006.0,,24074.0,,24624.0,,9505.0,,10698.0,,10698.0,,10698.0,,10698.0,,10698.0,,3685.0,,3685.0,,3685.0,,3685.0,,3685.0,,3685.0,
NIT,"National Institute of Technology, Srinagar","Chemical Engineering (4 Years, Bachelor of Technology)",OS,Gender-Neutral,46040.0,2040.0,49572.0,3399.0,50762.0,3399.0,50904.0,3399.0,51300.0,3399.0,55299.0,3399.0,6879.0,,7579.0,,7663.0,,7663.0,,7663.0,,7882.0,,14994.0,1141.0,15994.0,,16005.0,,16126.0,,16379.0,,17681.0,,6775.0,,8342.0,,8503.0,,8503.0,,8583.0,,8583.0,,2994.0,,3325.0,,3325.0,,3325.0,,3325.0,,3325.0,
NIT,"National Institute of Technology, Srinagar","Civil Engineering (4 Years, Bachelor of Technology)",JK,Female-only (including Supernumerary),105578.0,,129322.0,,129322.0,,129322.0,,133300.0,,135454.0,,115117.0,,,,,,,,,,,,119414.0,,119414.0,,119414.0,,119414.0,,119414.0,,119414.0,,41636.0,,44318.0,,44318.0,,44318.0,,44318.0,,44318.0,,2481.0,,2481.0,,2481.0,,2481.0,,2481.0,,2481.0,
NIT,"National Institute of Technology, Srinagar","Civil Engineering (4 Years, Bachelor of Technology)",JK,Gender-Neutral,78584.0,2290.0,104638.0,2290.0,104665.0,2290.0,104665.0,2290.0,104665.0,2290.0,105987.0,2290.0,86536.0,,86536.0,,86536.0,,86536.0,,86536.0,,,,561381.0,,180135.0,,180135.0,,180135.0,,180135.0,,180135.0,,22963.0,,25995.0,,25995.0,,25995.0,,25995.0,,28748.0,,3200.0,,3866.0,,3866.0,,3866.0,,3866.0,,4012.0,
NIT,"National Institute of Technology, Srinagar","Civil Engineering (4 Years, Bachelor of Technology)",LA,Female-only (including Supernumerary),,,,,,,,,,,,,,,,,,,,,,,,,,,,,,,,,,,,,,,,,,,,,,,,,4886.0,,6397.0,,6397.0,,6397.0,,6397.0,,6397.0,
NIT,"National Institute of Technology, Srinagar","Civil Engineering (4 Years, Bachelor of Technology)",LA,Gender-Neutral,306845.0,,315730.0,,315730.0,,315730.0,,315730.0,,315730.0,,,,,,,,,,,,,,,,,,,,,,,,,,,,,,,,,,,,,,,,,,,,,,,,,
NIT,"National Institute of Technology, Srinagar","Civil Engineering (4 Years, Bachelor of Technology)",OS,Female-only (including Supernumerary),61173.0,,68453.0,,69129.0,,69745.0,,70082.0,,72788.0,,8881.0,,9915.0,,10073.0,,10073.0,,10073.0,,10761.0,,23070.0,,24133.0,,24133.0,,24317.0,,24475.0,,25536.0,,9804.0,,11164.0,,11164.0,,11164.0,,11164.0,,11164.0,,3275.0,,4106.0,,4276.0,,4276.0,,4276.0,,4276.0,
NIT,"National Institute of Technology, Srinagar","Civil Engineering (4 Years, Bachelor of Technology)",OS,Gender-Neutral,49291.0,2144.0,52894.0,3055.0,54925.0,3055.0,55018.0,3055.0,55085.0,3055.0,57319.0,3055.0,7421.0,315.0,7743.0,412.0,7885.0,,7885.0,,7925.0,,8528.0,,15379.0,1039.0,16866.0,,17336.0,,17499.0,,17499.0,,18219.0,,7216.0,,8167.0,,8248.0,,8248.0,,8248.0,,8478.0,,2766.0,,3063.0,,3230.0,,3230.0,,3230.0,,3230.0,
NIT,"National Institute of Technology, Srinagar","Computer Science and Engineering (4 Years, Bachelor of Technology)",JK,Female-only (including Supernumerary),44114.0,,44114.0,,44114.0,,44114.0,,44114.0,,52770.0,,8134.0,,44580.0,,44580.0,,44580.0,,44580.0,,44580.0,,47580.0,,330860.0,,28109.0,,28109.0,,28109.0,,28109.0,,20253.0,,20253.0,,20253.0,,20253.0,,20253.0,,20253.0,,2014.0,,2014.0,,2014.0,,2014.0,,2014.0,,2014.0,
NIT,"National Institute of Technology, Srinagar","Computer Science and Engineering (4 Years, Bachelor of Technology)",JK,Gender-Neutral,35088.0,461.0,36408.0,541.0,37158.0,541.0,37158.0,541.0,37158.0,541.0,39108.0,541.0,15092.0,,19715.0,,19715.0,,19715.0,,19715.0,,19715.0,,45264.0,,52331.0,,52331.0,,52331.0,,52331.0,,55163.0,,6992.0,,10135.0,,10135.0,,10135.0,,10135.0,,10135.0,,2028.0,,2265.0,,2265.0,,2265.0,,2265.0,,2649.0,
NIT,"National Institute of Technology, Srinagar","Computer Science and Engineering (4 Years, Bachelor of Technology)",LA,Female-only (including Supernumerary),295441.0,,295441.0,,295441.0,,295441.0,,295441.0,,295441.0,,,,,,,,,,,,,,,,,,,,,,,,,,,,,,,,,,,,,,,,,,,,,,,,,
NIT,"National Institute of Technology, Srinagar","Computer Science and Engineering (4 Years, Bachelor of Technology)",LA,Gender-Neutral,220991.0,,220991.0,,220991.0,,220991.0,,220991.0,,220991.0,,,,,,,,,,,,,,,,,,,,,,,,,,,,,,,,,,,,,,,,,,,,,,,,,
NIT,"National Institute of Technology, Srinagar","Computer Science and Engineering (4 Years, Bachelor of Technology)",OS,Female-only (including Supernumerary),33853.0,,40953.0,,41214.0,,41214.0,,41403.0,,44583.0,,5757.0,,5757.0,,5757.0,,5757.0,,5757.0,,6426.0,,12814.0,,15934.0,,15934.0,,15934.0,,15934.0,,15934.0,,5908.0,,6365.0,,6365.0,,6365.0,,6365.0,,7115.0,,1777.0,,2056.0,,2056.0,,2056.0,,2731.0,,2731.0,
NIT,"National Institute of Technology, Srinagar","Computer Science and Engineering (4 Years, Bachelor of Technology)",OS,Gender-Neutral,22015.0,761.0,24214.0,761.0,24301.0,761.0,24301.0,761.0,24301.0,761.0,26171.0,1171.0,3191.0,,3627.0,,3627.0,,3627.0,,3627.0,,3748.0,,7170.0,,7905.0,,7905.0,,7905.0,,7905.0,,8325.0,,3539.0,142.0,3945.0,142.0,3945.0,142.0,3945.0,142.0,3945.0,142.0,3945.0,,1561.0,,1661.0,,1661.0,,1661.0,,1661.0,,1661.0,
NIT,"National Institute of Technology, Srinagar","Electrical Engineering (4 Years, Bachelor of Technology)",JK,Female-only (including Supernumerary),115153.0,,132991.0,,132991.0,,132991.0,,132991.0,,147544.0,,48211.0,,,,,,,,,,,,,,,,,,,,,,,,28981.0,,28981.0,,28981.0,,28981.0,,28981.0,,28981.0,,7268.0,,7268.0,,7268.0,,7268.0,,7268.0,,7268.0,
NIT,"National Institute of Technology, Srinagar","Electrical Engineering (4 Years, Bachelor of Technology)",JK,Gender-Neutral,66040.0,1999.0,75221.0,2550.0,75244.0,2550.0,75244.0,2550.0,75244.0,2550.0,87335.0,2550.0,31892.0,,52232.0,,31487.0,,31487.0,,31487.0,,31487.0,,157154.0,,258623.0,,290236.0,,290236.0,,290236.0,,328138.0,,17114.0,,22963.0,,22992.0,,22992.0,,22992.0,,22992.0,,3866.0,,4245.0,,4245.0,,4245.0,,4245.0,,4604.0,
NIT,"National Institute of Technology, Srinagar","Electrical Engineering (4 Years, Bachelor of Technology)",LA,Female-only (including Supernumerary),619954.0,,619954.0,,619954.0,,619954.0,,619954.0,,619954.0,,,,,,,,,,,,,,,,,,,,,,,,,,,,,,,,,,,,,,,,,,,,,,,,,
NIT,"National Institute of Technology, Srinagar","Electrical Engineering (4 Years, Bachelor of Technology)",LA,Gender-Neutral,340899.0,,340899.0,,340899.0,,340899.0,,340899.0,,340899.0,,,,,,,,,,,,,,,,,,,,,,,,,,,,,,,,,,,,,,,,,,,,,,,,,
NIT,"National Institute of Technology, Srinagar","Electrical Engineering (4 Years, Bachelor of Technology)",OS,Female-only (including Supernumerary),48769.0,,52053.0,,52053.0,,52631.0,,54000.0,,58026.0,,7166.0,,7803.0,,7803.0,,7803.0,,8463.0,,8533.0,,18868.0,,19226.0,,19664.0,,19664.0,,19664.0,,20925.0,,7621.0,,8703.0,,8703.0,,8703.0,,8703.0,,8703.0,,4080.0,,4416.0,,4416.0,,4416.0,,4416.0,,4416.0,
NIT,"National Institute of Technology, Srinagar","Electrical Engineering (4 Years, Bachelor of Technology)",OS,Gender-Neutral,37774.0,1832.0,39728.0,2781.0,40090.0,2781.0,40090.0,2781.0,40222.0,2781.0,43282.0,2781.0,5623.0,,5896.0,,5896.0,,5896.0,,5896.0,,6374.0,,11617.0,,12732.0,,12848.0,,12848.0,,13137.0,,13705.0,,5975.0,,6150.0,,6150.0,,6150.0,,6150.0,,6746.0,,2466.0,,2505.0,,2505.0,,2505.0,,2549.0,,2683.0,
NIT,"National Institute of Technology, Srinagar","Electronics and Communication Engineering (4 Years, Bachelor of Technology)",JK,Female-only (including Supernumerary),91365.0,,97873.0,,97873.0,,97873.0,,97873.0,,99060.0,,44580.0,,48211.0,,48211.0,,48211.0,,48211.0,,48211.0,,178776.0,,,,,,,,,,,,36267.0,,36267.0,,36267.0,,36267.0,,36267.0,,36267.0,,4556.0,,4556.0,,4556.0,,4556.0,,4556.0,,4556.0,
NIT,"National Institute of Technology, Srinagar","Electronics and Communication Engineering (4 Years, Bachelor of Technology)",JK,Gender-Neutral,59224.0,1708.0,62904.0,1708.0,62904.0,1708.0,62904.0,1708.0,62904.0,1708.0,71944.0,1708.0,29631.0,,38312.0,,52232.0,,52232.0,,52232.0,,52232.0,,111149.0,,129737.0,,142614.0,,142614.0,,142614.0,,145780.0,,14656.0,,17874.0,,17874.0,,17874.0,,17874.0,,18077.0,,2971.0,,2971.0,,2971.0,,2971.0,,2971.0,,3338.0,
NIT,"National Institute of Technology, Srinagar","Electronics and Communication Engineering (4 Years, Bachelor of Technology)",LA,Female-only (including Supernumerary),512090.0,,512090.0,,512090.0,,512090.0,,512090.0,,512090.0,,,,,,,,,,,,,,,,,,,,,,,,,,,,,,,,,,,,,,,,,,,,,,,,,
NIT,"National Institute of Technology, Srinagar","Electronics and Communication Engineering (4 Years, Bachelor of Technology)",LA,Gender-Neutral,237585.0,,306845.0,,306845.0,,306845.0,,306845.0,,306845.0,,,,,,,,,,,,,,,,,,,,,,,,,,,,,,,,,,,,,,,,,,,,,,,,,
NIT,"National Institute of Technology, Srinagar","Electronics and Communication Engineering (4 Years, Bachelor of Technology)",OS,Female-only (including Supernumerary),42976.0,,47719.0,,48366.0,,48366.0,,49400.0,,50625.0,,7202.0,,7202.0,,7202.0,,7202.0,,7803.0,,7803.0,,17702.0,,19134.0,,19226.0,,19226.0,,19226.0,,20379.0,,7933.0,,8153.0,,8153.0,,8153.0,,8153.0,,8153.0,,3739.0,,3739.0,,3739.0,,3739.0,,4133.0,,4133.0,
NIT,"National Institute of Technology, Srinagar","Electronics and Communication Engineering (4 Years, Bachelor of Technology)",OS,Gender-Neutral,30003.0,901.0,33725.0,2024.0,34056.0,2024.0,34056.0,2024.0,34720.0,2024.0,36651.0,2024.0,4604.0,,4947.0,,4947.0,,4947.0,,5149.0,,5466.0,,10270.0,855.0,11136.0,892.0,11136.0,970.0,11136.0,970.0,11202.0,970.0,11380.0,970.0,4964.0,,5243.0,,5243.0,,5243.0,,5243.0,,5243.0,,2157.0,,2396.0,,2396.0,,2447.0,,2447.0,,2447.0,
NIT,"National Institute of Technology, Srinagar","Information Technology (4 Years, Bachelor of Technology)",JK,Female-only (including Supernumerary),87969.0,,94291.0,,94291.0,,94291.0,,94291.0,,94291.0,,15053.0,,15053.0,,15053.0,,15053.0,,15053.0,,15053.0,,334293.0,,,,,,,,,,,,30887.0,,30887.0,,30887.0,,30887.0,,30887.0,,30887.0,,5668.0,,5668.0,,5668.0,,5668.0,,5668.0,,5668.0,
NIT,"National Institute of Technology, Srinagar","Information Technology (4 Years, Bachelor of Technology)",JK,Gender-Neutral,52271.0,1580.0,55371.0,1580.0,55922.0,1580.0,55922.0,1580.0,55922.0,1580.0,62572.0,1580.0,24561.0,,29233.0,,29631.0,,29631.0,,29631.0,,29631.0,,87765.0,,100933.0,,103486.0,,103486.0,,103486.0,,105107.0,,13489.0,,14110.0,,14110.0,,14110.0,,14110.0,,14960.0,,3156.0,,3156.0,,3156.0,,3156.0,,3156.0,,3156.0,
NIT,"National Institute of Technology, Srinagar","Information Technology (4 Years, Bachelor of Technology)",LA,Female-only (including Supernumerary),374943.0,,432452.0,,432452.0,,432452.0,,432452.0,,432452.0,,,,,,,,,,,,,,,,,,,,,,,,,,,,,,,,,,,,,,,,,,,,,,,,,
NIT,"National Institute of Technology, Srinagar","Information Technology (4 Years, Bachelor of Technology)",LA,Gender-Neutral,238562.0,,238562.0,,238562.0,,238562.0,,238562.0,,238562.0,,,,,,,,,,,,,,,,,,,,,,,,,,,,,,,,,,,,,,,,,,,,,,,,,
NIT,"National Institute of Technology, Srinagar","Information Technology (4 Years, Bachelor of Technology)",OS,Female-only (including Supernumerary),41214.0,,44210.0,,44554.0,,44554.0,,44583.0,,50448.0,,6426.0,,6426.0,,6426.0,,6426.0,,6426.0,,7400.0,,16166.0,,18373.0,,18373.0,,18373.0,,18373.0,,18664.0,,7421.0,,7933.0,,7933.0,,7933.0,,7933.0,,7933.0,,3792.0,,3792.0,,3792.0,,3792.0,,3792.0,,3792.0,
NIT,"National Institute of Technology, Srinagar","Information Technology (4 Years, Bachelor of Technology)",OS,Gender-Neutral,28216.0,1049.0,30761.0,1225.0,30825.0,1225.0,30825.0,1225.0,30990.0,1225.0,33379.0,1225.0,4141.0,,4604.0,,4604.0,,4604.0,,4674.0,,4835.0,,9537.0,510.0,9983.0,510.0,9991.0,510.0,9991.0,510.0,9991.0,510.0,10493.0,510.0,4796.0,,5135.0,,5135.0,,5135.0,,5135.0,,5356.0,,2256.0,,2294.0,,2294.0,,2294.0,,2294.0,,2388.0,
NIT,"National Institute of Technology, Srinagar","Mechanical Engineering (4 Years, Bachelor of Technology)",JK,Female-only (including Supernumerary),120565.0,,147544.0,,147544.0,,147544.0,,147945.0,,154271.0,,,,,,,,,,,,,,,,,,,,,,,,,,38507.0,,38507.0,,38507.0,,38507.0,,38507.0,,38507.0,,6946.0,,6946.0,,6946.0,,6946.0,,6946.0,,6946.0,
NIT,"National Institute of Technology, Srinagar","Mechanical Engineering (4 Years, Bachelor of Technology)",JK,Gender-Neutral,75558.0,2550.0,102248.0,3172.0,102728.0,3172.0,102728.0,3172.0,102728.0,3172.0,108745.0,3172.0,67845.0,,67845.0,,67845.0,,67845.0,,67845.0,,67845.0,,241593.0,,460212.0,,460212.0,,460212.0,,460212.0,,460212.0,,19145.0,,23665.0,,28157.0,,28157.0,,28157.0,,28157.0,,4089.0,,4190.0,,4190.0,,4190.0,,4190.0,,4685.0,
NIT,"National Institute of Technology, Srinagar","Mechanical Engineering (4 Years, Bachelor of Technology)",LA,Female-only (including Supernumerary),526791.0,,526791.0,,526791.0,,526791.0,,526791.0,,526791.0,,,,,,,,,,,,,,,,,,,,,,,,,,,,,,,,,,,,,,,,,,,,,,,,,
NIT,"National Institute of Technology, Srinagar","Mechanical Engineering (4 Years, Bachelor of Technology)",LA,Gender-Neutral,334003.0,,334003.0,,334003.0,,334003.0,,334003.0,,334003.0,,,,,,,,,,,,,,,,,,,,,,,,,,,,,,,,,,,,,,,,,,,,,,,,,
NIT,"National Institute of Technology, Srinagar","Mechanical Engineering (4 Years, Bachelor of Technology)",OS,Female-only (including Supernumerary),50829.0,,57487.0,,59771.0,,59771.0,,60073.0,,65777.0,,8463.0,,8463.0,,8875.0,,8875.0,,8875.0,,9735.0,,20885.0,,22799.0,,23423.0,,23600.0,,23600.0,,24317.0,,9994.0,,10645.0,,10645.0,,10645.0,,10645.0,,10645.0,,4095.0,,4095.0,,4095.0,,4095.0,,4095.0,,4095.0,
NIT,"National Institute of Technology, Srinagar","Mechanical Engineering (4 Years, Bachelor of Technology)",OS,Gender-Neutral,41768.0,1990.0,45373.0,2582.0,46102.0,2582.0,46131.0,2582.0,47049.0,2582.0,48977.0,2582.0,6454.0,295.0,6879.0,387.0,6911.0,,6911.0,,6911.0,,6936.0,,13728.0,912.0,14823.0,1358.0,14912.0,1415.0,14912.0,1825.0,15191.0,,15732.0,,6410.0,,6990.0,,6990.0,,6990.0,,6990.0,,6990.0,,2556.0,,2678.0,,2678.0,,2678.0,,2678.0,,2678.0,
NIT,"National Institute of Technology, Srinagar","Metallurgical and Materials Engineering (4 Years, Bachelor of Technology)",JK,Female-only (including Supernumerary),147544.0,,154217.0,,169106.0,,170089.0,,172586.0,,181650.0,,,,,,,,,,,,,,,,,,,,,,,,,,44241.0,,54329.0,,54329.0,,54329.0,,54329.0,,54329.0,,8020.0,,8020.0,,8020.0,,8020.0,,8020.0,,8020.0,
NIT,"National Institute of Technology, Srinagar","Metallurgical and Materials Engineering (4 Years, Bachelor of Technology)",JK,Gender-Neutral,104665.0,,117209.0,,120701.0,,122033.0,,122540.0,,133690.0,,134913.0,,,,,,,,,,,,489968.0,,328138.0,,328138.0,,328138.0,,328138.0,,,,28748.0,,31066.0,,31066.0,,31066.0,,31066.0,,31823.0,,4245.0,,5168.0,,5168.0,,5168.0,,5168.0,,5324.0,
NIT,"National Institute of Technology, Srinagar","Metallurgical and Materials Engineering (4 Years, Bachelor of Technology)",LA,Gender-Neutral,399034.0,,407730.0,,410418.0,,421204.0,,421326.0,,467655.0,,,,,,,,,,,,,,,,,,,,,,,,,,,,,,,,,,,,,,,,,,,,,,,,,
NIT,"National Institute of Technology, Srinagar","Metallurgical and Materials Engineering (4 Years, Bachelor of Technology)",OS,Female-only (including Supernumerary),62306.0,,67268.0,,67901.0,,67901.0,,67901.0,,76336.0,,9201.0,,9618.0,,10009.0,,10009.0,,10009.0,,10889.0,,23358.0,,24317.0,,24317.0,,26218.0,,26441.0,,26441.0,,9947.0,,11180.0,,11180.0,,11180.0,,11180.0,,11180.0,,4416.0,,4613.0,,4613.0,,4613.0,,4613.0,,5031.0,
NIT,"National Institute of Technology, Srinagar","Metallurgical and Materials Engineering (4 Years, Bachelor of Technology)",OS,Gender-Neutral,50145.0,1931.0,55018.0,2538.0,55213.0,2538.0,55365.0,2538.0,55365.0,2538.0,57881.0,2538.0,7527.0,,7841.0,,8033.0,,8033.0,,8033.0,,8584.0,,16167.0,1069.0,17381.0,1434.0,17927.0,1440.0,17994.0,,18033.0,,18928.0,,8127.0,,8809.0,,8915.0,,8915.0,,9323.0,,9456.0,,3055.0,,3323.0,,3323.0,,3323.0,,3323.0,,3336.0,
NIT,"National Institute of Technology, Tiruchirappalli","Architecture (5 Years, Bachelor of Architecture)",HS,Female-only (including Supernumerary),168.0,,168.0,,168.0,,168.0,,168.0,,168.0,,830.0,,3614.0,,,,,,,,,,104.0,,114.0,,114.0,,114.0,,114.0,,158.0,,103.0,,103.0,,103.0,,103.0,,103.0,,103.0,,,,,,,,,,,,,
NIT,"National Institute of Technology, Tiruchirappalli","Architecture (5 Years, Bachelor of Architecture)",HS,Gender-Neutral,276.0,28.0,316.0,28.0,316.0,28.0,316.0,28.0,316.0,28.0,470.0,28.0,284.0,,3478.0,,4385.0,,4385.0,,4385.0,,4385.0,,151.0,,158.0,,158.0,,158.0,,158.0,,243.0,,115.0,,127.0,,127.0,,127.0,,127.0,,127.0,,144.0,,144.0,,144.0,,144.0,,144.0,,144.0,
NIT,"National Institute of Technology, Tiruchirappalli","Architecture (5 Years, Bachelor of Architecture)",OS,Female-only (including Supernumerary),12.0,,12.0,,12.0,,12.0,,12.0,,12.0,,,,,,,,,,,,,,62.0,,88.0,,88.0,,88.0,,88.0,,88.0,,10.0,,10.0,,10.0,,10.0,,10.0,,10.0,,44.0,,44.0,,44.0,,44.0,,44.0,,44.0,
NIT,"National Institute of Technology, Tiruchirappalli","Architecture (5 Years, Bachelor of Architecture)",OS,Gender-Neutral,151.0,,227.0,,227.0,,227.0,,227.0,,227.0,,108.0,,136.0,,136.0,,136.0,,136.0,,136.0,,119.0,66.0,125.0,66.0,126.0,66.0,126.0,66.0,126.0,66.0,137.0,66.0,43.0,,43.0,,43.0,,43.0,,43.0,,43.0,,11.0,,11.0,,11.0,,11.0,,11.0,,11.0,
NIT,"National Institute of Technology, Tiruchirappalli","Chemical Engineering (4 Years, Bachelor of Technology)",HS,Female-only (including Supernumerary),28004.0,,28231.0,,28231.0,,28231.0,,28231.0,,28231.0,,12707.0,,12707.0,,12707.0,,12707.0,,12707.0,,12707.0,,8547.0,,8547.0,,8547.0,,8547.0,,8547.0,,8547.0,,3008.0,,3008.0,,3008.0,,3008.0,,3008.0,,3008.0,,2928.0,,7183.0,,7183.0,,7183.0,,7183.0,,7183.0,
NIT,"National Institute of Technology, Tiruchirappalli","Chemical Engineering (4 Years, Bachelor of Technology)",HS,Gender-Neutral,17196.0,,18527.0,,18527.0,,18527.0,,18527.0,,20393.0,,15504.0,,15504.0,,15504.0,,15504.0,,15504.0,,15504.0,,5154.0,284.0,5285.0,284.0,5285.0,284.0,5285.0,284.0,5285.0,284.0,5993.0,284.0,3685.0,,3892.0,,3892.0,,3892.0,,3892.0,,4134.0,,5671.0,,6482.0,,6577.0,,6577.0,,6577.0,,6577.0,
NIT,"National Institute of Technology, Tiruchirappalli","Chemical Engineering (4 Years, Bachelor of Technology)",OS,Female-only (including Supernumerary),17003.0,,20685.0,,20685.0,,20685.0,,20685.0,,20860.0,,3932.0,,3932.0,,3932.0,,3932.0,,3965.0,,3965.0,,4829.0,559.0,8536.0,749.0,8536.0,749.0,8536.0,749.0,8536.0,749.0,8536.0,749.0,3149.0,,3149.0,,3149.0,,3149.0,,3149.0,,3149.0,,,,,,,,,,,,,
NIT,"National Institute of Technology, Tiruchirappalli","Chemical Engineering (4 Years, Bachelor of Technology)",OS,Gender-Neutral,11454.0,196.0,11476.0,196.0,11617.0,196.0,11617.0,196.0,11628.0,196.0,11935.0,196.0,1877.0,,1949.0,,2002.0,,2002.0,,2002.0,,2002.0,,5040.0,,5278.0,,5278.0,,5278.0,,5278.0,,5416.0,,1852.0,,1852.0,,1852.0,,1852.0,,1852.0,,2663.0,,896.0,,896.0,,896.0,,896.0,,896.0,,896.0,
NIT,"National Institute of Technology, Tiruchirappalli","Civil Engineering (4 Years, Bachelor of Technology)",HS,Female-only (including Supernumerary),33141.0,,40418.0,,40418.0,,40418.0,,41075.0,,41075.0,,16164.0,,16164.0,,16164.0,,16164.0,,16164.0,,16164.0,,10708.0,319.0,12771.0,319.0,12771.0,319.0,12771.0,319.0,12771.0,319.0,12771.0,319.0,2387.0,,2387.0,,2387.0,,2387.0,,2387.0,,2387.0,,6780.0,,8086.0,,8086.0,,8086.0,,8086.0,,8086.0,
NIT,"National Institute of Technology, Tiruchirappalli","Civil Engineering (4 Years, Bachelor of Technology)",HS,Gender-Neutral,27257.0,,30376.0,,31418.0,,31418.0,,31418.0,,31593.0,,30255.0,,30255.0,,30255.0,,30255.0,,30255.0,,30255.0,,8877.0,159.0,9697.0,159.0,9946.0,159.0,10071.0,159.0,10071.0,159.0,10241.0,159.0,3130.0,274.0,4061.0,278.0,4061.0,278.0,4061.0,278.0,4061.0,278.0,4061.0,278.0,5295.0,,5553.0,,5553.0,,5553.0,,5553.0,,5553.0,
NIT,"National Institute of Technology, Tiruchirappalli","Civil Engineering (4 Years, Bachelor of Technology)",OS,Female-only (including Supernumerary),24635.0,,26836.0,,26836.0,,26836.0,,26836.0,,26836.0,,4404.0,,4404.0,,4404.0,,4404.0,,4404.0,,4404.0,,10503.0,,11204.0,,11687.0,,11687.0,,12356.0,,12462.0,,3840.0,,3840.0,,3840.0,,3840.0,,3840.0,,3840.0,,598.0,,1095.0,,1095.0,,1095.0,,1095.0,,1095.0,
NIT,"National Institute of Technology, Tiruchirappalli","Civil Engineering (4 Years, Bachelor of Technology)",OS,Gender-Neutral,15575.0,575.0,16436.0,575.0,16436.0,575.0,16436.0,575.0,16436.0,575.0,17304.0,575.0,2433.0,145.0,2818.0,145.0,2818.0,145.0,2818.0,145.0,2818.0,145.0,2980.0,145.0,5771.0,270.0,6194.0,270.0,6194.0,270.0,6194.0,270.0,6194.0,270.0,6703.0,270.0,2085.0,,2217.0,,2649.0,,2649.0,,2663.0,,3119.0,,568.0,,695.0,,695.0,,695.0,,695.0,,695.0,
NIT,"National Institute of Technology, Tiruchirappalli","Computer Science and Engineering (4 Years, Bachelor of Technology)",HS,Female-only (including Supernumerary),7644.0,251.0,7934.0,251.0,7934.0,251.0,7934.0,251.0,8020.0,251.0,8020.0,251.0,4950.0,,4950.0,,4950.0,,4950.0,,4950.0,,4950.0,,2089.0,,2301.0,,2301.0,,2301.0,,2301.0,,2301.0,,1012.0,,1219.0,,1219.0,,1219.0,,1219.0,,1219.0,,1880.0,,2250.0,,2250.0,,2250.0,,2250.0,,2250.0,
NIT,"National Institute of Technology, Tiruchirappalli","Computer Science and Engineering (4 Years, Bachelor of Technology)",HS,Gender-Neutral,4463.0,250.0,4463.0,250.0,4463.0,250.0,4463.0,250.0,4465.0,250.0,4569.0,250.0,4720.0,341.0,4720.0,,4720.0,,4720.0,,4720.0,,4720.0,,1620.0,,1631.0,,1631.0,,1631.0,,1631.0,,1631.0,,713.0,46.0,988.0,46.0,1081.0,46.0,1081.0,46.0,1081.0,46.0,1081.0,46.0,1088.0,,1781.0,,1781.0,,1781.0,,1781.0,,1781.0,
NIT,"National Institute of Technology, Tiruchirappalli","Computer Science and Engineering (4 Years, Bachelor of Technology)",OS,Female-only (including Supernumerary),1646.0,,2599.0,,2599.0,,2599.0,,2599.0,,2599.0,,225.0,,226.0,,226.0,,226.0,,226.0,,226.0,,991.0,,991.0,,991.0,,991.0,,991.0,,991.0,,446.0,,446.0,,446.0,,446.0,,446.0,,618.0,,250.0,,250.0,,250.0,,250.0,,250.0,,250.0,
NIT,"National Institute of Technology, Tiruchirappalli","Computer Science and Engineering (4 Years, Bachelor of Technology)",OS,Gender-Neutral,1104.0,43.0,1141.0,43.0,1159.0,43.0,1219.0,43.0,1244.0,43.0,1449.0,43.0,220.0,,241.0,,252.0,,252.0,,252.0,,257.0,,376.0,18.0,390.0,18.0,390.0,18.0,390.0,18.0,390.0,18.0,434.0,18.0,208.0,,272.0,,272.0,,272.0,,272.0,,283.0,,64.0,,64.0,,64.0,,64.0,,64.0,,64.0,
NIT,"National Institute of Technology, Tiruchirappalli","Electrical and Electronics Engineering (4 Years, Bachelor of Technology)",HS,Female-only (including Supernumerary),15395.0,,16117.0,,16117.0,,16117.0,,16117.0,,16117.0,,7548.0,,7548.0,,7548.0,,7548.0,,7548.0,,7548.0,,4783.0,,5294.0,,5294.0,,5294.0,,5294.0,,5294.0,,1843.0,,2191.0,,2191.0,,2191.0,,2191.0,,2191.0,,4248.0,,4248.0,,4248.0,,4248.0,,4248.0,,4248.0,
NIT,"National Institute of Technology, Tiruchirappalli","Electrical and Electronics Engineering (4 Years, Bachelor of Technology)",HS,Gender-Neutral,9052.0,360.0,9087.0,387.0,9087.0,387.0,9087.0,387.0,9087.0,387.0,9411.0,387.0,7671.0,344.0,7671.0,,7671.0,,7671.0,,7671.0,,7671.0,,2374.0,,2452.0,,2452.0,,2452.0,,2452.0,,2537.0,,1247.0,175.0,1977.0,175.0,2054.0,175.0,2054.0,175.0,2054.0,175.0,2084.0,175.0,2873.0,,3657.0,,3910.0,,3910.0,,3910.0,,3910.0,
NIT,"National Institute of Technology, Tiruchirappalli","Electrical and Electronics Engineering (4 Years, Bachelor of Technology)",OS,Female-only (including Supernumerary),8861.0,,8944.0,,8944.0,,8944.0,,8944.0,,10135.0,,1309.0,,1309.0,,1309.0,,1309.0,,1652.0,,1991.0,,3699.0,293.0,3699.0,293.0,3699.0,293.0,3699.0,293.0,4058.0,293.0,4058.0,293.0,2117.0,,2117.0,,2117.0,,2117.0,,2276.0,,2276.0,,824.0,,824.0,,824.0,,824.0,,824.0,,824.0,
NIT,"National Institute of Technology, Tiruchirappalli","Electrical and Electronics Engineering (4 Years, Bachelor of Technology)",OS,Gender-Neutral,5057.0,194.0,5169.0,194.0,5272.0,194.0,5272.0,194.0,5272.0,194.0,5637.0,194.0,919.0,,919.0,,919.0,,987.0,,987.0,,987.0,,2058.0,,2150.0,,2165.0,,2165.0,,2185.0,,2288.0,,973.0,47.0,993.0,47.0,993.0,47.0,993.0,47.0,1035.0,47.0,1035.0,47.0,467.0,,467.0,,467.0,,467.0,,467.0,,467.0,
NIT,"National Institute of Technology, Tiruchirappalli","Electronics and Communication Engineering (4 Years, Bachelor of Technology)",HS,Female-only (including Supernumerary),10277.0,,11850.0,,11850.0,,11850.0,,12606.0,,12606.0,,,,,,,,,,,,,,3010.0,,3069.0,,3069.0,,3069.0,,3106.0,,3106.0,,1670.0,,1761.0,,1761.0,,1761.0,,1761.0,,1761.0,,2250.0,,3081.0,,3081.0,,3081.0,,3081.0,,3081.0,
NIT,"National Institute of Technology, Tiruchirappalli","Electronics and Communication Engineering (4 Years, Bachelor of Technology)",HS,Gender-Neutral,6947.0,338.0,6977.0,360.0,6977.0,360.0,6977.0,360.0,7001.0,360.0,7076.0,360.0,5777.0,,5777.0,,5777.0,,5777.0,,5777.0,,5777.0,,1995.0,,2013.0,,2013.0,,2013.0,,2013.0,,2013.0,,988.0,111.0,1107.0,111.0,1166.0,111.0,1166.0,111.0,1166.0,111.0,1166.0,111.0,2272.0,,2441.0,,2670.0,,2670.0,,2670.0,,2670.0,
NIT,"National Institute of Technology, Tiruchirappalli","Electronics and Communication Engineering (4 Years, Bachelor of Technology)",OS,Female-only (including Supernumerary),5401.0,,5672.0,,5672.0,,5672.0,,5672.0,,6458.0,,1270.0,,1270.0,,1270.0,,1270.0,,1270.0,,1270.0,,2763.0,,3128.0,,3128.0,,3128.0,,3128.0,,3128.0,,1127.0,,1129.0,,1129.0,,1129.0,,1129.0,,1129.0,,338.0,,504.0,,504.0,,504.0,,504.0,,504.0,
NIT,"National Institute of Technology, Tiruchirappalli","Electronics and Communication Engineering (4 Years, Bachelor of Technology)",OS,Gender-Neutral,3221.0,183.0,3282.0,183.0,3282.0,183.0,3282.0,183.0,3282.0,183.0,3283.0,183.0,420.0,,420.0,,420.0,,420.0,,450.0,,465.0,,1178.0,80.0,1213.0,80.0,1213.0,80.0,1213.0,80.0,1213.0,80.0,1240.0,80.0,597.0,27.0,597.0,27.0,597.0,27.0,597.0,27.0,597.0,27.0,597.0,27.0,270.0,,270.0,,270.0,,270.0,,270.0,,270.0,
NIT,"National Institute of Technology, Tiruchirappalli","Instrumentation and Control Engineering (4 Years, Bachelor of Technology)",HS,Female-only (including Supernumerary),21779.0,,21779.0,,21779.0,,21779.0,,21779.0,,21779.0,,,,,,,,,,,,,,6224.0,,6224.0,,6224.0,,6224.0,,6224.0,,6309.0,,2285.0,,2373.0,,2373.0,,2373.0,,2373.0,,2373.0,,3081.0,,5143.0,,5143.0,,5143.0,,5143.0,,5143.0,
NIT,"National Institute of Technology, Tiruchirappalli","Instrumentation and Control Engineering (4 Years, Bachelor of Technology)",HS,Gender-Neutral,12414.0,500.0,13128.0,500.0,13128.0,500.0,13128.0,500.0,13131.0,500.0,13501.0,500.0,11971.0,,11971.0,,11971.0,,11971.0,,11971.0,,11971.0,,3499.0,,3629.0,,3629.0,,3629.0,,3629.0,,3741.0,,2471.0,236.0,2963.0,236.0,3105.0,236.0,3105.0,236.0,3105.0,236.0,3568.0,236.0,3657.0,,5671.0,,5671.0,,5671.0,,5671.0,,5671.0,
NIT,"National Institute of Technology, Tiruchirappalli","Instrumentation and Control Engineering (4 Years, Bachelor of Technology)",OS,Female-only (including Supernumerary),15399.0,,14179.0,,14179.0,,14179.0,,15846.0,,16299.0,,2625.0,,2625.0,,2625.0,,2625.0,,2625.0,,3000.0,,7355.0,,8891.0,,8891.0,,8891.0,,9740.0,,9740.0,,4467.0,,4467.0,,4467.0,,4467.0,,4467.0,,4467.0,,1471.0,,2434.0,,2434.0,,2434.0,,2434.0,,2434.0,
NIT,"National Institute of Technology, Tiruchirappalli","Instrumentation and Control Engineering (4 Years, Bachelor of Technology)",OS,Gender-Neutral,9163.0,323.0,9214.0,789.0,9214.0,789.0,9214.0,789.0,9260.0,789.0,11047.0,789.0,1591.0,,1591.0,,1591.0,,1591.0,,1591.0,,1605.0,,3753.0,320.0,3888.0,503.0,4055.0,503.0,4055.0,503.0,4087.0,503.0,4146.0,503.0,1817.0,122.0,2180.0,122.0,2180.0,122.0,2180.0,122.0,2180.0,122.0,2180.0,145.0,880.0,,880.0,,880.0,,880.0,,924.0,,924.0,
NIT,"National Institute of Technology, Tiruchirappalli","Mechanical Engineering (4 Years, Bachelor of Technology)",HS,Female-only (including Supernumerary),25413.0,,25413.0,,25413.0,,25413.0,,25413.0,,25413.0,,15249.0,,15249.0,,15249.0,,15249.0,,15249.0,,15249.0,,8274.0,577.0,8274.0,577.0,8274.0,577.0,8274.0,577.0,8274.0,577.0,8274.0,577.0,3592.0,,4031.0,,4031.0,,4031.0,,4031.0,,4031.0,,5143.0,,7643.0,,7643.0,,7643.0,,7643.0,,7643.0,
NIT,"National Institute of Technology, Tiruchirappalli","Mechanical Engineering (4 Years, Bachelor of Technology)",HS,Gender-Neutral,13628.0,,14173.0,,14173.0,,14173.0,,14175.0,,14978.0,,10589.0,,10589.0,,10589.0,,10589.0,,10589.0,,10589.0,,3839.0,258.0,4025.0,258.0,4025.0,258.0,4025.0,258.0,4025.0,258.0,4187.0,258.0,2368.0,185.0,2805.0,185.0,2805.0,185.0,2805.0,185.0,2805.0,185.0,2805.0,185.0,4667.0,,4667.0,,5016.0,,5016.0,,5016.0,,5016.0,
NIT,"National Institute of Technology, Tiruchirappalli","Mechanical Engineering (4 Years, Bachelor of Technology)",OS,Female-only (including Supernumerary),16486.0,,17329.0,,17329.0,,17329.0,,17329.0,,18071.0,,3000.0,,3000.0,,3000.0,,3000.0,,3000.0,,3066.0,,7085.0,,8394.0,,8394.0,,8394.0,,8394.0,,8394.0,,2301.0,,2301.0,,2301.0,,2301.0,,2301.0,,3348.0,,797.0,,797.0,,797.0,,797.0,,797.0,,797.0,
NIT,"National Institute of Technology, Tiruchirappalli","Mechanical Engineering (4 Years, Bachelor of Technology)",OS,Gender-Neutral,7675.0,393.0,7828.0,393.0,7858.0,393.0,7858.0,393.0,7858.0,393.0,8339.0,393.0,1526.0,93.0,1565.0,93.0,1565.0,93.0,1565.0,93.0,1565.0,93.0,1565.0,93.0,3368.0,222.0,3406.0,222.0,3444.0,222.0,3444.0,222.0,3444.0,222.0,4067.0,222.0,1178.0,,1321.0,,1321.0,,1321.0,,1321.0,,1321.0,,263.0,,263.0,,263.0,,263.0,,263.0,,263.0,
NIT,"National Institute of Technology, Tiruchirappalli","Metallurgical and Materials Engineering (4 Years, Bachelor of Technology)",HS,Female-only (including Supernumerary),32490.0,,37943.0,,39841.0,,39841.0,,39841.0,,40363.0,,17615.0,,17615.0,,17615.0,,17615.0,,17615.0,,17615.0,,8990.0,,11338.0,,12480.0,,12480.0,,12480.0,,12480.0,,3960.0,,4279.0,,4279.0,,4279.0,,4279.0,,4279.0,,5711.0,,5711.0,,5711.0,,5711.0,,5711.0,,5711.0,
NIT,"National Institute of Technology, Tiruchirappalli","Metallurgical and Materials Engineering (4 Years, Bachelor of Technology)",HS,Gender-Neutral,25473.0,,26741.0,,26741.0,,26741.0,,26787.0,,27118.0,,29327.0,,29327.0,,29327.0,,29327.0,,29327.0,,29327.0,,7360.0,316.0,7822.0,316.0,7822.0,316.0,7822.0,316.0,7822.0,316.0,7822.0,316.0,4279.0,,4868.0,,4868.0,,4868.0,,4868.0,,4904.0,,6401.0,,7272.0,,7886.0,,7886.0,,7886.0,,7886.0,
NIT,"National Institute of Technology, Tiruchirappalli","Metallurgical and Materials Engineering (4 Years, Bachelor of Technology)",OS,Female-only (including Supernumerary),29448.0,,32972.0,,32972.0,,33936.0,,34113.0,,36259.0,,4686.0,,4686.0,,4686.0,,5435.0,,5435.0,,5834.0,,11622.0,749.0,12343.0,765.0,12343.0,765.0,12343.0,765.0,12343.0,765.0,12343.0,765.0,1932.0,,5640.0,,5640.0,,5640.0,,5640.0,,5640.0,,,,,,,,,,,,,
NIT,"National Institute of Technology, Tiruchirappalli","Metallurgical and Materials Engineering (4 Years, Bachelor of Technology)",OS,Gender-Neutral,17800.0,797.0,18316.0,797.0,18316.0,797.0,18316.0,797.0,18316.0,797.0,21243.0,797.0,3144.0,,3144.0,,3144.0,,3144.0,,3144.0,,3144.0,,7573.0,,8021.0,,8021.0,,8021.0,,8021.0,,8021.0,,3433.0,,3433.0,,3433.0,,3433.0,,3728.0,,3864.0,,1420.0,9.0,1806.0,62.0,1806.0,62.0,1806.0,62.0,1806.0,62.0,1806.0,62.0
NIT,"National Institute of Technology, Tiruchirappalli","Production Engineering (4 Years, Bachelor of Technology)",HS,Female-only (including Supernumerary),31378.0,,32315.0,,32315.0,,32315.0,,32315.0,,32315.0,,24605.0,,24605.0,,24605.0,,24605.0,,24605.0,,24605.0,,8880.0,396.0,8940.0,396.0,8940.0,396.0,8940.0,396.0,8940.0,396.0,8940.0,396.0,4035.0,,4694.0,,4694.0,,4694.0,,4694.0,,4694.0,,7183.0,,8069.0,,8328.0,,8796.0,,8796.0,,8796.0,
NIT,"National Institute of Technology, Tiruchirappalli","Production Engineering (4 Years, Bachelor of Technology)",HS,Gender-Neutral,23644.0,,24033.0,,24033.0,,24033.0,,24033.0,,24160.0,,21842.0,,21842.0,,21842.0,,21842.0,,21842.0,,21842.0,,6641.0,349.0,6971.0,349.0,6971.0,349.0,6971.0,349.0,6971.0,349.0,7160.0,349.0,3974.0,278.0,4239.0,300.0,4239.0,300.0,4239.0,300.0,4239.0,300.0,4295.0,300.0,6108.0,,7532.0,,7532.0,,7532.0,,7532.0,,7532.0,
NIT,"National Institute of Technology, Tiruchirappalli","Production Engineering (4 Years, Bachelor of Technology)",OS,Female-only (including Supernumerary),31101.0,,32754.0,,32754.0,,32754.0,,32754.0,,34113.0,,5538.0,,5831.0,,5831.0,,5831.0,,5831.0,,5831.0,,12587.0,,13221.0,,13221.0,,13221.0,,13221.0,,13429.0,,5640.0,,7149.0,,7533.0,,7533.0,,7533.0,,7533.0,,2083.0,,2174.0,,2174.0,,2174.0,,2174.0,,2174.0,
NIT,"National Institute of Technology, Tiruchirappalli","Production Engineering (4 Years, Bachelor of Technology)",OS,Gender-Neutral,18304.0,725.0,18862.0,954.0,18862.0,954.0,18862.0,954.0,18862.0,954.0,20879.0,954.0,3312.0,204.0,3325.0,204.0,3325.0,204.0,3325.0,204.0,3325.0,204.0,3423.0,204.0,7579.0,544.0,7913.0,544.0,7913.0,544.0,7913.0,544.0,7913.0,544.0,8036.0,544.0,3791.0,,3791.0,,3791.0,,3791.0,,3864.0,,3946.0,,1881.0,,1881.0,,1881.0,,1881.0,,1881.0,,1881.0,
NIT,"National Institute of Technology, Uttarakhand","Civil Engineering (4 Years, Bachelor of Technology)",HS,Female-only (including Supernumerary),61640.0,2473.0,72549.0,,72549.0,,72549.0,,72549.0,,72657.0,,,,,,,,,,,,,,37764.0,,37764.0,,37764.0,,37764.0,,37764.0,,37764.0,,10971.0,,10971.0,,10971.0,,10971.0,,10971.0,,10971.0,,,,,,,,,,,,,
NIT,"National Institute of Technology, Uttarakhand","Civil Engineering (4 Years, Bachelor of Technology)",HS,Gender-Neutral,53260.0,,57048.0,,57749.0,,57749.0,,57749.0,,61063.0,,8473.0,,8473.0,,8473.0,,8473.0,,8473.0,,9870.0,,21307.0,,24678.0,,28508.0,,28508.0,,30958.0,,33918.0,,8640.0,,8640.0,,8640.0,,8640.0,,8640.0,,8640.0,,4071.0,,4071.0,,4071.0,,4071.0,,4071.0,,4913.0,
NIT,"National Institute of Technology, Uttarakhand","Civil Engineering (4 Years, Bachelor of Technology)",OS,Female-only (including Supernumerary),50522.0,,55159.0,,55159.0,,55159.0,,60682.0,,60682.0,,,,,,,,,,,,,,20092.0,,22621.0,,22799.0,,22799.0,,23909.0,,24514.0,,6714.0,,9413.0,,9923.0,,9923.0,,9923.0,,9923.0,,,,,,,,,,,,,
NIT,"National Institute of Technology, Uttarakhand","Civil Engineering (4 Years, Bachelor of Technology)",OS,Gender-Neutral,43569.0,,46764.0,,48185.0,,48190.0,,48254.0,,49391.0,,6271.0,,6618.0,,6750.0,,6824.0,,6824.0,,6966.0,,13623.0,,14878.0,,15229.0,,15237.0,,15237.0,,15459.0,,6265.0,,6618.0,,6977.0,,6977.0,,6977.0,,7088.0,,1435.0,,1435.0,,1435.0,,1435.0,,1435.0,,1435.0,
NIT,"National Institute of Technology, Uttarakhand","Computer Science and Engineering (4 Years, Bachelor of Technology)",HS,Female-only (including Supernumerary),36271.0,,36271.0,,36271.0,,36271.0,,36271.0,,39209.0,,8677.0,,8677.0,,8677.0,,8677.0,,8677.0,,8677.0,,,,,,,,,,,,,,8701.0,,8701.0,,8701.0,,8701.0,,8701.0,,8701.0,,,,,,,,,,,,,
NIT,"National Institute of Technology, Uttarakhand","Computer Science and Engineering (4 Years, Bachelor of Technology)",HS,Gender-Neutral,28371.0,855.0,30851.0,855.0,30851.0,855.0,30851.0,855.0,30851.0,855.0,30851.0,855.0,4589.0,,5198.0,,5198.0,,5198.0,,5198.0,,5198.0,,16821.0,,17031.0,,17997.0,,17997.0,,17997.0,,17997.0,,4143.0,,4646.0,,4646.0,,4646.0,,4646.0,,5331.0,,2225.0,,2225.0,,2225.0,,2225.0,,2225.0,,2613.0,
NIT,"National Institute of Technology, Uttarakhand","Computer Science and Engineering (4 Years, Bachelor of Technology)",OS,Female-only (including Supernumerary),28468.0,,30379.0,,30379.0,,30379.0,,30379.0,,31912.0,,4635.0,,4925.0,,4925.0,,4925.0,,4925.0,,4925.0,,10607.0,,10607.0,,10607.0,,10607.0,,10607.0,,11578.0,,,,,,,,,,,,,,,,,,,,,,,,,
NIT,"National Institute of Technology, Uttarakhand","Computer Science and Engineering (4 Years, Bachelor of Technology)",OS,Gender-Neutral,16717.0,605.0,16830.0,605.0,16830.0,605.0,16830.0,605.0,17040.0,605.0,18491.0,605.0,2236.0,90.0,2311.0,90.0,2311.0,90.0,2311.0,90.0,2311.0,90.0,2860.0,148.0,5792.0,,6212.0,,6212.0,,6212.0,,6391.0,,6570.0,,3160.0,,3160.0,,3160.0,,3160.0,,3160.0,,3253.0,,1090.0,,1090.0,,1090.0,,1090.0,,1090.0,,1504.0,
NIT,"National Institute of Technology, Uttarakhand","Electrical and Electronics Engineering (4 Years, Bachelor of Technology)",HS,Female-only (including Supernumerary),54614.0,,56396.0,,56396.0,,56396.0,,56396.0,,56396.0,,,,,,,,,,,,,,18460.0,,18460.0,,18460.0,,18460.0,,18460.0,,18460.0,,,,,,,,,,,,,,,,,,,,,,,,,
NIT,"National Institute of Technology, Uttarakhand","Electrical and Electronics Engineering (4 Years, Bachelor of Technology)",HS,Gender-Neutral,43526.0,,45940.0,,47721.0,,47721.0,,47721.0,,48247.0,,6758.0,,7005.0,,7005.0,,7005.0,,7005.0,,7635.0,,18732.0,,19587.0,,21307.0,,21307.0,,21307.0,,21307.0,,7198.0,,7366.0,,7366.0,,7366.0,,7366.0,,9018.0,,2613.0,,2613.0,,2613.0,,2613.0,,2613.0,,3343.0,
NIT,"National Institute of Technology, Uttarakhand","Electrical and Electronics Engineering (4 Years, Bachelor of Technology)",OS,Female-only (including Supernumerary),39213.0,2677.0,39213.0,3855.0,39213.0,3965.0,39213.0,3965.0,39213.0,3965.0,42033.0,3965.0,,,,,,,,,,,,,14748.0,,15141.0,,15141.0,,15141.0,,15141.0,,17849.0,,5738.0,,7082.0,,8401.0,,8401.0,,8401.0,,8401.0,,,,,,,,,,,,,
NIT,"National Institute of Technology, Uttarakhand","Electrical and Electronics Engineering (4 Years, Bachelor of Technology)",OS,Gender-Neutral,27268.0,,32138.0,,32138.0,,32138.0,,32138.0,,33738.0,,3891.0,,4528.0,,4528.0,,4528.0,,4528.0,,5235.0,,9783.0,,10169.0,,10169.0,,10169.0,,10169.0,,10293.0,,4554.0,,4863.0,,4863.0,,4863.0,,4863.0,,5978.0,,2201.0,,2201.0,,2201.0,,2201.0,,2201.0,,2201.0,
NIT,"National Institute of Technology, Uttarakhand","Electronics and Communication Engineering (4 Years, Bachelor of Technology)",HS,Female-only (including Supernumerary),50766.0,,50766.0,,50766.0,,50766.0,,50766.0,,50766.0,,,,,,,,,,,,,,28218.0,,28218.0,,28218.0,,28218.0,,28218.0,,28218.0,,10604.0,,11454.0,,11454.0,,11454.0,,11454.0,,11454.0,,3070.0,,3070.0,,3070.0,,3070.0,,3070.0,,3070.0,
NIT,"National Institute of Technology, Uttarakhand","Electronics and Communication Engineering (4 Years, Bachelor of Technology)",HS,Gender-Neutral,37522.0,1453.0,41696.0,1453.0,42538.0,1453.0,42538.0,1453.0,42538.0,1453.0,43978.0,1453.0,5515.0,,6713.0,,6713.0,,6713.0,,6713.0,,6713.0,,18123.0,,18302.0,,19587.0,,19587.0,,19587.0,,19587.0,,4646.0,,7316.0,,7316.0,,7316.0,,7316.0,,7366.0,,2462.0,,2462.0,,2462.0,,2462.0,,2462.0,,2462.0,
NIT,"National Institute of Technology, Uttarakhand","Electronics and Communication Engineering (4 Years, Bachelor of Technology)",OS,Female-only (including Supernumerary),31735.0,,35357.0,,35357.0,,35357.0,,35357.0,,35357.0,,,,,,,,,,,,,,14161.0,,14828.0,,14828.0,,14828.0,,14828.0,,15141.0,,,,,,,,,,,,,,,,,,,,,,,,,
NIT,"National Institute of Technology, Uttarakhand","Electronics and Communication Engineering (4 Years, Bachelor of Technology)",OS,Gender-Neutral,23975.0,931.0,24571.0,931.0,24571.0,1894.0,24571.0,1894.0,24571.0,1894.0,26168.0,1894.0,3303.0,,3792.0,,3792.0,,3792.0,,3792.0,,3802.0,,6945.0,471.0,7094.0,671.0,7094.0,1026.0,7094.0,1026.0,7094.0,1026.0,7971.0,1026.0,3888.0,,4526.0,,4526.0,,4526.0,,4526.0,,4526.0,,1950.0,,1950.0,,1950.0,,1950.0,,1950.0,,2134.0,
NIT,"National Institute of Technology, Uttarakhand","Mechanical Engineering (4 Years, Bachelor of Technology)",HS,Female-only (including Supernumerary),56396.0,,67901.0,,68890.0,,68890.0,,68890.0,,68890.0,,10681.0,,10681.0,,10681.0,,10681.0,,10681.0,,17694.0,,37270.0,,37270.0,,37270.0,,37270.0,,37270.0,,37270.0,,,,,,,,,,,,,,,,,,,,,,,,,
NIT,"National Institute of Technology, Uttarakhand","Mechanical Engineering (4 Years, Bachelor of Technology)",HS,Gender-Neutral,48910.0,,50206.0,,50206.0,,50206.0,,50206.0,,52147.0,,7005.0,,9301.0,,9301.0,,9301.0,,9301.0,,9301.0,,19591.0,,20216.0,,27473.0,,27473.0,,27666.0,,28508.0,,8889.0,,9555.0,,9555.0,,9555.0,,9555.0,,9861.0,,3343.0,,3343.0,,3343.0,,3343.0,,3343.0,,4208.0,
NIT,"National Institute of Technology, Uttarakhand","Mechanical Engineering (4 Years, Bachelor of Technology)",OS,Female-only (including Supernumerary),46231.0,,50761.0,,50761.0,,50761.0,,50761.0,,56461.0,,7708.0,,7765.0,,8129.0,,8129.0,,8129.0,,8810.0,,,,,,,,,,,,,,8401.0,,9327.0,,9413.0,,9413.0,,9413.0,,9413.0,,3455.0,,4309.0,,4311.0,,4311.0,,4311.0,,4613.0,
NIT,"National Institute of Technology, Uttarakhand","Mechanical Engineering (4 Years, Bachelor of Technology)",OS,Gender-Neutral,34585.0,,38209.0,,38453.0,,38453.0,,38453.0,,40975.0,,5330.0,,5444.0,,5582.0,,5582.0,,5582.0,,6403.0,,11816.0,,12306.0,,12306.0,,12306.0,,12306.0,,12344.0,,6008.0,,6265.0,,6265.0,,6265.0,,6265.0,,6332.0,,2134.0,,2134.0,,2134.0,,2134.0,,2134.0,,2872.0,
NIT,"National Institute of Technology, Warangal","Bio Technology (4 Years, Bachelor of Technology)",HS,Female-only (including Supernumerary),41484.0,,46821.0,,46821.0,,46821.0,,46821.0,,46821.0,,5975.0,,6868.0,,6868.0,,6868.0,,6868.0,,6868.0,,13832.0,,16524.0,,16524.0,,16524.0,,16524.0,,16524.0,,5565.0,,5565.0,,5565.0,,5565.0,,5565.0,,5565.0,,1980.0,,1980.0,,1980.0,,1980.0,,1980.0,,1980.0,
NIT,"National Institute of Technology, Warangal","Bio Technology (4 Years, Bachelor of Technology)",HS,Gender-Neutral,38013.0,850.0,40771.0,850.0,41671.0,850.0,41671.0,850.0,41671.0,850.0,41671.0,850.0,6017.0,,6018.0,,6018.0,,6018.0,,6052.0,,6052.0,,12770.0,,13555.0,,13555.0,,13555.0,,13555.0,,13822.0,,6882.0,252.0,7356.0,252.0,7356.0,252.0,7356.0,252.0,7356.0,252.0,7356.0,252.0,1918.0,,2383.0,,2383.0,,2383.0,,2383.0,,2383.0,
NIT,"National Institute of Technology, Warangal","Bio Technology (4 Years, Bachelor of Technology)",OS,Female-only (including Supernumerary),20764.0,,30782.0,,30782.0,,30782.0,,30782.0,,33808.0,,,,,,,,,,,,,,11001.0,,12909.0,,14418.0,,14418.0,,14418.0,,14737.0,,3795.0,,6402.0,,6402.0,,6402.0,,6402.0,,6402.0,,2374.0,,2374.0,,2374.0,,2374.0,,2374.0,,2374.0,
NIT,"National Institute of Technology, Warangal","Bio Technology (4 Years, Bachelor of Technology)",OS,Gender-Neutral,25220.0,,27106.0,,27106.0,,27106.0,,27106.0,,30296.0,,4649.0,,4649.0,,4649.0,,4649.0,,4649.0,,4861.0,,9587.0,418.0,10667.0,418.0,10667.0,418.0,10667.0,418.0,10797.0,418.0,11032.0,548.0,3848.0,,4497.0,,4497.0,,4497.0,,4497.0,,4642.0,,2192.0,,2413.0,,2413.0,,2413.0,,2413.0,,2413.0,
NIT,"National Institute of Technology, Warangal","Chemical Engineering (4 Years, Bachelor of Technology)",HS,Female-only (including Supernumerary),28099.0,1403.0,30919.0,1403.0,30919.0,1403.0,30919.0,1403.0,30919.0,1403.0,30919.0,1403.0,4255.0,,4540.0,,4540.0,,4540.0,,4540.0,,4540.0,,10643.0,,15034.0,,15034.0,,15034.0,,15034.0,,15034.0,,4446.0,,4446.0,,4446.0,,4446.0,,4446.0,,4446.0,,1197.0,,1197.0,,1197.0,,1197.0,,1197.0,,1197.0,
NIT,"National Institute of Technology, Warangal","Chemical Engineering (4 Years, Bachelor of Technology)",HS,Gender-Neutral,22117.0,811.0,22276.0,811.0,22276.0,811.0,22276.0,811.0,22276.0,811.0,24880.0,811.0,3559.0,,3570.0,,3570.0,,3570.0,,3570.0,,3935.0,,7749.0,,8242.0,,8242.0,,8242.0,,8242.0,,8727.0,,4641.0,,4769.0,,4769.0,,4769.0,,4769.0,,4769.0,,1049.0,,1128.0,,1128.0,,1128.0,,1128.0,,1128.0,
NIT,"National Institute of Technology, Warangal","Chemical Engineering (4 Years, Bachelor of Technology)",OS,Female-only (including Supernumerary),22160.0,,23543.0,,24875.0,,24875.0,,24875.0,,24875.0,,4006.0,,4006.0,,4006.0,,4006.0,,4006.0,,4006.0,,9791.0,,10050.0,,10050.0,,10050.0,,10050.0,,10050.0,,4546.0,,4546.0,,4546.0,,4546.0,,5297.0,,5297.0,,1945.0,,1945.0,,1945.0,,1945.0,,1945.0,,1945.0,
NIT,"National Institute of Technology, Warangal","Chemical Engineering (4 Years, Bachelor of Technology)",OS,Gender-Neutral,14794.0,309.0,15008.0,309.0,15749.0,309.0,15749.0,309.0,15890.0,309.0,17585.0,309.0,2494.0,,2494.0,,2595.0,,2595.0,,2610.0,,2952.0,,5908.0,462.0,6196.0,531.0,6196.0,531.0,6196.0,531.0,6196.0,531.0,6488.0,541.0,3600.0,,3688.0,,3688.0,,3688.0,,3688.0,,3781.0,,1564.0,53.0,1564.0,53.0,1564.0,53.0,1564.0,53.0,1564.0,53.0,1564.0,53.0
NIT,"National Institute of Technology, Warangal","Chemical Engineering (5 Years, Bachelor and Master of Technology (Dual Degree))",HS,Female-only (including Supernumerary),25178.0,,26026.0,,26026.0,,26026.0,,26026.0,,26026.0,,,,,,,,,,,,,,,,,,,,,,,,,,,,,,,,,,,,,,,,,,,,,,,,,
NIT,"National Institute of Technology, Warangal","Chemical Engineering (5 Years, Bachelor and Master of Technology (Dual Degree))",HS,Gender-Neutral,27667.0,,28446.0,,28446.0,,28446.0,,28446.0,,31919.0,,3884.0,,4437.0,,4437.0,,4437.0,,4437.0,,4437.0,,8101.0,,8320.0,,8320.0,,8320.0,,8320.0,,8861.0,,,,,,,,,,,,,,1597.0,,1597.0,,1597.0,,1597.0,,1597.0,,1597.0,
NIT,"National Institute of Technology, Warangal","Chemical Engineering (5 Years, Bachelor and Master of Technology (Dual Degree))",OS,Female-only (including Supernumerary),,,,,,,,,,,,,,,,,,,,,,,,,10614.0,,10614.0,,11718.0,,11718.0,,11718.0,,11718.0,,,,,,,,,,,,,,,,,,,,,,,,,
NIT,"National Institute of Technology, Warangal","Chemical Engineering (5 Years, Bachelor and Master of Technology (Dual Degree))",OS,Gender-Neutral,16989.0,,17885.0,,17885.0,,17885.0,,17885.0,,20805.0,,,,,,,,,,,,,,6105.0,,6105.0,,6105.0,,6105.0,,6105.0,,6105.0,,2663.0,145.0,4618.0,145.0,4618.0,145.0,4618.0,145.0,4618.0,145.0,4618.0,208.0,,,,,,,,,,,,
NIT,"National Institute of Technology, Warangal","Chemistry (5 Years, Integrated Master of Science)",HS,Female-only (including Supernumerary),31451.0,,31451.0,,31451.0,,31451.0,,31451.0,,31451.0,,,,,,,,,,,,,,19835.0,,20677.0,,20677.0,,20677.0,,20677.0,,20677.0,,,,,,,,,,,,,,,,,,,,,,,,,
NIT,"National Institute of Technology, Warangal","Chemistry (5 Years, Integrated Master of Science)",HS,Gender-Neutral,37969.0,1512.0,40370.0,1512.0,42007.0,1512.0,42007.0,1512.0,42007.0,1512.0,42007.0,1512.0,5832.0,,5832.0,,7653.0,,7797.0,,7797.0,,7797.0,,14265.0,,17331.0,,17331.0,,17331.0,,17608.0,,18476.0,,7718.0,,7718.0,,7718.0,,7718.0,,7718.0,,7718.0,,2383.0,,2992.0,,2992.0,,2992.0,,2992.0,,2992.0,
NIT,"National Institute of Technology, Warangal","Chemistry (5 Years, Integrated Master of Science)",OS,Female-only (including Supernumerary),35952.0,,35952.0,,35952.0,,35952.0,,35952.0,,42302.0,,,,,,,,,,,,,,,,,,,,,,,,,,7101.0,,7101.0,,7101.0,,7101.0,,7101.0,,7101.0,,,,,,,,,,,,,
NIT,"National Institute of Technology, Warangal","Chemistry (5 Years, Integrated Master of Science)",OS,Gender-Neutral,26818.0,,31800.0,,31800.0,,31800.0,,31800.0,,37985.0,,5261.0,,5261.0,,5261.0,,5261.0,,5261.0,,6030.0,,11777.0,,12074.0,,12074.0,,12074.0,,12074.0,,13006.0,,5691.0,,5691.0,,5691.0,,5691.0,,5691.0,,5691.0,,3265.0,,3640.0,,3640.0,,3640.0,,3640.0,,3640.0,
NIT,"National Institute of Technology, Warangal","Civil Engineering (4 Years, Bachelor of Technology)",HS,Female-only (including Supernumerary),33480.0,,33932.0,,35827.0,,35827.0,,37899.0,,37899.0,,4941.0,,4941.0,,5254.0,,5254.0,,5712.0,,5712.0,,10604.0,456.0,13002.0,456.0,13002.0,456.0,13002.0,456.0,13002.0,456.0,13002.0,456.0,4649.0,,4649.0,,4649.0,,4649.0,,4649.0,,4649.0,,784.0,,784.0,,784.0,,784.0,,784.0,,784.0,
NIT,"National Institute of Technology, Warangal","Civil Engineering (4 Years, Bachelor of Technology)",HS,Gender-Neutral,29999.0,531.0,31485.0,531.0,31485.0,531.0,31485.0,531.0,31606.0,531.0,32174.0,531.0,4622.0,,4791.0,,4791.0,,4791.0,,4836.0,,5080.0,,9851.0,,10327.0,,10327.0,,10327.0,,10327.0,,10882.0,,4894.0,95.0,4948.0,95.0,4948.0,95.0,4948.0,95.0,4948.0,95.0,4948.0,95.0,975.0,,1006.0,,1006.0,,1006.0,,1006.0,,1006.0,
NIT,"National Institute of Technology, Warangal","Civil Engineering (4 Years, Bachelor of Technology)",OS,Female-only (including Supernumerary),32770.0,,36822.0,,36822.0,,36822.0,,36822.0,,36822.0,,5416.0,,5416.0,,5416.0,,5416.0,,5560.0,,6129.0,,12462.0,,12618.0,,12618.0,,12618.0,,12618.0,,12618.0,,6216.0,,6216.0,,6216.0,,6216.0,,6216.0,,6216.0,,1916.0,,1916.0,,1916.0,,1916.0,,1916.0,,1916.0,
NIT,"National Institute of Technology, Warangal","Civil Engineering (4 Years, Bachelor of Technology)",OS,Gender-Neutral,23086.0,574.0,24144.0,574.0,24145.0,574.0,24145.0,574.0,24181.0,574.0,25239.0,574.0,3538.0,217.0,3593.0,217.0,3593.0,217.0,3593.0,217.0,3593.0,217.0,3719.0,217.0,7452.0,,7831.0,,7831.0,,7831.0,,8036.0,,8302.0,,3589.0,,4172.0,,4293.0,,4293.0,,4293.0,,4401.0,,859.0,,1187.0,,1187.0,,1187.0,,1187.0,,1187.0,
NIT,"National Institute of Technology, Warangal","Computer Science and Engineering ( Artificial Intelligence & Data Science) (4 Years, Bachelor of Technology)",HS,Female-only (including Supernumerary),5347.0,,5347.0,,5867.0,,5867.0,,5867.0,,6544.0,,1145.0,,1179.0,,1179.0,,1179.0,,1179.0,,1179.0,,2054.0,,2054.0,,2054.0,,2054.0,,2054.0,,2054.0,,1313.0,,1313.0,,1313.0,,1313.0,,1313.0,,1313.0,,265.0,,265.0,,265.0,,265.0,,265.0,,265.0,
NIT,"National Institute of Technology, Warangal","Computer Science and Engineering ( Artificial Intelligence & Data Science) (4 Years, Bachelor of Technology)",HS,Gender-Neutral,4100.0,119.0,4196.0,119.0,4280.0,119.0,4280.0,119.0,4316.0,119.0,4316.0,119.0,466.0,,506.0,,506.0,,506.0,,506.0,,542.0,,1270.0,,1270.0,,1270.0,,1270.0,,1270.0,,1304.0,,1076.0,32.0,1076.0,32.0,1076.0,32.0,1076.0,32.0,1076.0,32.0,1076.0,32.0,79.0,,79.0,,79.0,,79.0,,79.0,,79.0,
NIT,"National Institute of Technology, Warangal","Computer Science and Engineering ( Artificial Intelligence & Data Science) (4 Years, Bachelor of Technology)",OS,Female-only (including Supernumerary),4781.0,,5380.0,,5380.0,,5380.0,,5380.0,,5380.0,,670.0,,670.0,,670.0,,670.0,,670.0,,670.0,,2155.0,,2155.0,,2155.0,,2155.0,,2155.0,,2155.0,,747.0,,747.0,,747.0,,747.0,,747.0,,1324.0,,566.0,,566.0,,566.0,,566.0,,566.0,,566.0,
NIT,"National Institute of Technology, Warangal","Computer Science and Engineering ( Artificial Intelligence & Data Science) (4 Years, Bachelor of Technology)",OS,Gender-Neutral,2550.0,40.0,2634.0,40.0,2634.0,40.0,2650.0,40.0,2774.0,40.0,2952.0,40.0,320.0,,320.0,,320.0,,320.0,,320.0,,320.0,,911.0,52.0,1023.0,52.0,1023.0,52.0,1023.0,52.0,1023.0,52.0,1073.0,52.0,427.0,,502.0,,502.0,,502.0,,502.0,,502.0,,137.0,,137.0,,137.0,,137.0,,137.0,,137.0,
NIT,"National Institute of Technology, Warangal","Computer Science and Engineering (4 Years, Bachelor of Technology)",HS,Female-only (including Supernumerary),4386.0,,4759.0,,5347.0,,5347.0,,5347.0,,5867.0,,614.0,,747.0,,747.0,,747.0,,747.0,,1511.0,,2112.0,,2112.0,,2112.0,,2112.0,,2112.0,,2112.0,,1241.0,,1241.0,,1241.0,,1241.0,,1241.0,,1241.0,,366.0,,366.0,,366.0,,366.0,,366.0,,366.0,
NIT,"National Institute of Technology, Warangal","Computer Science and Engineering (4 Years, Bachelor of Technology)",HS,Gender-Neutral,3386.0,98.0,3432.0,98.0,3432.0,98.0,3432.0,98.0,3458.0,98.0,3530.0,98.0,421.0,,460.0,,460.0,,460.0,,460.0,,466.0,,1241.0,154.0,1241.0,154.0,1241.0,154.0,1241.0,154.0,1241.0,154.0,1248.0,154.0,924.0,,924.0,,924.0,,924.0,,924.0,,1145.0,,200.0,7.0,200.0,7.0,200.0,7.0,200.0,7.0,200.0,7.0,200.0,7.0
NIT,"National Institute of Technology, Warangal","Computer Science and Engineering (4 Years, Bachelor of Technology)",OS,Female-only (including Supernumerary),4045.0,,4227.0,,4227.0,,4227.0,,4892.0,,4938.0,,560.0,24.0,560.0,24.0,560.0,24.0,560.0,24.0,560.0,24.0,560.0,24.0,1932.0,,1932.0,,1932.0,,1932.0,,1932.0,,1932.0,,746.0,,746.0,,746.0,,746.0,,746.0,,747.0,,375.0,,375.0,,375.0,,375.0,,375.0,,375.0,
NIT,"National Institute of Technology, Warangal","Computer Science and Engineering (4 Years, Bachelor of Technology)",OS,Gender-Neutral,2135.0,91.0,2234.0,101.0,2273.0,101.0,2297.0,101.0,2307.0,101.0,2409.0,101.0,265.0,,289.0,,309.0,,309.0,,309.0,,309.0,,632.0,35.0,669.0,45.0,677.0,45.0,677.0,45.0,677.0,45.0,695.0,45.0,375.0,,447.0,,447.0,,447.0,,447.0,,447.0,,155.0,,155.0,,155.0,,155.0,,155.0,,155.0,
NIT,"National Institute of Technology, Warangal","Electrical and Electronics Engineering (4 Years, Bachelor of Technology)",HS,Female-only (including Supernumerary),16279.0,,16279.0,,16279.0,,16279.0,,16279.0,,16686.0,,2189.0,,2189.0,,2189.0,,2189.0,,2189.0,,2287.0,,5354.0,,5354.0,,5354.0,,5354.0,,5354.0,,5354.0,,2152.0,130.0,2152.0,130.0,2152.0,130.0,2152.0,130.0,2152.0,130.0,2152.0,130.0,554.0,,819.0,,819.0,,819.0,,819.0,,819.0,
NIT,"National Institute of Technology, Warangal","Electrical and Electronics Engineering (4 Years, Bachelor of Technology)",HS,Gender-Neutral,10299.0,623.0,10414.0,623.0,10821.0,623.0,10821.0,623.0,11029.0,623.0,11204.0,623.0,1730.0,,1730.0,,1730.0,,1730.0,,1730.0,,1747.0,,3477.0,356.0,3592.0,356.0,3592.0,356.0,3592.0,356.0,4096.0,356.0,4096.0,356.0,2365.0,,2507.0,,2507.0,,2507.0,,2507.0,,2507.0,,633.0,,732.0,,732.0,,732.0,,732.0,,732.0,
NIT,"National Institute of Technology, Warangal","Electrical and Electronics Engineering (4 Years, Bachelor of Technology)",OS,Female-only (including Supernumerary),10842.0,,12781.0,,12792.0,,12792.0,,12833.0,,14231.0,,2091.0,,2091.0,,2091.0,,2091.0,,2091.0,,2091.0,,5855.0,,5855.0,,5855.0,,5855.0,,5855.0,,5855.0,,2302.0,,2302.0,,2302.0,,2302.0,,3014.0,,3014.0,,1252.0,,1252.0,,1252.0,,1252.0,,1585.0,,1585.0,
NIT,"National Institute of Technology, Warangal","Electrical and Electronics Engineering (4 Years, Bachelor of Technology)",OS,Gender-Neutral,6612.0,318.0,6929.0,318.0,7141.0,318.0,7141.0,318.0,7157.0,318.0,7788.0,318.0,1199.0,,1199.0,,1199.0,,1201.0,,1201.0,,1212.0,,2539.0,163.0,2692.0,163.0,2711.0,163.0,2711.0,163.0,2816.0,163.0,3035.0,163.0,1448.0,54.0,1699.0,54.0,1699.0,54.0,1699.0,54.0,1801.0,54.0,1832.0,54.0,864.0,,864.0,,869.0,,869.0,,869.0,,869.0,
NIT,"National Institute of Technology, Warangal","Electronics and Communication Engineering (4 Years, Bachelor of Technology)",HS,Female-only (including Supernumerary),10457.0,,10457.0,,10457.0,,10457.0,,10457.0,,10581.0,,1511.0,,1511.0,,1511.0,,1511.0,,1511.0,,2189.0,,3172.0,,3172.0,,3172.0,,3172.0,,3172.0,,3452.0,,1887.0,,1887.0,,1887.0,,1887.0,,1887.0,,1887.0,,,,,,,,,,,,,
NIT,"National Institute of Technology, Warangal","Electronics and Communication Engineering (4 Years, Bachelor of Technology)",HS,Gender-Neutral,5654.0,,5957.0,,6144.0,,6144.0,,6182.0,,6446.0,,858.0,41.0,858.0,41.0,858.0,41.0,858.0,41.0,897.0,41.0,969.0,41.0,2125.0,155.0,2125.0,155.0,2125.0,155.0,2125.0,155.0,2125.0,155.0,2125.0,155.0,1343.0,,1343.0,,1343.0,,1343.0,,1343.0,,1512.0,,473.0,,473.0,,473.0,,473.0,,473.0,,473.0,
NIT,"National Institute of Technology, Warangal","Electronics and Communication Engineering (4 Years, Bachelor of Technology)",OS,Female-only (including Supernumerary),7120.0,,7465.0,,7465.0,,7465.0,,7799.0,,8861.0,,924.0,,924.0,,924.0,,924.0,,1139.0,,1139.0,,3309.0,,3309.0,,3309.0,,3309.0,,3699.0,,3699.0,,1685.0,,2112.0,,2112.0,,2112.0,,2112.0,,2112.0,,696.0,,696.0,,696.0,,696.0,,696.0,,696.0,
NIT,"National Institute of Technology, Warangal","Electronics and Communication Engineering (4 Years, Bachelor of Technology)",OS,Gender-Neutral,4470.0,161.0,4549.0,185.0,4594.0,185.0,4594.0,185.0,4594.0,185.0,5057.0,185.0,627.0,,627.0,,661.0,,661.0,,669.0,,687.0,,1727.0,,1800.0,,1800.0,,1800.0,,1823.0,,1927.0,,880.0,38.0,926.0,38.0,926.0,38.0,926.0,38.0,926.0,38.0,926.0,38.0,342.0,17.0,342.0,17.0,342.0,17.0,342.0,17.0,544.0,17.0,544.0,17.0
NIT,"National Institute of Technology, Warangal","Electronics and Communication Engineering (VLSI Design and Technology) (4 Years, Bachelor of Technology)",HS,Female-only (including Supernumerary),10506.0,,10977.0,,10977.0,,10977.0,,10977.0,,10977.0,,,,,,,,,,,,,,2739.0,,2739.0,,2739.0,,2739.0,,2739.0,,2739.0,,1386.0,,1386.0,,1386.0,,1386.0,,1386.0,,1386.0,,,,,,,,,,,,,
NIT,"National Institute of Technology, Warangal","Electronics and Communication Engineering (VLSI Design and Technology) (4 Years, Bachelor of Technology)",HS,Gender-Neutral,6395.0,528.0,6446.0,528.0,6640.0,528.0,6640.0,528.0,6700.0,528.0,6831.0,528.0,969.0,,969.0,,969.0,,969.0,,969.0,,980.0,,2282.0,,2282.0,,2282.0,,2282.0,,2314.0,,2314.0,,1389.0,,1389.0,,1389.0,,1389.0,,1389.0,,1389.0,,332.0,,332.0,,332.0,,332.0,,332.0,,332.0,
NIT,"National Institute of Technology, Warangal","Electronics and Communication Engineering (VLSI Design and Technology) (4 Years, Bachelor of Technology)",OS,Female-only (including Supernumerary),8009.0,,8009.0,,8009.0,,8009.0,,8009.0,,8009.0,,1139.0,,1139.0,,1139.0,,1139.0,,1309.0,,1309.0,,3037.0,,3037.0,,3037.0,,3037.0,,3037.0,,3037.0,,,,,,,,,,,,,,1058.0,,1058.0,,1058.0,,1058.0,,1252.0,,1252.0,
NIT,"National Institute of Technology, Warangal","Electronics and Communication Engineering (VLSI Design and Technology) (4 Years, Bachelor of Technology)",OS,Gender-Neutral,4889.0,310.0,5057.0,376.0,5172.0,376.0,5172.0,376.0,5172.0,376.0,5607.0,376.0,687.0,,687.0,,687.0,,687.0,,687.0,,714.0,,1773.0,141.0,1908.0,141.0,1908.0,141.0,1908.0,141.0,1967.0,141.0,2016.0,141.0,987.0,,1094.0,,1094.0,,1094.0,,1094.0,,1094.0,,482.0,,482.0,,482.0,,482.0,,482.0,,482.0,
NIT,"National Institute of Technology, Warangal","Mathematics (5 Years, Integrated Master of Science)",HS,Female-only (including Supernumerary),24956.0,,24956.0,,24956.0,,24956.0,,24956.0,,24956.0,,,,,,,,,,,,,,,,,,,,,,,,,,,,,,,,,,,,,,3484.0,,3484.0,,3484.0,,3484.0,,3484.0,,3484.0,
NIT,"National Institute of Technology, Warangal","Mathematics (5 Years, Integrated Master of Science)",HS,Gender-Neutral,35597.0,,37366.0,,37366.0,,37366.0,,37366.0,,37824.0,,5246.0,,5246.0,,5246.0,,5246.0,,5246.0,,7024.0,,14038.0,579.0,14038.0,579.0,14038.0,579.0,14038.0,579.0,14038.0,579.0,14038.0,579.0,6730.0,,7987.0,,7987.0,,7987.0,,7987.0,,7987.0,,,,,,,,,,,,,
NIT,"National Institute of Technology, Warangal","Mathematics (5 Years, Integrated Master of Science)",OS,Female-only (including Supernumerary),22245.0,,29370.0,,29370.0,,29370.0,,29370.0,,29370.0,,,,,,,,,,,,,,10292.0,,13390.0,,13390.0,,13390.0,,13390.0,,15473.0,,,,,,,,,,,,,,,,,,,,,,,,,
NIT,"National Institute of Technology, Warangal","Mathematics (5 Years, Integrated Master of Science)",OS,Gender-Neutral,16581.0,,16667.0,,16667.0,,16667.0,,16667.0,,19078.0,,2936.0,,2936.0,,2936.0,,2936.0,,2936.0,,3319.0,,4758.0,,6993.0,,6993.0,,6993.0,,6993.0,,7932.0,,4094.0,,5239.0,,5239.0,,5239.0,,5239.0,,5239.0,,1853.0,,1853.0,,1853.0,,1853.0,,1853.0,,1853.0,
NIT,"National Institute of Technology, Warangal","Mathematics and Computing (4 Years, Bachelor of Technology)",HS,Female-only (including Supernumerary),5867.0,,5867.0,,10506.0,,10506.0,,10506.0,,10506.0,,2005.0,,2005.0,,2005.0,,2005.0,,2005.0,,2005.0,,2414.0,,2414.0,,2414.0,,2414.0,,2414.0,,2414.0,,,,,,,,,,,,,,,,,,,,,,,,,
NIT,"National Institute of Technology, Warangal","Mathematics and Computing (4 Years, Bachelor of Technology)",HS,Gender-Neutral,4533.0,,4543.0,,4583.0,,4583.0,,4978.0,,5438.0,,506.0,,542.0,,542.0,,542.0,,584.0,,623.0,,1771.0,283.0,1771.0,283.0,1771.0,283.0,1771.0,283.0,1784.0,283.0,1784.0,283.0,1423.0,,1423.0,,1423.0,,1423.0,,1423.0,,1423.0,,607.0,,607.0,,607.0,,607.0,,607.0,,607.0,
NIT,"National Institute of Technology, Warangal","Mathematics and Computing (4 Years, Bachelor of Technology)",OS,Female-only (including Supernumerary),5639.0,,5639.0,,5639.0,,5639.0,,5639.0,,5639.0,,,,,,,,,,,,,,2236.0,,2236.0,,2236.0,,2236.0,,2236.0,,2236.0,,1735.0,,1735.0,,1735.0,,1735.0,,1735.0,,1735.0,,,,,,,,,,,,,
NIT,"National Institute of Technology, Warangal","Mathematics and Computing (4 Years, Bachelor of Technology)",OS,Gender-Neutral,3160.0,,3168.0,,3210.0,,3210.0,,3210.0,,3277.0,,351.0,,351.0,,351.0,,351.0,,404.0,,420.0,,1100.0,,1167.0,,1167.0,,1167.0,,1167.0,,1235.0,,667.0,,667.0,,667.0,,667.0,,667.0,,667.0,,451.0,,451.0,,451.0,,451.0,,451.0,,451.0,
NIT,"National Institute of Technology, Warangal","Mechanical Engineering (4 Years, Bachelor of Technology)",HS,Female-only (including Supernumerary),23476.0,,23476.0,,23476.0,,23476.0,,23476.0,,23476.0,,3778.0,,3778.0,,3778.0,,3778.0,,3778.0,,4261.0,,10156.0,,12951.0,,13721.0,,13721.0,,13721.0,,13721.0,,3443.0,,3443.0,,3443.0,,3443.0,,3443.0,,3443.0,,1616.0,,1616.0,,1616.0,,1616.0,,1616.0,,1616.0,
NIT,"National Institute of Technology, Warangal","Mechanical Engineering (4 Years, Bachelor of Technology)",HS,Gender-Neutral,15240.0,548.0,16712.0,548.0,16772.0,548.0,16772.0,548.0,16773.0,548.0,17643.0,548.0,2333.0,,2404.0,,2404.0,,2404.0,,2404.0,,2635.0,,5613.0,413.0,6062.0,455.0,6176.0,455.0,6176.0,455.0,6253.0,455.0,6698.0,455.0,3235.0,120.0,3664.0,120.0,3664.0,120.0,3664.0,120.0,3664.0,120.0,3664.0,120.0,844.0,,844.0,,844.0,,844.0,,844.0,,844.0,
NIT,"National Institute of Technology, Warangal","Mechanical Engineering (4 Years, Bachelor of Technology)",OS,Female-only (including Supernumerary),22291.0,,22291.0,,22291.0,,22291.0,,22323.0,,23427.0,,3939.0,,3939.0,,3939.0,,3939.0,,3939.0,,3939.0,,9996.0,355.0,10918.0,603.0,10918.0,603.0,10918.0,603.0,10918.0,603.0,10920.0,603.0,4764.0,,5147.0,,5147.0,,5147.0,,5147.0,,5147.0,,1686.0,,2164.0,,2164.0,,2164.0,,2164.0,,2164.0,
NIT,"National Institute of Technology, Warangal","Mechanical Engineering (4 Years, Bachelor of Technology)",OS,Gender-Neutral,11967.0,234.0,12714.0,234.0,12732.0,234.0,12732.0,234.0,12942.0,234.0,14037.0,234.0,1889.0,108.0,2015.0,108.0,2043.0,108.0,2043.0,108.0,2051.0,108.0,2071.0,108.0,4518.0,,5164.0,,5164.0,,5164.0,,5164.0,,5176.0,,2323.0,,2663.0,,2743.0,,2743.0,,2856.0,,2856.0,,1164.0,74.0,1278.0,,1278.0,,1278.0,,1278.0,,1278.0,
NIT,"National Institute of Technology, Warangal","Metallurgical and Materials Engineering (4 Years, Bachelor of Technology)",HS,Female-only (including Supernumerary),35261.0,,35261.0,,36259.0,,36259.0,,36259.0,,38905.0,,5397.0,,5397.0,,5397.0,,5397.0,,5397.0,,7402.0,,14143.0,,16454.0,,17214.0,,17214.0,,17214.0,,17214.0,,8697.0,,8697.0,,8697.0,,8697.0,,8697.0,,8697.0,,,,,,,,,,,,,
NIT,"National Institute of Technology, Warangal","Metallurgical and Materials Engineering (4 Years, Bachelor of Technology)",HS,Gender-Neutral,33045.0,1125.0,35671.0,1125.0,35671.0,1125.0,35671.0,1125.0,35671.0,1125.0,36742.0,1125.0,4816.0,,5374.0,,5374.0,,5374.0,,5374.0,,5374.0,,11864.0,,12271.0,,12271.0,,12271.0,,12271.0,,12345.0,,5191.0,,5949.0,,5949.0,,5949.0,,5949.0,,5949.0,,1480.0,,1480.0,,1480.0,,1480.0,,1480.0,,1480.0,
NIT,"National Institute of Technology, Warangal","Metallurgical and Materials Engineering (4 Years, Bachelor of Technology)",OS,Female-only (including Supernumerary),32895.0,,39860.0,,39860.0,,39860.0,,39860.0,,39860.0,,6310.0,,6310.0,,6310.0,,6310.0,,6310.0,,6617.0,,11827.0,,11827.0,,12909.0,,13140.0,,13140.0,,13140.0,,4609.0,,4609.0,,4609.0,,4609.0,,4609.0,,4609.0,,3511.0,,3696.0,,3696.0,,3696.0,,3696.0,,3696.0,
NIT,"National Institute of Technology, Warangal","Metallurgical and Materials Engineering (4 Years, Bachelor of Technology)",OS,Gender-Neutral,23910.0,921.0,24859.0,921.0,24859.0,921.0,24859.0,921.0,24859.0,921.0,28071.0,921.0,3512.0,,4072.0,,4072.0,,4072.0,,4072.0,,4072.0,,8920.0,,9353.0,,9353.0,,9353.0,,9353.0,,9469.0,,4778.0,279.0,4926.0,279.0,4926.0,279.0,4926.0,279.0,4926.0,279.0,5612.0,279.0,2243.0,,2243.0,,2243.0,,2243.0,,2243.0,,2243.0,
NIT,"National Institute of Technology, Warangal","Metallurgical and Materials Engineering (5 Years, Bachelor and Master of Technology (Dual Degree))",HS,Female-only (including Supernumerary),,1533.0,,1533.0,,1533.0,,1533.0,,1533.0,,1533.0,,,,,,,,,,,,,,,,,,,,,,,,,,,,,,,,,,,,,,,,,,,,,,,,
NIT,"National Institute of Technology, Warangal","Metallurgical and Materials Engineering (5 Years, Bachelor and Master of Technology (Dual Degree))",HS,Gender-Neutral,35900.0,,41671.0,,42860.0,,42861.0,,42861.0,,45837.0,,6346.0,,6414.0,,6414.0,,6414.0,,6414.0,,6721.0,,13242.0,,13242.0,,13242.0,,13242.0,,13242.0,,14124.0,,7373.0,,7373.0,,7373.0,,7373.0,,7373.0,,7373.0,,,,,,,,,,,,,
NIT,"National Institute of Technology, Warangal","Metallurgical and Materials Engineering (5 Years, Bachelor and Master of Technology (Dual Degree))",OS,Female-only (including Supernumerary),,,,,,,,,,,,,,,,,,,,,,,,,12737.0,,15812.0,,15812.0,,15812.0,,15812.0,,15812.0,,,,,,,,,,,,,,,,,,,,,,,,,
NIT,"National Institute of Technology, Warangal","Metallurgical and Materials Engineering (5 Years, Bachelor and Master of Technology (Dual Degree))",OS,Gender-Neutral,27320.0,,28079.0,,28079.0,,28079.0,,28079.0,,28114.0,,,,,,,,,,,,,,8272.0,,10720.0,,10720.0,,10720.0,,10720.0,,10720.0,,5580.0,,6195.0,,6195.0,,6195.0,,6195.0,,6454.0,,2210.0,,2660.0,,2660.0,,2660.0,,2660.0,,2660.0,
NIT,"National Institute of Technology, Warangal","Physics (5 Years, Integrated Master of Science)",HS,Female-only (including Supernumerary),44379.0,,49346.0,,56247.0,,57680.0,,57680.0,,57680.0,,,,,,,,,,,,,,,,,,,,,,,,,,,,,,,,,,,,,,3587.0,,3587.0,,3587.0,,3587.0,,3587.0,,3608.0,
NIT,"National Institute of Technology, Warangal","Physics (5 Years, Integrated Master of Science)",HS,Gender-Neutral,31618.0,,37387.0,,37387.0,,37387.0,,37387.0,,37387.0,,6420.0,,7624.0,,7624.0,,7624.0,,7624.0,,7624.0,,14092.0,,17214.0,,17313.0,,17313.0,,17313.0,,17608.0,,6665.0,,6665.0,,6665.0,,6665.0,,6665.0,,6665.0,,2487.0,,2487.0,,2487.0,,2487.0,,2487.0,,2487.0,
NIT,"National Institute of Technology, Warangal","Physics (5 Years, Integrated Master of Science)",OS,Female-only (including Supernumerary),29164.0,,29164.0,,29164.0,,29164.0,,29164.0,,29164.0,,,,,,,,,,,,,,10417.0,,13486.0,,16177.0,,16177.0,,16177.0,,16177.0,,,,,,,,,,,,,,,,,,,,,,,,,
NIT,"National Institute of Technology, Warangal","Physics (5 Years, Integrated Master of Science)",OS,Gender-Neutral,8962.0,,8962.0,,8962.0,,8962.0,,8962.0,,15971.0,,2626.0,,2913.0,,2913.0,,2913.0,,2913.0,,3945.0,,9104.0,,9120.0,,9120.0,,9120.0,,9120.0,,9120.0,,2764.0,,3994.0,,3994.0,,3994.0,,3994.0,,4006.0,,,,,,,,,,,,,
NIT,"Sardar Vallabhbhai National Institute of Technology, Surat","Artificial Intelligence (4 Years, Bachelor of Technology)",HS,Female-only (including Supernumerary),15836.0,,15836.0,,15836.0,,15836.0,,17087.0,,18764.0,,2280.0,,2280.0,,2280.0,,2280.0,,2583.0,,2583.0,,9169.0,,9169.0,,9169.0,,9169.0,,9169.0,,9169.0,,2524.0,,4046.0,,4046.0,,4046.0,,4046.0,,4046.0,,2238.0,,2238.0,,2238.0,,2238.0,,2238.0,,2238.0,
NIT,"Sardar Vallabhbhai National Institute of Technology, Surat","Artificial Intelligence (4 Years, Bachelor of Technology)",HS,Gender-Neutral,10905.0,306.0,11408.0,306.0,11676.0,306.0,11676.0,306.0,12012.0,306.0,12415.0,306.0,1795.0,,1821.0,,1821.0,,1821.0,,1821.0,,1856.0,,5008.0,474.0,5688.0,,5688.0,,5688.0,,5688.0,,5947.0,,2089.0,117.0,2089.0,,2089.0,,2089.0,,2089.0,,2089.0,,833.0,,833.0,,833.0,,833.0,,833.0,,833.0,
NIT,"Sardar Vallabhbhai National Institute of Technology, Surat","Artificial Intelligence (4 Years, Bachelor of Technology)",OS,Female-only (including Supernumerary),15694.0,,15942.0,,15942.0,,15942.0,,15942.0,,17523.0,,2398.0,,2540.0,,2540.0,,2540.0,,2540.0,,2540.0,,6949.0,,7868.0,,7868.0,,7868.0,,7868.0,,7868.0,,3357.0,155.0,3357.0,155.0,3357.0,155.0,3357.0,155.0,3357.0,155.0,3357.0,155.0,1376.0,,1409.0,,1409.0,,1409.0,,1409.0,,1409.0,
NIT,"Sardar Vallabhbhai National Institute of Technology, Surat","Artificial Intelligence (4 Years, Bachelor of Technology)",OS,Gender-Neutral,9112.0,430.0,9510.0,430.0,9652.0,430.0,9652.0,430.0,9664.0,430.0,10721.0,430.0,1330.0,,1388.0,,1388.0,,1388.0,,1394.0,,1485.0,,3493.0,170.0,3642.0,183.0,3642.0,183.0,3642.0,183.0,3642.0,183.0,3764.0,183.0,1870.0,,2046.0,,2046.0,,2046.0,,2046.0,,2108.0,,906.0,,915.0,,915.0,,915.0,,915.0,,1039.0,
NIT,"Sardar Vallabhbhai National Institute of Technology, Surat","Artificial Intelligence (5 Years, Integrated B. Tech. and M. Tech.)",HS,Female-only (including Supernumerary),23523.0,,28797.0,,28797.0,,28797.0,,28797.0,,28797.0,,,,,,,,,,,,,,12472.0,,12472.0,,12472.0,,12472.0,,12472.0,,16804.0,,4046.0,,7133.0,,7133.0,,7133.0,,7133.0,,7133.0,,2707.0,,2707.0,,2707.0,,2707.0,,2707.0,,2707.0,
NIT,"Sardar Vallabhbhai National Institute of Technology, Surat","Artificial Intelligence (5 Years, Integrated B. Tech. and M. Tech.)",HS,Gender-Neutral,14037.0,,14434.0,,14434.0,,14942.0,,14942.0,,16395.0,,1884.0,,2228.0,,2228.0,,2228.0,,2228.0,,2378.0,,6535.0,,6535.0,,6535.0,,6535.0,,6535.0,,6535.0,,3373.0,,3373.0,,3373.0,,3373.0,,3373.0,,3373.0,,1050.0,,1050.0,,1050.0,,1050.0,,1050.0,,1050.0,
NIT,"Sardar Vallabhbhai National Institute of Technology, Surat","Artificial Intelligence (5 Years, Integrated B. Tech. and M. Tech.)",OS,Female-only (including Supernumerary),17523.0,,17523.0,,17523.0,,17523.0,,17956.0,,22432.0,,3183.0,,3183.0,,3183.0,,3183.0,,3183.0,,3185.0,,8960.0,,8960.0,,8960.0,,8960.0,,8960.0,,8960.0,,4238.0,,4238.0,,4238.0,,4238.0,,4238.0,,5442.0,,1711.0,,1711.0,,1711.0,,1711.0,,1711.0,,1711.0,
NIT,"Sardar Vallabhbhai National Institute of Technology, Surat","Artificial Intelligence (5 Years, Integrated B. Tech. and M. Tech.)",OS,Gender-Neutral,10823.0,473.0,11674.0,473.0,11674.0,473.0,11674.0,473.0,11690.0,473.0,12251.0,473.0,1568.0,,1897.0,,1897.0,,1897.0,,1897.0,,1922.0,,4478.0,,4969.0,,4969.0,,4969.0,,4969.0,,4969.0,,2687.0,164.0,2745.0,164.0,2745.0,164.0,2745.0,164.0,2745.0,164.0,2745.0,164.0,1074.0,,1074.0,,1074.0,,1074.0,,1074.0,,1074.0,
NIT,"Sardar Vallabhbhai National Institute of Technology, Surat","Chemical Engineering (4 Years, Bachelor of Technology)",HS,Female-only (including Supernumerary),47408.0,,51032.0,,54848.0,,54848.0,,54848.0,,54848.0,,7444.0,,7444.0,,8221.0,,10510.0,,10510.0,,10510.0,,30284.0,,30284.0,,30284.0,,30284.0,,30284.0,,30284.0,,11418.0,,16063.0,,16063.0,,16063.0,,16063.0,,16063.0,,7129.0,,7129.0,,7129.0,,7129.0,,7129.0,,7129.0,
NIT,"Sardar Vallabhbhai National Institute of Technology, Surat","Chemical Engineering (4 Years, Bachelor of Technology)",HS,Gender-Neutral,36577.0,,40227.0,,40279.0,,40279.0,,40279.0,,42569.0,,5595.0,,6044.0,,6161.0,,6161.0,,6161.0,,6686.0,,16905.0,,20410.0,,20993.0,,20993.0,,20993.0,,21222.0,,7519.0,,11037.0,,11691.0,,11691.0,,11691.0,,11691.0,,3079.0,,3359.0,,3359.0,,3359.0,,3359.0,,3359.0,
NIT,"Sardar Vallabhbhai National Institute of Technology, Surat","Chemical Engineering (4 Years, Bachelor of Technology)",OS,Female-only (including Supernumerary),36209.0,2184.0,38755.0,2184.0,38755.0,2184.0,38755.0,2184.0,38755.0,2184.0,38755.0,2184.0,5683.0,,6888.0,,6888.0,,6888.0,,6888.0,,6888.0,,17056.0,,17522.0,,17522.0,,17522.0,,17522.0,,18619.0,,7675.0,,8789.0,,8789.0,,8789.0,,8789.0,,8789.0,,3240.0,,3459.0,,3770.0,,3770.0,,3770.0,,3770.0,
NIT,"Sardar Vallabhbhai National Institute of Technology, Surat","Chemical Engineering (4 Years, Bachelor of Technology)",OS,Gender-Neutral,29242.0,1501.0,31590.0,1501.0,31982.0,1501.0,32228.0,1501.0,32865.0,1501.0,36111.0,1501.0,4354.0,210.0,4750.0,210.0,4995.0,210.0,4995.0,210.0,4995.0,210.0,5349.0,210.0,9868.0,,10705.0,,10705.0,,10705.0,,10705.0,,11343.0,,5761.0,,6080.0,,6109.0,,6109.0,,6109.0,,6327.0,,2528.0,,2627.0,,2627.0,,2627.0,,2627.0,,2627.0,
NIT,"Sardar Vallabhbhai National Institute of Technology, Surat","Chemistry (5 Years, Integrated Master of Science)",HS,Gender-Neutral,63257.0,,70256.0,,73510.0,,74738.0,,76176.0,,81657.0,,11042.0,,12000.0,,12282.0,,12282.0,,12298.0,,13548.0,,33572.0,,37646.0,,43009.0,,45138.0,,46430.0,,47618.0,,15177.0,,19211.0,,19448.0,,19448.0,,19448.0,,19448.0,,5167.0,,5772.0,,6677.0,,7802.0,,7802.0,,7802.0,
NIT,"Sardar Vallabhbhai National Institute of Technology, Surat","Chemistry (5 Years, Integrated Master of Science)",OS,Gender-Neutral,47636.0,,50235.0,,50235.0,,50235.0,,50995.0,,53932.0,,7298.0,366.0,7533.0,,7533.0,,7533.0,,7533.0,,8071.0,,17289.0,1514.0,17811.0,1551.0,18004.0,,18150.0,,18683.0,,19512.0,,8629.0,,9070.0,,9141.0,,9141.0,,9318.0,,9475.0,,3405.0,,3485.0,,3485.0,,3485.0,,3561.0,,3561.0,
NIT,"Sardar Vallabhbhai National Institute of Technology, Surat","Civil Engineering (4 Years, Bachelor of Technology)",HS,Female-only (including Supernumerary),53037.0,,59633.0,,59633.0,,59633.0,,62640.0,,66993.0,,9162.0,,10510.0,,10510.0,,10845.0,,11151.0,,11282.0,,37234.0,,37904.0,,38063.0,,38063.0,,38063.0,,38485.0,,10396.0,,10396.0,,10396.0,,10396.0,,10396.0,,10396.0,,2767.0,,2767.0,,2767.0,,2767.0,,2767.0,,2767.0,
NIT,"Sardar Vallabhbhai National Institute of Technology, Surat","Civil Engineering (4 Years, Bachelor of Technology)",HS,Gender-Neutral,42193.0,,46111.0,,46400.0,,46400.0,,46400.0,,50289.0,,7088.0,,7862.0,,7862.0,,7862.0,,7862.0,,8488.0,,19507.0,,23222.0,,25418.0,,25683.0,,25683.0,,26312.0,,9326.0,,12469.0,,12516.0,,12516.0,,12516.0,,12516.0,,2440.0,,2568.0,,2568.0,,2568.0,,2568.0,,2568.0,
NIT,"Sardar Vallabhbhai National Institute of Technology, Surat","Civil Engineering (4 Years, Bachelor of Technology)",OS,Female-only (including Supernumerary),47332.0,,49430.0,,50993.0,,52562.0,,53180.0,,53663.0,,6910.0,,6910.0,,7917.0,,7917.0,,7917.0,,7917.0,,17522.0,,19920.0,,20032.0,,20032.0,,20032.0,,21462.0,,7794.0,,8380.0,,8380.0,,8380.0,,8380.0,,8380.0,,2345.0,,2354.0,,2354.0,,2354.0,,2354.0,,2354.0,
NIT,"Sardar Vallabhbhai National Institute of Technology, Surat","Civil Engineering (4 Years, Bachelor of Technology)",OS,Gender-Neutral,36274.0,1526.0,39260.0,1577.0,39717.0,1577.0,39717.0,1577.0,39725.0,1577.0,41558.0,1577.0,5392.0,,5827.0,,5880.0,,5880.0,,5880.0,,6100.0,,11615.0,659.0,12136.0,740.0,12146.0,740.0,12146.0,740.0,12146.0,740.0,12715.0,740.0,5813.0,,6398.0,,6548.0,,6548.0,,6548.0,,6599.0,,1437.0,46.0,1527.0,,1527.0,,1527.0,,1527.0,,1527.0,
NIT,"Sardar Vallabhbhai National Institute of Technology, Surat","Computer Science and Engineering (4 Years, Bachelor of Technology)",HS,Female-only (including Supernumerary),10177.0,,10416.0,,10416.0,,10416.0,,10416.0,,10626.0,,1283.0,,1785.0,,1785.0,,1785.0,,1785.0,,1969.0,,7107.0,618.0,8392.0,618.0,8392.0,618.0,8392.0,618.0,8392.0,618.0,8392.0,618.0,1446.0,,2475.0,,2475.0,,2475.0,,2475.0,,2475.0,,1635.0,,1742.0,,1742.0,,1742.0,,1742.0,,1742.0,
NIT,"Sardar Vallabhbhai National Institute of Technology, Surat","Computer Science and Engineering (4 Years, Bachelor of Technology)",HS,Gender-Neutral,7470.0,223.0,7528.0,223.0,7582.0,223.0,7582.0,223.0,7582.0,223.0,8105.0,223.0,965.0,,1203.0,,1278.0,,1278.0,,1278.0,,1611.0,,3201.0,172.0,3439.0,172.0,3439.0,172.0,3439.0,172.0,3459.0,172.0,3459.0,172.0,1331.0,,1331.0,,1331.0,,1331.0,,1331.0,,1511.0,,492.0,,492.0,,492.0,,492.0,,492.0,,492.0,
NIT,"Sardar Vallabhbhai National Institute of Technology, Surat","Computer Science and Engineering (4 Years, Bachelor of Technology)",OS,Female-only (including Supernumerary),13768.0,,14644.0,,14644.0,,14644.0,,14644.0,,14644.0,,2052.0,,2052.0,,2052.0,,2052.0,,2052.0,,2052.0,,5629.0,,6707.0,,6707.0,,6707.0,,6707.0,,6915.0,,2650.0,,2650.0,,2650.0,,2650.0,,2650.0,,2911.0,,947.0,,947.0,,947.0,,947.0,,947.0,,947.0,
NIT,"Sardar Vallabhbhai National Institute of Technology, Surat","Computer Science and Engineering (4 Years, Bachelor of Technology)",OS,Gender-Neutral,7203.0,163.0,7327.0,163.0,7490.0,163.0,7490.0,163.0,7664.0,163.0,8130.0,163.0,1051.0,,1091.0,,1091.0,,1091.0,,1146.0,,1170.0,,2599.0,,2856.0,,2856.0,,2856.0,,2957.0,,3087.0,,1540.0,66.0,1639.0,66.0,1639.0,66.0,1639.0,66.0,1639.0,66.0,1668.0,66.0,594.0,10.0,594.0,57.0,594.0,57.0,594.0,57.0,594.0,57.0,594.0,57.0
NIT,"Sardar Vallabhbhai National Institute of Technology, Surat","Electrical Engineering (4 Years, Bachelor of Technology)",HS,Female-only (including Supernumerary),24209.0,2298.0,30163.0,2298.0,31315.0,2298.0,32097.0,2298.0,32097.0,2298.0,33492.0,2298.0,5278.0,,5278.0,,5278.0,,5278.0,,5278.0,,5435.0,,19686.0,,19686.0,,19686.0,,19686.0,,19686.0,,22574.0,,6189.0,,6189.0,,6189.0,,6189.0,,6189.0,,6189.0,,2902.0,,6551.0,,7057.0,,7057.0,,7057.0,,7057.0,
NIT,"Sardar Vallabhbhai National Institute of Technology, Surat","Electrical Engineering (4 Years, Bachelor of Technology)",HS,Gender-Neutral,20074.0,,20527.0,,20527.0,,20527.0,,20726.0,,23449.0,,3261.0,,3261.0,,3399.0,,3399.0,,3399.0,,3790.0,,10823.0,,12985.0,,13098.0,,13098.0,,13098.0,,13543.0,,4789.0,,5321.0,,5321.0,,5321.0,,5321.0,,5321.0,,1822.0,,1822.0,,1822.0,,1822.0,,1822.0,,1822.0,
NIT,"Sardar Vallabhbhai National Institute of Technology, Surat","Electrical Engineering (4 Years, Bachelor of Technology)",OS,Female-only (including Supernumerary),25252.0,,27102.0,,27102.0,,27102.0,,28229.0,,29064.0,,3869.0,,3983.0,,3983.0,,3983.0,,3983.0,,4090.0,,11783.0,,12022.0,,12022.0,,12022.0,,12022.0,,12022.0,,5429.0,,5738.0,,5738.0,,5738.0,,5738.0,,5832.0,,1600.0,,2176.0,,2176.0,,2176.0,,2176.0,,2176.0,
NIT,"Sardar Vallabhbhai National Institute of Technology, Surat","Electrical Engineering (4 Years, Bachelor of Technology)",OS,Gender-Neutral,16883.0,1086.0,17322.0,1287.0,17322.0,1287.0,17322.0,1287.0,17496.0,1287.0,19406.0,1287.0,2527.0,,2691.0,,2691.0,,2691.0,,2691.0,,3168.0,,6202.0,521.0,6464.0,611.0,6465.0,611.0,6465.0,611.0,6511.0,611.0,6776.0,611.0,3495.0,,3700.0,,3775.0,,3775.0,,3775.0,,3983.0,,1458.0,,1495.0,,1495.0,,1495.0,,1495.0,,1495.0,
NIT,"Sardar Vallabhbhai National Institute of Technology, Surat","Electronics and Communication Engineering (4 Years, Bachelor of Technology)",HS,Female-only (including Supernumerary),20733.0,,22662.0,,22662.0,,22662.0,,22662.0,,23039.0,,2988.0,,3643.0,,3643.0,,3643.0,,3643.0,,3643.0,,14590.0,,15123.0,,15123.0,,15123.0,,15123.0,,15123.0,,4563.0,,4563.0,,4563.0,,4563.0,,4563.0,,4563.0,,1742.0,,2023.0,,2023.0,,2023.0,,2023.0,,2023.0,
NIT,"Sardar Vallabhbhai National Institute of Technology, Surat","Electronics and Communication Engineering (4 Years, Bachelor of Technology)",HS,Gender-Neutral,13453.0,366.0,14010.0,366.0,14101.0,366.0,14101.0,366.0,14261.0,366.0,15005.0,366.0,2037.0,,2037.0,,2037.0,,2037.0,,2183.0,,2195.0,,6030.0,,7207.0,,7385.0,,7385.0,,7385.0,,7470.0,,3221.0,,3221.0,,3221.0,,3221.0,,3221.0,,3522.0,,1756.0,,1756.0,,1756.0,,1756.0,,1756.0,,1756.0,
NIT,"Sardar Vallabhbhai National Institute of Technology, Surat","Electronics and Communication Engineering (4 Years, Bachelor of Technology)",OS,Female-only (including Supernumerary),18940.0,842.0,20128.0,842.0,20128.0,842.0,20128.0,842.0,20664.0,842.0,20713.0,842.0,2979.0,,2979.0,,2979.0,,2979.0,,2979.0,,2979.0,,8661.0,,8936.0,,8936.0,,8936.0,,8936.0,,8936.0,,4415.0,,4919.0,,4919.0,,4919.0,,4919.0,,4919.0,,1384.0,,1600.0,,1600.0,,1600.0,,1600.0,,1600.0,
NIT,"Sardar Vallabhbhai National Institute of Technology, Surat","Electronics and Communication Engineering (4 Years, Bachelor of Technology)",OS,Gender-Neutral,11872.0,523.0,12355.0,525.0,12355.0,525.0,12355.0,525.0,12355.0,525.0,14086.0,668.0,1709.0,,1819.0,,1819.0,,1819.0,,1819.0,,2055.0,,4719.0,204.0,4920.0,263.0,4944.0,263.0,4944.0,263.0,4944.0,263.0,5127.0,439.0,2749.0,173.0,2946.0,235.0,2946.0,235.0,2946.0,235.0,2968.0,235.0,2990.0,235.0,1264.0,,1355.0,,1366.0,,1366.0,,1366.0,,1366.0,
NIT,"Sardar Vallabhbhai National Institute of Technology, Surat","Electronics and VLSI Engineering (4 Years, Bachelor of Technology)",HS,Female-only (including Supernumerary),22662.0,,23151.0,,23151.0,,23151.0,,23151.0,,23151.0,,4132.0,,4132.0,,4132.0,,4132.0,,4132.0,,4132.0,,14908.0,,14908.0,,14908.0,,14908.0,,14908.0,,14908.0,,4073.0,,4073.0,,4073.0,,4073.0,,4073.0,,4073.0,,2429.0,,2429.0,,2429.0,,2429.0,,2429.0,,2429.0,
NIT,"Sardar Vallabhbhai National Institute of Technology, Surat","Electronics and VLSI Engineering (4 Years, Bachelor of Technology)",HS,Gender-Neutral,15097.0,,15767.0,,15767.0,,15767.0,,15767.0,,17199.0,,2169.0,,2530.0,,2530.0,,2530.0,,2554.0,,2554.0,,7862.0,,8770.0,,8965.0,,8965.0,,8965.0,,9047.0,,3838.0,,3854.0,,3854.0,,3854.0,,3854.0,,3854.0,,1630.0,,1630.0,,1630.0,,1630.0,,1630.0,,1630.0,
NIT,"Sardar Vallabhbhai National Institute of Technology, Surat","Electronics and VLSI Engineering (4 Years, Bachelor of Technology)",OS,Female-only (including Supernumerary),22915.0,,22915.0,,22915.0,,22915.0,,22915.0,,23981.0,,,,,,,,,,,,,,9986.0,1089.0,9986.0,1089.0,9986.0,1089.0,9986.0,1089.0,9986.0,1089.0,9986.0,1089.0,3642.0,,3642.0,,3642.0,,3642.0,,3642.0,,3642.0,,2073.0,,2275.0,,2275.0,,2275.0,,2275.0,,3035.0,
NIT,"Sardar Vallabhbhai National Institute of Technology, Surat","Electronics and VLSI Engineering (4 Years, Bachelor of Technology)",OS,Gender-Neutral,14064.0,,14359.0,,14359.0,,14359.0,,14359.0,,15467.0,,2163.0,,2163.0,,2163.0,,2163.0,,2163.0,,2442.0,,5374.0,,5610.0,,5689.0,,5689.0,,5689.0,,5689.0,,3201.0,,3377.0,,3406.0,,3406.0,,3406.0,,3442.0,,1182.0,,1286.0,,1468.0,,1468.0,,1489.0,,1489.0,
NIT,"Sardar Vallabhbhai National Institute of Technology, Surat","Engineering Physics (4 Years, Bachelor of Technology)",HS,Female-only (including Supernumerary),25649.0,,25649.0,,25649.0,,25649.0,,25649.0,,47408.0,,,,,,,,,,,,,,29370.0,,29370.0,,29370.0,,29370.0,,29370.0,,29370.0,,11843.0,,11843.0,,11843.0,,11843.0,,11843.0,,11843.0,,,,,,,,,,,,,
NIT,"Sardar Vallabhbhai National Institute of Technology, Surat","Engineering Physics (4 Years, Bachelor of Technology)",HS,Gender-Neutral,34332.0,,42028.0,,42237.0,,42237.0,,42237.0,,45221.0,,5800.0,,7355.0,,7355.0,,7355.0,,7355.0,,7355.0,,17976.0,,17976.0,,17976.0,,17976.0,,21113.0,,21806.0,,5092.0,,13365.0,,13365.0,,13365.0,,13365.0,,13365.0,,2589.0,,2589.0,,2589.0,,2589.0,,2589.0,,2589.0,
NIT,"Sardar Vallabhbhai National Institute of Technology, Surat","Engineering Physics (4 Years, Bachelor of Technology)",OS,Female-only (including Supernumerary),29096.0,,29096.0,,29096.0,,29096.0,,29096.0,,29096.0,,,,,,,,,,,,,,14231.0,,14231.0,,14231.0,,14231.0,,19082.0,,19082.0,,7619.0,,8025.0,,8025.0,,8025.0,,8025.0,,8025.0,,,,,,,,,,,,,
NIT,"Sardar Vallabhbhai National Institute of Technology, Surat","Engineering Physics (4 Years, Bachelor of Technology)",OS,Gender-Neutral,18080.0,2141.0,23206.0,2141.0,23206.0,2141.0,23206.0,2141.0,23206.0,2141.0,23713.0,2141.0,4098.0,,4430.0,,4430.0,,4430.0,,4430.0,,4664.0,,8276.0,,10149.0,,10149.0,,10149.0,,10149.0,,10149.0,,5002.0,,5235.0,,5235.0,,5235.0,,5235.0,,5721.0,,2633.0,,2713.0,,2713.0,,2713.0,,2713.0,,2713.0,
NIT,"Sardar Vallabhbhai National Institute of Technology, Surat","Industrial Chemistry (4 Years, Bachelor of Technology)",HS,Female-only (including Supernumerary),55653.0,,55653.0,,55653.0,,55653.0,,55653.0,,55653.0,,,,,,,,,,,,,,33172.0,,33172.0,,33172.0,,33172.0,,33172.0,,33172.0,,16416.0,,16416.0,,16416.0,,16416.0,,16416.0,,16416.0,,,,,,,,,,,,,
NIT,"Sardar Vallabhbhai National Institute of Technology, Surat","Industrial Chemistry (4 Years, Bachelor of Technology)",HS,Gender-Neutral,45494.0,,50619.0,,51325.0,,51325.0,,51325.0,,55833.0,,7195.0,,7850.0,,7900.0,,8186.0,,8186.0,,8551.0,,23970.0,,25684.0,,27100.0,,27100.0,,27100.0,,28713.0,,10665.0,,11691.0,,12469.0,,12469.0,,12469.0,,12469.0,,3411.0,,3411.0,,3411.0,,3411.0,,3411.0,,3411.0,
NIT,"Sardar Vallabhbhai National Institute of Technology, Surat","Industrial Chemistry (4 Years, Bachelor of Technology)",OS,Female-only (including Supernumerary),47430.0,,50357.0,,50357.0,,50357.0,,50357.0,,52768.0,,,,,,,,,,,,,,20293.0,,20801.0,,20801.0,,20801.0,,20801.0,,20801.0,,9196.0,,9580.0,,9580.0,,9580.0,,9580.0,,9580.0,,,,,,,,,,,,,
NIT,"Sardar Vallabhbhai National Institute of Technology, Surat","Industrial Chemistry (4 Years, Bachelor of Technology)",OS,Gender-Neutral,39630.0,,42544.0,,42544.0,,42544.0,,42544.0,,45676.0,,5759.0,,6378.0,,6378.0,,6378.0,,6378.0,,6749.0,,13923.0,970.0,15075.0,1113.0,15325.0,1113.0,15325.0,1113.0,15325.0,1113.0,15325.0,1113.0,6247.0,,6708.0,,6708.0,,6708.0,,6708.0,,6708.0,,2942.0,,3120.0,,3120.0,,3120.0,,3120.0,,3120.0,
NIT,"Sardar Vallabhbhai National Institute of Technology, Surat","Mathematics (5 Years, Integrated Master of Science)",HS,Gender-Neutral,48979.0,2131.0,56932.0,2131.0,63728.0,2131.0,65486.0,2131.0,69435.0,2131.0,71752.0,2131.0,8466.0,,10845.0,,11042.0,,11522.0,,12178.0,,13050.0,,30326.0,,35049.0,,41192.0,,44716.0,,44716.0,,44716.0,,14624.0,,16570.0,,17167.0,,17828.0,,17828.0,,17828.0,,5895.0,,7145.0,,7145.0,,7145.0,,7145.0,,7145.0,
NIT,"Sardar Vallabhbhai National Institute of Technology, Surat","Mathematics (5 Years, Integrated Master of Science)",OS,Gender-Neutral,38062.0,,39879.0,,39972.0,,39972.0,,39972.0,,41929.0,,7077.0,,7363.0,,7398.0,,7398.0,,7398.0,,7398.0,,13892.0,1341.0,15440.0,1525.0,16194.0,1525.0,16836.0,1525.0,16836.0,1525.0,17231.0,1525.0,7250.0,,7250.0,,7250.0,,8427.0,,8427.0,,8427.0,,3084.0,,3369.0,,3369.0,,3369.0,,3369.0,,3369.0,
NIT,"Sardar Vallabhbhai National Institute of Technology, Surat","Mathematics and Computing (4 Years, Bachelor of Technology)",HS,Female-only (including Supernumerary),2253.0,,2253.0,,2253.0,,2253.0,,10943.0,,10943.0,,,,,,,,,,,,,,8469.0,,8469.0,,8469.0,,8469.0,,8469.0,,12472.0,,3926.0,,3926.0,,3926.0,,3926.0,,3926.0,,3926.0,,,,,,,,,,,,,
NIT,"Sardar Vallabhbhai National Institute of Technology, Surat","Mathematics and Computing (4 Years, Bachelor of Technology)",HS,Gender-Neutral,8902.0,302.0,9506.0,374.0,9506.0,582.0,9506.0,582.0,9506.0,582.0,10331.0,1184.0,1302.0,,1732.0,,1732.0,,1732.0,,1732.0,,1785.0,,4645.0,,4645.0,,4645.0,,4645.0,,4906.0,,4906.0,,2098.0,,2098.0,,2098.0,,2098.0,,2098.0,,2098.0,,742.0,,742.0,,742.0,,742.0,,742.0,,742.0,
NIT,"Sardar Vallabhbhai National Institute of Technology, Surat","Mathematics and Computing (4 Years, Bachelor of Technology)",OS,Female-only (including Supernumerary),15747.0,,16719.0,,16719.0,,16719.0,,16719.0,,17956.0,,,,,,,,,,,,,,8259.0,,8259.0,,8259.0,,8259.0,,8259.0,,8259.0,,3151.0,,4027.0,,4027.0,,4027.0,,4027.0,,4027.0,,,,,,,,,,,,,
NIT,"Sardar Vallabhbhai National Institute of Technology, Surat","Mathematics and Computing (4 Years, Bachelor of Technology)",OS,Gender-Neutral,9145.0,,9683.0,,9683.0,,9683.0,,10088.0,,10306.0,,1286.0,,1286.0,,1286.0,,1286.0,,1286.0,,1549.0,,3692.0,,4010.0,,4010.0,,4010.0,,4010.0,,4010.0,,2519.0,,2523.0,,2523.0,,2523.0,,2523.0,,2523.0,,728.0,,728.0,,728.0,,728.0,,728.0,,728.0,
NIT,"Sardar Vallabhbhai National Institute of Technology, Surat","Mechanical Engineering (4 Years, Bachelor of Technology)",HS,Female-only (including Supernumerary),43645.0,,47408.0,,47408.0,,47408.0,,47408.0,,51521.0,,8185.0,,8185.0,,8185.0,,8185.0,,8185.0,,8185.0,,40136.0,,44132.0,,48839.0,,48839.0,,48839.0,,48839.0,,13328.0,,14228.0,,16570.0,,16570.0,,16570.0,,16570.0,,7290.0,,6237.0,,7486.0,,7647.0,,7647.0,,7647.0,
NIT,"Sardar Vallabhbhai National Institute of Technology, Surat","Mechanical Engineering (4 Years, Bachelor of Technology)",HS,Gender-Neutral,29083.0,959.0,30645.0,,30645.0,,30645.0,,30932.0,,34584.0,,4696.0,,5482.0,,5482.0,,5482.0,,5482.0,,6051.0,,15991.0,,18558.0,,19417.0,,19417.0,,19417.0,,19695.0,,8746.0,,10665.0,,10665.0,,10665.0,,10665.0,,10665.0,,2386.0,,2940.0,,2940.0,,2940.0,,2940.0,,2940.0,
NIT,"Sardar Vallabhbhai National Institute of Technology, Surat","Mechanical Engineering (4 Years, Bachelor of Technology)",OS,Female-only (including Supernumerary),38836.0,1500.0,42199.0,1500.0,43103.0,1500.0,43103.0,1500.0,43103.0,1500.0,45042.0,1500.0,5784.0,,6444.0,,6444.0,,6444.0,,6444.0,,6444.0,,16025.0,678.0,17913.0,678.0,17913.0,678.0,17913.0,678.0,18042.0,678.0,18124.0,678.0,6832.0,,7675.0,,7675.0,,7675.0,,7675.0,,7675.0,,2629.0,,3035.0,,3035.0,,3035.0,,3035.0,,3544.0,
NIT,"Sardar Vallabhbhai National Institute of Technology, Surat","Mechanical Engineering (4 Years, Bachelor of Technology)",OS,Gender-Neutral,22917.0,1024.0,24207.0,1278.0,24223.0,1278.0,24223.0,1278.0,24466.0,1278.0,27882.0,1278.0,3730.0,209.0,3924.0,209.0,3924.0,209.0,3924.0,209.0,3924.0,209.0,4119.0,209.0,8500.0,487.0,9186.0,814.0,9218.0,814.0,9228.0,814.0,9299.0,814.0,9757.0,814.0,4915.0,,5495.0,,5497.0,,5497.0,,5497.0,,5569.0,,1954.0,,2071.0,,2079.0,,2079.0,,2090.0,,2184.0,
NIT,"Sardar Vallabhbhai National Institute of Technology, Surat","Physics (5 Years, Integrated Master of Science)",HS,Gender-Neutral,52501.0,,62951.0,,63257.0,,63257.0,,65486.0,,65486.0,,7862.0,,9808.0,,10538.0,,11778.0,,12282.0,,12282.0,,32177.0,,35059.0,,40615.0,,42105.0,,42105.0,,43316.0,,14408.0,,15652.0,,16768.0,,16768.0,,16768.0,,16768.0,,5499.0,,5895.0,,5895.0,,7069.0,,8035.0,,8035.0,
NIT,"Sardar Vallabhbhai National Institute of Technology, Surat","Physics (5 Years, Integrated Master of Science)",OS,Gender-Neutral,37895.0,2372.0,41212.0,3257.0,41977.0,3257.0,41977.0,3257.0,41977.0,3257.0,44792.0,3257.0,5631.0,,7310.0,,7310.0,,7310.0,,7310.0,,7915.0,,13999.0,,16792.0,,16792.0,,16792.0,,16792.0,,17360.0,,7604.0,,7977.0,,8549.0,,8653.0,,8653.0,,8800.0,,3369.0,,3561.0,,3561.0,,3561.0,,3615.0,,3615.0,
NIT,"Visvesvaraya National Institute of Technology, Nagpur","Architecture (5 Years, Bachelor of Architecture)",HS,Female-only (including Supernumerary),46.0,,46.0,,46.0,,46.0,,46.0,,46.0,,129.0,,129.0,,129.0,,129.0,,129.0,,129.0,,289.0,,454.0,,454.0,,454.0,,454.0,,454.0,,157.0,,169.0,,169.0,,169.0,,169.0,,169.0,,,,,,,,,,,,,
NIT,"Visvesvaraya National Institute of Technology, Nagpur","Architecture (5 Years, Bachelor of Architecture)",HS,Gender-Neutral,398.0,126.0,505.0,,505.0,,505.0,,505.0,,505.0,,171.0,,308.0,,308.0,,308.0,,308.0,,308.0,,397.0,,634.0,,677.0,,730.0,,737.0,,780.0,,169.0,,281.0,,292.0,,292.0,,296.0,,296.0,,263.0,,339.0,,339.0,,339.0,,339.0,,339.0,
NIT,"Visvesvaraya National Institute of Technology, Nagpur","Architecture (5 Years, Bachelor of Architecture)",OS,Female-only (including Supernumerary),549.0,,549.0,,551.0,,551.0,,551.0,,555.0,,166.0,,238.0,,350.0,,350.0,,350.0,,363.0,,175.0,,337.0,,337.0,,337.0,,337.0,,337.0,,168.0,,168.0,,168.0,,168.0,,168.0,,168.0,,,,,,,,,,,,,
NIT,"Visvesvaraya National Institute of Technology, Nagpur","Architecture (5 Years, Bachelor of Architecture)",OS,Gender-Neutral,617.0,181.0,707.0,184.0,709.0,184.0,709.0,184.0,709.0,184.0,715.0,184.0,187.0,,278.0,,306.0,,306.0,,306.0,,389.0,,315.0,87.0,395.0,87.0,405.0,87.0,405.0,87.0,405.0,87.0,417.0,87.0,183.0,,220.0,,220.0,,220.0,,220.0,,220.0,,69.0,,100.0,,100.0,,100.0,,100.0,,100.0,
NIT,"Visvesvaraya National Institute of Technology, Nagpur","Chemical Engineering (4 Years, Bachelor of Technology)",HS,Female-only (including Supernumerary),38926.0,,40518.0,,40518.0,,41663.0,,41715.0,,44388.0,,5875.0,,5875.0,,5875.0,,5875.0,,5875.0,,8054.0,,14540.0,,16192.0,,16192.0,,16192.0,,16726.0,,16726.0,,6500.0,,6500.0,,6500.0,,6500.0,,6500.0,,6772.0,,3876.0,,3876.0,,3876.0,,3876.0,,3876.0,,3876.0,
NIT,"Visvesvaraya National Institute of Technology, Nagpur","Chemical Engineering (4 Years, Bachelor of Technology)",HS,Gender-Neutral,26516.0,476.0,27723.0,476.0,27822.0,476.0,27945.0,476.0,28078.0,476.0,31613.0,476.0,4368.0,,4897.0,,4897.0,,4897.0,,4897.0,,4975.0,,9469.0,342.0,11258.0,624.0,11258.0,624.0,11258.0,624.0,11258.0,624.0,12115.0,624.0,5498.0,,5686.0,,5686.0,,5686.0,,5686.0,,5686.0,,2450.0,,2970.0,,2970.0,,2970.0,,2970.0,,2970.0,
NIT,"Visvesvaraya National Institute of Technology, Nagpur","Chemical Engineering (4 Years, Bachelor of Technology)",OS,Female-only (including Supernumerary),38023.0,,39063.0,,39063.0,,39063.0,,39063.0,,41891.0,,5434.0,,5683.0,,5683.0,,5683.0,,5683.0,,7072.0,,13268.0,,13952.0,,13952.0,,13952.0,,13952.0,,15392.0,,6483.0,,6483.0,,6483.0,,6483.0,,6483.0,,6483.0,,2360.0,,2360.0,,2360.0,,2360.0,,2360.0,,2360.0,
NIT,"Visvesvaraya National Institute of Technology, Nagpur","Chemical Engineering (4 Years, Bachelor of Technology)",OS,Gender-Neutral,26875.0,1364.0,28181.0,1364.0,28181.0,1364.0,28222.0,1364.0,28222.0,1364.0,30416.0,1550.0,3967.0,288.0,4060.0,288.0,4060.0,288.0,4060.0,288.0,4060.0,288.0,4387.0,288.0,8995.0,,9358.0,,9363.0,,9370.0,,9370.0,,9723.0,,5285.0,189.0,5531.0,189.0,5648.0,189.0,5648.0,189.0,5648.0,189.0,5648.0,189.0,2117.0,,2290.0,,2290.0,,2290.0,,2290.0,,2290.0,
NIT,"Visvesvaraya National Institute of Technology, Nagpur","Civil Engineering (4 Years, Bachelor of Technology)",HS,Female-only (including Supernumerary),43103.0,,45705.0,,47488.0,,47488.0,,47488.0,,51548.0,,8261.0,,9249.0,,9249.0,,9249.0,,9249.0,,9859.0,,17452.0,,20439.0,,20439.0,,20439.0,,20439.0,,20439.0,,6373.0,,7569.0,,7569.0,,7569.0,,7569.0,,7569.0,,3534.0,,5142.0,,5142.0,,5142.0,,5142.0,,5142.0,
NIT,"Visvesvaraya National Institute of Technology, Nagpur","Civil Engineering (4 Years, Bachelor of Technology)",HS,Gender-Neutral,35305.0,836.0,39005.0,836.0,39005.0,836.0,39005.0,836.0,39158.0,836.0,40998.0,836.0,5089.0,322.0,5812.0,,5812.0,,5812.0,,5812.0,,6130.0,,12081.0,457.0,14135.0,457.0,14135.0,457.0,14135.0,457.0,14337.0,457.0,14770.0,457.0,6067.0,,6221.0,,6221.0,,6221.0,,6221.0,,6221.0,,2279.0,,2279.0,,2279.0,,2279.0,,2279.0,,2279.0,
NIT,"Visvesvaraya National Institute of Technology, Nagpur","Civil Engineering (4 Years, Bachelor of Technology)",OS,Female-only (including Supernumerary),42223.0,,47159.0,,47332.0,,47332.0,,47332.0,,50416.0,,6380.0,,6681.0,,6681.0,,6681.0,,6681.0,,7698.0,,14737.0,,15442.0,,15442.0,,15442.0,,15442.0,,15502.0,,6457.0,,7111.0,,7111.0,,7111.0,,7111.0,,7111.0,,2164.0,,2240.0,,2465.0,,2465.0,,2465.0,,2465.0,
NIT,"Visvesvaraya National Institute of Technology, Nagpur","Civil Engineering (4 Years, Bachelor of Technology)",OS,Gender-Neutral,32228.0,1070.0,35534.0,1172.0,35654.0,1172.0,35654.0,1172.0,35834.0,1172.0,36904.0,1172.0,4871.0,259.0,5177.0,259.0,5177.0,259.0,5177.0,259.0,5177.0,259.0,5428.0,259.0,10439.0,,11227.0,,11285.0,,11285.0,,11307.0,,11879.0,,5471.0,359.0,5731.0,,5731.0,,5731.0,,5731.0,,5744.0,,1268.0,,1415.0,,1415.0,,1415.0,,1415.0,,1415.0,
NIT,"Visvesvaraya National Institute of Technology, Nagpur","Computer Science and Engineering (4 Years, Bachelor of Technology)",HS,Female-only (including Supernumerary),10434.0,,10434.0,,10434.0,,10434.0,,10434.0,,10434.0,,1844.0,,1844.0,,1844.0,,1844.0,,1844.0,,1844.0,,4202.0,,4202.0,,4202.0,,4202.0,,4202.0,,4202.0,,1967.0,,1967.0,,1967.0,,1967.0,,1967.0,,1967.0,,682.0,,682.0,,682.0,,682.0,,682.0,,682.0,
NIT,"Visvesvaraya National Institute of Technology, Nagpur","Computer Science and Engineering (4 Years, Bachelor of Technology)",HS,Gender-Neutral,6150.0,123.0,6747.0,207.0,6747.0,207.0,6747.0,207.0,6747.0,207.0,7203.0,207.0,1212.0,30.0,1212.0,53.0,1212.0,53.0,1212.0,53.0,1212.0,53.0,1351.0,53.0,2161.0,83.0,2385.0,83.0,2385.0,83.0,2385.0,83.0,2385.0,83.0,2725.0,83.0,1218.0,37.0,1476.0,37.0,1476.0,37.0,1476.0,37.0,1476.0,37.0,1638.0,37.0,537.0,,766.0,,766.0,,766.0,,766.0,,766.0,
NIT,"Visvesvaraya National Institute of Technology, Nagpur","Computer Science and Engineering (4 Years, Bachelor of Technology)",OS,Female-only (including Supernumerary),10492.0,,10664.0,,10664.0,,10664.0,,10664.0,,11732.0,,1345.0,,1541.0,,1541.0,,1541.0,,1541.0,,1541.0,,3985.0,,4522.0,,4522.0,,4522.0,,4522.0,,4522.0,,1859.0,,2351.0,,2351.0,,2351.0,,2351.0,,2650.0,,522.0,,522.0,,522.0,,522.0,,522.0,,522.0,
NIT,"Visvesvaraya National Institute of Technology, Nagpur","Computer Science and Engineering (4 Years, Bachelor of Technology)",OS,Gender-Neutral,5809.0,193.0,5935.0,199.0,6013.0,199.0,6013.0,199.0,6085.0,281.0,6359.0,281.0,757.0,,765.0,,765.0,,765.0,,765.0,,779.0,,2102.0,79.0,2218.0,122.0,2218.0,122.0,2218.0,122.0,2228.0,122.0,2318.0,122.0,1302.0,,1307.0,,1307.0,,1307.0,,1307.0,,1376.0,,416.0,,427.0,,427.0,,427.0,,427.0,,427.0,
NIT,"Visvesvaraya National Institute of Technology, Nagpur","Electrical and Electronics Engineering (4 Years, Bachelor of Technology)",HS,Female-only (including Supernumerary),20146.0,,20443.0,,21110.0,,21110.0,,21110.0,,21110.0,,3669.0,,3669.0,,3669.0,,3669.0,,3669.0,,3669.0,,9690.0,,11012.0,,11012.0,,11012.0,,11687.0,,12554.0,,3264.0,,3264.0,,3264.0,,3264.0,,3264.0,,3264.0,,3106.0,,4081.0,,4081.0,,4081.0,,4081.0,,4081.0,
NIT,"Visvesvaraya National Institute of Technology, Nagpur","Electrical and Electronics Engineering (4 Years, Bachelor of Technology)",HS,Gender-Neutral,14358.0,676.0,14618.0,768.0,14703.0,768.0,14703.0,768.0,14703.0,768.0,15641.0,768.0,2509.0,,2496.0,,2637.0,,2637.0,,2637.0,,2722.0,,5166.0,309.0,5564.0,342.0,5564.0,342.0,5564.0,342.0,5623.0,342.0,5871.0,342.0,2861.0,67.0,2990.0,162.0,2990.0,,2990.0,,2990.0,,2995.0,,1785.0,,2070.0,,2070.0,,2070.0,,2070.0,,2070.0,
NIT,"Visvesvaraya National Institute of Technology, Nagpur","Electrical and Electronics Engineering (4 Years, Bachelor of Technology)",OS,Female-only (including Supernumerary),20228.0,,22683.0,,22683.0,,22683.0,,22683.0,,22683.0,,3238.0,,3238.0,,3238.0,,3238.0,,3238.0,,3238.0,,9176.0,,9713.0,,9713.0,,9713.0,,9713.0,,9713.0,,4114.0,,4114.0,,4114.0,,4114.0,,4114.0,,4114.0,,1147.0,,1147.0,,1147.0,,1147.0,,1147.0,,1147.0,
NIT,"Visvesvaraya National Institute of Technology, Nagpur","Electrical and Electronics Engineering (4 Years, Bachelor of Technology)",OS,Gender-Neutral,13127.0,911.0,14035.0,1033.0,14150.0,1033.0,14150.0,1033.0,14150.0,1033.0,15125.0,1033.0,1931.0,159.0,1941.0,198.0,1941.0,198.0,1941.0,198.0,1941.0,198.0,2317.0,198.0,4738.0,405.0,5145.0,439.0,5155.0,439.0,5155.0,439.0,5337.0,439.0,5454.0,516.0,2673.0,138.0,3185.0,138.0,3185.0,138.0,3185.0,138.0,3185.0,138.0,3249.0,138.0,1128.0,,1182.0,,1228.0,,1228.0,,1228.0,,1228.0,
NIT,"Visvesvaraya National Institute of Technology, Nagpur","Electronics and Communication Engineering (4 Years, Bachelor of Technology)",HS,Female-only (including Supernumerary),14609.0,,15374.0,,15374.0,,15374.0,,15374.0,,16263.0,,3489.0,,3489.0,,3489.0,,3489.0,,3489.0,,3489.0,,6933.0,,6933.0,,6933.0,,6933.0,,6933.0,,6933.0,,2972.0,,2972.0,,2972.0,,2972.0,,2972.0,,2972.0,,1655.0,,1655.0,,1655.0,,1655.0,,1655.0,,1655.0,
NIT,"Visvesvaraya National Institute of Technology, Nagpur","Electronics and Communication Engineering (4 Years, Bachelor of Technology)",HS,Gender-Neutral,10301.0,333.0,10309.0,333.0,10309.0,333.0,10309.0,333.0,10612.0,333.0,11176.0,333.0,1578.0,,1578.0,,1578.0,,1578.0,,1578.0,,1872.0,,4063.0,171.0,4300.0,171.0,4377.0,171.0,4377.0,171.0,4450.0,171.0,4703.0,171.0,2283.0,,2528.0,,2528.0,,2528.0,,2528.0,,2531.0,,1185.0,,1185.0,,1185.0,,1185.0,,1185.0,,1185.0,
NIT,"Visvesvaraya National Institute of Technology, Nagpur","Electronics and Communication Engineering (4 Years, Bachelor of Technology)",OS,Female-only (including Supernumerary),15392.0,,15392.0,,15392.0,,15392.0,,15392.0,,16938.0,,2318.0,,2318.0,,2318.0,,2318.0,,2318.0,,2318.0,,6687.0,,6806.0,,6806.0,,6806.0,,6837.0,,7063.0,,3301.0,,3567.0,,3567.0,,3567.0,,3567.0,,3567.0,,943.0,,943.0,,943.0,,943.0,,943.0,,943.0,
NIT,"Visvesvaraya National Institute of Technology, Nagpur","Electronics and Communication Engineering (4 Years, Bachelor of Technology)",OS,Gender-Neutral,9532.0,413.0,9688.0,457.0,9724.0,457.0,9724.0,457.0,9774.0,457.0,10545.0,457.0,1306.0,,1399.0,,1438.0,,1438.0,,1438.0,,1542.0,,3628.0,200.0,3891.0,200.0,3913.0,200.0,3913.0,200.0,3913.0,200.0,4102.0,200.0,1962.0,,2318.0,,2318.0,,2332.0,,2332.0,,2333.0,,851.0,,851.0,,851.0,,851.0,,851.0,,851.0,
NIT,"Visvesvaraya National Institute of Technology, Nagpur","Mechanical Engineering (4 Years, Bachelor of Technology)",HS,Female-only (including Supernumerary),30642.0,,32802.0,,32802.0,,33452.0,,33452.0,,38285.0,,6201.0,,6259.0,,6259.0,,6259.0,,6259.0,,6259.0,,13349.0,,14540.0,,14540.0,,14540.0,,14540.0,,15200.0,,6045.0,,6045.0,,6045.0,,6045.0,,6045.0,,6045.0,,3742.0,,4114.0,,4523.0,,4523.0,,4523.0,,4523.0,
NIT,"Visvesvaraya National Institute of Technology, Nagpur","Mechanical Engineering (4 Years, Bachelor of Technology)",HS,Gender-Neutral,18271.0,864.0,18337.0,864.0,18393.0,864.0,18393.0,864.0,18657.0,864.0,21761.0,864.0,3424.0,,3568.0,,3568.0,,3568.0,,3568.0,,3625.0,,7499.0,567.0,7786.0,567.0,7786.0,567.0,7786.0,567.0,7786.0,567.0,8209.0,567.0,4064.0,,4171.0,,4171.0,,4171.0,,4171.0,,4272.0,,2098.0,,2450.0,,2450.0,,2450.0,,2450.0,,2450.0,
NIT,"Visvesvaraya National Institute of Technology, Nagpur","Mechanical Engineering (4 Years, Bachelor of Technology)",OS,Female-only (including Supernumerary),33595.0,,34148.0,,34949.0,,34949.0,,35771.0,,37866.0,,4931.0,,4931.0,,4931.0,,4931.0,,5202.0,,6082.0,,13276.0,,13476.0,,13476.0,,13476.0,,13476.0,,14118.0,,5911.0,,7058.0,,7058.0,,7058.0,,7058.0,,7058.0,,2093.0,,2093.0,,2093.0,,2093.0,,2093.0,,2093.0,
NIT,"Visvesvaraya National Institute of Technology, Nagpur","Mechanical Engineering (4 Years, Bachelor of Technology)",OS,Gender-Neutral,19357.0,611.0,20809.0,978.0,20809.0,978.0,20809.0,978.0,20809.0,978.0,21612.0,978.0,3085.0,,3085.0,,3149.0,,3149.0,,3149.0,,3460.0,,6885.0,455.0,7356.0,487.0,7356.0,487.0,7356.0,487.0,7356.0,487.0,7554.0,487.0,4091.0,,4321.0,,4321.0,,4321.0,,4321.0,,4321.0,,1339.0,,1398.0,,1398.0,,1398.0,,1398.0,,1525.0,
NIT,"Visvesvaraya National Institute of Technology, Nagpur","Metallurgical and Materials Engineering (4 Years, Bachelor of Technology)",HS,Female-only (including Supernumerary),44388.0,,52019.0,,53642.0,,53642.0,,53642.0,,55035.0,,6802.0,,8054.0,,8054.0,,8054.0,,8054.0,,8257.0,,19563.0,,20457.0,,20825.0,,20825.0,,20984.0,,21343.0,,7569.0,,8430.0,,8430.0,,8430.0,,8430.0,,8430.0,,4820.0,,4820.0,,4820.0,,4820.0,,4820.0,,4820.0,
NIT,"Visvesvaraya National Institute of Technology, Nagpur","Metallurgical and Materials Engineering (4 Years, Bachelor of Technology)",HS,Gender-Neutral,38573.0,2026.0,40870.0,2353.0,41281.0,2353.0,41782.0,2353.0,42590.0,2353.0,44638.0,2353.0,6662.0,,6942.0,,6965.0,,6965.0,,6965.0,,6968.0,,14906.0,,15824.0,,15872.0,,15905.0,,16161.0,,16715.0,,6687.0,,7271.0,,7271.0,,7271.0,,7271.0,,7271.0,,3844.0,,4068.0,,4068.0,,4068.0,,4068.0,,4068.0,
NIT,"Visvesvaraya National Institute of Technology, Nagpur","Metallurgical and Materials Engineering (4 Years, Bachelor of Technology)",OS,Female-only (including Supernumerary),47592.0,,51577.0,,51958.0,,51958.0,,51958.0,,51958.0,,7080.0,,8630.0,,8630.0,,8630.0,,8630.0,,8654.0,,16212.0,,18446.0,,19620.0,,19620.0,,19620.0,,19620.0,,9047.0,,9047.0,,9338.0,,9338.0,,9338.0,,9338.0,,2992.0,,3961.0,,3961.0,,3961.0,,3961.0,,3961.0,
NIT,"Visvesvaraya National Institute of Technology, Nagpur","Metallurgical and Materials Engineering (4 Years, Bachelor of Technology)",OS,Gender-Neutral,36462.0,1279.0,38921.0,1279.0,39247.0,1279.0,39247.0,1279.0,39303.0,1279.0,40413.0,1364.0,5750.0,,5941.0,,5941.0,,5941.0,,5941.0,,5955.0,,12163.0,589.0,13165.0,779.0,13193.0,779.0,13193.0,843.0,13479.0,843.0,14002.0,843.0,6375.0,,6707.0,,6930.0,,6930.0,,6930.0,,7172.0,,2290.0,62.0,2538.0,,2538.0,,2538.0,,2538.0,,2538.0,
NIT,"Visvesvaraya National Institute of Technology, Nagpur","Mining Engineering (4 Years, Bachelor of Technology)",HS,Female-only (including Supernumerary),49801.0,,60505.0,,60505.0,,60505.0,,60505.0,,65589.0,,,,,,,,,,,,,,20457.0,,21343.0,,21343.0,,21343.0,,22198.0,,23498.0,,8430.0,,10456.0,,10456.0,,10456.0,,10456.0,,10456.0,,,,,,,,,,,,,
NIT,"Visvesvaraya National Institute of Technology, Nagpur","Mining Engineering (4 Years, Bachelor of Technology)",HS,Gender-Neutral,44328.0,,46569.0,,47323.0,,48063.0,,48171.0,,49473.0,,6816.0,,6965.0,,6986.0,,6986.0,,7089.0,,7125.0,,15905.0,,16167.0,,16363.0,,16693.0,,16868.0,,17974.0,,6845.0,,7989.0,,7989.0,,7989.0,,7989.0,,7989.0,,4162.0,,4168.0,,4168.0,,4168.0,,4168.0,,4168.0,
NIT,"Visvesvaraya National Institute of Technology, Nagpur","Mining Engineering (4 Years, Bachelor of Technology)",OS,Female-only (including Supernumerary),48378.0,,51765.0,,53331.0,,53331.0,,53331.0,,55436.0,,,,,,,,,,,,,,17103.0,,21114.0,,21804.0,,21804.0,,21804.0,,23350.0,,7111.0,,9338.0,,10614.0,,10614.0,,10614.0,,10614.0,,,,,,,,,,,,,
NIT,"Visvesvaraya National Institute of Technology, Nagpur","Mining Engineering (4 Years, Bachelor of Technology)",OS,Gender-Neutral,39303.0,,41779.0,,42319.0,,42319.0,,42386.0,,45731.0,,5896.0,,6438.0,,6438.0,,6438.0,,6468.0,,6596.0,,12701.0,,14336.0,,14336.0,,14336.0,,14336.0,,14722.0,,6759.0,,6941.0,,7242.0,,7250.0,,7250.0,,7337.0,,2449.0,,2583.0,,2583.0,,2583.0,,2583.0,,2664.0,
