College Name *,Short Name,College Code,College Type *,City *,State *,District,Pincode,Address,Nearest Railway Station,Nearest Bus Stand,Campus Area (Acres),Established Year,Affiliation,Website,Phone,Email,Annual Tuition Fee,Annual Hostel Fee,Annual Mess Fee,Total First Year Fee,Average Package (LPA),Highest Package (LPA),Placement Rate (%),Top Recruiters (comma-separated),NIRF Rank,Facilities (comma-separated)
A J Institute of Medical Sciences & Research Centre,,,Government,Virudhunagar,,,,,"e.g., Guntur Junction","e.g., Guntur Bus Stand","e.g., 25.5","e.g., 2000","e.g., JNTU Kakinada",https://example.com,+91-XXXXXXXXXX,info@college.edu,0,0,0,0,0,0,0,"TCS, Infosys, Wipro",0,
ACPM Medical College,,,Government,Virudhunagar,,,,,"e.g., Guntur Junction","e.g., Guntur Bus Stand","e.g., 25.5","e.g., 2000","e.g., JNTU Kakinada",https://example.com,+91-XXXXXXXXXX,info@college.edu,0,0,0,0,0,0,0,"TCS, Infosys, Wipro",0,
Aarupadai Veedu Medical College,,,Government,Virudhunagar,,,,,"e.g., Guntur Junction","e.g., Guntur Bus Stand","e.g., 25.5","e.g., 2000","e.g., JNTU Kakinada",https://example.com,+91-XXXXXXXXXX,info@college.edu,0,0,0,0,0,0,0,"TCS, Infosys, Wipro",0,
Abhishek I Mishra Memorial Medical College & Research,,,Government,Virudhunagar,,,,,"e.g., Guntur Junction","e.g., Guntur Bus Stand","e.g., 25.5","e.g., 2000","e.g., JNTU Kakinada",https://example.com,+91-XXXXXXXXXX,info@college.edu,0,0,0,0,0,0,0,"TCS, Infosys, Wipro",0,
Acharya Shri Chander College of Medical Sciences,,,Government,Virudhunagar,,,,,"e.g., Guntur Junction","e.g., Guntur Bus Stand","e.g., 25.5","e.g., 2000","e.g., JNTU Kakinada",https://example.com,+91-XXXXXXXXXX,info@college.edu,0,0,0,0,0,0,0,"TCS, Infosys, Wipro",0,
Adesh Institute of Medical Sciences & Research,,,Government,Virudhunagar,,,,,"e.g., Guntur Junction","e.g., Guntur Bus Stand","e.g., 25.5","e.g., 2000","e.g., JNTU Kakinada",https://example.com,+91-XXXXXXXXXX,info@college.edu,0,0,0,0,0,0,0,"TCS, Infosys, Wipro",0,
Adesh Medical College and Hospital,,,Government,Virudhunagar,,,,,"e.g., Guntur Junction","e.g., Guntur Bus Stand","e.g., 25.5","e.g., 2000","e.g., JNTU Kakinada",https://example.com,+91-XXXXXXXXXX,info@college.edu,0,0,0,0,0,0,0,"TCS, Infosys, Wipro",0,
Adichunchanagiri Institute of Medical Sciences Bellur,,,Government,Virudhunagar,,,,,"e.g., Guntur Junction","e.g., Guntur Bus Stand","e.g., 25.5","e.g., 2000","e.g., JNTU Kakinada",https://example.com,+91-XXXXXXXXXX,info@college.edu,0,0,0,0,0,0,0,"TCS, Infosys, Wipro",0,
Agartala Government Medical College,,,Government,Agartala,,,,,"e.g., Guntur Junction","e.g., Guntur Bus Stand","e.g., 25.5","e.g., 2000","e.g., JNTU Kakinada",https://example.com,+91-XXXXXXXXXX,info@college.edu,0,0,0,0,0,0,0,"TCS, Infosys, Wipro",0,
Ajay Sangaal Institute of Medical Sciences and Ayushman Hospital,,,Government,Virudhunagar,,,,,"e.g., Guntur Junction","e.g., Guntur Bus Stand","e.g., 25.5","e.g., 2000","e.g., JNTU Kakinada",https://example.com,+91-XXXXXXXXXX,info@college.edu,0,0,0,0,0,0,0,"TCS, Infosys, Wipro",0,
Akash Institute of Medical Sciences & Research Centre,,,Government,Virudhunagar,,,,,"e.g., Guntur Junction","e.g., Guntur Bus Stand","e.g., 25.5","e.g., 2000","e.g., JNTU Kakinada",https://example.com,+91-XXXXXXXXXX,info@college.edu,0,0,0,0,0,0,0,"TCS, Infosys, Wipro",0,
Al Falah School of Medical Sciences & Research Centre,,,Government,Virudhunagar,,,,,"e.g., Guntur Junction","e.g., Guntur Bus Stand","e.g., 25.5","e.g., 2000","e.g., JNTU Kakinada",https://example.com,+91-XXXXXXXXXX,info@college.edu,0,0,0,0,0,0,0,"TCS, Infosys, Wipro",0,
Al-Ameen Medical College,,,Government,Virudhunagar,,,,,"e.g., Guntur Junction","e.g., Guntur Bus Stand","e.g., 25.5","e.g., 2000","e.g., JNTU Kakinada",https://example.com,+91-XXXXXXXXXX,info@college.edu,0,0,0,0,0,0,0,"TCS, Infosys, Wipro",0,
Al-Azhar Medical College and Super Speciality Hospital,,,Government,Virudhunagar,,,,,"e.g., Guntur Junction","e.g., Guntur Bus Stand","e.g., 25.5","e.g., 2000","e.g., JNTU Kakinada",https://example.com,+91-XXXXXXXXXX,info@college.edu,0,0,0,0,0,0,0,"TCS, Infosys, Wipro",0,
All India Institute of Medical Sciences,,,Government,Virudhunagar,,,,,"e.g., Guntur Junction","e.g., Guntur Bus Stand","e.g., 25.5","e.g., 2000","e.g., JNTU Kakinada",https://example.com,+91-XXXXXXXXXX,info@college.edu,0,0,0,0,0,0,0,"TCS, Infosys, Wipro",0,
Alluri Sitaram Raju Academy of Medical Sciences,,,Government,Virudhunagar,,,,,"e.g., Guntur Junction","e.g., Guntur Bus Stand","e.g., 25.5","e.g., 2000","e.g., JNTU Kakinada",https://example.com,+91-XXXXXXXXXX,info@college.edu,0,0,0,0,0,0,0,"TCS, Infosys, Wipro",0,
Amala Institute of Medical Sciences,,,Government,Virudhunagar,,,,,"e.g., Guntur Junction","e.g., Guntur Bus Stand","e.g., 25.5","e.g., 2000","e.g., JNTU Kakinada",https://example.com,+91-XXXXXXXXXX,info@college.edu,0,0,0,0,0,0,0,"TCS, Infosys, Wipro",0,
Amaltas Institute of Medical Sciences,,,Government,Virudhunagar,,,,,"e.g., Guntur Junction","e.g., Guntur Bus Stand","e.g., 25.5","e.g., 2000","e.g., JNTU Kakinada",https://example.com,+91-XXXXXXXXXX,info@college.edu,0,0,0,0,0,0,0,"TCS, Infosys, Wipro",0,
American International Institute of Medical Sciences,,,Government,Virudhunagar,,,,,"e.g., Guntur Junction","e.g., Guntur Bus Stand","e.g., 25.5","e.g., 2000","e.g., JNTU Kakinada",https://example.com,+91-XXXXXXXXXX,info@college.edu,0,0,0,0,0,0,0,"TCS, Infosys, Wipro",0,
Amrita School of Medicine,,,Government,Virudhunagar,,,,,"e.g., Guntur Junction","e.g., Guntur Bus Stand","e.g., 25.5","e.g., 2000","e.g., JNTU Kakinada",https://example.com,+91-XXXXXXXXXX,info@college.edu,0,0,0,0,0,0,0,"TCS, Infosys, Wipro",0,
Ananta Institute of Medical Sciences & Research Centre,,,Government,Virudhunagar,,,,,"e.g., Guntur Junction","e.g., Guntur Bus Stand","e.g., 25.5","e.g., 2000","e.g., JNTU Kakinada",https://example.com,+91-XXXXXXXXXX,info@college.edu,0,0,0,0,0,0,0,"TCS, Infosys, Wipro",0,
Ananya College of Medicine & Research,,,Government,Virudhunagar,,,,,"e.g., Guntur Junction","e.g., Guntur Bus Stand","e.g., 25.5","e.g., 2000","e.g., JNTU Kakinada",https://example.com,+91-XXXXXXXXXX,info@college.edu,0,0,0,0,0,0,0,"TCS, Infosys, Wipro",0,
Andaman & Nicobar Islands Institute of Medical Sciences,,,Government,Virudhunagar,,,,,"e.g., Guntur Junction","e.g., Guntur Bus Stand","e.g., 25.5","e.g., 2000","e.g., JNTU Kakinada",https://example.com,+91-XXXXXXXXXX,info@college.edu,0,0,0,0,0,0,0,"TCS, Infosys, Wipro",0,
Andhra Medical College,,,Government,Virudhunagar,,,,,"e.g., Guntur Junction","e.g., Guntur Bus Stand","e.g., 25.5","e.g., 2000","e.g., JNTU Kakinada",https://example.com,+91-XXXXXXXXXX,info@college.edu,0,0,0,0,0,0,0,"TCS, Infosys, Wipro",0,
Anna Gowri Medical College and Hospital,,,Government,Virudhunagar,,,,,"e.g., Guntur Junction","e.g., Guntur Bus Stand","e.g., 25.5","e.g., 2000","e.g., JNTU Kakinada",https://example.com,+91-XXXXXXXXXX,info@college.edu,0,0,0,0,0,0,0,"TCS, Infosys, Wipro",0,
Annaii Medical College and Hospital,,,Government,Virudhunagar,,,,,"e.g., Guntur Junction","e.g., Guntur Bus Stand","e.g., 25.5","e.g., 2000","e.g., JNTU Kakinada",https://example.com,+91-XXXXXXXXXX,info@college.edu,0,0,0,0,0,0,0,"TCS, Infosys, Wipro",0,
Annapoorna Medical College & Hospital,,,Government,Virudhunagar,,,,,"e.g., Guntur Junction","e.g., Guntur Bus Stand","e.g., 25.5","e.g., 2000","e.g., JNTU Kakinada",https://example.com,+91-XXXXXXXXXX,info@college.edu,0,0,0,0,0,0,0,"TCS, Infosys, Wipro",0,
Anugrah Narayan Magadh Medical College,,,Government,Virudhunagar,,,,,"e.g., Guntur Junction","e.g., Guntur Bus Stand","e.g., 25.5","e.g., 2000","e.g., JNTU Kakinada",https://example.com,+91-XXXXXXXXXX,info@college.edu,0,0,0,0,0,0,0,"TCS, Infosys, Wipro",0,
Apollo Institute of Medical Sciences and Research,,,Government,Virudhunagar,,,,,"e.g., Guntur Junction","e.g., Guntur Bus Stand","e.g., 25.5","e.g., 2000","e.g., JNTU Kakinada",https://example.com,+91-XXXXXXXXXX,info@college.edu,0,0,0,0,0,0,0,"TCS, Infosys, Wipro",0,
Armed Forces Medical College,,,Government,Virudhunagar,,,,,"e.g., Guntur Junction","e.g., Guntur Bus Stand","e.g., 25.5","e.g., 2000","e.g., JNTU Kakinada",https://example.com,+91-XXXXXXXXXX,info@college.edu,0,0,0,0,0,0,0,"TCS, Infosys, Wipro",0,
Army College of Medical Sciences,,,Government,Virudhunagar,,,,,"e.g., Guntur Junction","e.g., Guntur Bus Stand","e.g., 25.5","e.g., 2000","e.g., JNTU Kakinada",https://example.com,+91-XXXXXXXXXX,info@college.edu,0,0,0,0,0,0,0,"TCS, Infosys, Wipro",0,
Arunai Medical College And Hospital,,,Government,Virudhunagar,,,,,"e.g., Guntur Junction","e.g., Guntur Bus Stand","e.g., 25.5","e.g., 2000","e.g., JNTU Kakinada",https://example.com,+91-XXXXXXXXXX,info@college.edu,0,0,0,0,0,0,0,"TCS, Infosys, Wipro",0,
Arundathi Institute of Medical Sciences,,,Government,Virudhunagar,,,,,"e.g., Guntur Junction","e.g., Guntur Bus Stand","e.g., 25.5","e.g., 2000","e.g., JNTU Kakinada",https://example.com,+91-XXXXXXXXXX,info@college.edu,0,0,0,0,0,0,0,"TCS, Infosys, Wipro",0,
Arya Medical College and Hospital,,,Government,Virudhunagar,,,,,"e.g., Guntur Junction","e.g., Guntur Bus Stand","e.g., 25.5","e.g., 2000","e.g., JNTU Kakinada",https://example.com,+91-XXXXXXXXXX,info@college.edu,0,0,0,0,0,0,0,"TCS, Infosys, Wipro",0,
Ashwini Rural Medical College,,,Government,Virudhunagar,,,,,"e.g., Guntur Junction","e.g., Guntur Bus Stand","e.g., 25.5","e.g., 2000","e.g., JNTU Kakinada",https://example.com,+91-XXXXXXXXXX,info@college.edu,0,0,0,0,0,0,0,"TCS, Infosys, Wipro",0,
Assam Medial College,,,Government,Virudhunagar,,,,,"e.g., Guntur Junction","e.g., Guntur Bus Stand","e.g., 25.5","e.g., 2000","e.g., JNTU Kakinada",https://example.com,+91-XXXXXXXXXX,info@college.edu,0,0,0,0,0,0,0,"TCS, Infosys, Wipro",0,
Atal Bihari Vajpayee Institute of Medical Sciences and Dr. RML Hospital,,,Government,Virudhunagar,,,,,"e.g., Guntur Junction","e.g., Guntur Bus Stand","e.g., 25.5","e.g., 2000","e.g., JNTU Kakinada",https://example.com,+91-XXXXXXXXXX,info@college.edu,0,0,0,0,0,0,0,"TCS, Infosys, Wipro",0,
Autonomous State Medical College,,,Government,Virudhunagar,,,,,"e.g., Guntur Junction","e.g., Guntur Bus Stand","e.g., 25.5","e.g., 2000","e.g., JNTU Kakinada",https://example.com,+91-XXXXXXXXXX,info@college.edu,0,0,0,0,0,0,0,"TCS, Infosys, Wipro",0,
Autonomous State Medical College Society,,,Private,Virudhunagar,,,,,"e.g., Guntur Junction","e.g., Guntur Bus Stand","e.g., 25.5","e.g., 2000","e.g., JNTU Kakinada",https://example.com,+91-XXXXXXXXXX,info@college.edu,0,0,0,0,0,0,0,"TCS, Infosys, Wipro",0,
Autonomous State Medical College Society Ghazipur,,,Private,Virudhunagar,,,,,"e.g., Guntur Junction","e.g., Guntur Bus Stand","e.g., 25.5","e.g., 2000","e.g., JNTU Kakinada",https://example.com,+91-XXXXXXXXXX,info@college.edu,0,0,0,0,0,0,0,"TCS, Infosys, Wipro",0,
Autonomous State Medical College and Hospital Auraiya,,,Government,Virudhunagar,,,,,"e.g., Guntur Junction","e.g., Guntur Bus Stand","e.g., 25.5","e.g., 2000","e.g., JNTU Kakinada",https://example.com,+91-XXXXXXXXXX,info@college.edu,0,0,0,0,0,0,0,"TCS, Infosys, Wipro",0,
Autonomous State Medical College and Hospital Lakhimpuri kheri,,,Government,Virudhunagar,,,,,"e.g., Guntur Junction","e.g., Guntur Bus Stand","e.g., 25.5","e.g., 2000","e.g., JNTU Kakinada",https://example.com,+91-XXXXXXXXXX,info@college.edu,0,0,0,0,0,0,0,"TCS, Infosys, Wipro",0,
Autonomous state medical college Amethi,,,Government,Virudhunagar,,,,,"e.g., Guntur Junction","e.g., Guntur Bus Stand","e.g., 25.5","e.g., 2000","e.g., JNTU Kakinada",https://example.com,+91-XXXXXXXXXX,info@college.edu,0,0,0,0,0,0,0,"TCS, Infosys, Wipro",0,
Ayaan Institute of Medical Sciences,,,Government,Virudhunagar,,,,,"e.g., Guntur Junction","e.g., Guntur Bus Stand","e.g., 25.5","e.g., 2000","e.g., JNTU Kakinada",https://example.com,+91-XXXXXXXXXX,info@college.edu,0,0,0,0,0,0,0,"TCS, Infosys, Wipro",0,
Azeezia Instt of Medical Science,,,Government,Virudhunagar,,,,,"e.g., Guntur Junction","e.g., Guntur Bus Stand","e.g., 25.5","e.g., 2000","e.g., JNTU Kakinada",https://example.com,+91-XXXXXXXXXX,info@college.edu,0,0,0,0,0,0,0,"TCS, Infosys, Wipro",0,
B J Medical College,,,Government,Virudhunagar,,,,,"e.g., Guntur Junction","e.g., Guntur Bus Stand","e.g., 25.5","e.g., 2000","e.g., JNTU Kakinada",https://example.com,+91-XXXXXXXXXX,info@college.edu,0,0,0,0,0,0,0,"TCS, Infosys, Wipro",0,
B. J. Govt. Medical College,,,Government,Virudhunagar,,,,,"e.g., Guntur Junction","e.g., Guntur Bus Stand","e.g., 25.5","e.g., 2000","e.g., JNTU Kakinada",https://example.com,+91-XXXXXXXXXX,info@college.edu,0,0,0,0,0,0,0,"TCS, Infosys, Wipro",0,
B.K.L. Walawalkar Rural Medical College,,,Government,Virudhunagar,,,,,"e.g., Guntur Junction","e.g., Guntur Bus Stand","e.g., 25.5","e.g., 2000","e.g., JNTU Kakinada",https://example.com,+91-XXXXXXXXXX,info@college.edu,0,0,0,0,0,0,0,"TCS, Infosys, Wipro",0,
BGS Global Institute of Medical Sciences,,,Government,Virudhunagar,,,,,"e.g., Guntur Junction","e.g., Guntur Bus Stand","e.g., 25.5","e.g., 2000","e.g., JNTU Kakinada",https://example.com,+91-XXXXXXXXXX,info@college.edu,0,0,0,0,0,0,0,"TCS, Infosys, Wipro",0,
BGS Medical College and Hospital,,,Government,Virudhunagar,,,,,"e.g., Guntur Junction","e.g., Guntur Bus Stand","e.g., 25.5","e.g., 2000","e.g., JNTU Kakinada",https://example.com,+91-XXXXXXXXXX,info@college.edu,0,0,0,0,0,0,0,"TCS, Infosys, Wipro",0,
BPS Government Medical College for Women,,,Government,Virudhunagar,,,,,"e.g., Guntur Junction","e.g., Guntur Bus Stand","e.g., 25.5","e.g., 2000","e.g., JNTU Kakinada",https://example.com,+91-XXXXXXXXXX,info@college.edu,0,0,0,0,0,0,0,"TCS, Infosys, Wipro",0,
BRD Medical College,,,Government,Virudhunagar,,,,,"e.g., Guntur Junction","e.g., Guntur Bus Stand","e.g., 25.5","e.g., 2000","e.g., JNTU Kakinada",https://example.com,+91-XXXXXXXXXX,info@college.edu,0,0,0,0,0,0,0,"TCS, Infosys, Wipro",0,
Baba Kina Ram Autonomous State Medical College and Hospital,,,Government,Virudhunagar,,,,,"e.g., Guntur Junction","e.g., Guntur Bus Stand","e.g., 25.5","e.g., 2000","e.g., JNTU Kakinada",https://example.com,+91-XXXXXXXXXX,info@college.edu,0,0,0,0,0,0,0,"TCS, Infosys, Wipro",0,
Balvir Singh Tomar Institute of Medical Sciences and Research,,,Government,Virudhunagar,,,,,"e.g., Guntur Junction","e.g., Guntur Bus Stand","e.g., 25.5","e.g., 2000","e.g., JNTU Kakinada",https://example.com,+91-XXXXXXXXXX,info@college.edu,0,0,0,0,0,0,0,"TCS, Infosys, Wipro",0,
Banas Medical College and Research Institute,,,Government,Virudhunagar,,,,,"e.g., Guntur Junction","e.g., Guntur Bus Stand","e.g., 25.5","e.g., 2000","e.g., JNTU Kakinada",https://example.com,+91-XXXXXXXXXX,info@college.edu,0,0,0,0,0,0,0,"TCS, Infosys, Wipro",0,
Bangalore Medical College and Research Institute,,,Government,Bangalore,,,,,"e.g., Guntur Junction","e.g., Guntur Bus Stand","e.g., 25.5","e.g., 2000","e.g., JNTU Kakinada",https://example.com,+91-XXXXXXXXXX,info@college.edu,0,0,0,0,0,0,0,"TCS, Infosys, Wipro",0,
Bankura Sammilani Medical College,,,Government,Virudhunagar,,,,,"e.g., Guntur Junction","e.g., Guntur Bus Stand","e.g., 25.5","e.g., 2000","e.g., JNTU Kakinada",https://example.com,+91-XXXXXXXXXX,info@college.edu,0,0,0,0,0,0,0,"TCS, Infosys, Wipro",0,
Barasat Government Medical College & Hospital,,,Government,Virudhunagar,,,,,"e.g., Guntur Junction","e.g., Guntur Bus Stand","e.g., 25.5","e.g., 2000","e.g., JNTU Kakinada",https://example.com,+91-XXXXXXXXXX,info@college.edu,0,0,0,0,0,0,0,"TCS, Infosys, Wipro",0,
Basaveswara Medical College and Hospital,,,Government,Virudhunagar,,,,,"e.g., Guntur Junction","e.g., Guntur Bus Stand","e.g., 25.5","e.g., 2000","e.g., JNTU Kakinada",https://example.com,+91-XXXXXXXXXX,info@college.edu,0,0,0,0,0,0,0,"TCS, Infosys, Wipro",0,
Belagavi Institute of Medical Sciences,,,Government,Belagavi,,,,,"e.g., Guntur Junction","e.g., Guntur Bus Stand","e.g., 25.5","e.g., 2000","e.g., JNTU Kakinada",https://example.com,+91-XXXXXXXXXX,info@college.edu,0,0,0,0,0,0,0,"TCS, Infosys, Wipro",0,
Believers Church Medical College Hospital,,,Government,Virudhunagar,,,,,"e.g., Guntur Junction","e.g., Guntur Bus Stand","e.g., 25.5","e.g., 2000","e.g., JNTU Kakinada",https://example.com,+91-XXXXXXXXXX,info@college.edu,0,0,0,0,0,0,0,"TCS, Infosys, Wipro",0,
Bhaarat Medical College & Hospital,,,Government,Virudhunagar,,,,,"e.g., Guntur Junction","e.g., Guntur Bus Stand","e.g., 25.5","e.g., 2000","e.g., JNTU Kakinada",https://example.com,+91-XXXXXXXXXX,info@college.edu,0,0,0,0,0,0,0,"TCS, Infosys, Wipro",0,
Bhagwan Mahavir Institute of Medical Sciences,,,Government,Virudhunagar,,,,,"e.g., Guntur Junction","e.g., Guntur Bus Stand","e.g., 25.5","e.g., 2000","e.g., JNTU Kakinada",https://example.com,+91-XXXXXXXXXX,info@college.edu,0,0,0,0,0,0,0,"TCS, Infosys, Wipro",0,
Bhagyoday Medical College,,,Government,Virudhunagar,,,,,"e.g., Guntur Junction","e.g., Guntur Bus Stand","e.g., 25.5","e.g., 2000","e.g., JNTU Kakinada",https://example.com,+91-XXXXXXXXXX,info@college.edu,0,0,0,0,0,0,0,"TCS, Infosys, Wipro",0,
Bharati Vidyapeeth Deemed University Medical College & Hospital,,,Private,Virudhunagar,,,,,"e.g., Guntur Junction","e.g., Guntur Bus Stand","e.g., 25.5","e.g., 2000","e.g., JNTU Kakinada",https://example.com,+91-XXXXXXXXXX,info@college.edu,0,0,0,0,0,0,0,"TCS, Infosys, Wipro",0,
Bharati Vidyapeeth University Medical College,,,Government,Virudhunagar,,,,,"e.g., Guntur Junction","e.g., Guntur Bus Stand","e.g., 25.5","e.g., 2000","e.g., JNTU Kakinada",https://example.com,+91-XXXXXXXXXX,info@college.edu,0,0,0,0,0,0,0,"TCS, Infosys, Wipro",0,
Bharatratna Atal Bihari Vajpayee Medical College,,,Government,Virudhunagar,,,,,"e.g., Guntur Junction","e.g., Guntur Bus Stand","e.g., 25.5","e.g., 2000","e.g., JNTU Kakinada",https://example.com,+91-XXXXXXXXXX,info@college.edu,0,0,0,0,0,0,0,"TCS, Infosys, Wipro",0,
Bhaskar Medical College,,,Government,Virudhunagar,,,,,"e.g., Guntur Junction","e.g., Guntur Bus Stand","e.g., 25.5","e.g., 2000","e.g., JNTU Kakinada",https://example.com,+91-XXXXXXXXXX,info@college.edu,0,0,0,0,0,0,0,"TCS, Infosys, Wipro",0,
Bidar Institute of Medical Sciences,,,Government,Virudhunagar,,,,,"e.g., Guntur Junction","e.g., Guntur Bus Stand","e.g., 25.5","e.g., 2000","e.g., JNTU Kakinada",https://example.com,+91-XXXXXXXXXX,info@college.edu,0,0,0,0,0,0,0,"TCS, Infosys, Wipro",0,
Bundelkhand Medical College,,,Government,Virudhunagar,,,,,"e.g., Guntur Junction","e.g., Guntur Bus Stand","e.g., 25.5","e.g., 2000","e.g., JNTU Kakinada",https://example.com,+91-XXXXXXXXXX,info@college.edu,0,0,0,0,0,0,0,"TCS, Infosys, Wipro",0,
Burdwan Medical College,,,Government,Burdwan,,,,,"e.g., Guntur Junction","e.g., Guntur Bus Stand","e.g., 25.5","e.g., 2000","e.g., JNTU Kakinada",https://example.com,+91-XXXXXXXXXX,info@college.edu,0,0,0,0,0,0,0,"TCS, Infosys, Wipro",0,
CMR Institute of Medical Sciences,,,Government,Virudhunagar,,,,,"e.g., Guntur Junction","e.g., Guntur Bus Stand","e.g., 25.5","e.g., 2000","e.g., JNTU Kakinada",https://example.com,+91-XXXXXXXXXX,info@college.edu,0,0,0,0,0,0,0,"TCS, Infosys, Wipro",0,
CU Shah Medical College,,,Government,Virudhunagar,,,,,"e.g., Guntur Junction","e.g., Guntur Bus Stand","e.g., 25.5","e.g., 2000","e.g., JNTU Kakinada",https://example.com,+91-XXXXXXXXXX,info@college.edu,0,0,0,0,0,0,0,"TCS, Infosys, Wipro",0,
Calcutta National Medical College,,,Government,Virudhunagar,,,,,"e.g., Guntur Junction","e.g., Guntur Bus Stand","e.g., 25.5","e.g., 2000","e.g., JNTU Kakinada",https://example.com,+91-XXXXXXXXXX,info@college.edu,0,0,0,0,0,0,0,"TCS, Infosys, Wipro",0,
Career Instt. Of Medical Sciences & Hospital,,,Government,Virudhunagar,,,,,"e.g., Guntur Junction","e.g., Guntur Bus Stand","e.g., 25.5","e.g., 2000","e.g., JNTU Kakinada",https://example.com,+91-XXXXXXXXXX,info@college.edu,0,0,0,0,0,0,0,"TCS, Infosys, Wipro",0,
Chalmeda Anand Rao Insttitute Of Medical Sciences,,,Government,Virudhunagar,,,,,"e.g., Guntur Junction","e.g., Guntur Bus Stand","e.g., 25.5","e.g., 2000","e.g., JNTU Kakinada",https://example.com,+91-XXXXXXXXXX,info@college.edu,0,0,0,0,0,0,0,"TCS, Infosys, Wipro",0,
Chamrajanagar Institute of Medical Sciences,,,Government,Virudhunagar,,,,,"e.g., Guntur Junction","e.g., Guntur Bus Stand","e.g., 25.5","e.g., 2000","e.g., JNTU Kakinada",https://example.com,+91-XXXXXXXXXX,info@college.edu,0,0,0,0,0,0,0,"TCS, Infosys, Wipro",0,
Chandulal Chandrakar Memorial Govt. Medical College,,,Government,Virudhunagar,,,,,"e.g., Guntur Junction","e.g., Guntur Bus Stand","e.g., 25.5","e.g., 2000","e.g., JNTU Kakinada",https://example.com,+91-XXXXXXXXXX,info@college.edu,0,0,0,0,0,0,0,"TCS, Infosys, Wipro",0,
Chengalpattu Medical College,,,Government,Virudhunagar,,,,,"e.g., Guntur Junction","e.g., Guntur Bus Stand","e.g., 25.5","e.g., 2000","e.g., JNTU Kakinada",https://example.com,+91-XXXXXXXXXX,info@college.edu,0,0,0,0,0,0,0,"TCS, Infosys, Wipro",0,
Chettinad Hospital & Research Institute,,,Government,Virudhunagar,,,,,"e.g., Guntur Junction","e.g., Guntur Bus Stand","e.g., 25.5","e.g., 2000","e.g., JNTU Kakinada",https://example.com,+91-XXXXXXXXXX,info@college.edu,0,0,0,0,0,0,0,"TCS, Infosys, Wipro",0,
Chhattisgarh Institute of Medical Sciences,,,Government,Virudhunagar,,,,,"e.g., Guntur Junction","e.g., Guntur Bus Stand","e.g., 25.5","e.g., 2000","e.g., JNTU Kakinada",https://example.com,+91-XXXXXXXXXX,info@college.edu,0,0,0,0,0,0,0,"TCS, Infosys, Wipro",0,
Chikkamagaluru Institute of Medical Sciences,,,Government,Virudhunagar,,,,,"e.g., Guntur Junction","e.g., Guntur Bus Stand","e.g., 25.5","e.g., 2000","e.g., JNTU Kakinada",https://example.com,+91-XXXXXXXXXX,info@college.edu,0,0,0,0,0,0,0,"TCS, Infosys, Wipro",0,
Chintpurni Medical College,,,Government,Virudhunagar,,,,,"e.g., Guntur Junction","e.g., Guntur Bus Stand","e.g., 25.5","e.g., 2000","e.g., JNTU Kakinada",https://example.com,+91-XXXXXXXXXX,info@college.edu,0,0,0,0,0,0,0,"TCS, Infosys, Wipro",0,
Chirayu Medical College and Hospital,,,Government,Virudhunagar,,,,,"e.g., Guntur Junction","e.g., Guntur Bus Stand","e.g., 25.5","e.g., 2000","e.g., JNTU Kakinada",https://example.com,+91-XXXXXXXXXX,info@college.edu,0,0,0,0,0,0,0,"TCS, Infosys, Wipro",0,
Chitradurga Medical College and Research Institute,,,Government,Virudhunagar,,,,,"e.g., Guntur Junction","e.g., Guntur Bus Stand","e.g., 25.5","e.g., 2000","e.g., JNTU Kakinada",https://example.com,+91-XXXXXXXXXX,info@college.edu,0,0,0,0,0,0,0,"TCS, Infosys, Wipro",0,
Christian Medical College,,,Government,Virudhunagar,,,,,"e.g., Guntur Junction","e.g., Guntur Bus Stand","e.g., 25.5","e.g., 2000","e.g., JNTU Kakinada",https://example.com,+91-XXXXXXXXXX,info@college.edu,0,0,0,0,0,0,0,"TCS, Infosys, Wipro",0,
Coimbatore Medical College,,,Government,Coimbatore,,,,,"e.g., Guntur Junction","e.g., Guntur Bus Stand","e.g., 25.5","e.g., 2000","e.g., JNTU Kakinada",https://example.com,+91-XXXXXXXXXX,info@college.edu,0,0,0,0,0,0,0,"TCS, Infosys, Wipro",0,
College of Medicine and JNM Hospital,,,Government,Virudhunagar,,,,,"e.g., Guntur Junction","e.g., Guntur Bus Stand","e.g., 25.5","e.g., 2000","e.g., JNTU Kakinada",https://example.com,+91-XXXXXXXXXX,info@college.edu,0,0,0,0,0,0,0,"TCS, Infosys, Wipro",0,
College of Medicine and Sagore Dutta Hospital,,,Government,Virudhunagar,,,,,"e.g., Guntur Junction","e.g., Guntur Bus Stand","e.g., 25.5","e.g., 2000","e.g., JNTU Kakinada",https://example.com,+91-XXXXXXXXXX,info@college.edu,0,0,0,0,0,0,0,"TCS, Infosys, Wipro",0,
Coochbehar Government Medical College & Hospital,,,Government,Virudhunagar,,,,,"e.g., Guntur Junction","e.g., Guntur Bus Stand","e.g., 25.5","e.g., 2000","e.g., JNTU Kakinada",https://example.com,+91-XXXXXXXXXX,info@college.edu,0,0,0,0,0,0,0,"TCS, Infosys, Wipro",0,
DRIEMS Institute of Health Sciences and Hospital,,,Government,Virudhunagar,,,,,"e.g., Guntur Junction","e.g., Guntur Bus Stand","e.g., 25.5","e.g., 2000","e.g., JNTU Kakinada",https://example.com,+91-XXXXXXXXXX,info@college.edu,0,0,0,0,0,0,0,"TCS, Infosys, Wipro",0,
DY Patil University,,,Government,Virudhunagar,,,,,"e.g., Guntur Junction","e.g., Guntur Bus Stand","e.g., 25.5","e.g., 2000","e.g., JNTU Kakinada",https://example.com,+91-XXXXXXXXXX,info@college.edu,0,0,0,0,0,0,0,"TCS, Infosys, Wipro",0,
Darbhanga Medical College,,,Government,Virudhunagar,,,,,"e.g., Guntur Junction","e.g., Guntur Bus Stand","e.g., 25.5","e.g., 2000","e.g., JNTU Kakinada",https://example.com,+91-XXXXXXXXXX,info@college.edu,0,0,0,0,0,0,0,"TCS, Infosys, Wipro",0,
Datta Meghe Medical College,,,Government,Virudhunagar,,,,,"e.g., Guntur Junction","e.g., Guntur Bus Stand","e.g., 25.5","e.g., 2000","e.g., JNTU Kakinada",https://example.com,+91-XXXXXXXXXX,info@college.edu,0,0,0,0,0,0,0,"TCS, Infosys, Wipro",0,
Dayanand Medical College & Hospital,,,Government,Virudhunagar,,,,,"e.g., Guntur Junction","e.g., Guntur Bus Stand","e.g., 25.5","e.g., 2000","e.g., JNTU Kakinada",https://example.com,+91-XXXXXXXXXX,info@college.edu,0,0,0,0,0,0,0,"TCS, Infosys, Wipro",0,
Deccan College of Medical Sciences,,,Government,Virudhunagar,,,,,"e.g., Guntur Junction","e.g., Guntur Bus Stand","e.g., 25.5","e.g., 2000","e.g., JNTU Kakinada",https://example.com,+91-XXXXXXXXXX,info@college.edu,0,0,0,0,0,0,0,"TCS, Infosys, Wipro",0,
Dhanalakshmi Srinivasan Medical College and Hospital,,,Government,Virudhunagar,,,,,"e.g., Guntur Junction","e.g., Guntur Bus Stand","e.g., 25.5","e.g., 2000","e.g., JNTU Kakinada",https://example.com,+91-XXXXXXXXXX,info@college.edu,0,0,0,0,0,0,0,"TCS, Infosys, Wipro",0,
Dharanidhar Medical College & Hospital,,,Government,Virudhunagar,,,,,"e.g., Guntur Junction","e.g., Guntur Bus Stand","e.g., 25.5","e.g., 2000","e.g., JNTU Kakinada",https://example.com,+91-XXXXXXXXXX,info@college.edu,0,0,0,0,0,0,0,"TCS, Infosys, Wipro",0,
Dhubri Medical College,,,Government,Virudhunagar,,,,,"e.g., Guntur Junction","e.g., Guntur Bus Stand","e.g., 25.5","e.g., 2000","e.g., JNTU Kakinada",https://example.com,+91-XXXXXXXXXX,info@college.edu,0,0,0,0,0,0,0,"TCS, Infosys, Wipro",0,
Diamond Harbour Government Medical College and Hospital,,,Government,Virudhunagar,,,,,"e.g., Guntur Junction","e.g., Guntur Bus Stand","e.g., 25.5","e.g., 2000","e.g., JNTU Kakinada",https://example.com,+91-XXXXXXXXXX,info@college.edu,0,0,0,0,0,0,0,"TCS, Infosys, Wipro",0,
Diphu Medical College & Hospital,,,Government,Virudhunagar,,,,,"e.g., Guntur Junction","e.g., Guntur Bus Stand","e.g., 25.5","e.g., 2000","e.g., JNTU Kakinada",https://example.com,+91-XXXXXXXXXX,info@college.edu,0,0,0,0,0,0,0,"TCS, Infosys, Wipro",0,
Doon Medical College,,,Government,Virudhunagar,,,,,"e.g., Guntur Junction","e.g., Guntur Bus Stand","e.g., 25.5","e.g., 2000","e.g., JNTU Kakinada",https://example.com,+91-XXXXXXXXXX,info@college.edu,0,0,0,0,0,0,0,"TCS, Infosys, Wipro",0,
Dr B R Ambedkar State Institute of Medical Sciences,,,Government,Virudhunagar,,,,,"e.g., Guntur Junction","e.g., Guntur Bus Stand","e.g., 25.5","e.g., 2000","e.g., JNTU Kakinada",https://example.com,+91-XXXXXXXXXX,info@college.edu,0,0,0,0,0,0,0,"TCS, Infosys, Wipro",0,
Dr BR Ambedkar Medical College,,,Government,Virudhunagar,,,,,"e.g., Guntur Junction","e.g., Guntur Bus Stand","e.g., 25.5","e.g., 2000","e.g., JNTU Kakinada",https://example.com,+91-XXXXXXXXXX,info@college.edu,0,0,0,0,0,0,0,"TCS, Infosys, Wipro",0,
Dr S S Tantia Medical College Hospital & Research Centre,,,Government,Virudhunagar,,,,,"e.g., Guntur Junction","e.g., Guntur Bus Stand","e.g., 25.5","e.g., 2000","e.g., JNTU Kakinada",https://example.com,+91-XXXXXXXXXX,info@college.edu,0,0,0,0,0,0,0,"TCS, Infosys, Wipro",0,
Dr SN Medical College,,,Government,Virudhunagar,,,,,"e.g., Guntur Junction","e.g., Guntur Bus Stand","e.g., 25.5","e.g., 2000","e.g., JNTU Kakinada",https://example.com,+91-XXXXXXXXXX,info@college.edu,0,0,0,0,0,0,0,"TCS, Infosys, Wipro",0,
Dr Vaishampayan Memorial Medical College,,,Government,Virudhunagar,,,,,"e.g., Guntur Junction","e.g., Guntur Bus Stand","e.g., 25.5","e.g., 2000","e.g., JNTU Kakinada",https://example.com,+91-XXXXXXXXXX,info@college.edu,0,0,0,0,0,0,0,"TCS, Infosys, Wipro",0,
Dr. B.S. Kushwah Institute of Medical Sciences,,,Government,Virudhunagar,,,,,"e.g., Guntur Junction","e.g., Guntur Bus Stand","e.g., 25.5","e.g., 2000","e.g., JNTU Kakinada",https://example.com,+91-XXXXXXXXXX,info@college.edu,0,0,0,0,0,0,0,"TCS, Infosys, Wipro",0,
Dr. Baba Saheb Ambedkar Medical College,,,Government,Virudhunagar,,,,,"e.g., Guntur Junction","e.g., Guntur Bus Stand","e.g., 25.5","e.g., 2000","e.g., JNTU Kakinada",https://example.com,+91-XXXXXXXXXX,info@college.edu,0,0,0,0,0,0,0,"TCS, Infosys, Wipro",0,
Dr. Chandramma Dayananda Sagar Instt. of Medical Education & Research,,,Government,Virudhunagar,,,,,"e.g., Guntur Junction","e.g., Guntur Bus Stand","e.g., 25.5","e.g., 2000","e.g., JNTU Kakinada",https://example.com,+91-XXXXXXXXXX,info@college.edu,0,0,0,0,0,0,0,"TCS, Infosys, Wipro",0,
Dr. D Y Patil Medical College,,,Government,Virudhunagar,,,,,"e.g., Guntur Junction","e.g., Guntur Bus Stand","e.g., 25.5","e.g., 2000","e.g., JNTU Kakinada",https://example.com,+91-XXXXXXXXXX,info@college.edu,0,0,0,0,0,0,0,"TCS, Infosys, Wipro",0,
Dr. KNS Memorial Institute of Medical Sciences,,,Government,Virudhunagar,,,,,"e.g., Guntur Junction","e.g., Guntur Bus Stand","e.g., 25.5","e.g., 2000","e.g., JNTU Kakinada",https://example.com,+91-XXXXXXXXXX,info@college.edu,0,0,0,0,0,0,0,"TCS, Infosys, Wipro",0,
Dr. M.K. Shah Medical College & Research Centre,,,Government,Virudhunagar,,,,,"e.g., Guntur Junction","e.g., Guntur Bus Stand","e.g., 25.5","e.g., 2000","e.g., JNTU Kakinada",https://example.com,+91-XXXXXXXXXX,info@college.edu,0,0,0,0,0,0,0,"TCS, Infosys, Wipro",0,
Dr. Moopen s Medical College,,,Government,Virudhunagar,,,,,"e.g., Guntur Junction","e.g., Guntur Bus Stand","e.g., 25.5","e.g., 2000","e.g., JNTU Kakinada",https://example.com,+91-XXXXXXXXXX,info@college.edu,0,0,0,0,0,0,0,"TCS, Infosys, Wipro",0,
Dr. N Y Tasgaonkar Institute of Medical Science,,,Government,Virudhunagar,,,,,"e.g., Guntur Junction","e.g., Guntur Bus Stand","e.g., 25.5","e.g., 2000","e.g., JNTU Kakinada",https://example.com,+91-XXXXXXXXXX,info@college.edu,0,0,0,0,0,0,0,"TCS, Infosys, Wipro",0,
Dr. N.D. Desai Faculty of Medical Science and Research,,,Government,Virudhunagar,,,,,"e.g., Guntur Junction","e.g., Guntur Bus Stand","e.g., 25.5","e.g., 2000","e.g., JNTU Kakinada",https://example.com,+91-XXXXXXXXXX,info@college.edu,0,0,0,0,0,0,0,"TCS, Infosys, Wipro",0,
Dr. P.S.I. Medical College,,,Government,Virudhunagar,,,,,"e.g., Guntur Junction","e.g., Guntur Bus Stand","e.g., 25.5","e.g., 2000","e.g., JNTU Kakinada",https://example.com,+91-XXXXXXXXXX,info@college.edu,0,0,0,0,0,0,0,"TCS, Infosys, Wipro",0,
Dr. Panjabrao Alias Bhausaheb Deshmukh Memorial Medical College,,,Government,Virudhunagar,,,,,"e.g., Guntur Junction","e.g., Guntur Bus Stand","e.g., 25.5","e.g., 2000","e.g., JNTU Kakinada",https://example.com,+91-XXXXXXXXXX,info@college.edu,0,0,0,0,0,0,0,"TCS, Infosys, Wipro",0,
Dr. Patnam Mahender Reddy Institute of Medical Sciences,,,Government,Virudhunagar,,,,,"e.g., Guntur Junction","e.g., Guntur Bus Stand","e.g., 25.5","e.g., 2000","e.g., JNTU Kakinada",https://example.com,+91-XXXXXXXXXX,info@college.edu,0,0,0,0,0,0,0,"TCS, Infosys, Wipro",0,
Dr. Radhakrishnan Government Medical College,,,Government,Virudhunagar,,,,,"e.g., Guntur Junction","e.g., Guntur Bus Stand","e.g., 25.5","e.g., 2000","e.g., JNTU Kakinada",https://example.com,+91-XXXXXXXXXX,info@college.edu,0,0,0,0,0,0,0,"TCS, Infosys, Wipro",0,
Dr. Rajendar Prasad Government Medical College,,,Government,Virudhunagar,,,,,"e.g., Guntur Junction","e.g., Guntur Bus Stand","e.g., 25.5","e.g., 2000","e.g., JNTU Kakinada",https://example.com,+91-XXXXXXXXXX,info@college.edu,0,0,0,0,0,0,0,"TCS, Infosys, Wipro",0,
Dr. Rajendra Gode Medical College,,,Government,Virudhunagar,,,,,"e.g., Guntur Junction","e.g., Guntur Bus Stand","e.g., 25.5","e.g., 2000","e.g., JNTU Kakinada",https://example.com,+91-XXXXXXXXXX,info@college.edu,0,0,0,0,0,0,0,"TCS, Infosys, Wipro",0,
Dr. Ram Manohar Lohia Institute of Medical Sciences,,,Government,Virudhunagar,,,,,"e.g., Guntur Junction","e.g., Guntur Bus Stand","e.g., 25.5","e.g., 2000","e.g., JNTU Kakinada",https://example.com,+91-XXXXXXXXXX,info@college.edu,0,0,0,0,0,0,0,"TCS, Infosys, Wipro",0,
Dr. Shankarrao Chavan Govt. Medical College,,,Government,Virudhunagar,,,,,"e.g., Guntur Junction","e.g., Guntur Bus Stand","e.g., 25.5","e.g., 2000","e.g., JNTU Kakinada",https://example.com,+91-XXXXXXXXXX,info@college.edu,0,0,0,0,0,0,0,"TCS, Infosys, Wipro",0,
Dr. Somervel Memorial CSI Hospital & Medical College,,,Government,Virudhunagar,,,,,"e.g., Guntur Junction","e.g., Guntur Bus Stand","e.g., 25.5","e.g., 2000","e.g., JNTU Kakinada",https://example.com,+91-XXXXXXXXXX,info@college.edu,0,0,0,0,0,0,0,"TCS, Infosys, Wipro",0,
Dr. Ulhas Patil Medical College & Hospital,,,Government,Virudhunagar,,,,,"e.g., Guntur Junction","e.g., Guntur Bus Stand","e.g., 25.5","e.g., 2000","e.g., JNTU Kakinada",https://example.com,+91-XXXXXXXXXX,info@college.edu,0,0,0,0,0,0,0,"TCS, Infosys, Wipro",0,
Dr. VRK Womens Medical College,,,Government,Virudhunagar,,,,,"e.g., Guntur Junction","e.g., Guntur Bus Stand","e.g., 25.5","e.g., 2000","e.g., JNTU Kakinada",https://example.com,+91-XXXXXXXXXX,info@college.edu,0,0,0,0,0,0,0,"TCS, Infosys, Wipro",0,
Dr. Vithalrao Vikhe Patil Foundations Medical College & Hospital,,,Government,Virudhunagar,,,,,"e.g., Guntur Junction","e.g., Guntur Bus Stand","e.g., 25.5","e.g., 2000","e.g., JNTU Kakinada",https://example.com,+91-XXXXXXXXXX,info@college.edu,0,0,0,0,0,0,0,"TCS, Infosys, Wipro",0,
Dr.Kiran C.Patel Medical College and Research Institute,,,Government,Virudhunagar,,,,,"e.g., Guntur Junction","e.g., Guntur Bus Stand","e.g., 25.5","e.g., 2000","e.g., JNTU Kakinada",https://example.com,+91-XXXXXXXXXX,info@college.edu,0,0,0,0,0,0,0,"TCS, Infosys, Wipro",0,
Dr.Vasantrao Pawar Med. Col. Hosp. & Research Centre,,,Government,Virudhunagar,,,,,"e.g., Guntur Junction","e.g., Guntur Bus Stand","e.g., 25.5","e.g., 2000","e.g., JNTU Kakinada",https://example.com,+91-XXXXXXXXXX,info@college.edu,0,0,0,0,0,0,0,"TCS, Infosys, Wipro",0,
Dumka Medical College,,,Government,Virudhunagar,,,,,"e.g., Guntur Junction","e.g., Guntur Bus Stand","e.g., 25.5","e.g., 2000","e.g., JNTU Kakinada",https://example.com,+91-XXXXXXXXXX,info@college.edu,0,0,0,0,0,0,0,"TCS, Infosys, Wipro",0,
ESIC MEDICAL COLLEGE NARODA BAPUNAGAR,,,Government,Virudhunagar,,,,,"e.g., Guntur Junction","e.g., Guntur Bus Stand","e.g., 25.5","e.g., 2000","e.g., JNTU Kakinada",https://example.com,+91-XXXXXXXXXX,info@college.edu,0,0,0,0,0,0,0,"TCS, Infosys, Wipro",0,
ESIC Medical College Ludhiana,,,Government,Virudhunagar,,,,,"e.g., Guntur Junction","e.g., Guntur Bus Stand","e.g., 25.5","e.g., 2000","e.g., JNTU Kakinada",https://example.com,+91-XXXXXXXXXX,info@college.edu,0,0,0,0,0,0,0,"TCS, Infosys, Wipro",0,
East Point College of Medical Sciences & Research Centre,,,Government,Virudhunagar,,,,,"e.g., Guntur Junction","e.g., Guntur Bus Stand","e.g., 25.5","e.g., 2000","e.g., JNTU Kakinada",https://example.com,+91-XXXXXXXXXX,info@college.edu,0,0,0,0,0,0,0,"TCS, Infosys, Wipro",0,
East West Institute of Medical Sciences and Research,,,Government,Virudhunagar,,,,,"e.g., Guntur Junction","e.g., Guntur Bus Stand","e.g., 25.5","e.g., 2000","e.g., JNTU Kakinada",https://example.com,+91-XXXXXXXXXX,info@college.edu,0,0,0,0,0,0,0,"TCS, Infosys, Wipro",0,
Employees State Insurance Coporation Medical College,,,Government,Virudhunagar,,,,,"e.g., Guntur Junction","e.g., Guntur Bus Stand","e.g., 25.5","e.g., 2000","e.g., JNTU Kakinada",https://example.com,+91-XXXXXXXXXX,info@college.edu,0,0,0,0,0,0,0,"TCS, Infosys, Wipro",0,
Employees State Insurance Corporation Medical College,,,Government,Virudhunagar,,,,,"e.g., Guntur Junction","e.g., Guntur Bus Stand","e.g., 25.5","e.g., 2000","e.g., JNTU Kakinada",https://example.com,+91-XXXXXXXXXX,info@college.edu,0,0,0,0,0,0,0,"TCS, Infosys, Wipro",0,
Era Lucknow Medical College,,,Government,Virudhunagar,,,,,"e.g., Guntur Junction","e.g., Guntur Bus Stand","e.g., 25.5","e.g., 2000","e.g., JNTU Kakinada",https://example.com,+91-XXXXXXXXXX,info@college.edu,0,0,0,0,0,0,0,"TCS, Infosys, Wipro",0,
F.H. Medical College & Hospital,,,Government,Virudhunagar,,,,,"e.g., Guntur Junction","e.g., Guntur Bus Stand","e.g., 25.5","e.g., 2000","e.g., JNTU Kakinada",https://example.com,+91-XXXXXXXXXX,info@college.edu,0,0,0,0,0,0,0,"TCS, Infosys, Wipro",0,
FAROOKH ACADEMY OF MEDICAL EDUCATION HOSPITAL AND RESEARCH INSTITUTE,,,Government,Virudhunagar,,,,,"e.g., Guntur Junction","e.g., Guntur Bus Stand","e.g., 25.5","e.g., 2000","e.g., JNTU Kakinada",https://example.com,+91-XXXXXXXXXX,info@college.edu,0,0,0,0,0,0,0,"TCS, Infosys, Wipro",0,
Faculty of Medicine,,,Government,Virudhunagar,,,,,"e.g., Guntur Junction","e.g., Guntur Bus Stand","e.g., 25.5","e.g., 2000","e.g., JNTU Kakinada",https://example.com,+91-XXXXXXXXXX,info@college.edu,0,0,0,0,0,0,0,"TCS, Infosys, Wipro",0,
Faculty of Medicine and Health Sciences,,,Government,Virudhunagar,,,,,"e.g., Guntur Junction","e.g., Guntur Bus Stand","e.g., 25.5","e.g., 2000","e.g., JNTU Kakinada",https://example.com,+91-XXXXXXXXXX,info@college.edu,0,0,0,0,0,0,0,"TCS, Infosys, Wipro",0,
Fakhruddin Ali Ahmed Medical College,,,Government,Virudhunagar,,,,,"e.g., Guntur Junction","e.g., Guntur Bus Stand","e.g., 25.5","e.g., 2000","e.g., JNTU Kakinada",https://example.com,+91-XXXXXXXXXX,info@college.edu,0,0,0,0,0,0,0,"TCS, Infosys, Wipro",0,
Father Colombo Institute of Medical Sciences,,,Government,Virudhunagar,,,,,"e.g., Guntur Junction","e.g., Guntur Bus Stand","e.g., 25.5","e.g., 2000","e.g., JNTU Kakinada",https://example.com,+91-XXXXXXXXXX,info@college.edu,0,0,0,0,0,0,0,"TCS, Infosys, Wipro",0,
Father Mullers Medical College,,,Government,Virudhunagar,,,,,"e.g., Guntur Junction","e.g., Guntur Bus Stand","e.g., 25.5","e.g., 2000","e.g., JNTU Kakinada",https://example.com,+91-XXXXXXXXXX,info@college.edu,0,0,0,0,0,0,0,"TCS, Infosys, Wipro",0,
Fathima Instt. of Medical Sciences,,,Government,Virudhunagar,,,,,"e.g., Guntur Junction","e.g., Guntur Bus Stand","e.g., 25.5","e.g., 2000","e.g., JNTU Kakinada",https://example.com,+91-XXXXXXXXXX,info@college.edu,0,0,0,0,0,0,0,"TCS, Infosys, Wipro",0,
G R Medical College Hospital & Research Centre,,,Government,Virudhunagar,,,,,"e.g., Guntur Junction","e.g., Guntur Bus Stand","e.g., 25.5","e.g., 2000","e.g., JNTU Kakinada",https://example.com,+91-XXXXXXXXXX,info@college.edu,0,0,0,0,0,0,0,"TCS, Infosys, Wipro",0,
G.S. Medical College & Hospital,,,Government,Virudhunagar,,,,,"e.g., Guntur Junction","e.g., Guntur Bus Stand","e.g., 25.5","e.g., 2000","e.g., JNTU Kakinada",https://example.com,+91-XXXXXXXXXX,info@college.edu,0,0,0,0,0,0,0,"TCS, Infosys, Wipro",0,
GCS Medical College,,,Government,Virudhunagar,,,,,"e.g., Guntur Junction","e.g., Guntur Bus Stand","e.g., 25.5","e.g., 2000","e.g., JNTU Kakinada",https://example.com,+91-XXXXXXXXXX,info@college.edu,0,0,0,0,0,0,0,"TCS, Infosys, Wipro",0,
GITAM Institute of Medical Sciences and Research,,,Government,Virudhunagar,,,,,"e.g., Guntur Junction","e.g., Guntur Bus Stand","e.g., 25.5","e.g., 2000","e.g., JNTU Kakinada",https://example.com,+91-XXXXXXXXXX,info@college.edu,0,0,0,0,0,0,0,"TCS, Infosys, Wipro",0,
GMERS Medical College,,,Government,Virudhunagar,,,,,"e.g., Guntur Junction","e.g., Guntur Bus Stand","e.g., 25.5","e.g., 2000","e.g., JNTU Kakinada",https://example.com,+91-XXXXXXXXXX,info@college.edu,0,0,0,0,0,0,0,"TCS, Infosys, Wipro",0,
GOVERMENT MEDICAL COLLEGE,,,Government,Virudhunagar,,,,,"e.g., Guntur Junction","e.g., Guntur Bus Stand","e.g., 25.5","e.g., 2000","e.g., JNTU Kakinada",https://example.com,+91-XXXXXXXXXX,info@college.edu,0,0,0,0,0,0,0,"TCS, Infosys, Wipro",0,
GOVERNMENT MEDICAL COLLEGE PHULBANI,,,Government,Virudhunagar,,,,,"e.g., Guntur Junction","e.g., Guntur Bus Stand","e.g., 25.5","e.g., 2000","e.g., JNTU Kakinada",https://example.com,+91-XXXXXXXXXX,info@college.edu,0,0,0,0,0,0,0,"TCS, Infosys, Wipro",0,
GOVERNMENT MEDICAL COLLEGE SINGRAULI,,,Government,Virudhunagar,,,,,"e.g., Guntur Junction","e.g., Guntur Bus Stand","e.g., 25.5","e.g., 2000","e.g., JNTU Kakinada",https://example.com,+91-XXXXXXXXXX,info@college.edu,0,0,0,0,0,0,0,"TCS, Infosys, Wipro",0,
GSL Medical College,,,Government,Virudhunagar,,,,,"e.g., Guntur Junction","e.g., Guntur Bus Stand","e.g., 25.5","e.g., 2000","e.g., JNTU Kakinada",https://example.com,+91-XXXXXXXXXX,info@college.edu,0,0,0,0,0,0,0,"TCS, Infosys, Wipro",0,
GSVM Medical College,,,Government,Virudhunagar,,,,,"e.g., Guntur Junction","e.g., Guntur Bus Stand","e.g., 25.5","e.g., 2000","e.g., JNTU Kakinada",https://example.com,+91-XXXXXXXXXX,info@college.edu,0,0,0,0,0,0,0,"TCS, Infosys, Wipro",0,
Gajra Raja Medical College,,,Government,Virudhunagar,,,,,"e.g., Guntur Junction","e.g., Guntur Bus Stand","e.g., 25.5","e.g., 2000","e.g., JNTU Kakinada",https://example.com,+91-XXXXXXXXXX,info@college.edu,0,0,0,0,0,0,0,"TCS, Infosys, Wipro",0,
Gandhi Medical College,,,Government,Virudhunagar,,,,,"e.g., Guntur Junction","e.g., Guntur Bus Stand","e.g., 25.5","e.g., 2000","e.g., JNTU Kakinada",https://example.com,+91-XXXXXXXXXX,info@college.edu,0,0,0,0,0,0,0,"TCS, Infosys, Wipro",0,
Gauhati Medical College,,,Government,Virudhunagar,,,,,"e.g., Guntur Junction","e.g., Guntur Bus Stand","e.g., 25.5","e.g., 2000","e.g., JNTU Kakinada",https://example.com,+91-XXXXXXXXXX,info@college.edu,0,0,0,0,0,0,0,"TCS, Infosys, Wipro",0,
Gautam Buddha Chikitsa Mahavidyalaya,,,Government,Virudhunagar,,,,,"e.g., Guntur Junction","e.g., Guntur Bus Stand","e.g., 25.5","e.g., 2000","e.g., JNTU Kakinada",https://example.com,+91-XXXXXXXXXX,info@college.edu,0,0,0,0,0,0,0,"TCS, Infosys, Wipro",0,
Gayathri Vidya Parishad Institute of Health Care & Medical Technology,,,Government,Gaya,,,,,"e.g., Guntur Junction","e.g., Guntur Bus Stand","e.g., 25.5","e.g., 2000","e.g., JNTU Kakinada",https://example.com,+91-XXXXXXXXXX,info@college.edu,0,0,0,0,0,0,0,"TCS, Infosys, Wipro",0,
Geetanjali Medical College & Hospital,,,Government,Virudhunagar,,,,,"e.g., Guntur Junction","e.g., Guntur Bus Stand","e.g., 25.5","e.g., 2000","e.g., JNTU Kakinada",https://example.com,+91-XXXXXXXXXX,info@college.edu,0,0,0,0,0,0,0,"TCS, Infosys, Wipro",0,
Gian Sagar Medical College & Hospital,,,Government,Virudhunagar,,,,,"e.g., Guntur Junction","e.g., Guntur Bus Stand","e.g., 25.5","e.g., 2000","e.g., JNTU Kakinada",https://example.com,+91-XXXXXXXXXX,info@college.edu,0,0,0,0,0,0,0,"TCS, Infosys, Wipro",0,
Goa Medical College,,,Government,Virudhunagar,,,,,"e.g., Guntur Junction","e.g., Guntur Bus Stand","e.g., 25.5","e.g., 2000","e.g., JNTU Kakinada",https://example.com,+91-XXXXXXXXXX,info@college.edu,0,0,0,0,0,0,0,"TCS, Infosys, Wipro",0,
Gouri Devi Institute of Medical Sciences and Hospital,,,Government,Virudhunagar,,,,,"e.g., Guntur Junction","e.g., Guntur Bus Stand","e.g., 25.5","e.g., 2000","e.g., JNTU Kakinada",https://example.com,+91-XXXXXXXXXX,info@college.edu,0,0,0,0,0,0,0,"TCS, Infosys, Wipro",0,
Government Allopathic Medical College,,,Government,Virudhunagar,,,,,"e.g., Guntur Junction","e.g., Guntur Bus Stand","e.g., 25.5","e.g., 2000","e.g., JNTU Kakinada",https://example.com,+91-XXXXXXXXXX,info@college.edu,0,0,0,0,0,0,0,"TCS, Infosys, Wipro",0,
Government Dharmapuri Medical College,,,Government,Virudhunagar,,,,,"e.g., Guntur Junction","e.g., Guntur Bus Stand","e.g., 25.5","e.g., 2000","e.g., JNTU Kakinada",https://example.com,+91-XXXXXXXXXX,info@college.edu,0,0,0,0,0,0,0,"TCS, Infosys, Wipro",0,
Government Erode Medical College & Hospital,,,Government,Virudhunagar,,,,,"e.g., Guntur Junction","e.g., Guntur Bus Stand","e.g., 25.5","e.g., 2000","e.g., JNTU Kakinada",https://example.com,+91-XXXXXXXXXX,info@college.edu,0,0,0,0,0,0,0,"TCS, Infosys, Wipro",0,
Government Medical College & ESIC Hospital,,,Government,Virudhunagar,,,,,"e.g., Guntur Junction","e.g., Guntur Bus Stand","e.g., 25.5","e.g., 2000","e.g., JNTU Kakinada",https://example.com,+91-XXXXXXXXXX,info@college.edu,0,0,0,0,0,0,0,"TCS, Infosys, Wipro",0,
Government Medical College & Hospital Cuddalore,,,Government,Virudhunagar,,,,,"e.g., Guntur Junction","e.g., Guntur Bus Stand","e.g., 25.5","e.g., 2000","e.g., JNTU Kakinada",https://example.com,+91-XXXXXXXXXX,info@college.edu,0,0,0,0,0,0,0,"TCS, Infosys, Wipro",0,
Government Medical College & Super facility Hospital,,,Government,Virudhunagar,,,,,"e.g., Guntur Junction","e.g., Guntur Bus Stand","e.g., 25.5","e.g., 2000","e.g., JNTU Kakinada",https://example.com,+91-XXXXXXXXXX,info@college.edu,0,0,0,0,0,0,0,"TCS, Infosys, Wipro",0,
Government Medical College Jangaon,,,Government,Virudhunagar,,,,,"e.g., Guntur Junction","e.g., Guntur Bus Stand","e.g., 25.5","e.g., 2000","e.g., JNTU Kakinada",https://example.com,+91-XXXXXXXXXX,info@college.edu,0,0,0,0,0,0,0,"TCS, Infosys, Wipro",0,
Government Medical College Kasaragod,,,Government,Virudhunagar,,,,,"e.g., Guntur Junction","e.g., Guntur Bus Stand","e.g., 25.5","e.g., 2000","e.g., JNTU Kakinada",https://example.com,+91-XXXXXXXXXX,info@college.edu,0,0,0,0,0,0,0,"TCS, Infosys, Wipro",0,
Government Medical college and District Hospital,,,Government,Virudhunagar,,,,,"e.g., Guntur Junction","e.g., Guntur Bus Stand","e.g., 25.5","e.g., 2000","e.g., JNTU Kakinada",https://example.com,+91-XXXXXXXXXX,info@college.edu,0,0,0,0,0,0,0,"TCS, Infosys, Wipro",0,
Government Siddhartha Medical College,,,Government,Virudhunagar,,,,,"e.g., Guntur Junction","e.g., Guntur Bus Stand","e.g., 25.5","e.g., 2000","e.g., JNTU Kakinada",https://example.com,+91-XXXXXXXXXX,info@college.edu,0,0,0,0,0,0,0,"TCS, Infosys, Wipro",0,
Government Sivagangai Medical College,,,Government,Virudhunagar,,,,,"e.g., Guntur Junction","e.g., Guntur Bus Stand","e.g., 25.5","e.g., 2000","e.g., JNTU Kakinada",https://example.com,+91-XXXXXXXXXX,info@college.edu,0,0,0,0,0,0,0,"TCS, Infosys, Wipro",0,
Government Thiruvannamalai Medical College,,,Government,Virudhunagar,,,,,"e.g., Guntur Junction","e.g., Guntur Bus Stand","e.g., 25.5","e.g., 2000","e.g., JNTU Kakinada",https://example.com,+91-XXXXXXXXXX,info@college.edu,0,0,0,0,0,0,0,"TCS, Infosys, Wipro",0,
Government Vellore Medical College,,,Government,Virudhunagar,,,,,"e.g., Guntur Junction","e.g., Guntur Bus Stand","e.g., 25.5","e.g., 2000","e.g., JNTU Kakinada",https://example.com,+91-XXXXXXXXXX,info@college.edu,0,0,0,0,0,0,0,"TCS, Infosys, Wipro",0,
Government Villupuram Medical College,,,Government,Virudhunagar,,,,,"e.g., Guntur Junction","e.g., Guntur Bus Stand","e.g., 25.5","e.g., 2000","e.g., JNTU Kakinada",https://example.com,+91-XXXXXXXXXX,info@college.edu,0,0,0,0,0,0,0,"TCS, Infosys, Wipro",0,
Govt. Medical College,,,Government,Virudhunagar,,,,,"e.g., Guntur Junction","e.g., Guntur Bus Stand","e.g., 25.5","e.g., 2000","e.g., JNTU Kakinada",https://example.com,+91-XXXXXXXXXX,info@college.edu,0,0,0,0,0,0,0,"TCS, Infosys, Wipro",0,
Govt. Mohan Kumaramangalam Medical College,,,Government,Virudhunagar,,,,,"e.g., Guntur Junction","e.g., Guntur Bus Stand","e.g., 25.5","e.g., 2000","e.g., JNTU Kakinada",https://example.com,+91-XXXXXXXXXX,info@college.edu,0,0,0,0,0,0,0,"TCS, Infosys, Wipro",0,
Grant Medical College,,,Government,Virudhunagar,,,,,"e.g., Guntur Junction","e.g., Guntur Bus Stand","e.g., 25.5","e.g., 2000","e.g., JNTU Kakinada",https://example.com,+91-XXXXXXXXXX,info@college.edu,0,0,0,0,0,0,0,"TCS, Infosys, Wipro",0,
Graphic Era Institute of Medical Sciences,,,Government,Virudhunagar,,,,,"e.g., Guntur Junction","e.g., Guntur Bus Stand","e.g., 25.5","e.g., 2000","e.g., JNTU Kakinada",https://example.com,+91-XXXXXXXXXX,info@college.edu,0,0,0,0,0,0,0,"TCS, Infosys, Wipro",0,
Great Eastern Medical School and Hospital,,,Government,Virudhunagar,,,,,"e.g., Guntur Junction","e.g., Guntur Bus Stand","e.g., 25.5","e.g., 2000","e.g., JNTU Kakinada",https://example.com,+91-XXXXXXXXXX,info@college.edu,0,0,0,0,0,0,0,"TCS, Infosys, Wipro",0,
Gujarat Adani Institute of Medical Sciences,,,Government,Virudhunagar,,,,,"e.g., Guntur Junction","e.g., Guntur Bus Stand","e.g., 25.5","e.g., 2000","e.g., JNTU Kakinada",https://example.com,+91-XXXXXXXXXX,info@college.edu,0,0,0,0,0,0,0,"TCS, Infosys, Wipro",0,
Gulbarga Institute of Medical Sciences,,,Government,Virudhunagar,,,,,"e.g., Guntur Junction","e.g., Guntur Bus Stand","e.g., 25.5","e.g., 2000","e.g., JNTU Kakinada",https://example.com,+91-XXXXXXXXXX,info@college.edu,0,0,0,0,0,0,0,"TCS, Infosys, Wipro",0,
Guntur Medical College,,,Government,Virudhunagar,,,,,"e.g., Guntur Junction","e.g., Guntur Bus Stand","e.g., 25.5","e.g., 2000","e.g., JNTU Kakinada",https://example.com,+91-XXXXXXXXXX,info@college.edu,0,0,0,0,0,0,0,"TCS, Infosys, Wipro",0,
Guru Govind Singh Medical College,,,Government,Virudhunagar,,,,,"e.g., Guntur Junction","e.g., Guntur Bus Stand","e.g., 25.5","e.g., 2000","e.g., JNTU Kakinada",https://example.com,+91-XXXXXXXXXX,info@college.edu,0,0,0,0,0,0,0,"TCS, Infosys, Wipro",0,
H.B.T. Medical College & Dr. R.N. Cooper Municipal General Hospital,,,Government,Virudhunagar,,,,,"e.g., Guntur Junction","e.g., Guntur Bus Stand","e.g., 25.5","e.g., 2000","e.g., JNTU Kakinada",https://example.com,+91-XXXXXXXXXX,info@college.edu,0,0,0,0,0,0,0,"TCS, Infosys, Wipro",0,
Hamdard Institute of Medical Sciences & Research,,,Government,Virudhunagar,,,,,"e.g., Guntur Junction","e.g., Guntur Bus Stand","e.g., 25.5","e.g., 2000","e.g., JNTU Kakinada",https://example.com,+91-XXXXXXXXXX,info@college.edu,0,0,0,0,0,0,0,"TCS, Infosys, Wipro",0,
Hassan Institute of Medical Sciences,,,Government,Virudhunagar,,,,,"e.g., Guntur Junction","e.g., Guntur Bus Stand","e.g., 25.5","e.g., 2000","e.g., JNTU Kakinada",https://example.com,+91-XXXXXXXXXX,info@college.edu,0,0,0,0,0,0,0,"TCS, Infosys, Wipro",0,
Haveri Institute of Medical Sciences,,,Government,Virudhunagar,,,,,"e.g., Guntur Junction","e.g., Guntur Bus Stand","e.g., 25.5","e.g., 2000","e.g., JNTU Kakinada",https://example.com,+91-XXXXXXXXXX,info@college.edu,0,0,0,0,0,0,0,"TCS, Infosys, Wipro",0,
Hazaribagh Medical College,,,Government,Hazaribag,,,,,"e.g., Guntur Junction","e.g., Guntur Bus Stand","e.g., 25.5","e.g., 2000","e.g., JNTU Kakinada",https://example.com,+91-XXXXXXXXXX,info@college.edu,0,0,0,0,0,0,0,"TCS, Infosys, Wipro",0,
Heritage Institute of Medical Sciences,,,Government,Virudhunagar,,,,,"e.g., Guntur Junction","e.g., Guntur Bus Stand","e.g., 25.5","e.g., 2000","e.g., JNTU Kakinada",https://example.com,+91-XXXXXXXXXX,info@college.edu,0,0,0,0,0,0,0,"TCS, Infosys, Wipro",0,
Hi-Tech Medical College & Hospital,,,Government,Virudhunagar,,,,,"e.g., Guntur Junction","e.g., Guntur Bus Stand","e.g., 25.5","e.g., 2000","e.g., JNTU Kakinada",https://example.com,+91-XXXXXXXXXX,info@college.edu,0,0,0,0,0,0,0,"TCS, Infosys, Wipro",0,
Himalaya Medical College and Hospital,,,Government,Virudhunagar,,,,,"e.g., Guntur Junction","e.g., Guntur Bus Stand","e.g., 25.5","e.g., 2000","e.g., JNTU Kakinada",https://example.com,+91-XXXXXXXXXX,info@college.edu,0,0,0,0,0,0,0,"TCS, Infosys, Wipro",0,
Himalayan Institute of Medical Sciences,,,Government,Virudhunagar,,,,,"e.g., Guntur Junction","e.g., Guntur Bus Stand","e.g., 25.5","e.g., 2000","e.g., JNTU Kakinada",https://example.com,+91-XXXXXXXXXX,info@college.edu,0,0,0,0,0,0,0,"TCS, Infosys, Wipro",0,
Hind Institute of Medical Sciences,,,Government,Virudhunagar,,,,,"e.g., Guntur Junction","e.g., Guntur Bus Stand","e.g., 25.5","e.g., 2000","e.g., JNTU Kakinada",https://example.com,+91-XXXXXXXXXX,info@college.edu,0,0,0,0,0,0,0,"TCS, Infosys, Wipro",0,
ICARE Institute of Medical Sciences & Research,,,Government,Virudhunagar,,,,,"e.g., Guntur Junction","e.g., Guntur Bus Stand","e.g., 25.5","e.g., 2000","e.g., JNTU Kakinada",https://example.com,+91-XXXXXXXXXX,info@college.edu,0,0,0,0,0,0,0,"TCS, Infosys, Wipro",0,
IQ-City Medical College,,,Government,Virudhunagar,,,,,"e.g., Guntur Junction","e.g., Guntur Bus Stand","e.g., 25.5","e.g., 2000","e.g., JNTU Kakinada",https://example.com,+91-XXXXXXXXXX,info@college.edu,0,0,0,0,0,0,0,"TCS, Infosys, Wipro",0,
Index Medical College Hospital & Research Centre,,,Government,Virudhunagar,,,,,"e.g., Guntur Junction","e.g., Guntur Bus Stand","e.g., 25.5","e.g., 2000","e.g., JNTU Kakinada",https://example.com,+91-XXXXXXXXXX,info@college.edu,0,0,0,0,0,0,0,"TCS, Infosys, Wipro",0,
Indian Institute of Medical Science & Research,,,Government,Virudhunagar,,,,,"e.g., Guntur Junction","e.g., Guntur Bus Stand","e.g., 25.5","e.g., 2000","e.g., JNTU Kakinada",https://example.com,+91-XXXXXXXXXX,info@college.edu,0,0,0,0,0,0,0,"TCS, Infosys, Wipro",0,
Indira Gandhi Medical College & Hospital,,,Government,Virudhunagar,,,,,"e.g., Guntur Junction","e.g., Guntur Bus Stand","e.g., 25.5","e.g., 2000","e.g., JNTU Kakinada",https://example.com,+91-XXXXXXXXXX,info@college.edu,0,0,0,0,0,0,0,"TCS, Infosys, Wipro",0,
Indira Gandhi Medical College & Research Institute,,,Government,Virudhunagar,,,,,"e.g., Guntur Junction","e.g., Guntur Bus Stand","e.g., 25.5","e.g., 2000","e.g., JNTU Kakinada",https://example.com,+91-XXXXXXXXXX,info@college.edu,0,0,0,0,0,0,0,"TCS, Infosys, Wipro",0,
Indira Medical College & Hospitals,,,Government,Virudhunagar,,,,,"e.g., Guntur Junction","e.g., Guntur Bus Stand","e.g., 25.5","e.g., 2000","e.g., JNTU Kakinada",https://example.com,+91-XXXXXXXXXX,info@college.edu,0,0,0,0,0,0,0,"TCS, Infosys, Wipro",0,
Institute of Medical Sciences & SUM Hospital,,,Government,Virudhunagar,,,,,"e.g., Guntur Junction","e.g., Guntur Bus Stand","e.g., 25.5","e.g., 2000","e.g., JNTU Kakinada",https://example.com,+91-XXXXXXXXXX,info@college.edu,0,0,0,0,0,0,0,"TCS, Infosys, Wipro",0,
Institute of Postgraduate Medical Education & Research,,,Government,Virudhunagar,,,,,"e.g., Guntur Junction","e.g., Guntur Bus Stand","e.g., 25.5","e.g., 2000","e.g., JNTU Kakinada",https://example.com,+91-XXXXXXXXXX,info@college.edu,0,0,0,0,0,0,0,"TCS, Infosys, Wipro",0,
Instt. Of Medical Sciences & SUM Hospital,,,Government,Virudhunagar,,,,,"e.g., Guntur Junction","e.g., Guntur Bus Stand","e.g., 25.5","e.g., 2000","e.g., JNTU Kakinada",https://example.com,+91-XXXXXXXXXX,info@college.edu,0,0,0,0,0,0,0,"TCS, Infosys, Wipro",0,
Integral Institute of Medical Sciences & Research,,,Government,Virudhunagar,,,,,"e.g., Guntur Junction","e.g., Guntur Bus Stand","e.g., 25.5","e.g., 2000","e.g., JNTU Kakinada",https://example.com,+91-XXXXXXXXXX,info@college.edu,0,0,0,0,0,0,0,"TCS, Infosys, Wipro",0,
J R Medical College and Hospital,,,Government,Virudhunagar,,,,,"e.g., Guntur Junction","e.g., Guntur Bus Stand","e.g., 25.5","e.g., 2000","e.g., JNTU Kakinada",https://example.com,+91-XXXXXXXXXX,info@college.edu,0,0,0,0,0,0,0,"TCS, Infosys, Wipro",0,
JIET Medical College And Hospital,,,Government,Virudhunagar,,,,,"e.g., Guntur Junction","e.g., Guntur Bus Stand","e.g., 25.5","e.g., 2000","e.g., JNTU Kakinada",https://example.com,+91-XXXXXXXXXX,info@college.edu,0,0,0,0,0,0,0,"TCS, Infosys, Wipro",0,
JIS School of Medical Science & Research,,,Government,Virudhunagar,,,,,"e.g., Guntur Junction","e.g., Guntur Bus Stand","e.g., 25.5","e.g., 2000","e.g., JNTU Kakinada",https://example.com,+91-XXXXXXXXXX,info@college.edu,0,0,0,0,0,0,0,"TCS, Infosys, Wipro",0,
JJM Medical College,,,Government,Virudhunagar,,,,,"e.g., Guntur Junction","e.g., Guntur Bus Stand","e.g., 25.5","e.g., 2000","e.g., JNTU Kakinada",https://example.com,+91-XXXXXXXXXX,info@college.edu,0,0,0,0,0,0,0,"TCS, Infosys, Wipro",0,
JMN Medical College,,,Government,Virudhunagar,,,,,"e.g., Guntur Junction","e.g., Guntur Bus Stand","e.g., 25.5","e.g., 2000","e.g., JNTU Kakinada",https://example.com,+91-XXXXXXXXXX,info@college.edu,0,0,0,0,0,0,0,"TCS, Infosys, Wipro",0,
JSS Medical College,,,Government,Virudhunagar,,,,,"e.g., Guntur Junction","e.g., Guntur Bus Stand","e.g., 25.5","e.g., 2000","e.g., JNTU Kakinada",https://example.com,+91-XXXXXXXXXX,info@college.edu,0,0,0,0,0,0,0,"TCS, Infosys, Wipro",0,
Jagadguru Gangadhar Mahaswamigalu Moorusavirmath Medical College JGMMMC,,,Government,Virudhunagar,,,,,"e.g., Guntur Junction","e.g., Guntur Bus Stand","e.g., 25.5","e.g., 2000","e.g., JNTU Kakinada",https://example.com,+91-XXXXXXXXXX,info@college.edu,0,0,0,0,0,0,0,"TCS, Infosys, Wipro",0,
Jagannath Gupta Institute of Medical Sciences and Hospital,,,Government,Virudhunagar,,,,,"e.g., Guntur Junction","e.g., Guntur Bus Stand","e.g., 25.5","e.g., 2000","e.g., JNTU Kakinada",https://example.com,+91-XXXXXXXXXX,info@college.edu,0,0,0,0,0,0,0,"TCS, Infosys, Wipro",0,
Jaipur National University Institute of Medical Sciences and Resarch Centre,,,Government,Virudhunagar,,,,,"e.g., Guntur Junction","e.g., Guntur Bus Stand","e.g., 25.5","e.g., 2000","e.g., JNTU Kakinada",https://example.com,+91-XXXXXXXXXX,info@college.edu,0,0,0,0,0,0,0,"TCS, Infosys, Wipro",0,
Jakir Hossain Medical College and Research Institute,,,Government,Virudhunagar,,,,,"e.g., Guntur Junction","e.g., Guntur Bus Stand","e.g., 25.5","e.g., 2000","e.g., JNTU Kakinada",https://example.com,+91-XXXXXXXXXX,info@college.edu,0,0,0,0,0,0,0,"TCS, Infosys, Wipro",0,
Jannayak Karpoori Thakur Medical College & Hospital,,,Government,Virudhunagar,,,,,"e.g., Guntur Junction","e.g., Guntur Bus Stand","e.g., 25.5","e.g., 2000","e.g., JNTU Kakinada",https://example.com,+91-XXXXXXXXXX,info@college.edu,0,0,0,0,0,0,0,"TCS, Infosys, Wipro",0,
Jawaharlal Institute of Postgraduate Medical Education & Research,,,Government,Virudhunagar,,,,,"e.g., Guntur Junction","e.g., Guntur Bus Stand","e.g., 25.5","e.g., 2000","e.g., JNTU Kakinada",https://example.com,+91-XXXXXXXXXX,info@college.edu,0,0,0,0,0,0,0,"TCS, Infosys, Wipro",0,
Jawaharlal Nehru Medical College,,,Government,Virudhunagar,,,,,"e.g., Guntur Junction","e.g., Guntur Bus Stand","e.g., 25.5","e.g., 2000","e.g., JNTU Kakinada",https://example.com,+91-XXXXXXXXXX,info@college.edu,0,0,0,0,0,0,0,"TCS, Infosys, Wipro",0,
Jhalawar Medical College,,,Government,Virudhunagar,,,,,"e.g., Guntur Junction","e.g., Guntur Bus Stand","e.g., 25.5","e.g., 2000","e.g., JNTU Kakinada",https://example.com,+91-XXXXXXXXXX,info@college.edu,0,0,0,0,0,0,0,"TCS, Infosys, Wipro",0,
Jhargram Government Medical College & Hospital,,,Government,Virudhunagar,,,,,"e.g., Guntur Junction","e.g., Guntur Bus Stand","e.g., 25.5","e.g., 2000","e.g., JNTU Kakinada",https://example.com,+91-XXXXXXXXXX,info@college.edu,0,0,0,0,0,0,0,"TCS, Infosys, Wipro",0,
Jorhat Medical College & Hospital,,,Government,Jorhat,,,,,"e.g., Guntur Junction","e.g., Guntur Bus Stand","e.g., 25.5","e.g., 2000","e.g., JNTU Kakinada",https://example.com,+91-XXXXXXXXXX,info@college.edu,0,0,0,0,0,0,0,"TCS, Infosys, Wipro",0,
Jubilee Mission Medical College & Research Institute,,,Government,Virudhunagar,,,,,"e.g., Guntur Junction","e.g., Guntur Bus Stand","e.g., 25.5","e.g., 2000","e.g., JNTU Kakinada",https://example.com,+91-XXXXXXXXXX,info@college.edu,0,0,0,0,0,0,0,"TCS, Infosys, Wipro",0,
K A P Viswanathan Government Medical College,,,Government,Virudhunagar,,,,,"e.g., Guntur Junction","e.g., Guntur Bus Stand","e.g., 25.5","e.g., 2000","e.g., JNTU Kakinada",https://example.com,+91-XXXXXXXXXX,info@college.edu,0,0,0,0,0,0,0,"TCS, Infosys, Wipro",0,
K S Hegde Medical Academy,,,Government,Virudhunagar,,,,,"e.g., Guntur Junction","e.g., Guntur Bus Stand","e.g., 25.5","e.g., 2000","e.g., JNTU Kakinada",https://example.com,+91-XXXXXXXXXX,info@college.edu,0,0,0,0,0,0,0,"TCS, Infosys, Wipro",0,
K V G Medical College,,,Government,Virudhunagar,,,,,"e.g., Guntur Junction","e.g., Guntur Bus Stand","e.g., 25.5","e.g., 2000","e.g., JNTU Kakinada",https://example.com,+91-XXXXXXXXXX,info@college.edu,0,0,0,0,0,0,0,"TCS, Infosys, Wipro",0,
K.D. Medical College Hospital & Research Centre,,,Government,Virudhunagar,,,,,"e.g., Guntur Junction","e.g., Guntur Bus Stand","e.g., 25.5","e.g., 2000","e.g., JNTU Kakinada",https://example.com,+91-XXXXXXXXXX,info@college.edu,0,0,0,0,0,0,0,"TCS, Infosys, Wipro",0,
K.H. Patil Institute of Medical Sciences,,,Government,Virudhunagar,,,,,"e.g., Guntur Junction","e.g., Guntur Bus Stand","e.g., 25.5","e.g., 2000","e.g., JNTU Kakinada",https://example.com,+91-XXXXXXXXXX,info@college.edu,0,0,0,0,0,0,0,"TCS, Infosys, Wipro",0,
KJ Somaiyya Medical College & Research Centre,,,Government,Virudhunagar,,,,,"e.g., Guntur Junction","e.g., Guntur Bus Stand","e.g., 25.5","e.g., 2000","e.g., JNTU Kakinada",https://example.com,+91-XXXXXXXXXX,info@college.edu,0,0,0,0,0,0,0,"TCS, Infosys, Wipro",0,
KMC Medical College & Hospital,,,Government,Virudhunagar,,,,,"e.g., Guntur Junction","e.g., Guntur Bus Stand","e.g., 25.5","e.g., 2000","e.g., JNTU Kakinada",https://example.com,+91-XXXXXXXXXX,info@college.edu,0,0,0,0,0,0,0,"TCS, Infosys, Wipro",0,
KMCH Institute of Health Sciences and Research,,,Government,Virudhunagar,,,,,"e.g., Guntur Junction","e.g., Guntur Bus Stand","e.g., 25.5","e.g., 2000","e.g., JNTU Kakinada",https://example.com,+91-XXXXXXXXXX,info@college.edu,0,0,0,0,0,0,0,"TCS, Infosys, Wipro",0,
KMCT Medical College,,,Government,Virudhunagar,,,,,"e.g., Guntur Junction","e.g., Guntur Bus Stand","e.g., 25.5","e.g., 2000","e.g., JNTU Kakinada",https://example.com,+91-XXXXXXXXXX,info@college.edu,0,0,0,0,0,0,0,"TCS, Infosys, Wipro",0,
KPC Medical College,,,Government,Virudhunagar,,,,,"e.g., Guntur Junction","e.g., Guntur Bus Stand","e.g., 25.5","e.g., 2000","e.g., JNTU Kakinada",https://example.com,+91-XXXXXXXXXX,info@college.edu,0,0,0,0,0,0,0,"TCS, Infosys, Wipro",0,
Kakatiya Medical College,,,Government,Virudhunagar,,,,,"e.g., Guntur Junction","e.g., Guntur Bus Stand","e.g., 25.5","e.g., 2000","e.g., JNTU Kakinada",https://example.com,+91-XXXXXXXXXX,info@college.edu,0,0,0,0,0,0,0,"TCS, Infosys, Wipro",0,
Kalinga Institute of Medical Sciences,,,Government,Virudhunagar,,,,,"e.g., Guntur Junction","e.g., Guntur Bus Stand","e.g., 25.5","e.g., 2000","e.g., JNTU Kakinada",https://example.com,+91-XXXXXXXXXX,info@college.edu,0,0,0,0,0,0,0,"TCS, Infosys, Wipro",0,
Kalpana Chawala Govt. Medical College,,,Government,Virudhunagar,,,,,"e.g., Guntur Junction","e.g., Guntur Bus Stand","e.g., 25.5","e.g., 2000","e.g., JNTU Kakinada",https://example.com,+91-XXXXXXXXXX,info@college.edu,0,0,0,0,0,0,0,"TCS, Infosys, Wipro",0,
Kalyan Singh Government Medical College,,,Government,Virudhunagar,,,,,"e.g., Guntur Junction","e.g., Guntur Bus Stand","e.g., 25.5","e.g., 2000","e.g., JNTU Kakinada",https://example.com,+91-XXXXXXXXXX,info@college.edu,0,0,0,0,0,0,0,"TCS, Infosys, Wipro",0,
Kamineni Academy of Medical Sciences & Research Center,,,Government,Virudhunagar,,,,,"e.g., Guntur Junction","e.g., Guntur Bus Stand","e.g., 25.5","e.g., 2000","e.g., JNTU Kakinada",https://example.com,+91-XXXXXXXXXX,info@college.edu,0,0,0,0,0,0,0,"TCS, Infosys, Wipro",0,
Kamineni Institute of Medical Sciences,,,Government,Virudhunagar,,,,,"e.g., Guntur Junction","e.g., Guntur Bus Stand","e.g., 25.5","e.g., 2000","e.g., JNTU Kakinada",https://example.com,+91-XXXXXXXXXX,info@college.edu,0,0,0,0,0,0,0,"TCS, Infosys, Wipro",0,
Kanachur Institute of Medical Sciences,,,Government,Virudhunagar,,,,,"e.g., Guntur Junction","e.g., Guntur Bus Stand","e.g., 25.5","e.g., 2000","e.g., JNTU Kakinada",https://example.com,+91-XXXXXXXXXX,info@college.edu,0,0,0,0,0,0,0,"TCS, Infosys, Wipro",0,
Kannur Medical College,,,Government,Virudhunagar,,,,,"e.g., Guntur Junction","e.g., Guntur Bus Stand","e.g., 25.5","e.g., 2000","e.g., JNTU Kakinada",https://example.com,+91-XXXXXXXXXX,info@college.edu,0,0,0,0,0,0,0,"TCS, Infosys, Wipro",0,
KanyaKumari Government Medical College,,,Government,Virudhunagar,,,,,"e.g., Guntur Junction","e.g., Guntur Bus Stand","e.g., 25.5","e.g., 2000","e.g., JNTU Kakinada",https://example.com,+91-XXXXXXXXXX,info@college.edu,0,0,0,0,0,0,0,"TCS, Infosys, Wipro",0,
Kanyakumari Medical Mission Research Centre,,,Government,Virudhunagar,,,,,"e.g., Guntur Junction","e.g., Guntur Bus Stand","e.g., 25.5","e.g., 2000","e.g., JNTU Kakinada",https://example.com,+91-XXXXXXXXXX,info@college.edu,0,0,0,0,0,0,0,"TCS, Infosys, Wipro",0,
Karnataka Institute of Medical Sciences,,,Government,Virudhunagar,,,,,"e.g., Guntur Junction","e.g., Guntur Bus Stand","e.g., 25.5","e.g., 2000","e.g., JNTU Kakinada",https://example.com,+91-XXXXXXXXXX,info@college.edu,0,0,0,0,0,0,0,"TCS, Infosys, Wipro",0,
Karpaga Vinayaga Institute of Medical Sciences,,,Government,Virudhunagar,,,,,"e.g., Guntur Junction","e.g., Guntur Bus Stand","e.g., 25.5","e.g., 2000","e.g., JNTU Kakinada",https://example.com,+91-XXXXXXXXXX,info@college.edu,0,0,0,0,0,0,0,"TCS, Infosys, Wipro",0,
Karpagam Faculty of Medical Sciences & Research,,,Government,Virudhunagar,,,,,"e.g., Guntur Junction","e.g., Guntur Bus Stand","e.g., 25.5","e.g., 2000","e.g., JNTU Kakinada",https://example.com,+91-XXXXXXXXXX,info@college.edu,0,0,0,0,0,0,0,"TCS, Infosys, Wipro",0,
Karuna Medical College,,,Government,Virudhunagar,,,,,"e.g., Guntur Junction","e.g., Guntur Bus Stand","e.g., 25.5","e.g., 2000","e.g., JNTU Kakinada",https://example.com,+91-XXXXXXXXXX,info@college.edu,0,0,0,0,0,0,0,"TCS, Infosys, Wipro",0,
Karwar Institute of Medical Sciences,,,Government,Virudhunagar,,,,,"e.g., Guntur Junction","e.g., Guntur Bus Stand","e.g., 25.5","e.g., 2000","e.g., JNTU Kakinada",https://example.com,+91-XXXXXXXXXX,info@college.edu,0,0,0,0,0,0,0,"TCS, Infosys, Wipro",0,
Kasturba Medical College,,,Government,Virudhunagar,,,,,"e.g., Guntur Junction","e.g., Guntur Bus Stand","e.g., 25.5","e.g., 2000","e.g., JNTU Kakinada",https://example.com,+91-XXXXXXXXXX,info@college.edu,0,0,0,0,0,0,0,"TCS, Infosys, Wipro",0,
Katihar Medical College,,,Government,Virudhunagar,,,,,"e.g., Guntur Junction","e.g., Guntur Bus Stand","e.g., 25.5","e.g., 2000","e.g., JNTU Kakinada",https://example.com,+91-XXXXXXXXXX,info@college.edu,0,0,0,0,0,0,0,"TCS, Infosys, Wipro",0,
Katuri Medical College,,,Government,Virudhunagar,,,,,"e.g., Guntur Junction","e.g., Guntur Bus Stand","e.g., 25.5","e.g., 2000","e.g., JNTU Kakinada",https://example.com,+91-XXXXXXXXXX,info@college.edu,0,0,0,0,0,0,0,"TCS, Infosys, Wipro",0,
Kempegowda Institute of Medical Sciences,,,Government,Virudhunagar,,,,,"e.g., Guntur Junction","e.g., Guntur Bus Stand","e.g., 25.5","e.g., 2000","e.g., JNTU Kakinada",https://example.com,+91-XXXXXXXXXX,info@college.edu,0,0,0,0,0,0,0,"TCS, Infosys, Wipro",0,
Kerala Medical College,,,Government,Virudhunagar,,,,,"e.g., Guntur Junction","e.g., Guntur Bus Stand","e.g., 25.5","e.g., 2000","e.g., JNTU Kakinada",https://example.com,+91-XXXXXXXXXX,info@college.edu,0,0,0,0,0,0,0,"TCS, Infosys, Wipro",0,
Khaja Bandanawaz University - Faculty of Medical Sciences,,,Government,Virudhunagar,,,,,"e.g., Guntur Junction","e.g., Guntur Bus Stand","e.g., 25.5","e.g., 2000","e.g., JNTU Kakinada",https://example.com,+91-XXXXXXXXXX,info@college.edu,0,0,0,0,0,0,0,"TCS, Infosys, Wipro",0,
Kilpauk Medical College,,,Government,Virudhunagar,,,,,"e.g., Guntur Junction","e.g., Guntur Bus Stand","e.g., 25.5","e.g., 2000","e.g., JNTU Kakinada",https://example.com,+91-XXXXXXXXXX,info@college.edu,0,0,0,0,0,0,0,"TCS, Infosys, Wipro",0,
King George Medical University,,,Government,Virudhunagar,,,,,"e.g., Guntur Junction","e.g., Guntur Bus Stand","e.g., 25.5","e.g., 2000","e.g., JNTU Kakinada",https://example.com,+91-XXXXXXXXXX,info@college.edu,0,0,0,0,0,0,0,"TCS, Infosys, Wipro",0,
Kiran Medical College,,,Government,Virudhunagar,,,,,"e.g., Guntur Junction","e.g., Guntur Bus Stand","e.g., 25.5","e.g., 2000","e.g., JNTU Kakinada",https://example.com,+91-XXXXXXXXXX,info@college.edu,0,0,0,0,0,0,0,"TCS, Infosys, Wipro",0,
Kodagu Institute of Medical Sciences,,,Government,Virudhunagar,,,,,"e.g., Guntur Junction","e.g., Guntur Bus Stand","e.g., 25.5","e.g., 2000","e.g., JNTU Kakinada",https://example.com,+91-XXXXXXXXXX,info@college.edu,0,0,0,0,0,0,0,"TCS, Infosys, Wipro",0,
Kokrajhar Medical College,,,Government,Virudhunagar,,,,,"e.g., Guntur Junction","e.g., Guntur Bus Stand","e.g., 25.5","e.g., 2000","e.g., JNTU Kakinada",https://example.com,+91-XXXXXXXXXX,info@college.edu,0,0,0,0,0,0,0,"TCS, Infosys, Wipro",0,
Konaseema Institute of Medical Sciences & Research Foundation,,,Government,Virudhunagar,,,,,"e.g., Guntur Junction","e.g., Guntur Bus Stand","e.g., 25.5","e.g., 2000","e.g., JNTU Kakinada",https://example.com,+91-XXXXXXXXXX,info@college.edu,0,0,0,0,0,0,0,"TCS, Infosys, Wipro",0,
Koppal Institute of Medical Sciences,,,Government,Virudhunagar,,,,,"e.g., Guntur Junction","e.g., Guntur Bus Stand","e.g., 25.5","e.g., 2000","e.g., JNTU Kakinada",https://example.com,+91-XXXXXXXXXX,info@college.edu,0,0,0,0,0,0,0,"TCS, Infosys, Wipro",0,
Krishna Institute of Medical Sciences,,,Government,Virudhunagar,,,,,"e.g., Guntur Junction","e.g., Guntur Bus Stand","e.g., 25.5","e.g., 2000","e.g., JNTU Kakinada",https://example.com,+91-XXXXXXXXXX,info@college.edu,0,0,0,0,0,0,0,"TCS, Infosys, Wipro",0,
Krishna Mohan Medical College & Hospital,,,Government,Virudhunagar,,,,,"e.g., Guntur Junction","e.g., Guntur Bus Stand","e.g., 25.5","e.g., 2000","e.g., JNTU Kakinada",https://example.com,+91-XXXXXXXXXX,info@college.edu,0,0,0,0,0,0,0,"TCS, Infosys, Wipro",0,
Krishnanagar Institute of Medical Sciences,,,Government,Virudhunagar,,,,,"e.g., Guntur Junction","e.g., Guntur Bus Stand","e.g., 25.5","e.g., 2000","e.g., JNTU Kakinada",https://example.com,+91-XXXXXXXXXX,info@college.edu,0,0,0,0,0,0,0,"TCS, Infosys, Wipro",0,
Kurnool Medical College,,,Government,Virudhunagar,,,,,"e.g., Guntur Junction","e.g., Guntur Bus Stand","e.g., 25.5","e.g., 2000","e.g., JNTU Kakinada",https://example.com,+91-XXXXXXXXXX,info@college.edu,0,0,0,0,0,0,0,"TCS, Infosys, Wipro",0,
L.N. Medical College and Research Centre,,,Government,Virudhunagar,,,,,"e.g., Guntur Junction","e.g., Guntur Bus Stand","e.g., 25.5","e.g., 2000","e.g., JNTU Kakinada",https://example.com,+91-XXXXXXXXXX,info@college.edu,0,0,0,0,0,0,0,"TCS, Infosys, Wipro",0,
LLRM Medical College,,,Government,Virudhunagar,,,,,"e.g., Guntur Junction","e.g., Guntur Bus Stand","e.g., 25.5","e.g., 2000","e.g., JNTU Kakinada",https://example.com,+91-XXXXXXXXXX,info@college.edu,0,0,0,0,0,0,0,"TCS, Infosys, Wipro",0,
LNCT Medical College & Sewakunj Hospital,,,Government,Virudhunagar,,,,,"e.g., Guntur Junction","e.g., Guntur Bus Stand","e.g., 25.5","e.g., 2000","e.g., JNTU Kakinada",https://example.com,+91-XXXXXXXXXX,info@college.edu,0,0,0,0,0,0,0,"TCS, Infosys, Wipro",0,
Lady Hardinge Medical College,,,Government,Virudhunagar,,,,,"e.g., Guntur Junction","e.g., Guntur Bus Stand","e.g., 25.5","e.g., 2000","e.g., JNTU Kakinada",https://example.com,+91-XXXXXXXXXX,info@college.edu,0,0,0,0,0,0,0,"TCS, Infosys, Wipro",0,
Lakhimpur Medical College,,,Government,Virudhunagar,,,,,"e.g., Guntur Junction","e.g., Guntur Bus Stand","e.g., 25.5","e.g., 2000","e.g., JNTU Kakinada",https://example.com,+91-XXXXXXXXXX,info@college.edu,0,0,0,0,0,0,0,"TCS, Infosys, Wipro",0,
Late Shri Baliram Kashyap Memorial NDMC Govt. Medical College,,,Government,Virudhunagar,,,,,"e.g., Guntur Junction","e.g., Guntur Bus Stand","e.g., 25.5","e.g., 2000","e.g., JNTU Kakinada",https://example.com,+91-XXXXXXXXXX,info@college.edu,0,0,0,0,0,0,0,"TCS, Infosys, Wipro",0,
Late Shri Lakhi Ram Agrawal Memorial Govt. Medical College,,,Government,Virudhunagar,,,,,"e.g., Guntur Junction","e.g., Guntur Bus Stand","e.g., 25.5","e.g., 2000","e.g., JNTU Kakinada",https://example.com,+91-XXXXXXXXXX,info@college.edu,0,0,0,0,0,0,0,"TCS, Infosys, Wipro",0,
Late Smt. Indira Gandhi Memorial Government Medical College,,,Government,Virudhunagar,,,,,"e.g., Guntur Junction","e.g., Guntur Bus Stand","e.g., 25.5","e.g., 2000","e.g., JNTU Kakinada",https://example.com,+91-XXXXXXXXXX,info@college.edu,0,0,0,0,0,0,0,"TCS, Infosys, Wipro",0,
Laxmi Chandravansi Medical College & Hospital,,,Government,Virudhunagar,,,,,"e.g., Guntur Junction","e.g., Guntur Bus Stand","e.g., 25.5","e.g., 2000","e.g., JNTU Kakinada",https://example.com,+91-XXXXXXXXXX,info@college.edu,0,0,0,0,0,0,0,"TCS, Infosys, Wipro",0,
Lord Buddha Koshi Medical College and Hospital,,,Government,Virudhunagar,,,,,"e.g., Guntur Junction","e.g., Guntur Bus Stand","e.g., 25.5","e.g., 2000","e.g., JNTU Kakinada",https://example.com,+91-XXXXXXXXXX,info@college.edu,0,0,0,0,0,0,0,"TCS, Infosys, Wipro",0,
M E S Medical College,,,Government,Virudhunagar,,,,,"e.g., Guntur Junction","e.g., Guntur Bus Stand","e.g., 25.5","e.g., 2000","e.g., JNTU Kakinada",https://example.com,+91-XXXXXXXXXX,info@college.edu,0,0,0,0,0,0,0,"TCS, Infosys, Wipro",0,
M G M Medical College,,,Government,Virudhunagar,,,,,"e.g., Guntur Junction","e.g., Guntur Bus Stand","e.g., 25.5","e.g., 2000","e.g., JNTU Kakinada",https://example.com,+91-XXXXXXXXXX,info@college.edu,0,0,0,0,0,0,0,"TCS, Infosys, Wipro",0,
M S Ramaiah Medical College,,,Government,Virudhunagar,,,,,"e.g., Guntur Junction","e.g., Guntur Bus Stand","e.g., 25.5","e.g., 2000","e.g., JNTU Kakinada",https://example.com,+91-XXXXXXXXXX,info@college.edu,0,0,0,0,0,0,0,"TCS, Infosys, Wipro",0,
MAHABODHI MEDICAL COLLEGE & HOSPITAL,,,Government,Virudhunagar,,,,,"e.g., Guntur Junction","e.g., Guntur Bus Stand","e.g., 25.5","e.g., 2000","e.g., JNTU Kakinada",https://example.com,+91-XXXXXXXXXX,info@college.edu,0,0,0,0,0,0,0,"TCS, Infosys, Wipro",0,
MALATI MULTISPECIALITY HOSPITAL AND MEDICAL COLLEGE,,,Government,Virudhunagar,,,,,"e.g., Guntur Junction","e.g., Guntur Bus Stand","e.g., 25.5","e.g., 2000","e.g., JNTU Kakinada",https://example.com,+91-XXXXXXXXXX,info@college.edu,0,0,0,0,0,0,0,"TCS, Infosys, Wipro",0,
MANSAROVAR MEDICAL COLLEGE AND MGU HOSPITAL,,,Government,Virudhunagar,,,,,"e.g., Guntur Junction","e.g., Guntur Bus Stand","e.g., 25.5","e.g., 2000","e.g., JNTU Kakinada",https://example.com,+91-XXXXXXXXXX,info@college.edu,0,0,0,0,0,0,0,"TCS, Infosys, Wipro",0,
MKCG Medical College,,,Government,Virudhunagar,,,,,"e.g., Guntur Junction","e.g., Guntur Bus Stand","e.g., 25.5","e.g., 2000","e.g., JNTU Kakinada",https://example.com,+91-XXXXXXXXXX,info@college.edu,0,0,0,0,0,0,0,"TCS, Infosys, Wipro",0,
MNR Medical College & Hospital,,,Government,Virudhunagar,,,,,"e.g., Guntur Junction","e.g., Guntur Bus Stand","e.g., 25.5","e.g., 2000","e.g., JNTU Kakinada",https://example.com,+91-XXXXXXXXXX,info@college.edu,0,0,0,0,0,0,0,"TCS, Infosys, Wipro",0,
MP Shah Medical College,,,Government,Virudhunagar,,,,,"e.g., Guntur Junction","e.g., Guntur Bus Stand","e.g., 25.5","e.g., 2000","e.g., JNTU Kakinada",https://example.com,+91-XXXXXXXXXX,info@college.edu,0,0,0,0,0,0,0,"TCS, Infosys, Wipro",0,
MVJ Medical College and Research Hospital,,,Government,Virudhunagar,,,,,"e.g., Guntur Junction","e.g., Guntur Bus Stand","e.g., 25.5","e.g., 2000","e.g., JNTU Kakinada",https://example.com,+91-XXXXXXXXXX,info@college.edu,0,0,0,0,0,0,0,"TCS, Infosys, Wipro",0,
Madha Medical College and Hospital,,,Government,Virudhunagar,,,,,"e.g., Guntur Junction","e.g., Guntur Bus Stand","e.g., 25.5","e.g., 2000","e.g., JNTU Kakinada",https://example.com,+91-XXXXXXXXXX,info@college.edu,0,0,0,0,0,0,0,"TCS, Infosys, Wipro",0,
Madhubani Medical College,,,Government,Virudhunagar,,,,,"e.g., Guntur Junction","e.g., Guntur Bus Stand","e.g., 25.5","e.g., 2000","e.g., JNTU Kakinada",https://example.com,+91-XXXXXXXXXX,info@college.edu,0,0,0,0,0,0,0,"TCS, Infosys, Wipro",0,
Madurai Medical College,,,Government,Madurai,,,,,"e.g., Guntur Junction","e.g., Guntur Bus Stand","e.g., 25.5","e.g., 2000","e.g., JNTU Kakinada",https://example.com,+91-XXXXXXXXXX,info@college.edu,0,0,0,0,0,0,0,"TCS, Infosys, Wipro",0,
Mahadevappa Rampure Medical College,,,Government,Virudhunagar,,,,,"e.g., Guntur Junction","e.g., Guntur Bus Stand","e.g., 25.5","e.g., 2000","e.g., JNTU Kakinada",https://example.com,+91-XXXXXXXXXX,info@college.edu,0,0,0,0,0,0,0,"TCS, Infosys, Wipro",0,
Mahamaya Rajkiya Allopathic Medical College,,,Government,Virudhunagar,,,,,"e.g., Guntur Junction","e.g., Guntur Bus Stand","e.g., 25.5","e.g., 2000","e.g., JNTU Kakinada",https://example.com,+91-XXXXXXXXXX,info@college.edu,0,0,0,0,0,0,0,"TCS, Infosys, Wipro",0,
Maharaja Agrasen Medical College,,,Government,Virudhunagar,,,,,"e.g., Guntur Junction","e.g., Guntur Bus Stand","e.g., 25.5","e.g., 2000","e.g., JNTU Kakinada",https://example.com,+91-XXXXXXXXXX,info@college.edu,0,0,0,0,0,0,0,"TCS, Infosys, Wipro",0,
Maharaja Jajati Keshari Medical College and Hospital,,,Government,Virudhunagar,,,,,"e.g., Guntur Junction","e.g., Guntur Bus Stand","e.g., 25.5","e.g., 2000","e.g., JNTU Kakinada",https://example.com,+91-XXXXXXXXXX,info@college.edu,0,0,0,0,0,0,0,"TCS, Infosys, Wipro",0,
Maharajah Institute of Medical Sciences,,,Government,Virudhunagar,,,,,"e.g., Guntur Junction","e.g., Guntur Bus Stand","e.g., 25.5","e.g., 2000","e.g., JNTU Kakinada",https://example.com,+91-XXXXXXXXXX,info@college.edu,0,0,0,0,0,0,0,"TCS, Infosys, Wipro",0,
Maharani Laxmi Bai Medical College,,,Government,Virudhunagar,,,,,"e.g., Guntur Junction","e.g., Guntur Bus Stand","e.g., 25.5","e.g., 2000","e.g., JNTU Kakinada",https://example.com,+91-XXXXXXXXXX,info@college.edu,0,0,0,0,0,0,0,"TCS, Infosys, Wipro",0,
Maharashtra Institute of Medical Education & Research,,,Government,Virudhunagar,,,,,"e.g., Guntur Junction","e.g., Guntur Bus Stand","e.g., 25.5","e.g., 2000","e.g., JNTU Kakinada",https://example.com,+91-XXXXXXXXXX,info@college.edu,0,0,0,0,0,0,0,"TCS, Infosys, Wipro",0,
Maharashtra Institute of Medical Sciences & Research,,,Government,Virudhunagar,,,,,"e.g., Guntur Junction","e.g., Guntur Bus Stand","e.g., 25.5","e.g., 2000","e.g., JNTU Kakinada",https://example.com,+91-XXXXXXXXXX,info@college.edu,0,0,0,0,0,0,0,"TCS, Infosys, Wipro",0,
Maharishi Chyawan Medical College,,,Government,Virudhunagar,,,,,"e.g., Guntur Junction","e.g., Guntur Bus Stand","e.g., 25.5","e.g., 2000","e.g., JNTU Kakinada",https://example.com,+91-XXXXXXXXXX,info@college.edu,0,0,0,0,0,0,0,"TCS, Infosys, Wipro",0,
Maharishi Markandeshwar Institute Of Medical Sciences & Research,,,Government,Virudhunagar,,,,,"e.g., Guntur Junction","e.g., Guntur Bus Stand","e.g., 25.5","e.g., 2000","e.g., JNTU Kakinada",https://example.com,+91-XXXXXXXXXX,info@college.edu,0,0,0,0,0,0,0,"TCS, Infosys, Wipro",0,
Maharishi Markandeshwar Medical College & Hospital,,,Government,Virudhunagar,,,,,"e.g., Guntur Junction","e.g., Guntur Bus Stand","e.g., 25.5","e.g., 2000","e.g., JNTU Kakinada",https://example.com,+91-XXXXXXXXXX,info@college.edu,0,0,0,0,0,0,0,"TCS, Infosys, Wipro",0,
Maharshi Devraha Baba Autonomous State Medical College,,,Government,Virudhunagar,,,,,"e.g., Guntur Junction","e.g., Guntur Bus Stand","e.g., 25.5","e.g., 2000","e.g., JNTU Kakinada",https://example.com,+91-XXXXXXXXXX,info@college.edu,0,0,0,0,0,0,0,"TCS, Infosys, Wipro",0,
Mahatma Gandhi Medical College & Research Institute,,,Government,Virudhunagar,,,,,"e.g., Guntur Junction","e.g., Guntur Bus Stand","e.g., 25.5","e.g., 2000","e.g., JNTU Kakinada",https://example.com,+91-XXXXXXXXXX,info@college.edu,0,0,0,0,0,0,0,"TCS, Infosys, Wipro",0,
Mahatma Gandhi Medical College and Hospital,,,Government,Virudhunagar,,,,,"e.g., Guntur Junction","e.g., Guntur Bus Stand","e.g., 25.5","e.g., 2000","e.g., JNTU Kakinada",https://example.com,+91-XXXXXXXXXX,info@college.edu,0,0,0,0,0,0,0,"TCS, Infosys, Wipro",0,
Mahatma Gandhi Mission Medical College,,,Government,Virudhunagar,,,,,"e.g., Guntur Junction","e.g., Guntur Bus Stand","e.g., 25.5","e.g., 2000","e.g., JNTU Kakinada",https://example.com,+91-XXXXXXXXXX,info@college.edu,0,0,0,0,0,0,0,"TCS, Infosys, Wipro",0,
Mahatma Gandhi Missions Medical College,,,Government,Virudhunagar,,,,,"e.g., Guntur Junction","e.g., Guntur Bus Stand","e.g., 25.5","e.g., 2000","e.g., JNTU Kakinada",https://example.com,+91-XXXXXXXXXX,info@college.edu,0,0,0,0,0,0,0,"TCS, Infosys, Wipro",0,
Mahatma Vidur Autonomous State Medical College,,,Government,Virudhunagar,,,,,"e.g., Guntur Junction","e.g., Guntur Bus Stand","e.g., 25.5","e.g., 2000","e.g., JNTU Kakinada",https://example.com,+91-XXXXXXXXXX,info@college.edu,0,0,0,0,0,0,0,"TCS, Infosys, Wipro",0,
Mahaveer Institute of Medical Sciences & Research,,,Government,Virudhunagar,,,,,"e.g., Guntur Junction","e.g., Guntur Bus Stand","e.g., 25.5","e.g., 2000","e.g., JNTU Kakinada",https://example.com,+91-XXXXXXXXXX,info@college.edu,0,0,0,0,0,0,0,"TCS, Infosys, Wipro",0,
Mahavir Institute of Medical Sciences,,,Government,Virudhunagar,,,,,"e.g., Guntur Junction","e.g., Guntur Bus Stand","e.g., 25.5","e.g., 2000","e.g., JNTU Kakinada",https://example.com,+91-XXXXXXXXXX,info@college.edu,0,0,0,0,0,0,0,"TCS, Infosys, Wipro",0,
Maheshwara Medical College,,,Government,Virudhunagar,,,,,"e.g., Guntur Junction","e.g., Guntur Bus Stand","e.g., 25.5","e.g., 2000","e.g., JNTU Kakinada",https://example.com,+91-XXXXXXXXXX,info@college.edu,0,0,0,0,0,0,0,"TCS, Infosys, Wipro",0,
Major S D Singh Medical College and Hospital,,,Government,Virudhunagar,,,,,"e.g., Guntur Junction","e.g., Guntur Bus Stand","e.g., 25.5","e.g., 2000","e.g., JNTU Kakinada",https://example.com,+91-XXXXXXXXXX,info@college.edu,0,0,0,0,0,0,0,"TCS, Infosys, Wipro",0,
Malabar Medical College,,,Government,Virudhunagar,,,,,"e.g., Guntur Junction","e.g., Guntur Bus Stand","e.g., 25.5","e.g., 2000","e.g., JNTU Kakinada",https://example.com,+91-XXXXXXXXXX,info@college.edu,0,0,0,0,0,0,0,"TCS, Infosys, Wipro",0,
Malankara Orthodox Syrian Church Medical College,,,Government,Virudhunagar,,,,,"e.g., Guntur Junction","e.g., Guntur Bus Stand","e.g., 25.5","e.g., 2000","e.g., JNTU Kakinada",https://example.com,+91-XXXXXXXXXX,info@college.edu,0,0,0,0,0,0,0,"TCS, Infosys, Wipro",0,
Malda Medical College & Hospital,,,Government,Virudhunagar,,,,,"e.g., Guntur Junction","e.g., Guntur Bus Stand","e.g., 25.5","e.g., 2000","e.g., JNTU Kakinada",https://example.com,+91-XXXXXXXXXX,info@college.edu,0,0,0,0,0,0,0,"TCS, Infosys, Wipro",0,
Mallareddy Medical College for Women,,,Government,Virudhunagar,,,,,"e.g., Guntur Junction","e.g., Guntur Bus Stand","e.g., 25.5","e.g., 2000","e.g., JNTU Kakinada",https://example.com,+91-XXXXXXXXXX,info@college.edu,0,0,0,0,0,0,0,"TCS, Infosys, Wipro",0,
Mamata Academy of Medical Sciences,,,Government,Virudhunagar,,,,,"e.g., Guntur Junction","e.g., Guntur Bus Stand","e.g., 25.5","e.g., 2000","e.g., JNTU Kakinada",https://example.com,+91-XXXXXXXXXX,info@college.edu,0,0,0,0,0,0,0,"TCS, Infosys, Wipro",0,
Mamata Medical College,,,Government,Virudhunagar,,,,,"e.g., Guntur Junction","e.g., Guntur Bus Stand","e.g., 25.5","e.g., 2000","e.g., JNTU Kakinada",https://example.com,+91-XXXXXXXXXX,info@college.edu,0,0,0,0,0,0,0,"TCS, Infosys, Wipro",0,
Mandya Institute of Medical Sciences,,,Government,Virudhunagar,,,,,"e.g., Guntur Junction","e.g., Guntur Bus Stand","e.g., 25.5","e.g., 2000","e.g., JNTU Kakinada",https://example.com,+91-XXXXXXXXXX,info@college.edu,0,0,0,0,0,0,0,"TCS, Infosys, Wipro",0,
Manipal Tata Medical College,,,Government,Virudhunagar,,,,,"e.g., Guntur Junction","e.g., Guntur Bus Stand","e.g., 25.5","e.g., 2000","e.g., JNTU Kakinada",https://example.com,+91-XXXXXXXXXX,info@college.edu,0,0,0,0,0,0,0,"TCS, Infosys, Wipro",0,
Mata Gujri Memorial Medical College,,,Government,Virudhunagar,,,,,"e.g., Guntur Junction","e.g., Guntur Bus Stand","e.g., 25.5","e.g., 2000","e.g., JNTU Kakinada",https://example.com,+91-XXXXXXXXXX,info@college.edu,0,0,0,0,0,0,0,"TCS, Infosys, Wipro",0,
Matushri Prabhaben Khodabhai boghara medical college & research centre,,,Government,Virudhunagar,,,,,"e.g., Guntur Junction","e.g., Guntur Bus Stand","e.g., 25.5","e.g., 2000","e.g., JNTU Kakinada",https://example.com,+91-XXXXXXXXXX,info@college.edu,0,0,0,0,0,0,0,"TCS, Infosys, Wipro",0,
Maulana Azad Medical College,,,Government,Virudhunagar,,,,,"e.g., Guntur Junction","e.g., Guntur Bus Stand","e.g., 25.5","e.g., 2000","e.g., JNTU Kakinada",https://example.com,+91-XXXXXXXXXX,info@college.edu,0,0,0,0,0,0,0,"TCS, Infosys, Wipro",0,
Medical College,,,Government,Virudhunagar,,,,,"e.g., Guntur Junction","e.g., Guntur Bus Stand","e.g., 25.5","e.g., 2000","e.g., JNTU Kakinada",https://example.com,+91-XXXXXXXXXX,info@college.edu,0,0,0,0,0,0,0,"TCS, Infosys, Wipro",0,
Mediciti Institute Of Medical Sciences,,,Government,Virudhunagar,,,,,"e.g., Guntur Junction","e.g., Guntur Bus Stand","e.g., 25.5","e.g., 2000","e.g., JNTU Kakinada",https://example.com,+91-XXXXXXXXXX,info@college.edu,0,0,0,0,0,0,0,"TCS, Infosys, Wipro",0,
Meenakshi Medical College and Research Institute,,,Government,Virudhunagar,,,,,"e.g., Guntur Junction","e.g., Guntur Bus Stand","e.g., 25.5","e.g., 2000","e.g., JNTU Kakinada",https://example.com,+91-XXXXXXXXXX,info@college.edu,0,0,0,0,0,0,0,"TCS, Infosys, Wipro",0,
Melmaruvathur Adiparasakthi Instt. Medical Sciences and Research,,,Government,Virudhunagar,,,,,"e.g., Guntur Junction","e.g., Guntur Bus Stand","e.g., 25.5","e.g., 2000","e.g., JNTU Kakinada",https://example.com,+91-XXXXXXXXXX,info@college.edu,0,0,0,0,0,0,0,"TCS, Infosys, Wipro",0,
Midnapore Medical College,,,Government,Virudhunagar,,,,,"e.g., Guntur Junction","e.g., Guntur Bus Stand","e.g., 25.5","e.g., 2000","e.g., JNTU Kakinada",https://example.com,+91-XXXXXXXXXX,info@college.edu,0,0,0,0,0,0,0,"TCS, Infosys, Wipro",0,
Moti Lal Nehru Medical College,,,Government,Virudhunagar,,,,,"e.g., Guntur Junction","e.g., Guntur Bus Stand","e.g., 25.5","e.g., 2000","e.g., JNTU Kakinada",https://example.com,+91-XXXXXXXXXX,info@college.edu,0,0,0,0,0,0,0,"TCS, Infosys, Wipro",0,
Mount Zion Medical College,,,Government,Virudhunagar,,,,,"e.g., Guntur Junction","e.g., Guntur Bus Stand","e.g., 25.5","e.g., 2000","e.g., JNTU Kakinada",https://example.com,+91-XXXXXXXXXX,info@college.edu,0,0,0,0,0,0,0,"TCS, Infosys, Wipro",0,
Murshidabad Medical College & Hospitals,,,Government,Virudhunagar,,,,,"e.g., Guntur Junction","e.g., Guntur Bus Stand","e.g., 25.5","e.g., 2000","e.g., JNTU Kakinada",https://example.com,+91-XXXXXXXXXX,info@college.edu,0,0,0,0,0,0,0,"TCS, Infosys, Wipro",0,
Muzaffarnagar Medical College,,,Government,Virudhunagar,,,,,"e.g., Guntur Junction","e.g., Guntur Bus Stand","e.g., 25.5","e.g., 2000","e.g., JNTU Kakinada",https://example.com,+91-XXXXXXXXXX,info@college.edu,0,0,0,0,0,0,0,"TCS, Infosys, Wipro",0,
Mysore Medical College and Research Instt.,,,Government,Mysore,,,,,"e.g., Guntur Junction","e.g., Guntur Bus Stand","e.g., 25.5","e.g., 2000","e.g., JNTU Kakinada",https://example.com,+91-XXXXXXXXXX,info@college.edu,0,0,0,0,0,0,0,"TCS, Infosys, Wipro",0,
N. K. P. Salve Instt. of Medical Sciences and Research Centre and Lata Mangeshkar Hospital,,,Government,Virudhunagar,,,,,"e.g., Guntur Junction","e.g., Guntur Bus Stand","e.g., 25.5","e.g., 2000","e.g., JNTU Kakinada",https://example.com,+91-XXXXXXXXXX,info@college.edu,0,0,0,0,0,0,0,"TCS, Infosys, Wipro",0,
N.C. Medical College & Hospital,,,Government,Virudhunagar,,,,,"e.g., Guntur Junction","e.g., Guntur Bus Stand","e.g., 25.5","e.g., 2000","e.g., JNTU Kakinada",https://example.com,+91-XXXXXXXXXX,info@college.edu,0,0,0,0,0,0,0,"TCS, Infosys, Wipro",0,
NAMO Medical Education and Research Institute,,,Government,Virudhunagar,,,,,"e.g., Guntur Junction","e.g., Guntur Bus Stand","e.g., 25.5","e.g., 2000","e.g., JNTU Kakinada",https://example.com,+91-XXXXXXXXXX,info@college.edu,0,0,0,0,0,0,0,"TCS, Infosys, Wipro",0,
NRI Medical College,,,Government,Virudhunagar,,,,,"e.g., Guntur Junction","e.g., Guntur Bus Stand","e.g., 25.5","e.g., 2000","e.g., JNTU Kakinada",https://example.com,+91-XXXXXXXXXX,info@college.edu,0,0,0,0,0,0,0,"TCS, Infosys, Wipro",0,
Nagaland Institute of Medical Sciences & Research,,,Government,Virudhunagar,,,,,"e.g., Guntur Junction","e.g., Guntur Bus Stand","e.g., 25.5","e.g., 2000","e.g., JNTU Kakinada",https://example.com,+91-XXXXXXXXXX,info@college.edu,0,0,0,0,0,0,0,"TCS, Infosys, Wipro",0,
Nagaon Medical College,,,Government,Virudhunagar,,,,,"e.g., Guntur Junction","e.g., Guntur Bus Stand","e.g., 25.5","e.g., 2000","e.g., JNTU Kakinada",https://example.com,+91-XXXXXXXXXX,info@college.edu,0,0,0,0,0,0,0,"TCS, Infosys, Wipro",0,
Nalanda Medical College,,,Government,Nalanda,,,,,"e.g., Guntur Junction","e.g., Guntur Bus Stand","e.g., 25.5","e.g., 2000","e.g., JNTU Kakinada",https://example.com,+91-XXXXXXXXXX,info@college.edu,0,0,0,0,0,0,0,"TCS, Infosys, Wipro",0,
Nalbari Medical College,,,Government,Virudhunagar,,,,,"e.g., Guntur Junction","e.g., Guntur Bus Stand","e.g., 25.5","e.g., 2000","e.g., JNTU Kakinada",https://example.com,+91-XXXXXXXXXX,info@college.edu,0,0,0,0,0,0,0,"TCS, Infosys, Wipro",0,
Nandha Medical College & Hospital Erode,,,Government,Virudhunagar,,,,,"e.g., Guntur Junction","e.g., Guntur Bus Stand","e.g., 25.5","e.g., 2000","e.g., JNTU Kakinada",https://example.com,+91-XXXXXXXXXX,info@college.edu,0,0,0,0,0,0,0,"TCS, Infosys, Wipro",0,
Nandi Medical College and Research Institute,,,Government,Virudhunagar,,,,,"e.g., Guntur Junction","e.g., Guntur Bus Stand","e.g., 25.5","e.g., 2000","e.g., JNTU Kakinada",https://example.com,+91-XXXXXXXXXX,info@college.edu,0,0,0,0,0,0,0,"TCS, Infosys, Wipro",0,
Naraina Medical College & Research Centre,,,Government,Virudhunagar,,,,,"e.g., Guntur Junction","e.g., Guntur Bus Stand","e.g., 25.5","e.g., 2000","e.g., JNTU Kakinada",https://example.com,+91-XXXXXXXXXX,info@college.edu,0,0,0,0,0,0,0,"TCS, Infosys, Wipro",0,
Narayan Medical College & Hospital,,,Government,Virudhunagar,,,,,"e.g., Guntur Junction","e.g., Guntur Bus Stand","e.g., 25.5","e.g., 2000","e.g., JNTU Kakinada",https://example.com,+91-XXXXXXXXXX,info@college.edu,0,0,0,0,0,0,0,"TCS, Infosys, Wipro",0,
Narayana Medical College,,,Government,Virudhunagar,,,,,"e.g., Guntur Junction","e.g., Guntur Bus Stand","e.g., 25.5","e.g., 2000","e.g., JNTU Kakinada",https://example.com,+91-XXXXXXXXXX,info@college.edu,0,0,0,0,0,0,0,"TCS, Infosys, Wipro",0,
Narendra Modi Medical College,,,Government,Virudhunagar,,,,,"e.g., Guntur Junction","e.g., Guntur Bus Stand","e.g., 25.5","e.g., 2000","e.g., JNTU Kakinada",https://example.com,+91-XXXXXXXXXX,info@college.edu,0,0,0,0,0,0,0,"TCS, Infosys, Wipro",0,
National Capital Region Institute of Medical Sciences,,,Government,Virudhunagar,,,,,"e.g., Guntur Junction","e.g., Guntur Bus Stand","e.g., 25.5","e.g., 2000","e.g., JNTU Kakinada",https://example.com,+91-XXXXXXXXXX,info@college.edu,0,0,0,0,0,0,0,"TCS, Infosys, Wipro",0,
National Institute of Medical Science & Research,,,Government,Virudhunagar,,,,,"e.g., Guntur Junction","e.g., Guntur Bus Stand","e.g., 25.5","e.g., 2000","e.g., JNTU Kakinada",https://example.com,+91-XXXXXXXXXX,info@college.edu,0,0,0,0,0,0,0,"TCS, Infosys, Wipro",0,
Navodaya Medical College,,,Government,Virudhunagar,,,,,"e.g., Guntur Junction","e.g., Guntur Bus Stand","e.g., 25.5","e.g., 2000","e.g., JNTU Kakinada",https://example.com,+91-XXXXXXXXXX,info@college.edu,0,0,0,0,0,0,0,"TCS, Infosys, Wipro",0,
Neelima Institute of Medical Sciences,,,Government,Virudhunagar,,,,,"e.g., Guntur Junction","e.g., Guntur Bus Stand","e.g., 25.5","e.g., 2000","e.g., JNTU Kakinada",https://example.com,+91-XXXXXXXXXX,info@college.edu,0,0,0,0,0,0,0,"TCS, Infosys, Wipro",0,
Netaji Subhas Medical College & Hospital,,,Government,Virudhunagar,,,,,"e.g., Guntur Junction","e.g., Guntur Bus Stand","e.g., 25.5","e.g., 2000","e.g., JNTU Kakinada",https://example.com,+91-XXXXXXXXXX,info@college.edu,0,0,0,0,0,0,0,"TCS, Infosys, Wipro",0,
Netaji Subhash Chandra Bose Medical College,,,Government,Virudhunagar,,,,,"e.g., Guntur Junction","e.g., Guntur Bus Stand","e.g., 25.5","e.g., 2000","e.g., JNTU Kakinada",https://example.com,+91-XXXXXXXXXX,info@college.edu,0,0,0,0,0,0,0,"TCS, Infosys, Wipro",0,
Nilratan Sircar Medical College,,,Government,Virudhunagar,,,,,"e.g., Guntur Junction","e.g., Guntur Bus Stand","e.g., 25.5","e.g., 2000","e.g., JNTU Kakinada",https://example.com,+91-XXXXXXXXXX,info@college.edu,0,0,0,0,0,0,0,"TCS, Infosys, Wipro",0,
Nimra Institute of Medical Sciences,,,Government,Virudhunagar,,,,,"e.g., Guntur Junction","e.g., Guntur Bus Stand","e.g., 25.5","e.g., 2000","e.g., JNTU Kakinada",https://example.com,+91-XXXXXXXXXX,info@college.edu,0,0,0,0,0,0,0,"TCS, Infosys, Wipro",0,
Noida International Institute Of Medical Sciences,,,Government,Virudhunagar,,,,,"e.g., Guntur Junction","e.g., Guntur Bus Stand","e.g., 25.5","e.g., 2000","e.g., JNTU Kakinada",https://example.com,+91-XXXXXXXXXX,info@college.edu,0,0,0,0,0,0,0,"TCS, Infosys, Wipro",0,
Nootan Medical College and Research Centre,,,Government,Virudhunagar,,,,,"e.g., Guntur Junction","e.g., Guntur Bus Stand","e.g., 25.5","e.g., 2000","e.g., JNTU Kakinada",https://example.com,+91-XXXXXXXXXX,info@college.edu,0,0,0,0,0,0,0,"TCS, Infosys, Wipro",0,
North Bengal Medical College,,,Government,Virudhunagar,,,,,"e.g., Guntur Junction","e.g., Guntur Bus Stand","e.g., 25.5","e.g., 2000","e.g., JNTU Kakinada",https://example.com,+91-XXXXXXXXXX,info@college.edu,0,0,0,0,0,0,0,"TCS, Infosys, Wipro",0,
North Delhi Muncipal Corporation Medical College,,,Government,Virudhunagar,,,,,"e.g., Guntur Junction","e.g., Guntur Bus Stand","e.g., 25.5","e.g., 2000","e.g., JNTU Kakinada",https://example.com,+91-XXXXXXXXXX,info@college.edu,0,0,0,0,0,0,0,"TCS, Infosys, Wipro",0,
North Eastern Indira Gandhi Regional Instt. of Health and Medical Sciences,,,Government,Virudhunagar,,,,,"e.g., Guntur Junction","e.g., Guntur Bus Stand","e.g., 25.5","e.g., 2000","e.g., JNTU Kakinada",https://example.com,+91-XXXXXXXXXX,info@college.edu,0,0,0,0,0,0,0,"TCS, Infosys, Wipro",0,
Nova Institute of Medical Sciences and Research Centre,,,Government,Virudhunagar,,,,,"e.g., Guntur Junction","e.g., Guntur Bus Stand","e.g., 25.5","e.g., 2000","e.g., JNTU Kakinada",https://example.com,+91-XXXXXXXXXX,info@college.edu,0,0,0,0,0,0,0,"TCS, Infosys, Wipro",0,
Osmania Medical College,,,Government,Virudhunagar,,,,,"e.g., Guntur Junction","e.g., Guntur Bus Stand","e.g., 25.5","e.g., 2000","e.g., JNTU Kakinada",https://example.com,+91-XXXXXXXXXX,info@college.edu,0,0,0,0,0,0,0,"TCS, Infosys, Wipro",0,
P E S Institute Of Medical Sciences and Research,,,Government,Virudhunagar,,,,,"e.g., Guntur Junction","e.g., Guntur Bus Stand","e.g., 25.5","e.g., 2000","e.g., JNTU Kakinada",https://example.com,+91-XXXXXXXXXX,info@college.edu,0,0,0,0,0,0,0,"TCS, Infosys, Wipro",0,
P K Das Institute of Medical Sciences,,,Government,Virudhunagar,,,,,"e.g., Guntur Junction","e.g., Guntur Bus Stand","e.g., 25.5","e.g., 2000","e.g., JNTU Kakinada",https://example.com,+91-XXXXXXXXXX,info@college.edu,0,0,0,0,0,0,0,"TCS, Infosys, Wipro",0,
PA Sangma International Medical College & Hospital,,,Government,Virudhunagar,,,,,"e.g., Guntur Junction","e.g., Guntur Bus Stand","e.g., 25.5","e.g., 2000","e.g., JNTU Kakinada",https://example.com,+91-XXXXXXXXXX,info@college.edu,0,0,0,0,0,0,0,"TCS, Infosys, Wipro",0,
PABITRA MOHAN PRADHAN MEDICAL COLLEGE,,,Government,Virudhunagar,,,,,"e.g., Guntur Junction","e.g., Guntur Bus Stand","e.g., 25.5","e.g., 2000","e.g., JNTU Kakinada",https://example.com,+91-XXXXXXXXXX,info@college.edu,0,0,0,0,0,0,0,"TCS, Infosys, Wipro",0,
PES University Institute of Medical Sciences and Reseach Bangalore,,,Government,Virudhunagar,,,,,"e.g., Guntur Junction","e.g., Guntur Bus Stand","e.g., 25.5","e.g., 2000","e.g., JNTU Kakinada",https://example.com,+91-XXXXXXXXXX,info@college.edu,0,0,0,0,0,0,0,"TCS, Infosys, Wipro",0,
PKG MEDICAL COLLEGE,,,Government,Virudhunagar,,,,,"e.g., Guntur Junction","e.g., Guntur Bus Stand","e.g., 25.5","e.g., 2000","e.g., JNTU Kakinada",https://example.com,+91-XXXXXXXXXX,info@college.edu,0,0,0,0,0,0,0,"TCS, Infosys, Wipro",0,
PSG Institute of Medical Sciences,,,Government,Virudhunagar,,,,,"e.g., Guntur Junction","e.g., Guntur Bus Stand","e.g., 25.5","e.g., 2000","e.g., JNTU Kakinada",https://example.com,+91-XXXXXXXXXX,info@college.edu,0,0,0,0,0,0,0,"TCS, Infosys, Wipro",0,
PSP Medical College Hospital and Research Institute,,,Government,Virudhunagar,,,,,"e.g., Guntur Junction","e.g., Guntur Bus Stand","e.g., 25.5","e.g., 2000","e.g., JNTU Kakinada",https://example.com,+91-XXXXXXXXXX,info@college.edu,0,0,0,0,0,0,0,"TCS, Infosys, Wipro",0,
PT NEKI RAM SHARMA GOVERNMENT MEDICAL COLLEGE,,,Government,Virudhunagar,,,,,"e.g., Guntur Junction","e.g., Guntur Bus Stand","e.g., 25.5","e.g., 2000","e.g., JNTU Kakinada",https://example.com,+91-XXXXXXXXXX,info@college.edu,0,0,0,0,0,0,0,"TCS, Infosys, Wipro",0,
Pacific Medical College & Hospital,,,Government,Virudhunagar,,,,,"e.g., Guntur Junction","e.g., Guntur Bus Stand","e.g., 25.5","e.g., 2000","e.g., JNTU Kakinada",https://example.com,+91-XXXXXXXXXX,info@college.edu,0,0,0,0,0,0,0,"TCS, Infosys, Wipro",0,
Padmashree Dr. D.Y.Patil Medical College,,,Government,Virudhunagar,,,,,"e.g., Guntur Junction","e.g., Guntur Bus Stand","e.g., 25.5","e.g., 2000","e.g., JNTU Kakinada",https://example.com,+91-XXXXXXXXXX,info@college.edu,0,0,0,0,0,0,0,"TCS, Infosys, Wipro",0,
Palakkad Institute of Medical Sciences,,,Government,Virudhunagar,,,,,"e.g., Guntur Junction","e.g., Guntur Bus Stand","e.g., 25.5","e.g., 2000","e.g., JNTU Kakinada",https://example.com,+91-XXXXXXXXXX,info@college.edu,0,0,0,0,0,0,0,"TCS, Infosys, Wipro",0,
Palamu Medical College,,,Government,Virudhunagar,,,,,"e.g., Guntur Junction","e.g., Guntur Bus Stand","e.g., 25.5","e.g., 2000","e.g., JNTU Kakinada",https://example.com,+91-XXXXXXXXXX,info@college.edu,0,0,0,0,0,0,0,"TCS, Infosys, Wipro",0,
Pandit Deendayal Upadhyay Medical College,,,Government,Virudhunagar,,,,,"e.g., Guntur Junction","e.g., Guntur Bus Stand","e.g., 25.5","e.g., 2000","e.g., JNTU Kakinada",https://example.com,+91-XXXXXXXXXX,info@college.edu,0,0,0,0,0,0,0,"TCS, Infosys, Wipro",0,
Panimalar Medical College Hospital & Research Institute,,,Government,Virudhunagar,,,,,"e.g., Guntur Junction","e.g., Guntur Bus Stand","e.g., 25.5","e.g., 2000","e.g., JNTU Kakinada",https://example.com,+91-XXXXXXXXXX,info@college.edu,0,0,0,0,0,0,0,"TCS, Infosys, Wipro",0,
Parbhani Medical College,,,Government,Virudhunagar,,,,,"e.g., Guntur Junction","e.g., Guntur Bus Stand","e.g., 25.5","e.g., 2000","e.g., JNTU Kakinada",https://example.com,+91-XXXXXXXXXX,info@college.edu,0,0,0,0,0,0,0,"TCS, Infosys, Wipro",0,
Parul Institute of Medical Sciences & Research,,,Government,Virudhunagar,,,,,"e.g., Guntur Junction","e.g., Guntur Bus Stand","e.g., 25.5","e.g., 2000","e.g., JNTU Kakinada",https://example.com,+91-XXXXXXXXXX,info@college.edu,0,0,0,0,0,0,0,"TCS, Infosys, Wipro",0,
Patna Medical College,,,Government,Patna,,,,,"e.g., Guntur Junction","e.g., Guntur Bus Stand","e.g., 25.5","e.g., 2000","e.g., JNTU Kakinada",https://example.com,+91-XXXXXXXXXX,info@college.edu,0,0,0,0,0,0,0,"TCS, Infosys, Wipro",0,
Peoples College of Medical Sciences & Research Centre,,,Government,Virudhunagar,,,,,"e.g., Guntur Junction","e.g., Guntur Bus Stand","e.g., 25.5","e.g., 2000","e.g., JNTU Kakinada",https://example.com,+91-XXXXXXXXXX,info@college.edu,0,0,0,0,0,0,0,"TCS, Infosys, Wipro",0,
Pondicherry Institute of Medical Sciences & Research,,,Government,Virudhunagar,,,,,"e.g., Guntur Junction","e.g., Guntur Bus Stand","e.g., 25.5","e.g., 2000","e.g., JNTU Kakinada",https://example.com,+91-XXXXXXXXXX,info@college.edu,0,0,0,0,0,0,0,"TCS, Infosys, Wipro",0,
Prafulla Chandra Sen Government Medical College & Hospital,,,Government,Virudhunagar,,,,,"e.g., Guntur Junction","e.g., Guntur Bus Stand","e.g., 25.5","e.g., 2000","e.g., JNTU Kakinada",https://example.com,+91-XXXXXXXXXX,info@college.edu,0,0,0,0,0,0,0,"TCS, Infosys, Wipro",0,
Pragjyotishpur Medical College,,,Government,Virudhunagar,,,,,"e.g., Guntur Junction","e.g., Guntur Bus Stand","e.g., 25.5","e.g., 2000","e.g., JNTU Kakinada",https://example.com,+91-XXXXXXXXXX,info@college.edu,0,0,0,0,0,0,0,"TCS, Infosys, Wipro",0,
Prakash Institute of Medical Sciences & Research,,,Government,Virudhunagar,,,,,"e.g., Guntur Junction","e.g., Guntur Bus Stand","e.g., 25.5","e.g., 2000","e.g., JNTU Kakinada",https://example.com,+91-XXXXXXXXXX,info@college.edu,0,0,0,0,0,0,0,"TCS, Infosys, Wipro",0,
Pramukhswami Medical College,,,Government,Virudhunagar,,,,,"e.g., Guntur Junction","e.g., Guntur Bus Stand","e.g., 25.5","e.g., 2000","e.g., JNTU Kakinada",https://example.com,+91-XXXXXXXXXX,info@college.edu,0,0,0,0,0,0,0,"TCS, Infosys, Wipro",0,
Prasad Institute of Medical Sciences,,,Government,Virudhunagar,,,,,"e.g., Guntur Junction","e.g., Guntur Bus Stand","e.g., 25.5","e.g., 2000","e.g., JNTU Kakinada",https://example.com,+91-XXXXXXXXXX,info@college.edu,0,0,0,0,0,0,0,"TCS, Infosys, Wipro",0,
Prathima Institute Of Medical Sciences,,,Government,Virudhunagar,,,,,"e.g., Guntur Junction","e.g., Guntur Bus Stand","e.g., 25.5","e.g., 2000","e.g., JNTU Kakinada",https://example.com,+91-XXXXXXXXXX,info@college.edu,0,0,0,0,0,0,0,"TCS, Infosys, Wipro",0,
Prathima Relief Institue of Medical Sciences,,,Government,Virudhunagar,,,,,"e.g., Guntur Junction","e.g., Guntur Bus Stand","e.g., 25.5","e.g., 2000","e.g., JNTU Kakinada",https://example.com,+91-XXXXXXXXXX,info@college.edu,0,0,0,0,0,0,0,"TCS, Infosys, Wipro",0,
Pt. B D Sharma Postgraduate Institute of Medical Sciences,,,Government,Virudhunagar,,,,,"e.g., Guntur Junction","e.g., Guntur Bus Stand","e.g., 25.5","e.g., 2000","e.g., JNTU Kakinada",https://example.com,+91-XXXXXXXXXX,info@college.edu,0,0,0,0,0,0,0,"TCS, Infosys, Wipro",0,
Pt. J N M Medical College,,,Government,Virudhunagar,,,,,"e.g., Guntur Junction","e.g., Guntur Bus Stand","e.g., 25.5","e.g., 2000","e.g., JNTU Kakinada",https://example.com,+91-XXXXXXXXXX,info@college.edu,0,0,0,0,0,0,0,"TCS, Infosys, Wipro",0,
Pt. Jawahar Lal Nehru Government Medical College,,,Government,Virudhunagar,,,,,"e.g., Guntur Junction","e.g., Guntur Bus Stand","e.g., 25.5","e.g., 2000","e.g., JNTU Kakinada",https://example.com,+91-XXXXXXXXXX,info@college.edu,0,0,0,0,0,0,0,"TCS, Infosys, Wipro",0,
Pt. Raghunath Murmu Medical College and Hospital,,,Government,Virudhunagar,,,,,"e.g., Guntur Junction","e.g., Guntur Bus Stand","e.g., 25.5","e.g., 2000","e.g., JNTU Kakinada",https://example.com,+91-XXXXXXXXXX,info@college.edu,0,0,0,0,0,0,0,"TCS, Infosys, Wipro",0,
Punjab Institute of Medical Sciences,,,Government,Virudhunagar,,,,,"e.g., Guntur Junction","e.g., Guntur Bus Stand","e.g., 25.5","e.g., 2000","e.g., JNTU Kakinada",https://example.com,+91-XXXXXXXXXX,info@college.edu,0,0,0,0,0,0,0,"TCS, Infosys, Wipro",0,
Purulia Government Medical College & Hospital,,,Government,Virudhunagar,,,,,"e.g., Guntur Junction","e.g., Guntur Bus Stand","e.g., 25.5","e.g., 2000","e.g., JNTU Kakinada",https://example.com,+91-XXXXXXXXXX,info@college.edu,0,0,0,0,0,0,0,"TCS, Infosys, Wipro",0,
Pushpagiri Institute Of Medical Sciences and Research Centre,,,Government,Virudhunagar,,,,,"e.g., Guntur Junction","e.g., Guntur Bus Stand","e.g., 25.5","e.g., 2000","e.g., JNTU Kakinada",https://example.com,+91-XXXXXXXXXX,info@college.edu,0,0,0,0,0,0,0,"TCS, Infosys, Wipro",0,
R N T Medical College,,,Government,Virudhunagar,,,,,"e.g., Guntur Junction","e.g., Guntur Bus Stand","e.g., 25.5","e.g., 2000","e.g., JNTU Kakinada",https://example.com,+91-XXXXXXXXXX,info@college.edu,0,0,0,0,0,0,0,"TCS, Infosys, Wipro",0,
R.V.M. Institute of Medical Sciences and Research Centre,,,Government,Virudhunagar,,,,,"e.g., Guntur Junction","e.g., Guntur Bus Stand","e.g., 25.5","e.g., 2000","e.g., JNTU Kakinada",https://example.com,+91-XXXXXXXXXX,info@college.edu,0,0,0,0,0,0,0,"TCS, Infosys, Wipro",0,
RANIGANJ INSTITUTE OF MEDICAL SCIENCE,,,Government,Virudhunagar,,,,,"e.g., Guntur Junction","e.g., Guntur Bus Stand","e.g., 25.5","e.g., 2000","e.g., JNTU Kakinada",https://example.com,+91-XXXXXXXXXX,info@college.edu,0,0,0,0,0,0,0,"TCS, Infosys, Wipro",0,
RG Kar Medical College,,,Government,Virudhunagar,,,,,"e.g., Guntur Junction","e.g., Guntur Bus Stand","e.g., 25.5","e.g., 2000","e.g., JNTU Kakinada",https://example.com,+91-XXXXXXXXXX,info@college.edu,0,0,0,0,0,0,0,"TCS, Infosys, Wipro",0,
RIMT Medical College and Hospital,,,Government,Virudhunagar,,,,,"e.g., Guntur Junction","e.g., Guntur Bus Stand","e.g., 25.5","e.g., 2000","e.g., JNTU Kakinada",https://example.com,+91-XXXXXXXXXX,info@college.edu,0,0,0,0,0,0,0,"TCS, Infosys, Wipro",0,
RKDF Medical College Hospital & Research Centre,,,Government,Virudhunagar,,,,,"e.g., Guntur Junction","e.g., Guntur Bus Stand","e.g., 25.5","e.g., 2000","e.g., JNTU Kakinada",https://example.com,+91-XXXXXXXXXX,info@college.edu,0,0,0,0,0,0,0,"TCS, Infosys, Wipro",0,
RUHS College of Medical Sciences,,,Government,Virudhunagar,,,,,"e.g., Guntur Junction","e.g., Guntur Bus Stand","e.g., 25.5","e.g., 2000","e.g., JNTU Kakinada",https://example.com,+91-XXXXXXXXXX,info@college.edu,0,0,0,0,0,0,0,"TCS, Infosys, Wipro",0,
Radha Devi Jageshwari Memorial Medical College and Hospital,,,Government,Virudhunagar,,,,,"e.g., Guntur Junction","e.g., Guntur Bus Stand","e.g., 25.5","e.g., 2000","e.g., JNTU Kakinada",https://example.com,+91-XXXXXXXXXX,info@college.edu,0,0,0,0,0,0,0,"TCS, Infosys, Wipro",0,
Raichur Institute of Medical Sciences,,,Government,Virudhunagar,,,,,"e.g., Guntur Junction","e.g., Guntur Bus Stand","e.g., 25.5","e.g., 2000","e.g., JNTU Kakinada",https://example.com,+91-XXXXXXXXXX,info@college.edu,0,0,0,0,0,0,0,"TCS, Infosys, Wipro",0,
Raiganj Government Medical College & Hospital,,,Government,Virudhunagar,,,,,"e.g., Guntur Junction","e.g., Guntur Bus Stand","e.g., 25.5","e.g., 2000","e.g., JNTU Kakinada",https://example.com,+91-XXXXXXXXXX,info@college.edu,0,0,0,0,0,0,0,"TCS, Infosys, Wipro",0,
Raipur Institute of Medical Sciences,,,Government,Raipur,,,,,"e.g., Guntur Junction","e.g., Guntur Bus Stand","e.g., 25.5","e.g., 2000","e.g., JNTU Kakinada",https://example.com,+91-XXXXXXXXXX,info@college.edu,0,0,0,0,0,0,0,"TCS, Infosys, Wipro",0,
Rajarajeswari Medical College & Hospital,,,Government,Virudhunagar,,,,,"e.g., Guntur Junction","e.g., Guntur Bus Stand","e.g., 25.5","e.g., 2000","e.g., JNTU Kakinada",https://example.com,+91-XXXXXXXXXX,info@college.edu,0,0,0,0,0,0,0,"TCS, Infosys, Wipro",0,
Rajashree Chatrapati Shahu Maharaj Government Medical College,,,Government,Virudhunagar,,,,,"e.g., Guntur Junction","e.g., Guntur Bus Stand","e.g., 25.5","e.g., 2000","e.g., JNTU Kakinada",https://example.com,+91-XXXXXXXXXX,info@college.edu,0,0,0,0,0,0,0,"TCS, Infosys, Wipro",0,
Rajendra Institute of Medical Sciences,,,Government,Virudhunagar,,,,,"e.g., Guntur Junction","e.g., Guntur Bus Stand","e.g., 25.5","e.g., 2000","e.g., JNTU Kakinada",https://example.com,+91-XXXXXXXXXX,info@college.edu,0,0,0,0,0,0,0,"TCS, Infosys, Wipro",0,
Rajiv Gandhi Institute of Medical Sciences,,,Government,Virudhunagar,,,,,"e.g., Guntur Junction","e.g., Guntur Bus Stand","e.g., 25.5","e.g., 2000","e.g., JNTU Kakinada",https://example.com,+91-XXXXXXXXXX,info@college.edu,0,0,0,0,0,0,0,"TCS, Infosys, Wipro",0,
Rajiv Gandhi Medical College and Chhatrapati Shivaji Maharaj Hospital,,,Government,Virudhunagar,,,,,"e.g., Guntur Junction","e.g., Guntur Bus Stand","e.g., 25.5","e.g., 2000","e.g., JNTU Kakinada",https://example.com,+91-XXXXXXXXXX,info@college.edu,0,0,0,0,0,0,0,"TCS, Infosys, Wipro",0,
Rajkiya Allopathic Medical College,,,Government,Virudhunagar,,,,,"e.g., Guntur Junction","e.g., Guntur Bus Stand","e.g., 25.5","e.g., 2000","e.g., JNTU Kakinada",https://example.com,+91-XXXXXXXXXX,info@college.edu,0,0,0,0,0,0,0,"TCS, Infosys, Wipro",0,
Rajmata Shrimati Devendra kumari Singhdeo Government Medical College,,,Government,Virudhunagar,,,,,"e.g., Guntur Junction","e.g., Guntur Bus Stand","e.g., 25.5","e.g., 2000","e.g., JNTU Kakinada",https://example.com,+91-XXXXXXXXXX,info@college.edu,0,0,0,0,0,0,0,"TCS, Infosys, Wipro",0,
Rajshree Medical Research Institute,,,Government,Virudhunagar,,,,,"e.g., Guntur Junction","e.g., Guntur Bus Stand","e.g., 25.5","e.g., 2000","e.g., JNTU Kakinada",https://example.com,+91-XXXXXXXXXX,info@college.edu,0,0,0,0,0,0,0,"TCS, Infosys, Wipro",0,
Ram Krishna College Hospital & Research Centre,,,Government,Virudhunagar,,,,,"e.g., Guntur Junction","e.g., Guntur Bus Stand","e.g., 25.5","e.g., 2000","e.g., JNTU Kakinada",https://example.com,+91-XXXXXXXXXX,info@college.edu,0,0,0,0,0,0,0,"TCS, Infosys, Wipro",0,
Rama Medical College Hospital and Research Centre,,,Government,Virudhunagar,,,,,"e.g., Guntur Junction","e.g., Guntur Bus Stand","e.g., 25.5","e.g., 2000","e.g., JNTU Kakinada",https://example.com,+91-XXXXXXXXXX,info@college.edu,0,0,0,0,0,0,0,"TCS, Infosys, Wipro",0,
Rama Medical College and Hospital,,,Government,Virudhunagar,,,,,"e.g., Guntur Junction","e.g., Guntur Bus Stand","e.g., 25.5","e.g., 2000","e.g., JNTU Kakinada",https://example.com,+91-XXXXXXXXXX,info@college.edu,0,0,0,0,0,0,0,"TCS, Infosys, Wipro",0,
Rampurhat Government Medical College & Hospital,,,Government,Virudhunagar,,,,,"e.g., Guntur Junction","e.g., Guntur Bus Stand","e.g., 25.5","e.g., 2000","e.g., JNTU Kakinada",https://example.com,+91-XXXXXXXXXX,info@college.edu,0,0,0,0,0,0,0,"TCS, Infosys, Wipro",0,
Rangaraya Medical College,,,Government,Virudhunagar,,,,,"e.g., Guntur Junction","e.g., Guntur Bus Stand","e.g., 25.5","e.g., 2000","e.g., JNTU Kakinada",https://example.com,+91-XXXXXXXXXX,info@college.edu,0,0,0,0,0,0,0,"TCS, Infosys, Wipro",0,
Regional Institute of Medical Sciences,,,Government,Virudhunagar,,,,,"e.g., Guntur Junction","e.g., Guntur Bus Stand","e.g., 25.5","e.g., 2000","e.g., JNTU Kakinada",https://example.com,+91-XXXXXXXXXX,info@college.edu,0,0,0,0,0,0,0,"TCS, Infosys, Wipro",0,
Rohilkhand Medical College & Hospital,,,Government,Virudhunagar,,,,,"e.g., Guntur Junction","e.g., Guntur Bus Stand","e.g., 25.5","e.g., 2000","e.g., JNTU Kakinada",https://example.com,+91-XXXXXXXXXX,info@college.edu,0,0,0,0,0,0,0,"TCS, Infosys, Wipro",0,
Rural Medical College,,,Government,Virudhunagar,,,,,"e.g., Guntur Junction","e.g., Guntur Bus Stand","e.g., 25.5","e.g., 2000","e.g., JNTU Kakinada",https://example.com,+91-XXXXXXXXXX,info@college.edu,0,0,0,0,0,0,0,"TCS, Infosys, Wipro",0,
Ruxmaniben Deepchand Gardi Medical College,,,Government,Virudhunagar,,,,,"e.g., Guntur Junction","e.g., Guntur Bus Stand","e.g., 25.5","e.g., 2000","e.g., JNTU Kakinada",https://example.com,+91-XXXXXXXXXX,info@college.edu,0,0,0,0,0,0,0,"TCS, Infosys, Wipro",0,
S N Medical College,,,Government,Virudhunagar,,,,,"e.g., Guntur Junction","e.g., Guntur Bus Stand","e.g., 25.5","e.g., 2000","e.g., JNTU Kakinada",https://example.com,+91-XXXXXXXXXX,info@college.edu,0,0,0,0,0,0,0,"TCS, Infosys, Wipro",0,
S S Institute of Medical Sciences& Research Centre,,,Government,Virudhunagar,,,,,"e.g., Guntur Junction","e.g., Guntur Bus Stand","e.g., 25.5","e.g., 2000","e.g., JNTU Kakinada",https://example.com,+91-XXXXXXXXXX,info@college.edu,0,0,0,0,0,0,0,"TCS, Infosys, Wipro",0,
S V Medical College,,,Government,Virudhunagar,,,,,"e.g., Guntur Junction","e.g., Guntur Bus Stand","e.g., 25.5","e.g., 2000","e.g., JNTU Kakinada",https://example.com,+91-XXXXXXXXXX,info@college.edu,0,0,0,0,0,0,0,"TCS, Infosys, Wipro",0,
S V S Medical College,,,Government,Virudhunagar,,,,,"e.g., Guntur Junction","e.g., Guntur Bus Stand","e.g., 25.5","e.g., 2000","e.g., JNTU Kakinada",https://example.com,+91-XXXXXXXXXX,info@college.edu,0,0,0,0,0,0,0,"TCS, Infosys, Wipro",0,
S. Nijalingappa Medical College & HSK Hospital & Research Centre,,,Government,Virudhunagar,,,,,"e.g., Guntur Junction","e.g., Guntur Bus Stand","e.g., 25.5","e.g., 2000","e.g., JNTU Kakinada",https://example.com,+91-XXXXXXXXXX,info@college.edu,0,0,0,0,0,0,0,"TCS, Infosys, Wipro",0,
SAL Institute of Medical Sciences,,,Government,Virudhunagar,,,,,"e.g., Guntur Junction","e.g., Guntur Bus Stand","e.g., 25.5","e.g., 2000","e.g., JNTU Kakinada",https://example.com,+91-XXXXXXXXXX,info@college.edu,0,0,0,0,0,0,0,"TCS, Infosys, Wipro",0,
SBKS Medical Instt. & Research Centre,,,Government,Virudhunagar,,,,,"e.g., Guntur Junction","e.g., Guntur Bus Stand","e.g., 25.5","e.g., 2000","e.g., JNTU Kakinada",https://example.com,+91-XXXXXXXXXX,info@college.edu,0,0,0,0,0,0,0,"TCS, Infosys, Wipro",0,
SCB Medical College,,,Government,Virudhunagar,,,,,"e.g., Guntur Junction","e.g., Guntur Bus Stand","e.g., 25.5","e.g., 2000","e.g., JNTU Kakinada",https://example.com,+91-XXXXXXXXXX,info@college.edu,0,0,0,0,0,0,0,"TCS, Infosys, Wipro",0,
SDM College of Medical Sciences & Hospital,,,Government,Virudhunagar,,,,,"e.g., Guntur Junction","e.g., Guntur Bus Stand","e.g., 25.5","e.g., 2000","e.g., JNTU Kakinada",https://example.com,+91-XXXXXXXXXX,info@college.edu,0,0,0,0,0,0,0,"TCS, Infosys, Wipro",0,
SHRI MATA VAISHNO DEVI INSTITUTE OF MEDICAL EXCELLENCE,,,Government,Virudhunagar,,,,,"e.g., Guntur Junction","e.g., Guntur Bus Stand","e.g., 25.5","e.g., 2000","e.g., JNTU Kakinada",https://example.com,+91-XXXXXXXXXX,info@college.edu,0,0,0,0,0,0,0,"TCS, Infosys, Wipro",0,
SHYAMLAL CHANDRASHEKHAR MEDICAL COLLEGE & S P N M HOPSITAL,,,Government,Virudhunagar,,,,,"e.g., Guntur Junction","e.g., Guntur Bus Stand","e.g., 25.5","e.g., 2000","e.g., JNTU Kakinada",https://example.com,+91-XXXXXXXXXX,info@college.edu,0,0,0,0,0,0,0,"TCS, Infosys, Wipro",0,
SKS Hospital Medical College & Research Centre,,,Government,Virudhunagar,,,,,"e.g., Guntur Junction","e.g., Guntur Bus Stand","e.g., 25.5","e.g., 2000","e.g., JNTU Kakinada",https://example.com,+91-XXXXXXXXXX,info@college.edu,0,0,0,0,0,0,0,"TCS, Infosys, Wipro",0,
SMBT Institute of Medical Sciences & Research Centre,,,Government,Virudhunagar,,,,,"e.g., Guntur Junction","e.g., Guntur Bus Stand","e.g., 25.5","e.g., 2000","e.g., JNTU Kakinada",https://example.com,+91-XXXXXXXXXX,info@college.edu,0,0,0,0,0,0,0,"TCS, Infosys, Wipro",0,
SMS Medical College,,,Government,Virudhunagar,,,,,"e.g., Guntur Junction","e.g., Guntur Bus Stand","e.g., 25.5","e.g., 2000","e.g., JNTU Kakinada",https://example.com,+91-XXXXXXXXXX,info@college.edu,0,0,0,0,0,0,0,"TCS, Infosys, Wipro",0,
SR Patil Medical College and Hospital,,,Government,Virudhunagar,,,,,"e.g., Guntur Junction","e.g., Guntur Bus Stand","e.g., 25.5","e.g., 2000","e.g., JNTU Kakinada",https://example.com,+91-XXXXXXXXXX,info@college.edu,0,0,0,0,0,0,0,"TCS, Infosys, Wipro",0,
SRM Medical College Hospital & Research Centre,,,Government,Virudhunagar,,,,,"e.g., Guntur Junction","e.g., Guntur Bus Stand","e.g., 25.5","e.g., 2000","e.g., JNTU Kakinada",https://example.com,+91-XXXXXXXXXX,info@college.edu,0,0,0,0,0,0,0,"TCS, Infosys, Wipro",0,
SRTR Medical College,,,Government,Virudhunagar,,,,,"e.g., Guntur Junction","e.g., Guntur Bus Stand","e.g., 25.5","e.g., 2000","e.g., JNTU Kakinada",https://example.com,+91-XXXXXXXXXX,info@college.edu,0,0,0,0,0,0,0,"TCS, Infosys, Wipro",0,
ST Peters Medical College,,,Government,Virudhunagar,,,,,"e.g., Guntur Junction","e.g., Guntur Bus Stand","e.g., 25.5","e.g., 2000","e.g., JNTU Kakinada",https://example.com,+91-XXXXXXXXXX,info@college.edu,0,0,0,0,0,0,0,"TCS, Infosys, Wipro",0,
SVIMS - Sri Padmavathi Medical College for Women,,,Government,Virudhunagar,,,,,"e.g., Guntur Junction","e.g., Guntur Bus Stand","e.g., 25.5","e.g., 2000","e.g., JNTU Kakinada",https://example.com,+91-XXXXXXXXXX,info@college.edu,0,0,0,0,0,0,0,"TCS, Infosys, Wipro",0,
Saheed Laxman Nayak Medical College & Hospital,,,Government,Virudhunagar,,,,,"e.g., Guntur Junction","e.g., Guntur Bus Stand","e.g., 25.5","e.g., 2000","e.g., JNTU Kakinada",https://example.com,+91-XXXXXXXXXX,info@college.edu,0,0,0,0,0,0,0,"TCS, Infosys, Wipro",0,
Saheed Rendo Majhi Medical College & Hospital,,,Government,Virudhunagar,,,,,"e.g., Guntur Junction","e.g., Guntur Bus Stand","e.g., 25.5","e.g., 2000","e.g., JNTU Kakinada",https://example.com,+91-XXXXXXXXXX,info@college.edu,0,0,0,0,0,0,0,"TCS, Infosys, Wipro",0,
Sambharam Institute of Medical Sciences & Research,,,Government,Virudhunagar,,,,,"e.g., Guntur Junction","e.g., Guntur Bus Stand","e.g., 25.5","e.g., 2000","e.g., JNTU Kakinada",https://example.com,+91-XXXXXXXXXX,info@college.edu,0,0,0,0,0,0,0,"TCS, Infosys, Wipro",0,
Santhiram Medical College,,,Government,Virudhunagar,,,,,"e.g., Guntur Junction","e.g., Guntur Bus Stand","e.g., 25.5","e.g., 2000","e.g., JNTU Kakinada",https://example.com,+91-XXXXXXXXXX,info@college.edu,0,0,0,0,0,0,0,"TCS, Infosys, Wipro",0,
Santiniketan Medical College,,,Government,Virudhunagar,,,,,"e.g., Guntur Junction","e.g., Guntur Bus Stand","e.g., 25.5","e.g., 2000","e.g., JNTU Kakinada",https://example.com,+91-XXXXXXXXXX,info@college.edu,0,0,0,0,0,0,0,"TCS, Infosys, Wipro",0,
Santosh Medical College,,,Government,Virudhunagar,,,,,"e.g., Guntur Junction","e.g., Guntur Bus Stand","e.g., 25.5","e.g., 2000","e.g., JNTU Kakinada",https://example.com,+91-XXXXXXXXXX,info@college.edu,0,0,0,0,0,0,0,"TCS, Infosys, Wipro",0,
Sapthagiri Institute of Medical Sciences & Research Centre,,,Government,Virudhunagar,,,,,"e.g., Guntur Junction","e.g., Guntur Bus Stand","e.g., 25.5","e.g., 2000","e.g., JNTU Kakinada",https://example.com,+91-XXXXXXXXXX,info@college.edu,0,0,0,0,0,0,0,"TCS, Infosys, Wipro",0,
Saraswati Medical College,,,Government,Virudhunagar,,,,,"e.g., Guntur Junction","e.g., Guntur Bus Stand","e.g., 25.5","e.g., 2000","e.g., JNTU Kakinada",https://example.com,+91-XXXXXXXXXX,info@college.edu,0,0,0,0,0,0,0,"TCS, Infosys, Wipro",0,
Sarat Chandra Chattopadhyay Government Medical College & Hospital,,,Government,Virudhunagar,,,,,"e.g., Guntur Junction","e.g., Guntur Bus Stand","e.g., 25.5","e.g., 2000","e.g., JNTU Kakinada",https://example.com,+91-XXXXXXXXXX,info@college.edu,0,0,0,0,0,0,0,"TCS, Infosys, Wipro",0,
Sardar Patel Medical College,,,Government,Virudhunagar,,,,,"e.g., Guntur Junction","e.g., Guntur Bus Stand","e.g., 25.5","e.g., 2000","e.g., JNTU Kakinada",https://example.com,+91-XXXXXXXXXX,info@college.edu,0,0,0,0,0,0,0,"TCS, Infosys, Wipro",0,
School of Medical Sciences,,,Government,Virudhunagar,,,,,"e.g., Guntur Junction","e.g., Guntur Bus Stand","e.g., 25.5","e.g., 2000","e.g., JNTU Kakinada",https://example.com,+91-XXXXXXXXXX,info@college.edu,0,0,0,0,0,0,0,"TCS, Infosys, Wipro",0,
Shadan Institute of Medical Sciences,,,Government,Virudhunagar,,,,,"e.g., Guntur Junction","e.g., Guntur Bus Stand","e.g., 25.5","e.g., 2000","e.g., JNTU Kakinada",https://example.com,+91-XXXXXXXXXX,info@college.edu,0,0,0,0,0,0,0,"TCS, Infosys, Wipro",0,
Shahed Nirmal Mahto Medical College & Hospital,,,Government,Virudhunagar,,,,,"e.g., Guntur Junction","e.g., Guntur Bus Stand","e.g., 25.5","e.g., 2000","e.g., JNTU Kakinada",https://example.com,+91-XXXXXXXXXX,info@college.edu,0,0,0,0,0,0,0,"TCS, Infosys, Wipro",0,
Shaheed Hasan Khan Mewati Government Medical College,,,Government,Virudhunagar,,,,,"e.g., Guntur Junction","e.g., Guntur Bus Stand","e.g., 25.5","e.g., 2000","e.g., JNTU Kakinada",https://example.com,+91-XXXXXXXXXX,info@college.edu,0,0,0,0,0,0,0,"TCS, Infosys, Wipro",0,
Shaikh-UL-Hind Maulana Mahmood Hasan Medical College,,,Government,Virudhunagar,,,,,"e.g., Guntur Junction","e.g., Guntur Bus Stand","e.g., 25.5","e.g., 2000","e.g., JNTU Kakinada",https://example.com,+91-XXXXXXXXXX,info@college.edu,0,0,0,0,0,0,0,"TCS, Infosys, Wipro",0,
Shantabaa Medical College,,,Government,Virudhunagar,,,,,"e.g., Guntur Junction","e.g., Guntur Bus Stand","e.g., 25.5","e.g., 2000","e.g., JNTU Kakinada",https://example.com,+91-XXXXXXXXXX,info@college.edu,0,0,0,0,0,0,0,"TCS, Infosys, Wipro",0,
Sharda School of Medical Sciences & Research,,,Government,Virudhunagar,,,,,"e.g., Guntur Junction","e.g., Guntur Bus Stand","e.g., 25.5","e.g., 2000","e.g., JNTU Kakinada",https://example.com,+91-XXXXXXXXXX,info@college.edu,0,0,0,0,0,0,0,"TCS, Infosys, Wipro",0,
Sher-I-Kashmir Instt. Of Medical Sciences,,,Government,Virudhunagar,,,,,"e.g., Guntur Junction","e.g., Guntur Bus Stand","e.g., 25.5","e.g., 2000","e.g., JNTU Kakinada",https://example.com,+91-XXXXXXXXXX,info@college.edu,0,0,0,0,0,0,0,"TCS, Infosys, Wipro",0,
Shija Academy of Health Sciences,,,Government,Virudhunagar,,,,,"e.g., Guntur Junction","e.g., Guntur Bus Stand","e.g., 25.5","e.g., 2000","e.g., JNTU Kakinada",https://example.com,+91-XXXXXXXXXX,info@college.edu,0,0,0,0,0,0,0,"TCS, Infosys, Wipro",0,
Shillong Medical College,,,Government,Virudhunagar,,,,,"e.g., Guntur Junction","e.g., Guntur Bus Stand","e.g., 25.5","e.g., 2000","e.g., JNTU Kakinada",https://example.com,+91-XXXXXXXXXX,info@college.edu,0,0,0,0,0,0,0,"TCS, Infosys, Wipro",0,
Shimoga Institute of Medical Sciences,,,Government,Virudhunagar,,,,,"e.g., Guntur Junction","e.g., Guntur Bus Stand","e.g., 25.5","e.g., 2000","e.g., JNTU Kakinada",https://example.com,+91-XXXXXXXXXX,info@college.edu,0,0,0,0,0,0,0,"TCS, Infosys, Wipro",0,
Shree Narayan Medical Institute and Hospital,,,Government,Virudhunagar,,,,,"e.g., Guntur Junction","e.g., Guntur Bus Stand","e.g., 25.5","e.g., 2000","e.g., JNTU Kakinada",https://example.com,+91-XXXXXXXXXX,info@college.edu,0,0,0,0,0,0,0,"TCS, Infosys, Wipro",0,
Shri Atal Bihari Vajpayee Government Medical College,,,Government,Virudhunagar,,,,,"e.g., Guntur Junction","e.g., Guntur Bus Stand","e.g., 25.5","e.g., 2000","e.g., JNTU Kakinada",https://example.com,+91-XXXXXXXXXX,info@college.edu,0,0,0,0,0,0,0,"TCS, Infosys, Wipro",0,
Shri Atal Bihari Vajpayee Medical College & Research Institute,,,Government,Virudhunagar,,,,,"e.g., Guntur Junction","e.g., Guntur Bus Stand","e.g., 25.5","e.g., 2000","e.g., JNTU Kakinada",https://example.com,+91-XXXXXXXXXX,info@college.edu,0,0,0,0,0,0,0,"TCS, Infosys, Wipro",0,
Shri B M Patil Medical College,,,Government,Virudhunagar,,,,,"e.g., Guntur Junction","e.g., Guntur Bus Stand","e.g., 25.5","e.g., 2000","e.g., JNTU Kakinada",https://example.com,+91-XXXXXXXXXX,info@college.edu,0,0,0,0,0,0,0,"TCS, Infosys, Wipro",0,
Shri Balaji Institute of Medical Science,,,Government,Virudhunagar,,,,,"e.g., Guntur Junction","e.g., Guntur Bus Stand","e.g., 25.5","e.g., 2000","e.g., JNTU Kakinada",https://example.com,+91-XXXXXXXXXX,info@college.edu,0,0,0,0,0,0,0,"TCS, Infosys, Wipro",0,
Shri Gorakshnath Medical College Hospital & Research Centre,,,Government,Virudhunagar,,,,,"e.g., Guntur Junction","e.g., Guntur Bus Stand","e.g., 25.5","e.g., 2000","e.g., JNTU Kakinada",https://example.com,+91-XXXXXXXXXX,info@college.edu,0,0,0,0,0,0,0,"TCS, Infosys, Wipro",0,
Shri Guru Ram Rai Institute of Medical & Health Sciences,,,Government,Virudhunagar,,,,,"e.g., Guntur Junction","e.g., Guntur Bus Stand","e.g., 25.5","e.g., 2000","e.g., JNTU Kakinada",https://example.com,+91-XXXXXXXXXX,info@college.edu,0,0,0,0,0,0,0,"TCS, Infosys, Wipro",0,
Shri Kalyan Govt. Medical College,,,Government,Virudhunagar,,,,,"e.g., Guntur Junction","e.g., Guntur Bus Stand","e.g., 25.5","e.g., 2000","e.g., JNTU Kakinada",https://example.com,+91-XXXXXXXXXX,info@college.edu,0,0,0,0,0,0,0,"TCS, Infosys, Wipro",0,
Shri Krishna Medical College,,,Government,Virudhunagar,,,,,"e.g., Guntur Junction","e.g., Guntur Bus Stand","e.g., 25.5","e.g., 2000","e.g., JNTU Kakinada",https://example.com,+91-XXXXXXXXXX,info@college.edu,0,0,0,0,0,0,0,"TCS, Infosys, Wipro",0,
Shri Lal Bahadur Shastri Government Medical College,,,Government,Virudhunagar,,,,,"e.g., Guntur Junction","e.g., Guntur Bus Stand","e.g., 25.5","e.g., 2000","e.g., JNTU Kakinada",https://example.com,+91-XXXXXXXXXX,info@college.edu,0,0,0,0,0,0,0,"TCS, Infosys, Wipro",0,
Shri Ram Murti Smarak Institute of Medical Sciences,,,Government,Virudhunagar,,,,,"e.g., Guntur Junction","e.g., Guntur Bus Stand","e.g., 25.5","e.g., 2000","e.g., JNTU Kakinada",https://example.com,+91-XXXXXXXXXX,info@college.edu,0,0,0,0,0,0,0,"TCS, Infosys, Wipro",0,
Shri Ramchandra Institute of Medical Sciences,,,Government,Virudhunagar,,,,,"e.g., Guntur Junction","e.g., Guntur Bus Stand","e.g., 25.5","e.g., 2000","e.g., JNTU Kakinada",https://example.com,+91-XXXXXXXXXX,info@college.edu,0,0,0,0,0,0,0,"TCS, Infosys, Wipro",0,
Shri Ramkrishna Institute of Medical Sciences & Sanaka Hospitals,,,Government,Virudhunagar,,,,,"e.g., Guntur Junction","e.g., Guntur Bus Stand","e.g., 25.5","e.g., 2000","e.g., JNTU Kakinada",https://example.com,+91-XXXXXXXXXX,info@college.edu,0,0,0,0,0,0,0,"TCS, Infosys, Wipro",0,
Shri Rawatpura Sarkar Institute of Medical Sciences and Research,,,Government,Virudhunagar,,,,,"e.g., Guntur Junction","e.g., Guntur Bus Stand","e.g., 25.5","e.g., 2000","e.g., JNTU Kakinada",https://example.com,+91-XXXXXXXXXX,info@college.edu,0,0,0,0,0,0,0,"TCS, Infosys, Wipro",0,
Shri Shankaracharya Institute of Medical Sciences,,,Government,Virudhunagar,,,,,"e.g., Guntur Junction","e.g., Guntur Bus Stand","e.g., 25.5","e.g., 2000","e.g., JNTU Kakinada",https://example.com,+91-XXXXXXXXXX,info@college.edu,0,0,0,0,0,0,0,"TCS, Infosys, Wipro",0,
Shri Siddhi Vinayak Medical College & Hospital,,,Government,Virudhunagar,,,,,"e.g., Guntur Junction","e.g., Guntur Bus Stand","e.g., 25.5","e.g., 2000","e.g., JNTU Kakinada",https://example.com,+91-XXXXXXXXXX,info@college.edu,0,0,0,0,0,0,0,"TCS, Infosys, Wipro",0,
Shri Vasant Rao Naik Govt. Medical College,,,Government,Virudhunagar,,,,,"e.g., Guntur Junction","e.g., Guntur Bus Stand","e.g., 25.5","e.g., 2000","e.g., JNTU Kakinada",https://example.com,+91-XXXXXXXXXX,info@college.edu,0,0,0,0,0,0,0,"TCS, Infosys, Wipro",0,
Shridevi Institute of Medical Sciences & Research Hospital,,,Government,Virudhunagar,,,,,"e.g., Guntur Junction","e.g., Guntur Bus Stand","e.g., 25.5","e.g., 2000","e.g., JNTU Kakinada",https://example.com,+91-XXXXXXXXXX,info@college.edu,0,0,0,0,0,0,0,"TCS, Infosys, Wipro",0,
Shyam Shah Medical College,,,Government,Virudhunagar,,,,,"e.g., Guntur Junction","e.g., Guntur Bus Stand","e.g., 25.5","e.g., 2000","e.g., JNTU Kakinada",https://example.com,+91-XXXXXXXXXX,info@college.edu,0,0,0,0,0,0,0,"TCS, Infosys, Wipro",0,
Siddaganga Medical College and Research Institute,,,Government,Virudhunagar,,,,,"e.g., Guntur Junction","e.g., Guntur Bus Stand","e.g., 25.5","e.g., 2000","e.g., JNTU Kakinada",https://example.com,+91-XXXXXXXXXX,info@college.edu,0,0,0,0,0,0,0,"TCS, Infosys, Wipro",0,
Sikkim Manipal Institute of Medical Sciences,,,Government,Virudhunagar,,,,,"e.g., Guntur Junction","e.g., Guntur Bus Stand","e.g., 25.5","e.g., 2000","e.g., JNTU Kakinada",https://example.com,+91-XXXXXXXXXX,info@college.edu,0,0,0,0,0,0,0,"TCS, Infosys, Wipro",0,
Silchar Medical College,,,Government,Silchar,,,,,"e.g., Guntur Junction","e.g., Guntur Bus Stand","e.g., 25.5","e.g., 2000","e.g., JNTU Kakinada",https://example.com,+91-XXXXXXXXXX,info@college.edu,0,0,0,0,0,0,0,"TCS, Infosys, Wipro",0,
Sindhudurg Shikshan Prasarak Mandal  Medical College & Lifetime Hospital,,,Government,Virudhunagar,,,,,"e.g., Guntur Junction","e.g., Guntur Bus Stand","e.g., 25.5","e.g., 2000","e.g., JNTU Kakinada",https://example.com,+91-XXXXXXXXXX,info@college.edu,0,0,0,0,0,0,0,"TCS, Infosys, Wipro",0,
Smt Sakhubai Narayanrao Katkade Medical College and Research Center,,,Government,Virudhunagar,,,,,"e.g., Guntur Junction","e.g., Guntur Bus Stand","e.g., 25.5","e.g., 2000","e.g., JNTU Kakinada",https://example.com,+91-XXXXXXXXXX,info@college.edu,0,0,0,0,0,0,0,"TCS, Infosys, Wipro",0,
Smt. Kashibai Navale Medical College and General Hospital,,,Government,Virudhunagar,,,,,"e.g., Guntur Junction","e.g., Guntur Bus Stand","e.g., 25.5","e.g., 2000","e.g., JNTU Kakinada",https://example.com,+91-XXXXXXXXXX,info@college.edu,0,0,0,0,0,0,0,"TCS, Infosys, Wipro",0,
Smt. N.H.L.Municipal Medical College,,,Government,Virudhunagar,,,,,"e.g., Guntur Junction","e.g., Guntur Bus Stand","e.g., 25.5","e.g., 2000","e.g., JNTU Kakinada",https://example.com,+91-XXXXXXXXXX,info@college.edu,0,0,0,0,0,0,0,"TCS, Infosys, Wipro",0,
Soban Singh Jeena Government Institute of Medical Science & Research,,,Government,Virudhunagar,,,,,"e.g., Guntur Junction","e.g., Guntur Bus Stand","e.g., 25.5","e.g., 2000","e.g., JNTU Kakinada",https://example.com,+91-XXXXXXXXXX,info@college.edu,0,0,0,0,0,0,0,"TCS, Infosys, Wipro",0,
Sree Gokulam Medical College Trust & Research Foundation,,,Private,Virudhunagar,,,,,"e.g., Guntur Junction","e.g., Guntur Bus Stand","e.g., 25.5","e.g., 2000","e.g., JNTU Kakinada",https://example.com,+91-XXXXXXXXXX,info@college.edu,0,0,0,0,0,0,0,"TCS, Infosys, Wipro",0,
Sree Mookambika Institute of Medical Sciences,,,Government,Virudhunagar,,,,,"e.g., Guntur Junction","e.g., Guntur Bus Stand","e.g., 25.5","e.g., 2000","e.g., JNTU Kakinada",https://example.com,+91-XXXXXXXXXX,info@college.edu,0,0,0,0,0,0,0,"TCS, Infosys, Wipro",0,
Sree Narayana Instt. of Medical Sciences,,,Government,Virudhunagar,,,,,"e.g., Guntur Junction","e.g., Guntur Bus Stand","e.g., 25.5","e.g., 2000","e.g., JNTU Kakinada",https://example.com,+91-XXXXXXXXXX,info@college.edu,0,0,0,0,0,0,0,"TCS, Infosys, Wipro",0,
Sree Uthradom Thiurnal Academy of Medical Sciences,,,Government,Virudhunagar,,,,,"e.g., Guntur Junction","e.g., Guntur Bus Stand","e.g., 25.5","e.g., 2000","e.g., JNTU Kakinada",https://example.com,+91-XXXXXXXXXX,info@college.edu,0,0,0,0,0,0,0,"TCS, Infosys, Wipro",0,
Sri Aurobindo Medical College and Post Graduate Institute,,,Government,Virudhunagar,,,,,"e.g., Guntur Junction","e.g., Guntur Bus Stand","e.g., 25.5","e.g., 2000","e.g., JNTU Kakinada",https://example.com,+91-XXXXXXXXXX,info@college.edu,0,0,0,0,0,0,0,"TCS, Infosys, Wipro",0,
Sri Balaji Medical College,,,Government,Virudhunagar,,,,,"e.g., Guntur Junction","e.g., Guntur Bus Stand","e.g., 25.5","e.g., 2000","e.g., JNTU Kakinada",https://example.com,+91-XXXXXXXXXX,info@college.edu,0,0,0,0,0,0,0,"TCS, Infosys, Wipro",0,
Sri Bhausaheb Hire Government Medical College,,,Government,Virudhunagar,,,,,"e.g., Guntur Junction","e.g., Guntur Bus Stand","e.g., 25.5","e.g., 2000","e.g., JNTU Kakinada",https://example.com,+91-XXXXXXXXXX,info@college.edu,0,0,0,0,0,0,0,"TCS, Infosys, Wipro",0,
Sri Chamundeshwari Medical College Hospital & Research Institute,,,Government,Virudhunagar,,,,,"e.g., Guntur Junction","e.g., Guntur Bus Stand","e.g., 25.5","e.g., 2000","e.g., JNTU Kakinada",https://example.com,+91-XXXXXXXXXX,info@college.edu,0,0,0,0,0,0,0,"TCS, Infosys, Wipro",0,
Sri Devaraj URS Medical College,,,Government,Virudhunagar,,,,,"e.g., Guntur Junction","e.g., Guntur Bus Stand","e.g., 25.5","e.g., 2000","e.g., JNTU Kakinada",https://example.com,+91-XXXXXXXXXX,info@college.edu,0,0,0,0,0,0,0,"TCS, Infosys, Wipro",0,
Sri Guru Ram Das Institute of Medical Sciences and Research,,,Government,Virudhunagar,,,,,"e.g., Guntur Junction","e.g., Guntur Bus Stand","e.g., 25.5","e.g., 2000","e.g., JNTU Kakinada",https://example.com,+91-XXXXXXXXXX,info@college.edu,0,0,0,0,0,0,0,"TCS, Infosys, Wipro",0,
Sri Jagannath Medical College & Hospital,,,Government,Virudhunagar,,,,,"e.g., Guntur Junction","e.g., Guntur Bus Stand","e.g., 25.5","e.g., 2000","e.g., JNTU Kakinada",https://example.com,+91-XXXXXXXXXX,info@college.edu,0,0,0,0,0,0,0,"TCS, Infosys, Wipro",0,
Sri Lakshmi Narayana Institute of Medical Sciences,,,Government,Virudhunagar,,,,,"e.g., Guntur Junction","e.g., Guntur Bus Stand","e.g., 25.5","e.g., 2000","e.g., JNTU Kakinada",https://example.com,+91-XXXXXXXXXX,info@college.edu,0,0,0,0,0,0,0,"TCS, Infosys, Wipro",0,
Sri Madhusudan Sai Institute of Medical Sciences and Research,,,Government,Virudhunagar,,,,,"e.g., Guntur Junction","e.g., Guntur Bus Stand","e.g., 25.5","e.g., 2000","e.g., JNTU Kakinada",https://example.com,+91-XXXXXXXXXX,info@college.edu,0,0,0,0,0,0,0,"TCS, Infosys, Wipro",0,
Sri Manakula Vinayagar Medical College & Hospital,,,Government,Virudhunagar,,,,,"e.g., Guntur Junction","e.g., Guntur Bus Stand","e.g., 25.5","e.g., 2000","e.g., JNTU Kakinada",https://example.com,+91-XXXXXXXXXX,info@college.edu,0,0,0,0,0,0,0,"TCS, Infosys, Wipro",0,
Sri Muthukumaran Medical College,,,Government,Virudhunagar,,,,,"e.g., Guntur Junction","e.g., Guntur Bus Stand","e.g., 25.5","e.g., 2000","e.g., JNTU Kakinada",https://example.com,+91-XXXXXXXXXX,info@college.edu,0,0,0,0,0,0,0,"TCS, Infosys, Wipro",0,
Sri Siddhartha Medical College,,,Government,Virudhunagar,,,,,"e.g., Guntur Junction","e.g., Guntur Bus Stand","e.g., 25.5","e.g., 2000","e.g., JNTU Kakinada",https://example.com,+91-XXXXXXXXXX,info@college.edu,0,0,0,0,0,0,0,"TCS, Infosys, Wipro",0,
Sri Venkateswaraa Medical College,,,Government,Virudhunagar,,,,,"e.g., Guntur Junction","e.g., Guntur Bus Stand","e.g., 25.5","e.g., 2000","e.g., JNTU Kakinada",https://example.com,+91-XXXXXXXXXX,info@college.edu,0,0,0,0,0,0,0,"TCS, Infosys, Wipro",0,
Sri Venkateswaraa Medical College Hospital and Research Institute,,,Government,Virudhunagar,,,,,"e.g., Guntur Junction","e.g., Guntur Bus Stand","e.g., 25.5","e.g., 2000","e.g., JNTU Kakinada",https://example.com,+91-XXXXXXXXXX,info@college.edu,0,0,0,0,0,0,0,"TCS, Infosys, Wipro",0,
Sri siddhartha Institute of Medical Sciences & Research Centre,,,Government,Virudhunagar,,,,,"e.g., Guntur Junction","e.g., Guntur Bus Stand","e.g., 25.5","e.g., 2000","e.g., JNTU Kakinada",https://example.com,+91-XXXXXXXXXX,info@college.edu,0,0,0,0,0,0,0,"TCS, Infosys, Wipro",0,
Srinivas Institute of Medical Research Centre,,,Government,Virudhunagar,,,,,"e.g., Guntur Junction","e.g., Guntur Bus Stand","e.g., 25.5","e.g., 2000","e.g., JNTU Kakinada",https://example.com,+91-XXXXXXXXXX,info@college.edu,0,0,0,0,0,0,0,"TCS, Infosys, Wipro",0,
Srinivasan Medical College and Hospital,,,Government,Virudhunagar,,,,,"e.g., Guntur Junction","e.g., Guntur Bus Stand","e.g., 25.5","e.g., 2000","e.g., JNTU Kakinada",https://example.com,+91-XXXXXXXXXX,info@college.edu,0,0,0,0,0,0,0,"TCS, Infosys, Wipro",0,
St. Johns Medical College,,,Government,Virudhunagar,,,,,"e.g., Guntur Junction","e.g., Guntur Bus Stand","e.g., 25.5","e.g., 2000","e.g., JNTU Kakinada",https://example.com,+91-XXXXXXXXXX,info@college.edu,0,0,0,0,0,0,0,"TCS, Infosys, Wipro",0,
Subbaiah Institute of Medical Sciences,,,Government,Virudhunagar,,,,,"e.g., Guntur Junction","e.g., Guntur Bus Stand","e.g., 25.5","e.g., 2000","e.g., JNTU Kakinada",https://example.com,+91-XXXXXXXXXX,info@college.edu,0,0,0,0,0,0,0,"TCS, Infosys, Wipro",0,
Subharti Medical College,,,Government,Virudhunagar,,,,,"e.g., Guntur Junction","e.g., Guntur Bus Stand","e.g., 25.5","e.g., 2000","e.g., JNTU Kakinada",https://example.com,+91-XXXXXXXXXX,info@college.edu,0,0,0,0,0,0,0,"TCS, Infosys, Wipro",0,
Sudha Medical College,,,Government,Virudhunagar,,,,,"e.g., Guntur Junction","e.g., Guntur Bus Stand","e.g., 25.5","e.g., 2000","e.g., JNTU Kakinada",https://example.com,+91-XXXXXXXXXX,info@college.edu,0,0,0,0,0,0,0,"TCS, Infosys, Wipro",0,
Sukh Sagar Medical College & Hospital,,,Government,Virudhunagar,,,,,"e.g., Guntur Junction","e.g., Guntur Bus Stand","e.g., 25.5","e.g., 2000","e.g., JNTU Kakinada",https://example.com,+91-XXXXXXXXXX,info@college.edu,0,0,0,0,0,0,0,"TCS, Infosys, Wipro",0,
Sundarlal Patwa Govt. Medical College,,,Government,Virudhunagar,,,,,"e.g., Guntur Junction","e.g., Guntur Bus Stand","e.g., 25.5","e.g., 2000","e.g., JNTU Kakinada",https://example.com,+91-XXXXXXXXXX,info@college.edu,0,0,0,0,0,0,0,"TCS, Infosys, Wipro",0,
Surabhi Institute of Medical Sciences,,,Government,Virudhunagar,,,,,"e.g., Guntur Junction","e.g., Guntur Bus Stand","e.g., 25.5","e.g., 2000","e.g., JNTU Kakinada",https://example.com,+91-XXXXXXXXXX,info@college.edu,0,0,0,0,0,0,0,"TCS, Infosys, Wipro",0,
Surat Municipal Institute of Medical Education & Research,,,Government,Surat,,,,,"e.g., Guntur Junction","e.g., Guntur Bus Stand","e.g., 25.5","e.g., 2000","e.g., JNTU Kakinada",https://example.com,+91-XXXXXXXXXX,info@college.edu,0,0,0,0,0,0,0,"TCS, Infosys, Wipro",0,
Swaminayaran Institute of Medical Sciences & Research,,,Government,Virudhunagar,,,,,"e.g., Guntur Junction","e.g., Guntur Bus Stand","e.g., 25.5","e.g., 2000","e.g., JNTU Kakinada",https://example.com,+91-XXXXXXXXXX,info@college.edu,0,0,0,0,0,0,0,"TCS, Infosys, Wipro",0,
Swamy Vivekanandha Medical College Hospital And Research Institute,,,Government,Virudhunagar,,,,,"e.g., Guntur Junction","e.g., Guntur Bus Stand","e.g., 25.5","e.g., 2000","e.g., JNTU Kakinada",https://example.com,+91-XXXXXXXXXX,info@college.edu,0,0,0,0,0,0,0,"TCS, Infosys, Wipro",0,
T D Medical College,,,Government,Virudhunagar,,,,,"e.g., Guntur Junction","e.g., Guntur Bus Stand","e.g., 25.5","e.g., 2000","e.g., JNTU Kakinada",https://example.com,+91-XXXXXXXXXX,info@college.edu,0,0,0,0,0,0,0,"TCS, Infosys, Wipro",0,
T S Misra Medical College & Hospital,,,Government,Virudhunagar,,,,,"e.g., Guntur Junction","e.g., Guntur Bus Stand","e.g., 25.5","e.g., 2000","e.g., JNTU Kakinada",https://example.com,+91-XXXXXXXXXX,info@college.edu,0,0,0,0,0,0,0,"TCS, Infosys, Wipro",0,
TAKSHASHILA MEDICAL COLLEGE,,,Government,Virudhunagar,,,,,"e.g., Guntur Junction","e.g., Guntur Bus Stand","e.g., 25.5","e.g., 2000","e.g., JNTU Kakinada",https://example.com,+91-XXXXXXXXXX,info@college.edu,0,0,0,0,0,0,0,"TCS, Infosys, Wipro",0,
TRR Institute of Medical Sciences,,,Government,Virudhunagar,,,,,"e.g., Guntur Junction","e.g., Guntur Bus Stand","e.g., 25.5","e.g., 2000","e.g., JNTU Kakinada",https://example.com,+91-XXXXXXXXXX,info@college.edu,0,0,0,0,0,0,0,"TCS, Infosys, Wipro",0,
Tagore Medical College and Hospital,,,Government,Virudhunagar,,,,,"e.g., Guntur Junction","e.g., Guntur Bus Stand","e.g., 25.5","e.g., 2000","e.g., JNTU Kakinada",https://example.com,+91-XXXXXXXXXX,info@college.edu,0,0,0,0,0,0,0,"TCS, Infosys, Wipro",0,
Tamralipto Government Medical College & Hospital,,,Government,Virudhunagar,,,,,"e.g., Guntur Junction","e.g., Guntur Bus Stand","e.g., 25.5","e.g., 2000","e.g., JNTU Kakinada",https://example.com,+91-XXXXXXXXXX,info@college.edu,0,0,0,0,0,0,0,"TCS, Infosys, Wipro",0,
Teerthanker Mahaveer Medical College,,,Government,Virudhunagar,,,,,"e.g., Guntur Junction","e.g., Guntur Bus Stand","e.g., 25.5","e.g., 2000","e.g., JNTU Kakinada",https://example.com,+91-XXXXXXXXXX,info@college.edu,0,0,0,0,0,0,0,"TCS, Infosys, Wipro",0,
Terna Medical College,,,Government,Virudhunagar,,,,,"e.g., Guntur Junction","e.g., Guntur Bus Stand","e.g., 25.5","e.g., 2000","e.g., JNTU Kakinada",https://example.com,+91-XXXXXXXXXX,info@college.edu,0,0,0,0,0,0,0,"TCS, Infosys, Wipro",0,
Tezpur Medical College & Hospital,,,Government,Virudhunagar,,,,,"e.g., Guntur Junction","e.g., Guntur Bus Stand","e.g., 25.5","e.g., 2000","e.g., JNTU Kakinada",https://example.com,+91-XXXXXXXXXX,info@college.edu,0,0,0,0,0,0,0,"TCS, Infosys, Wipro",0,
Thanjavur Medical College,,,Government,Virudhunagar,,,,,"e.g., Guntur Junction","e.g., Guntur Bus Stand","e.g., 25.5","e.g., 2000","e.g., JNTU Kakinada",https://example.com,+91-XXXXXXXXXX,info@college.edu,0,0,0,0,0,0,0,"TCS, Infosys, Wipro",0,
The Oxford Medical College,,,Government,Virudhunagar,,,,,"e.g., Guntur Junction","e.g., Guntur Bus Stand","e.g., 25.5","e.g., 2000","e.g., JNTU Kakinada",https://example.com,+91-XXXXXXXXXX,info@college.edu,0,0,0,0,0,0,0,"TCS, Infosys, Wipro",0,
Theni Government Medical College,,,Government,Virudhunagar,,,,,"e.g., Guntur Junction","e.g., Guntur Bus Stand","e.g., 25.5","e.g., 2000","e.g., JNTU Kakinada",https://example.com,+91-XXXXXXXXXX,info@college.edu,0,0,0,0,0,0,0,"TCS, Infosys, Wipro",0,
Thiruvarur Govt. Medical College,,,Government,Virudhunagar,,,,,"e.g., Guntur Junction","e.g., Guntur Bus Stand","e.g., 25.5","e.g., 2000","e.g., JNTU Kakinada",https://example.com,+91-XXXXXXXXXX,info@college.edu,0,0,0,0,0,0,0,"TCS, Infosys, Wipro",0,
Thoothukudi Medical College,,,Government,Virudhunagar,,,,,"e.g., Guntur Junction","e.g., Guntur Bus Stand","e.g., 25.5","e.g., 2000","e.g., JNTU Kakinada",https://example.com,+91-XXXXXXXXXX,info@college.edu,0,0,0,0,0,0,0,"TCS, Infosys, Wipro",0,
Tinsukia Medical College,,,Government,Virudhunagar,,,,,"e.g., Guntur Junction","e.g., Guntur Bus Stand","e.g., 25.5","e.g., 2000","e.g., JNTU Kakinada",https://example.com,+91-XXXXXXXXXX,info@college.edu,0,0,0,0,0,0,0,"TCS, Infosys, Wipro",0,
Tirunelveli Medical College,,,Government,Virudhunagar,,,,,"e.g., Guntur Junction","e.g., Guntur Bus Stand","e.g., 25.5","e.g., 2000","e.g., JNTU Kakinada",https://example.com,+91-XXXXXXXXXX,info@college.edu,0,0,0,0,0,0,0,"TCS, Infosys, Wipro",0,
Tomo Riba Institute of Health & Medical Sciences,,,Government,Virudhunagar,,,,,"e.g., Guntur Junction","e.g., Guntur Bus Stand","e.g., 25.5","e.g., 2000","e.g., JNTU Kakinada",https://example.com,+91-XXXXXXXXXX,info@college.edu,0,0,0,0,0,0,0,"TCS, Infosys, Wipro",0,
Travancore Medical College,,,Government,Virudhunagar,,,,,"e.g., Guntur Junction","e.g., Guntur Bus Stand","e.g., 25.5","e.g., 2000","e.g., JNTU Kakinada",https://example.com,+91-XXXXXXXXXX,info@college.edu,0,0,0,0,0,0,0,"TCS, Infosys, Wipro",0,
Trichy SRM Medical College Hospital & Research Centre,,,Government,Virudhunagar,,,,,"e.g., Guntur Junction","e.g., Guntur Bus Stand","e.g., 25.5","e.g., 2000","e.g., JNTU Kakinada",https://example.com,+91-XXXXXXXXXX,info@college.edu,0,0,0,0,0,0,0,"TCS, Infosys, Wipro",0,
Tripura Medical College and Dr. B R A M Teaching Hospital,,,Government,Virudhunagar,,,,,"e.g., Guntur Junction","e.g., Guntur Bus Stand","e.g., 25.5","e.g., 2000","e.g., JNTU Kakinada",https://example.com,+91-XXXXXXXXXX,info@college.edu,0,0,0,0,0,0,0,"TCS, Infosys, Wipro",0,
Tripura Santiniketan Medical College & Hospital,,,Government,Virudhunagar,,,,,"e.g., Guntur Junction","e.g., Guntur Bus Stand","e.g., 25.5","e.g., 2000","e.g., JNTU Kakinada",https://example.com,+91-XXXXXXXXXX,info@college.edu,0,0,0,0,0,0,0,"TCS, Infosys, Wipro",0,
Uma Nath Singh Autonomous State Medical College Society Jaunpur,,,Private,Virudhunagar,,,,,"e.g., Guntur Junction","e.g., Guntur Bus Stand","e.g., 25.5","e.g., 2000","e.g., JNTU Kakinada",https://example.com,+91-XXXXXXXXXX,info@college.edu,0,0,0,0,0,0,0,"TCS, Infosys, Wipro",0,
United Institute of Medical Sciences,,,Government,Virudhunagar,,,,,"e.g., Guntur Junction","e.g., Guntur Bus Stand","e.g., 25.5","e.g., 2000","e.g., JNTU Kakinada",https://example.com,+91-XXXXXXXXXX,info@college.edu,0,0,0,0,0,0,0,"TCS, Infosys, Wipro",0,
University College of Medical Sciences & GTB Hospital,,,Government,Virudhunagar,,,,,"e.g., Guntur Junction","e.g., Guntur Bus Stand","e.g., 25.5","e.g., 2000","e.g., JNTU Kakinada",https://example.com,+91-XXXXXXXXXX,info@college.edu,0,0,0,0,0,0,0,"TCS, Infosys, Wipro",0,
Uttar Pradesh University of Medical Sciences,,,Government,Virudhunagar,,,,,"e.g., Guntur Junction","e.g., Guntur Bus Stand","e.g., 25.5","e.g., 2000","e.g., JNTU Kakinada",https://example.com,+91-XXXXXXXXXX,info@college.edu,0,0,0,0,0,0,0,"TCS, Infosys, Wipro",0,
VELS Medical College & Hospital,,,Government,Virudhunagar,,,,,"e.g., Guntur Junction","e.g., Guntur Bus Stand","e.g., 25.5","e.g., 2000","e.g., JNTU Kakinada",https://example.com,+91-XXXXXXXXXX,info@college.edu,0,0,0,0,0,0,0,"TCS, Infosys, Wipro",0,
VIRAAT RAMAYAN INSTITUTE OF MEDICAL SCIENCES,,,Government,Virudhunagar,,,,,"e.g., Guntur Junction","e.g., Guntur Bus Stand","e.g., 25.5","e.g., 2000","e.g., JNTU Kakinada",https://example.com,+91-XXXXXXXXXX,info@college.edu,0,0,0,0,0,0,0,"TCS, Infosys, Wipro",0,
Vardhman Mahavir Medical College & Safdarjung Hospital,,,Government,Virudhunagar,,,,,"e.g., Guntur Junction","e.g., Guntur Bus Stand","e.g., 25.5","e.g., 2000","e.g., JNTU Kakinada",https://example.com,+91-XXXXXXXXXX,info@college.edu,0,0,0,0,0,0,0,"TCS, Infosys, Wipro",0,
Varun Arjun Medical College,,,Government,Virudhunagar,,,,,"e.g., Guntur Junction","e.g., Guntur Bus Stand","e.g., 25.5","e.g., 2000","e.g., JNTU Kakinada",https://example.com,+91-XXXXXXXXXX,info@college.edu,0,0,0,0,0,0,0,"TCS, Infosys, Wipro",0,
Vedantaa Institute of Medical Sciences,,,Government,Virudhunagar,,,,,"e.g., Guntur Junction","e.g., Guntur Bus Stand","e.g., 25.5","e.g., 2000","e.g., JNTU Kakinada",https://example.com,+91-XXXXXXXXXX,info@college.edu,0,0,0,0,0,0,0,"TCS, Infosys, Wipro",0,
Veer Chandra Singh Garhwali Govt. Medical Sc. & Research Instt,,,Government,Virudhunagar,,,,,"e.g., Guntur Junction","e.g., Guntur Bus Stand","e.g., 25.5","e.g., 2000","e.g., JNTU Kakinada",https://example.com,+91-XXXXXXXXXX,info@college.edu,0,0,0,0,0,0,0,"TCS, Infosys, Wipro",0,
Veer Surendra Sai Institute of Medical Sciences and Research,,,Government,Virudhunagar,,,,,"e.g., Guntur Junction","e.g., Guntur Bus Stand","e.g., 25.5","e.g., 2000","e.g., JNTU Kakinada",https://example.com,+91-XXXXXXXXXX,info@college.edu,0,0,0,0,0,0,0,"TCS, Infosys, Wipro",0,
Velammal Medical College Hospital and Research Institute,,,Government,Virudhunagar,,,,,"e.g., Guntur Junction","e.g., Guntur Bus Stand","e.g., 25.5","e.g., 2000","e.g., JNTU Kakinada",https://example.com,+91-XXXXXXXXXX,info@college.edu,0,0,0,0,0,0,0,"TCS, Infosys, Wipro",0,
Venkateshwara Institute of Medical Sciences,,,Government,Virudhunagar,,,,,"e.g., Guntur Junction","e.g., Guntur Bus Stand","e.g., 25.5","e.g., 2000","e.g., JNTU Kakinada",https://example.com,+91-XXXXXXXXXX,info@college.edu,0,0,0,0,0,0,0,"TCS, Infosys, Wipro",0,
Vijaynagar Institute of Medical Sciences,,,Government,Virudhunagar,,,,,"e.g., Guntur Junction","e.g., Guntur Bus Stand","e.g., 25.5","e.g., 2000","e.g., JNTU Kakinada",https://example.com,+91-XXXXXXXXXX,info@college.edu,0,0,0,0,0,0,0,"TCS, Infosys, Wipro",0,
Vinayaka Missions Kirupananda Variyar Medical College,,,Government,Virudhunagar,,,,,"e.g., Guntur Junction","e.g., Guntur Bus Stand","e.g., 25.5","e.g., 2000","e.g., JNTU Kakinada",https://example.com,+91-XXXXXXXXXX,info@college.edu,0,0,0,0,0,0,0,"TCS, Infosys, Wipro",0,
Virendra Kumar Sakhlecha Government Medical College,,,Government,Virudhunagar,,,,,"e.g., Guntur Junction","e.g., Guntur Bus Stand","e.g., 25.5","e.g., 2000","e.g., JNTU Kakinada",https://example.com,+91-XXXXXXXXXX,info@college.edu,0,0,0,0,0,0,0,"TCS, Infosys, Wipro",0,
Viswabharathi Medical College,,,Government,Virudhunagar,,,,,"e.g., Guntur Junction","e.g., Guntur Bus Stand","e.g., 25.5","e.g., 2000","e.g., JNTU Kakinada",https://example.com,+91-XXXXXXXXXX,info@college.edu,0,0,0,0,0,0,0,"TCS, Infosys, Wipro",0,
Vyas Medical College & Hospital,,,Government,Virudhunagar,,,,,"e.g., Guntur Junction","e.g., Guntur Bus Stand","e.g., 25.5","e.g., 2000","e.g., JNTU Kakinada",https://example.com,+91-XXXXXXXXXX,info@college.edu,0,0,0,0,0,0,0,"TCS, Infosys, Wipro",0,
Vydehi Institute Of Medical Sciences & Research Centre,,,Government,Virudhunagar,,,,,"e.g., Guntur Junction","e.g., Guntur Bus Stand","e.g., 25.5","e.g., 2000","e.g., JNTU Kakinada",https://example.com,+91-XXXXXXXXXX,info@college.edu,0,0,0,0,0,0,0,"TCS, Infosys, Wipro",0,
World College of Medical Sciences & Researc,,,Government,Virudhunagar,,,,,"e.g., Guntur Junction","e.g., Guntur Bus Stand","e.g., 25.5","e.g., 2000","e.g., JNTU Kakinada",https://example.com,+91-XXXXXXXXXX,info@college.edu,0,0,0,0,0,0,0,"TCS, Infosys, Wipro",0,
Yadgiri Institute of Medical Sciences,,,Government,Virudhunagar,,,,,"e.g., Guntur Junction","e.g., Guntur Bus Stand","e.g., 25.5","e.g., 2000","e.g., JNTU Kakinada",https://example.com,+91-XXXXXXXXXX,info@college.edu,0,0,0,0,0,0,0,"TCS, Infosys, Wipro",0,
Yenepoya Medical College,,,Government,Virudhunagar,,,,,"e.g., Guntur Junction","e.g., Guntur Bus Stand","e.g., 25.5","e.g., 2000","e.g., JNTU Kakinada",https://example.com,+91-XXXXXXXXXX,info@college.edu,0,0,0,0,0,0,0,"TCS, Infosys, Wipro",0,
Zydus Medical College & Hospital,,,Government,Virudhunagar,,,,,"e.g., Guntur Junction","e.g., Guntur Bus Stand","e.g., 25.5","e.g., 2000","e.g., JNTU Kakinada",https://example.com,+91-XXXXXXXXXX,info@college.edu,0,0,0,0,0,0,0,"TCS, Infosys, Wipro",0,
"Andaman and Nicobar Islands Institute of Medical Sciences, Port Blair",,,Government,Port Blair,Andaman And Nicobar Islands,,,,"e.g., Guntur Junction","e.g., Guntur Bus Stand","e.g., 25.5","e.g., 2000","e.g., JNTU Kakinada",https://example.com,+91-XXXXXXXXXX,info@college.edu,0,0,0,0,0,0,0,"TCS, Infosys, Wipro",0,
"ACSR Government Medical College, Nellore",,,Government,Nellore,Andhra Pradesh,,,,"e.g., Guntur Junction","e.g., Guntur Bus Stand","e.g., 25.5","e.g., 2000","e.g., JNTU Kakinada",https://example.com,+91-XXXXXXXXXX,info@college.edu,0,0,0,0,0,0,0,"TCS, Infosys, Wipro",0,
AIIMS Mangalagiri,,,Government,Virudhunagar,Andhra Pradesh,,,,"e.g., Guntur Junction","e.g., Guntur Bus Stand","e.g., 25.5","e.g., 2000","e.g., JNTU Kakinada",https://example.com,+91-XXXXXXXXXX,info@college.edu,0,0,0,0,0,0,0,"TCS, Infosys, Wipro",0,
"Andhra Medical College, Visakhapatnam",,,Government,Visakhapatnam,Andhra Pradesh,,,,"e.g., Guntur Junction","e.g., Guntur Bus Stand","e.g., 25.5","e.g., 2000","e.g., JNTU Kakinada",https://example.com,+91-XXXXXXXXXX,info@college.edu,0,0,0,0,0,0,0,"TCS, Infosys, Wipro",0,
"GITAM Institute of Medical Sciences and Research, Visakhapatnam",,,Government,Visakhapatnam,Andhra Pradesh,,,,"e.g., Guntur Junction","e.g., Guntur Bus Stand","e.g., 25.5","e.g., 2000","e.g., JNTU Kakinada",https://example.com,+91-XXXXXXXXXX,info@college.edu,0,0,0,0,0,0,0,"TCS, Infosys, Wipro",0,
"GMC, Rajamahendravaram",,,Government,Rajamahendravaram,Andhra Pradesh,,,,"e.g., Guntur Junction","e.g., Guntur Bus Stand","e.g., 25.5","e.g., 2000","e.g., JNTU Kakinada",https://example.com,+91-XXXXXXXXXX,info@college.edu,0,0,0,0,0,0,0,"TCS, Infosys, Wipro",0,
GOVERNMENT MEDICAL COLLEGE MACHILIPATNAM,,,Government,Virudhunagar,Andhra Pradesh,,,,"e.g., Guntur Junction","e.g., Guntur Bus Stand","e.g., 25.5","e.g., 2000","e.g., JNTU Kakinada",https://example.com,+91-XXXXXXXXXX,info@college.edu,0,0,0,0,0,0,0,"TCS, Infosys, Wipro",0,
GOVERNMENT MEDICAL COLLEGE VIZIANAGARAM,,,Government,Virudhunagar,Andhra Pradesh,,,,"e.g., Guntur Junction","e.g., Guntur Bus Stand","e.g., 25.5","e.g., 2000","e.g., JNTU Kakinada",https://example.com,+91-XXXXXXXXXX,info@college.edu,0,0,0,0,0,0,0,"TCS, Infosys, Wipro",0,
"GUNTUR MEDICAL COLLEGE, GUNTUR",,,Government,GUNTUR,Andhra Pradesh,,,,"e.g., Guntur Junction","e.g., Guntur Bus Stand","e.g., 25.5","e.g., 2000","e.g., JNTU Kakinada",https://example.com,+91-XXXXXXXXXX,info@college.edu,0,0,0,0,0,0,0,"TCS, Infosys, Wipro",0,
Government Dental College RIMS Kadapa,,,Government,Virudhunagar,Andhra Pradesh,,,,"e.g., Guntur Junction","e.g., Guntur Bus Stand","e.g., 25.5","e.g., 2000","e.g., JNTU Kakinada",https://example.com,+91-XXXXXXXXXX,info@college.edu,0,0,0,0,0,0,0,"TCS, Infosys, Wipro",0,
"Government Dental College and Hospital, Vijayawada",,,Government,Vijayawada,Andhra Pradesh,,,,"e.g., Guntur Junction","e.g., Guntur Bus Stand","e.g., 25.5","e.g., 2000","e.g., JNTU Kakinada",https://example.com,+91-XXXXXXXXXX,info@college.edu,0,0,0,0,0,0,0,"TCS, Infosys, Wipro",0,
"Government Medical College, Anantapuram",,,Government,Anantapuram,Andhra Pradesh,,,,"e.g., Guntur Junction","e.g., Guntur Bus Stand","e.g., 25.5","e.g., 2000","e.g., JNTU Kakinada",https://example.com,+91-XXXXXXXXXX,info@college.edu,0,0,0,0,0,0,0,"TCS, Infosys, Wipro",0,
"Government Medical College, Eluru",,,Government,Eluru,Andhra Pradesh,,,,"e.g., Guntur Junction","e.g., Guntur Bus Stand","e.g., 25.5","e.g., 2000","e.g., JNTU Kakinada",https://example.com,+91-XXXXXXXXXX,info@college.edu,0,0,0,0,0,0,0,"TCS, Infosys, Wipro",0,
"Government Medical College, Thalarasingi village, Paderu",,,Government,Thalarasingi village,Andhra Pradesh,,,,"e.g., Guntur Junction","e.g., Guntur Bus Stand","e.g., 25.5","e.g., 2000","e.g., JNTU Kakinada",https://example.com,+91-XXXXXXXXXX,info@college.edu,0,0,0,0,0,0,0,"TCS, Infosys, Wipro",0,
"KURNOOL MEDICAL COLLEGE, KURNOOL",,,Government,KURNOOL,Andhra Pradesh,,,,"e.g., Guntur Junction","e.g., Guntur Bus Stand","e.g., 25.5","e.g., 2000","e.g., JNTU Kakinada",https://example.com,+91-XXXXXXXXXX,info@college.edu,0,0,0,0,0,0,0,"TCS, Infosys, Wipro",0,
"RAJIV GANDHI INSTITUTE OF MEDICAL SCIENCES, KADAPA",,,Government,KADAPA,Andhra Pradesh,,,,"e.g., Guntur Junction","e.g., Guntur Bus Stand","e.g., 25.5","e.g., 2000","e.g., JNTU Kakinada",https://example.com,+91-XXXXXXXXXX,info@college.edu,0,0,0,0,0,0,0,"TCS, Infosys, Wipro",0,
RIMS Srikakulam,,,Government,Virudhunagar,Andhra Pradesh,,,,"e.g., Guntur Junction","e.g., Guntur Bus Stand","e.g., 25.5","e.g., 2000","e.g., JNTU Kakinada",https://example.com,+91-XXXXXXXXXX,info@college.edu,0,0,0,0,0,0,0,"TCS, Infosys, Wipro",0,
"RIMS, Ongole",,,Government,Ongole,Andhra Pradesh,,,,"e.g., Guntur Junction","e.g., Guntur Bus Stand","e.g., 25.5","e.g., 2000","e.g., JNTU Kakinada",https://example.com,+91-XXXXXXXXXX,info@college.edu,0,0,0,0,0,0,0,"TCS, Infosys, Wipro",0,
"Rangaraya Medical College, Kakinada",,,Government,Kakinada,Andhra Pradesh,,,,"e.g., Guntur Junction","e.g., Guntur Bus Stand","e.g., 25.5","e.g., 2000","e.g., JNTU Kakinada",https://example.com,+91-XXXXXXXXXX,info@college.edu,0,0,0,0,0,0,0,"TCS, Infosys, Wipro",0,
"SVIMS-Sri Padmavathi Medical College for Women, Tirupati",,,Government,Tirupati,Andhra Pradesh,,,,"e.g., Guntur Junction","e.g., Guntur Bus Stand","e.g., 25.5","e.g., 2000","e.g., JNTU Kakinada",https://example.com,+91-XXXXXXXXXX,info@college.edu,0,0,0,0,0,0,0,"TCS, Infosys, Wipro",0,
"Siddartha Medical College, Vijayawada",,,Government,Vijayawada,Andhra Pradesh,,,,"e.g., Guntur Junction","e.g., Guntur Bus Stand","e.g., 25.5","e.g., 2000","e.g., JNTU Kakinada",https://example.com,+91-XXXXXXXXXX,info@college.edu,0,0,0,0,0,0,0,"TCS, Infosys, Wipro",0,
"Sri Venkateswara Medical College, Tirupati",,,Government,Tirupati,Andhra Pradesh,,,,"e.g., Guntur Junction","e.g., Guntur Bus Stand","e.g., 25.5","e.g., 2000","e.g., JNTU Kakinada",https://example.com,+91-XXXXXXXXXX,info@college.edu,0,0,0,0,0,0,0,"TCS, Infosys, Wipro",0,
mailto:principalgmcnandyala@gmail.com,,,Government,Virudhunagar,Andhra Pradesh,,,,"e.g., Guntur Junction","e.g., Guntur Bus Stand","e.g., 25.5","e.g., 2000","e.g., JNTU Kakinada",https://example.com,+91-XXXXXXXXXX,info@college.edu,0,0,0,0,0,0,0,"TCS, Infosys, Wipro",0,
"Tomo Riba Institute of Health and Medical Sciences, Naharlagun",,,Government,Naharlagun,Arunachal Pradesh,,,,"e.g., Guntur Junction","e.g., Guntur Bus Stand","e.g., 25.5","e.g., 2000","e.g., JNTU Kakinada",https://example.com,+91-XXXXXXXXXX,info@college.edu,0,0,0,0,0,0,0,"TCS, Infosys, Wipro",0,
AIIMS Guwahati,,,Government,Virudhunagar,Assam,,,,"e.g., Guntur Junction","e.g., Guntur Bus Stand","e.g., 25.5","e.g., 2000","e.g., JNTU Kakinada",https://example.com,+91-XXXXXXXXXX,info@college.edu,0,0,0,0,0,0,0,"TCS, Infosys, Wipro",0,
"ASSAM MEDICAL COLLEGE, DIBRUGARH",,,Government,DIBRUGARH,Assam,,,,"e.g., Guntur Junction","e.g., Guntur Bus Stand","e.g., 25.5","e.g., 2000","e.g., JNTU Kakinada",https://example.com,+91-XXXXXXXXXX,info@college.edu,0,0,0,0,0,0,0,"TCS, Infosys, Wipro",0,
"Dhubri Medical College, Dhubri",,,Government,Dhubri,Assam,,,,"e.g., Guntur Junction","e.g., Guntur Bus Stand","e.g., 25.5","e.g., 2000","e.g., JNTU Kakinada",https://example.com,+91-XXXXXXXXXX,info@college.edu,0,0,0,0,0,0,0,"TCS, Infosys, Wipro",0,
"Diphu Medical College & Hospital, Assam",,,Government,Assam,Assam,,,,"e.g., Guntur Junction","e.g., Guntur Bus Stand","e.g., 25.5","e.g., 2000","e.g., JNTU Kakinada",https://example.com,+91-XXXXXXXXXX,info@college.edu,0,0,0,0,0,0,0,"TCS, Infosys, Wipro",0,
"Fakhruddin Ali Ahmed Medical College, Barpeta",,,Government,Barpeta,Assam,,,,"e.g., Guntur Junction","e.g., Guntur Bus Stand","e.g., 25.5","e.g., 2000","e.g., JNTU Kakinada",https://example.com,+91-XXXXXXXXXX,info@college.edu,0,0,0,0,0,0,0,"TCS, Infosys, Wipro",0,
"GUWAHATI MEDICAL COLLEGE, GUWAHATI",,,Government,GUWAHATI,Assam,,,,"e.g., Guntur Junction","e.g., Guntur Bus Stand","e.g., 25.5","e.g., 2000","e.g., JNTU Kakinada",https://example.com,+91-XXXXXXXXXX,info@college.edu,0,0,0,0,0,0,0,"TCS, Infosys, Wipro",0,
Government Dental College Dibrugarh,,,Government,Virudhunagar,Assam,,,,"e.g., Guntur Junction","e.g., Guntur Bus Stand","e.g., 25.5","e.g., 2000","e.g., JNTU Kakinada",https://example.com,+91-XXXXXXXXXX,info@college.edu,0,0,0,0,0,0,0,"TCS, Infosys, Wipro",0,
"Government Dental College, Silchar",,,Government,Silchar,Assam,,,,"e.g., Guntur Junction","e.g., Guntur Bus Stand","e.g., 25.5","e.g., 2000","e.g., JNTU Kakinada",https://example.com,+91-XXXXXXXXXX,info@college.edu,0,0,0,0,0,0,0,"TCS, Infosys, Wipro",0,
"Jorhat Medical College and Hospital, JORHAT",,,Government,JORHAT,Assam,,,,"e.g., Guntur Junction","e.g., Guntur Bus Stand","e.g., 25.5","e.g., 2000","e.g., JNTU Kakinada",https://example.com,+91-XXXXXXXXXX,info@college.edu,0,0,0,0,0,0,0,"TCS, Infosys, Wipro",0,
Kokrajhar Medical College & Hospital Rangalikhata,,,Government,Virudhunagar,Assam,,,,"e.g., Guntur Junction","e.g., Guntur Bus Stand","e.g., 25.5","e.g., 2000","e.g., JNTU Kakinada",https://example.com,+91-XXXXXXXXXX,info@college.edu,0,0,0,0,0,0,0,"TCS, Infosys, Wipro",0,
"Lakhimpur Medical College, North Lakhimpur",,,Government,North Lakhimpur,Assam,,,,"e.g., Guntur Junction","e.g., Guntur Bus Stand","e.g., 25.5","e.g., 2000","e.g., JNTU Kakinada",https://example.com,+91-XXXXXXXXXX,info@college.edu,0,0,0,0,0,0,0,"TCS, Infosys, Wipro",0,
"Nagaon Medical College, Nagaon",,,Government,Nagaon,Assam,,,,"e.g., Guntur Junction","e.g., Guntur Bus Stand","e.g., 25.5","e.g., 2000","e.g., JNTU Kakinada",https://example.com,+91-XXXXXXXXXX,info@college.edu,0,0,0,0,0,0,0,"TCS, Infosys, Wipro",0,
"Nalbari Medical College & Hospital, Nalbari",,,Government,Nalbari,Assam,,,,"e.g., Guntur Junction","e.g., Guntur Bus Stand","e.g., 25.5","e.g., 2000","e.g., JNTU Kakinada",https://example.com,+91-XXXXXXXXXX,info@college.edu,0,0,0,0,0,0,0,"TCS, Infosys, Wipro",0,
"REGIONAL DENTAL COLLEGE, GUWAHATI",,,Government,GUWAHATI,Assam,,,,"e.g., Guntur Junction","e.g., Guntur Bus Stand","e.g., 25.5","e.g., 2000","e.g., JNTU Kakinada",https://example.com,+91-XXXXXXXXXX,info@college.edu,0,0,0,0,0,0,0,"TCS, Infosys, Wipro",0,
"SILCHAR MEDICAL COLLEGE, SILCHAR",,,Government,SILCHAR,Assam,,,,"e.g., Guntur Junction","e.g., Guntur Bus Stand","e.g., 25.5","e.g., 2000","e.g., JNTU Kakinada",https://example.com,+91-XXXXXXXXXX,info@college.edu,0,0,0,0,0,0,0,"TCS, Infosys, Wipro",0,
"Tezpur Medical College, Tezpur",,,Government,Tezpur,Assam,,,,"e.g., Guntur Junction","e.g., Guntur Bus Stand","e.g., 25.5","e.g., 2000","e.g., JNTU Kakinada",https://example.com,+91-XXXXXXXXXX,info@college.edu,0,0,0,0,0,0,0,"TCS, Infosys, Wipro",0,
"Tinsukia Medical College & Hospital, Tinsukia",,,Government,Tinsukia,Assam,,,,"e.g., Guntur Junction","e.g., Guntur Bus Stand","e.g., 25.5","e.g., 2000","e.g., JNTU Kakinada",https://example.com,+91-XXXXXXXXXX,info@college.edu,0,0,0,0,0,0,0,"TCS, Infosys, Wipro",0,
"AIIMS, Patna",,,Government,Patna,Bihar,,,,"e.g., Guntur Junction","e.g., Guntur Bus Stand","e.g., 25.5","e.g., 2000","e.g., JNTU Kakinada",https://example.com,+91-XXXXXXXXXX,info@college.edu,0,0,0,0,0,0,0,"TCS, Infosys, Wipro",0,
"ANUGRAH NARAYAN MAGADH MEDICAL COLLEGE, GAYA",,,Government,GAYA,Bihar,,,,"e.g., Guntur Junction","e.g., Guntur Bus Stand","e.g., 25.5","e.g., 2000","e.g., JNTU Kakinada",https://example.com,+91-XXXXXXXXXX,info@college.edu,0,0,0,0,0,0,0,"TCS, Infosys, Wipro",0,
"Darbhanga Medical College, Laheriasarai",,,Government,Laheriasarai,Bihar,,,,"e.g., Guntur Junction","e.g., Guntur Bus Stand","e.g., 25.5","e.g., 2000","e.g., JNTU Kakinada",https://example.com,+91-XXXXXXXXXX,info@college.edu,0,0,0,0,0,0,0,"TCS, Infosys, Wipro",0,
"ESIC Medical College & Hospital, Bihta",,,Government,Bihta,Bihar,,,,"e.g., Guntur Junction","e.g., Guntur Bus Stand","e.g., 25.5","e.g., 2000","e.g., JNTU Kakinada",https://example.com,+91-XXXXXXXXXX,info@college.edu,0,0,0,0,0,0,0,"TCS, Infosys, Wipro",0,
"Government Dental College and Hospital, Nalanda",,,Government,Nalanda,Bihar,,,,"e.g., Guntur Junction","e.g., Guntur Bus Stand","e.g., 25.5","e.g., 2000","e.g., JNTU Kakinada",https://example.com,+91-XXXXXXXXXX,info@college.edu,0,0,0,0,0,0,0,"TCS, Infosys, Wipro",0,
"Government Medical College, Bettiah",,,Government,Bettiah,Bihar,,,,"e.g., Guntur Junction","e.g., Guntur Bus Stand","e.g., 25.5","e.g., 2000","e.g., JNTU Kakinada",https://example.com,+91-XXXXXXXXXX,info@college.edu,0,0,0,0,0,0,0,"TCS, Infosys, Wipro",0,
"Indira Gandhi Institute of Medical Sciences, Patna",,,Government,Patna,Bihar,,,,"e.g., Guntur Junction","e.g., Guntur Bus Stand","e.g., 25.5","e.g., 2000","e.g., JNTU Kakinada",https://example.com,+91-XXXXXXXXXX,info@college.edu,0,0,0,0,0,0,0,"TCS, Infosys, Wipro",0,
"Jannayak Karpoori Thakur Medical College and Hospital, Madhepura",,,Government,Madhepura,Bihar,,,,"e.g., Guntur Junction","e.g., Guntur Bus Stand","e.g., 25.5","e.g., 2000","e.g., JNTU Kakinada",https://example.com,+91-XXXXXXXXXX,info@college.edu,0,0,0,0,0,0,0,"TCS, Infosys, Wipro",0,
"Jawaharlal Nehru Medical College, Bhagalpur",,,Government,Bhagalpur,Bihar,,,,"e.g., Guntur Junction","e.g., Guntur Bus Stand","e.g., 25.5","e.g., 2000","e.g., JNTU Kakinada",https://example.com,+91-XXXXXXXXXX,info@college.edu,0,0,0,0,0,0,0,"TCS, Infosys, Wipro",0,
"NALANDA MEDICAL COLLEGE, PATNA",,,Government,PATNA,Bihar,,,,"e.g., Guntur Junction","e.g., Guntur Bus Stand","e.g., 25.5","e.g., 2000","e.g., JNTU Kakinada",https://example.com,+91-XXXXXXXXXX,info@college.edu,0,0,0,0,0,0,0,"TCS, Infosys, Wipro",0,
"PATNA DENTAL COLLEGE & HOSPITAL, PATNA",,,Government,PATNA,Bihar,,,,"e.g., Guntur Junction","e.g., Guntur Bus Stand","e.g., 25.5","e.g., 2000","e.g., JNTU Kakinada",https://example.com,+91-XXXXXXXXXX,info@college.edu,0,0,0,0,0,0,0,"TCS, Infosys, Wipro",0,
"PATNA MEDICAL COLLEGE, PATNA",,,Government,PATNA,Bihar,,,,"e.g., Guntur Junction","e.g., Guntur Bus Stand","e.g., 25.5","e.g., 2000","e.g., JNTU Kakinada",https://example.com,+91-XXXXXXXXXX,info@college.edu,0,0,0,0,0,0,0,"TCS, Infosys, Wipro",0,
"SRI KRISHNA MEDICAL COLLEGE, MUZAFFARPUR",,,Government,MUZAFFARPUR,Bihar,,,,"e.g., Guntur Junction","e.g., Guntur Bus Stand","e.g., 25.5","e.g., 2000","e.g., JNTU Kakinada",https://example.com,+91-XXXXXXXXXX,info@college.edu,0,0,0,0,0,0,0,"TCS, Infosys, Wipro",0,
"VARDHMAN INSTITUTE OF MEDICAL SCIENCES, NALANDA",,,Government,NALANDA,Bihar,,,,"e.g., Guntur Junction","e.g., Guntur Bus Stand","e.g., 25.5","e.g., 2000","e.g., JNTU Kakinada",https://example.com,+91-XXXXXXXXXX,info@college.edu,0,0,0,0,0,0,0,"TCS, Infosys, Wipro",0,
mailto:govt.mcpurnea@gmail.com,,,Government,Virudhunagar,Bihar,,,,"e.g., Guntur Junction","e.g., Guntur Bus Stand","e.g., 25.5","e.g., 2000","e.g., JNTU Kakinada",https://example.com,+91-XXXXXXXXXX,info@college.edu,0,0,0,0,0,0,0,"TCS, Infosys, Wipro",0,
"GOVERNMENT MEDICAL COLLEGE AND HOSPITAL, CHANDIGARH",,,Government,CHANDIGARH,Chandigarh,,,,"e.g., Guntur Junction","e.g., Guntur Bus Stand","e.g., 25.5","e.g., 2000","e.g., JNTU Kakinada",https://example.com,+91-XXXXXXXXXX,info@college.edu,0,0,0,0,0,0,0,"TCS, Infosys, Wipro",0,
"AIIMS, Raipur",,,Government,Raipur,Chhattisgarh,,,,"e.g., Guntur Junction","e.g., Guntur Bus Stand","e.g., 25.5","e.g., 2000","e.g., JNTU Kakinada",https://example.com,+91-XXXXXXXXXX,info@college.edu,0,0,0,0,0,0,0,"TCS, Infosys, Wipro",0,
"CHHATTISGARH INSTITUTE OF MEDICAL SCIENCES, BILASPUR",,,Government,BILASPUR,Chhattisgarh,,,,"e.g., Guntur Junction","e.g., Guntur Bus Stand","e.g., 25.5","e.g., 2000","e.g., JNTU Kakinada",https://example.com,+91-XXXXXXXXXX,info@college.edu,0,0,0,0,0,0,0,"TCS, Infosys, Wipro",0,
"Chandulal Chandrakar Memorial Government Medical College, Durg",,,Government,Durg,Chhattisgarh,,,,"e.g., Guntur Junction","e.g., Guntur Bus Stand","e.g., 25.5","e.g., 2000","e.g., JNTU Kakinada",https://example.com,+91-XXXXXXXXXX,info@college.edu,0,0,0,0,0,0,0,"TCS, Infosys, Wipro",0,
"GOVERNMENT DENTAL COLLEGE, RAIPUR",,,Government,RAIPUR,Chhattisgarh,,,,"e.g., Guntur Junction","e.g., Guntur Bus Stand","e.g., 25.5","e.g., 2000","e.g., JNTU Kakinada",https://example.com,+91-XXXXXXXXXX,info@college.edu,0,0,0,0,0,0,0,"TCS, Infosys, Wipro",0,
Government Medical College Mahasamund,,,Government,Virudhunagar,Chhattisgarh,,,,"e.g., Guntur Junction","e.g., Guntur Bus Stand","e.g., 25.5","e.g., 2000","e.g., JNTU Kakinada",https://example.com,+91-XXXXXXXXXX,info@college.edu,0,0,0,0,0,0,0,"TCS, Infosys, Wipro",0,
"Government Medical College, Kanker",,,Government,Kanker,Chhattisgarh,,,,"e.g., Guntur Junction","e.g., Guntur Bus Stand","e.g., 25.5","e.g., 2000","e.g., JNTU Kakinada",https://example.com,+91-XXXXXXXXXX,info@college.edu,0,0,0,0,0,0,0,"TCS, Infosys, Wipro",0,
"Government Medical College, Korba",,,Government,Korba,Chhattisgarh,,,,"e.g., Guntur Junction","e.g., Guntur Bus Stand","e.g., 25.5","e.g., 2000","e.g., JNTU Kakinada",https://example.com,+91-XXXXXXXXXX,info@college.edu,0,0,0,0,0,0,0,"TCS, Infosys, Wipro",0,
"Government Medical College, Rajnandgaon",,,Government,Rajnandgaon,Chhattisgarh,,,,"e.g., Guntur Junction","e.g., Guntur Bus Stand","e.g., 25.5","e.g., 2000","e.g., JNTU Kakinada",https://example.com,+91-XXXXXXXXXX,info@college.edu,0,0,0,0,0,0,0,"TCS, Infosys, Wipro",0,
"Lt. B R K Government Medical College, Jagdalpur",,,Government,Jagdalpur,Chhattisgarh,,,,"e.g., Guntur Junction","e.g., Guntur Bus Stand","e.g., 25.5","e.g., 2000","e.g., JNTU Kakinada",https://example.com,+91-XXXXXXXXXX,info@college.edu,0,0,0,0,0,0,0,"TCS, Infosys, Wipro",0,
"Lt. L A M Government Medical College, Raigarh",,,Government,Raigarh,Chhattisgarh,,,,"e.g., Guntur Junction","e.g., Guntur Bus Stand","e.g., 25.5","e.g., 2000","e.g., JNTU Kakinada",https://example.com,+91-XXXXXXXXXX,info@college.edu,0,0,0,0,0,0,0,"TCS, Infosys, Wipro",0,
"Pt. J N M MEDICAL COLLEGE, RAIPUR",,,Government,RAIPUR,Chhattisgarh,,,,"e.g., Guntur Junction","e.g., Guntur Bus Stand","e.g., 25.5","e.g., 2000","e.g., JNTU Kakinada",https://example.com,+91-XXXXXXXXXX,info@college.edu,0,0,0,0,0,0,0,"TCS, Infosys, Wipro",0,
"Rajmata Shrimati Devendra Kumari Singhdeo Government Medical College, Ambikapur, Surguja",,,Government,Ambikapur,Chhattisgarh,,,,"e.g., Guntur Junction","e.g., Guntur Bus Stand","e.g., 25.5","e.g., 2000","e.g., JNTU Kakinada",https://example.com,+91-XXXXXXXXXX,info@college.edu,0,0,0,0,0,0,0,"TCS, Infosys, Wipro",0,
"NAMO Medical Education & Research Institute, Government Medical College Silvassa",,,Government,Government Medical College Silvassa,Dadra And Nagar Haveli,,,,"e.g., Guntur Junction","e.g., Guntur Bus Stand","e.g., 25.5","e.g., 2000","e.g., JNTU Kakinada",https://example.com,+91-XXXXXXXXXX,info@college.edu,0,0,0,0,0,0,0,"TCS, Infosys, Wipro",0,
"AIIMS, New Delhi",,,Government,New Delhi,Delhi (NCT),,,,"e.g., Guntur Junction","e.g., Guntur Bus Stand","e.g., 25.5","e.g., 2000","e.g., JNTU Kakinada",https://example.com,+91-XXXXXXXXXX,info@college.edu,0,0,0,0,0,0,0,"TCS, Infosys, Wipro",0,
"Atal Bihari Vajpayee Institute of Medical Sciences & DR RML HOSPITAL, NEW DELHI",,,Government,NEW DELHI,Delhi (NCT),,,,"e.g., Guntur Junction","e.g., Guntur Bus Stand","e.g., 25.5","e.g., 2000","e.g., JNTU Kakinada",https://example.com,+91-XXXXXXXXXX,info@college.edu,0,0,0,0,0,0,0,"TCS, Infosys, Wipro",0,
"College of Nursing Ahilya Bai College of Nursing, New Delhi",,,Government,New Delhi,Delhi (NCT),,,,"e.g., Guntur Junction","e.g., Guntur Bus Stand","e.g., 25.5","e.g., 2000","e.g., JNTU Kakinada",https://example.com,+91-XXXXXXXXXX,info@college.edu,0,0,0,0,0,0,0,"TCS, Infosys, Wipro",0,
"College of Nursing Dr. RML Hospital, New Delhi",,,Government,New Delhi,Delhi (NCT),,,,"e.g., Guntur Junction","e.g., Guntur Bus Stand","e.g., 25.5","e.g., 2000","e.g., JNTU Kakinada",https://example.com,+91-XXXXXXXXXX,info@college.edu,0,0,0,0,0,0,0,"TCS, Infosys, Wipro",0,
"College of Nursing Florence Nightingale CON, New Delhi",,,Government,New Delhi,Delhi (NCT),,,,"e.g., Guntur Junction","e.g., Guntur Bus Stand","e.g., 25.5","e.g., 2000","e.g., JNTU Kakinada",https://example.com,+91-XXXXXXXXXX,info@college.edu,0,0,0,0,0,0,0,"TCS, Infosys, Wipro",0,
"College of Nursing LHMC, New Delhi",,,Government,New Delhi,Delhi (NCT),,,,"e.g., Guntur Junction","e.g., Guntur Bus Stand","e.g., 25.5","e.g., 2000","e.g., JNTU Kakinada",https://example.com,+91-XXXXXXXXXX,info@college.edu,0,0,0,0,0,0,0,"TCS, Infosys, Wipro",0,
"College of Nursing RAK CON, New Delhi",,,Government,New Delhi,Delhi (NCT),,,,"e.g., Guntur Junction","e.g., Guntur Bus Stand","e.g., 25.5","e.g., 2000","e.g., JNTU Kakinada",https://example.com,+91-XXXXXXXXXX,info@college.edu,0,0,0,0,0,0,0,"TCS, Infosys, Wipro",0,
"College of Nursing Safdarjung Hospital, New Delhi",,,Government,New Delhi,Delhi (NCT),,,,"e.g., Guntur Junction","e.g., Guntur Bus Stand","e.g., 25.5","e.g., 2000","e.g., JNTU Kakinada",https://example.com,+91-XXXXXXXXXX,info@college.edu,0,0,0,0,0,0,0,"TCS, Infosys, Wipro",0,
"Dr. B.S.A. Medical College, Delhi",,,Government,Delhi,Delhi (NCT),,,,"e.g., Guntur Junction","e.g., Guntur Bus Stand","e.g., 25.5","e.g., 2000","e.g., JNTU Kakinada",https://example.com,+91-XXXXXXXXXX,info@college.edu,0,0,0,0,0,0,0,"TCS, Infosys, Wipro",0,
"ESIC Dental College and Hospital, Rohini",,,Government,Rohini,Delhi (NCT),,,,"e.g., Guntur Junction","e.g., Guntur Bus Stand","e.g., 25.5","e.g., 2000","e.g., JNTU Kakinada",https://example.com,+91-XXXXXXXXXX,info@college.edu,0,0,0,0,0,0,0,"TCS, Infosys, Wipro",0,
"Faculty of Dentistry, Jamia Millia Islamia, New Delhi",,,Government,Jamia Millia Islamia,Delhi (NCT),,,,"e.g., Guntur Junction","e.g., Guntur Bus Stand","e.g., 25.5","e.g., 2000","e.g., JNTU Kakinada",https://example.com,+91-XXXXXXXXXX,info@college.edu,0,0,0,0,0,0,0,"TCS, Infosys, Wipro",0,
"Hamdard Institute of Medical Sciences and Research, New Delhi",,,Government,New Delhi,Delhi (NCT),,,,"e.g., Guntur Junction","e.g., Guntur Bus Stand","e.g., 25.5","e.g., 2000","e.g., JNTU Kakinada",https://example.com,+91-XXXXXXXXXX,info@college.edu,0,0,0,0,0,0,0,"TCS, Infosys, Wipro",0,
"Lady Hardinge Medical College, New Delhi",,,Government,New Delhi,Delhi (NCT),,,,"e.g., Guntur Junction","e.g., Guntur Bus Stand","e.g., 25.5","e.g., 2000","e.g., JNTU Kakinada",https://example.com,+91-XXXXXXXXXX,info@college.edu,0,0,0,0,0,0,0,"TCS, Infosys, Wipro",0,
"Maulana Azad Institute of Dental Sciences, New Delhi",,,Government,New Delhi,Delhi (NCT),,,,"e.g., Guntur Junction","e.g., Guntur Bus Stand","e.g., 25.5","e.g., 2000","e.g., JNTU Kakinada",https://example.com,+91-XXXXXXXXXX,info@college.edu,0,0,0,0,0,0,0,"TCS, Infosys, Wipro",0,
"Maulana Azad Medical College, New Delhi",,,Government,New Delhi,Delhi (NCT),,,,"e.g., Guntur Junction","e.g., Guntur Bus Stand","e.g., 25.5","e.g., 2000","e.g., JNTU Kakinada",https://example.com,+91-XXXXXXXXXX,info@college.edu,0,0,0,0,0,0,0,"TCS, Infosys, Wipro",0,
"NDMC Medical College, Delhi",,,Government,Delhi,Delhi (NCT),,,,"e.g., Guntur Junction","e.g., Guntur Bus Stand","e.g., 25.5","e.g., 2000","e.g., JNTU Kakinada",https://example.com,+91-XXXXXXXXXX,info@college.edu,0,0,0,0,0,0,0,"TCS, Infosys, Wipro",0,
"University College of Medical Sciences, New Delhi",,,Government,New Delhi,Delhi (NCT),,,,"e.g., Guntur Junction","e.g., Guntur Bus Stand","e.g., 25.5","e.g., 2000","e.g., JNTU Kakinada",https://example.com,+91-XXXXXXXXXX,info@college.edu,0,0,0,0,0,0,0,"TCS, Infosys, Wipro",0,
Vardhman Mahavir Medical College and Safdarjung Hospital New Delhi,,,Government,Virudhunagar,Delhi (NCT),,,,"e.g., Guntur Junction","e.g., Guntur Bus Stand","e.g., 25.5","e.g., 2000","e.g., JNTU Kakinada",https://example.com,+91-XXXXXXXXXX,info@college.edu,0,0,0,0,0,0,0,"TCS, Infosys, Wipro",0,
"GOA DENTAL COLLEGE & HOSPITAL, GOA",,,Government,GOA,Goa,,,,"e.g., Guntur Junction","e.g., Guntur Bus Stand","e.g., 25.5","e.g., 2000","e.g., JNTU Kakinada",https://example.com,+91-XXXXXXXXXX,info@college.edu,0,0,0,0,0,0,0,"TCS, Infosys, Wipro",0,
"GOA MEDICAL COLLEGE, PANAJI",,,Government,PANAJI,Goa,,,,"e.g., Guntur Junction","e.g., Guntur Bus Stand","e.g., 25.5","e.g., 2000","e.g., JNTU Kakinada",https://example.com,+91-XXXXXXXXXX,info@college.edu,0,0,0,0,0,0,0,"TCS, Infosys, Wipro",0,
AIIMS Rajkot,,,Government,Virudhunagar,Gujarat,,,,"e.g., Guntur Junction","e.g., Guntur Bus Stand","e.g., 25.5","e.g., 2000","e.g., JNTU Kakinada",https://example.com,+91-XXXXXXXXXX,info@college.edu,0,0,0,0,0,0,0,"TCS, Infosys, Wipro",0,
"B.J. MEDICAL COLLEGE, AHMEDABAD",,,Government,AHMEDABAD,Gujarat,,,,"e.g., Guntur Junction","e.g., Guntur Bus Stand","e.g., 25.5","e.g., 2000","e.g., JNTU Kakinada",https://example.com,+91-XXXXXXXXXX,info@college.edu,0,0,0,0,0,0,0,"TCS, Infosys, Wipro",0,
"GMERS Medical College, Morbi",,,Government,Morbi,Gujarat,,,,"e.g., Guntur Junction","e.g., Guntur Bus Stand","e.g., 25.5","e.g., 2000","e.g., JNTU Kakinada",https://example.com,+91-XXXXXXXXXX,info@college.edu,0,0,0,0,0,0,0,"TCS, Infosys, Wipro",0,
"GMERS Medical College, Navsari",,,Government,Navsari,Gujarat,,,,"e.g., Guntur Junction","e.g., Guntur Bus Stand","e.g., 25.5","e.g., 2000","e.g., JNTU Kakinada",https://example.com,+91-XXXXXXXXXX,info@college.edu,0,0,0,0,0,0,0,"TCS, Infosys, Wipro",0,
"GMERS Medical College, Panchmahal Godhra",,,Government,Panchmahal Godhra,Gujarat,,,,"e.g., Guntur Junction","e.g., Guntur Bus Stand","e.g., 25.5","e.g., 2000","e.g., JNTU Kakinada",https://example.com,+91-XXXXXXXXXX,info@college.edu,0,0,0,0,0,0,0,"TCS, Infosys, Wipro",0,
"GMERS Medical College, Porbandar",,,Government,Porbandar,Gujarat,,,,"e.g., Guntur Junction","e.g., Guntur Bus Stand","e.g., 25.5","e.g., 2000","e.g., JNTU Kakinada",https://example.com,+91-XXXXXXXXXX,info@college.edu,0,0,0,0,0,0,0,"TCS, Infosys, Wipro",0,
"GMERS Medical College, Rajpipla",,,Government,Rajpipla,Gujarat,,,,"e.g., Guntur Junction","e.g., Guntur Bus Stand","e.g., 25.5","e.g., 2000","e.g., JNTU Kakinada",https://example.com,+91-XXXXXXXXXX,info@college.edu,0,0,0,0,0,0,0,"TCS, Infosys, Wipro",0,
"GOVERNMENT DENTAL COLLEGE & HOSPITAL, AHMEDABAD",,,Government,AHMEDABAD,Gujarat,,,,"e.g., Guntur Junction","e.g., Guntur Bus Stand","e.g., 25.5","e.g., 2000","e.g., JNTU Kakinada",https://example.com,+91-XXXXXXXXXX,info@college.edu,0,0,0,0,0,0,0,"TCS, Infosys, Wipro",0,
"GOVERNMENT DENTAL COLLEGE & HOSPITAL, JAMNAGAR",,,Government,JAMNAGAR,Gujarat,,,,"e.g., Guntur Junction","e.g., Guntur Bus Stand","e.g., 25.5","e.g., 2000","e.g., JNTU Kakinada",https://example.com,+91-XXXXXXXXXX,info@college.edu,0,0,0,0,0,0,0,"TCS, Infosys, Wipro",0,
"GOVERNMENT MEDICAL COLLEGE, SURAT",,,Government,SURAT,Gujarat,,,,"e.g., Guntur Junction","e.g., Guntur Bus Stand","e.g., 25.5","e.g., 2000","e.g., JNTU Kakinada",https://example.com,+91-XXXXXXXXXX,info@college.edu,0,0,0,0,0,0,0,"TCS, Infosys, Wipro",0,
"K M Shah Dental College, SumanDeep Vidyapeeth Vadodara",,,Government,SumanDeep Vidyapeeth Vadodara,Gujarat,,,,"e.g., Guntur Junction","e.g., Guntur Bus Stand","e.g., 25.5","e.g., 2000","e.g., JNTU Kakinada",https://example.com,+91-XXXXXXXXXX,info@college.edu,0,0,0,0,0,0,0,"TCS, Infosys, Wipro",0,
"M.P. SHAH MEDICAL COLLEGE, JAMNAGAR",,,Government,JAMNAGAR,Gujarat,,,,"e.g., Guntur Junction","e.g., Guntur Bus Stand","e.g., 25.5","e.g., 2000","e.g., JNTU Kakinada",https://example.com,+91-XXXXXXXXXX,info@college.edu,0,0,0,0,0,0,0,"TCS, Infosys, Wipro",0,
"MEDICAL COLLEGE, BARODA",,,Government,BARODA,Gujarat,,,,"e.g., Guntur Junction","e.g., Guntur Bus Stand","e.g., 25.5","e.g., 2000","e.g., JNTU Kakinada",https://example.com,+91-XXXXXXXXXX,info@college.edu,0,0,0,0,0,0,0,"TCS, Infosys, Wipro",0,
"MEDICAL COLLEGE, BHAVNAGAR",,,Government,BHAVNAGAR,Gujarat,,,,"e.g., Guntur Junction","e.g., Guntur Bus Stand","e.g., 25.5","e.g., 2000","e.g., JNTU Kakinada",https://example.com,+91-XXXXXXXXXX,info@college.edu,0,0,0,0,0,0,0,"TCS, Infosys, Wipro",0,
"Pt. D.D.U MEDICAL COLLEGE, RAJKOT",,,Government,RAJKOT,Gujarat,,,,"e.g., Guntur Junction","e.g., Guntur Bus Stand","e.g., 25.5","e.g., 2000","e.g., JNTU Kakinada",https://example.com,+91-XXXXXXXXXX,info@college.edu,0,0,0,0,0,0,0,"TCS, Infosys, Wipro",0,
"SBKS Medical Institute and Research Centre, Sumandeep Vidyapeeth",,,Government,Sumandeep Vidyapeeth,Gujarat,,,,"e.g., Guntur Junction","e.g., Guntur Bus Stand","e.g., 25.5","e.g., 2000","e.g., JNTU Kakinada",https://example.com,+91-XXXXXXXXXX,info@college.edu,0,0,0,0,0,0,0,"TCS, Infosys, Wipro",0,
Amrita School of Medicine Faridabad,,,Government,Virudhunagar,Haryana,,,,"e.g., Guntur Junction","e.g., Guntur Bus Stand","e.g., 25.5","e.g., 2000","e.g., JNTU Kakinada",https://example.com,+91-XXXXXXXXXX,info@college.edu,0,0,0,0,0,0,0,"TCS, Infosys, Wipro",0,
"BPS Government Medical College, Sonepat",,,Government,Sonepat,Haryana,,,,"e.g., Guntur Junction","e.g., Guntur Bus Stand","e.g., 25.5","e.g., 2000","e.g., JNTU Kakinada",https://example.com,+91-XXXXXXXXXX,info@college.edu,0,0,0,0,0,0,0,"TCS, Infosys, Wipro",0,
"ESIC Medical College, Faridabad",,,Government,Faridabad,Haryana,,,,"e.g., Guntur Junction","e.g., Guntur Bus Stand","e.g., 25.5","e.g., 2000","e.g., JNTU Kakinada",https://example.com,+91-XXXXXXXXXX,info@college.edu,0,0,0,0,0,0,0,"TCS, Infosys, Wipro",0,
"GDC, PT.BDS UNIVERSITY OF HEALTH SCIENCES, ROHTAK",,,Government,PT.BDS UNIVERSITY OF HEALTH SCIENCES,Haryana,,,,"e.g., Guntur Junction","e.g., Guntur Bus Stand","e.g., 25.5","e.g., 2000","e.g., JNTU Kakinada",https://example.com,+91-XXXXXXXXXX,info@college.edu,0,0,0,0,0,0,0,"TCS, Infosys, Wipro",0,
"Kalpana Chawla Government Medical College, Karnal",,,Government,Karnal,Haryana,,,,"e.g., Guntur Junction","e.g., Guntur Bus Stand","e.g., 25.5","e.g., 2000","e.g., JNTU Kakinada",https://example.com,+91-XXXXXXXXXX,info@college.edu,0,0,0,0,0,0,0,"TCS, Infosys, Wipro",0,
MANAV RACHNA DENTAL COLLEGE FARIDABAD,,,Government,Virudhunagar,Haryana,,,,"e.g., Guntur Junction","e.g., Guntur Bus Stand","e.g., 25.5","e.g., 2000","e.g., JNTU Kakinada",https://example.com,+91-XXXXXXXXXX,info@college.edu,0,0,0,0,0,0,0,"TCS, Infosys, Wipro",0,
"MM College of Dental Sciences and Research, Mullana",,,Government,Mullana,Haryana,,,,"e.g., Guntur Junction","e.g., Guntur Bus Stand","e.g., 25.5","e.g., 2000","e.g., JNTU Kakinada",https://example.com,+91-XXXXXXXXXX,info@college.edu,0,0,0,0,0,0,0,"TCS, Infosys, Wipro",0,
"MM Institute of Medical Sciences and Research, Mullana",,,Government,Mullana,Haryana,,,,"e.g., Guntur Junction","e.g., Guntur Bus Stand","e.g., 25.5","e.g., 2000","e.g., JNTU Kakinada",https://example.com,+91-XXXXXXXXXX,info@college.edu,0,0,0,0,0,0,0,"TCS, Infosys, Wipro",0,
"PT. B.D. SHARMA PGIMS, ROHTAK",,,Government,ROHTAK,Haryana,,,,"e.g., Guntur Junction","e.g., Guntur Bus Stand","e.g., 25.5","e.g., 2000","e.g., JNTU Kakinada",https://example.com,+91-XXXXXXXXXX,info@college.edu,0,0,0,0,0,0,0,"TCS, Infosys, Wipro",0,
"SHKM GMC, Nalhar, Mewat",,,Government,Nalhar,Haryana,,,,"e.g., Guntur Junction","e.g., Guntur Bus Stand","e.g., 25.5","e.g., 2000","e.g., JNTU Kakinada",https://example.com,+91-XXXXXXXXXX,info@college.edu,0,0,0,0,0,0,0,"TCS, Infosys, Wipro",0,
"SHRI ATAL BIHARI VAJPAYEE GOVERNMENT MEDICAL COLLEGE, CHHAINSA, FARIDABAD",,,Government,CHHAINSA,Haryana,,,,"e.g., Guntur Junction","e.g., Guntur Bus Stand","e.g., 25.5","e.g., 2000","e.g., JNTU Kakinada",https://example.com,+91-XXXXXXXXXX,info@college.edu,0,0,0,0,0,0,0,"TCS, Infosys, Wipro",0,
AIIMS Bilaspur,,,Government,Virudhunagar,Himachal Pradesh,,,,"e.g., Guntur Junction","e.g., Guntur Bus Stand","e.g., 25.5","e.g., 2000","e.g., JNTU Kakinada",https://example.com,+91-XXXXXXXXXX,info@college.edu,0,0,0,0,0,0,0,"TCS, Infosys, Wipro",0,
"DR. RAJENDRA PRASAD MEDICAL COLLEGE, TANDA",,,Government,TANDA,Himachal Pradesh,,,,"e.g., Guntur Junction","e.g., Guntur Bus Stand","e.g., 25.5","e.g., 2000","e.g., JNTU Kakinada",https://example.com,+91-XXXXXXXXXX,info@college.edu,0,0,0,0,0,0,0,"TCS, Infosys, Wipro",0,
"Dr. Radhakrishnan Government Medical College, Hamirpur",,,Government,Hamirpur,Himachal Pradesh,,,,"e.g., Guntur Junction","e.g., Guntur Bus Stand","e.g., 25.5","e.g., 2000","e.g., JNTU Kakinada",https://example.com,+91-XXXXXXXXXX,info@college.edu,0,0,0,0,0,0,0,"TCS, Infosys, Wipro",0,
"Dr. YS Parmar Government Medical College, Nahan",,,Government,Nahan,Himachal Pradesh,,,,"e.g., Guntur Junction","e.g., Guntur Bus Stand","e.g., 25.5","e.g., 2000","e.g., JNTU Kakinada",https://example.com,+91-XXXXXXXXXX,info@college.edu,0,0,0,0,0,0,0,"TCS, Infosys, Wipro",0,
"GOVERNMENT DENTAL COLLEGE, SHIMLA",,,Government,SHIMLA,Himachal Pradesh,,,,"e.g., Guntur Junction","e.g., Guntur Bus Stand","e.g., 25.5","e.g., 2000","e.g., JNTU Kakinada",https://example.com,+91-XXXXXXXXXX,info@college.edu,0,0,0,0,0,0,0,"TCS, Infosys, Wipro",0,
"INDIRA GANDHI MEDICAL COLLEGE, SHIMLA",,,Government,SHIMLA,Himachal Pradesh,,,,"e.g., Guntur Junction","e.g., Guntur Bus Stand","e.g., 25.5","e.g., 2000","e.g., JNTU Kakinada",https://example.com,+91-XXXXXXXXXX,info@college.edu,0,0,0,0,0,0,0,"TCS, Infosys, Wipro",0,
"Pt. Jawahar Lal Nehru Government Medical College, Chamba",,,Government,Chamba,Himachal Pradesh,,,,"e.g., Guntur Junction","e.g., Guntur Bus Stand","e.g., 25.5","e.g., 2000","e.g., JNTU Kakinada",https://example.com,+91-XXXXXXXXXX,info@college.edu,0,0,0,0,0,0,0,"TCS, Infosys, Wipro",0,
"SLBS Government Medical College, Mandi",,,Government,Mandi,Himachal Pradesh,,,,"e.g., Guntur Junction","e.g., Guntur Bus Stand","e.g., 25.5","e.g., 2000","e.g., JNTU Kakinada",https://example.com,+91-XXXXXXXXXX,info@college.edu,0,0,0,0,0,0,0,"TCS, Infosys, Wipro",0,
AIIMS Jammu,,,Government,Virudhunagar,Jammu And Kashmir,,,,"e.g., Guntur Junction","e.g., Guntur Bus Stand","e.g., 25.5","e.g., 2000","e.g., JNTU Kakinada",https://example.com,+91-XXXXXXXXXX,info@college.edu,0,0,0,0,0,0,0,"TCS, Infosys, Wipro",0,
"GOVERNMENT MEDICAL COLLEGE, HANDWARA",,,Government,HANDWARA,Jammu And Kashmir,,,,"e.g., Guntur Junction","e.g., Guntur Bus Stand","e.g., 25.5","e.g., 2000","e.g., JNTU Kakinada",https://example.com,+91-XXXXXXXXXX,info@college.edu,0,0,0,0,0,0,0,"TCS, Infosys, Wipro",0,
"GOVERNMENT MEDICAL COLLEGE, RAJOURI",,,Government,RAJOURI,Jammu And Kashmir,,,,"e.g., Guntur Junction","e.g., Guntur Bus Stand","e.g., 25.5","e.g., 2000","e.g., JNTU Kakinada",https://example.com,+91-XXXXXXXXXX,info@college.edu,0,0,0,0,0,0,0,"TCS, Infosys, Wipro",0,
"Government Dental College & Hospital, Srinagar",,,Government,Srinagar,Jammu And Kashmir,,,,"e.g., Guntur Junction","e.g., Guntur Bus Stand","e.g., 25.5","e.g., 2000","e.g., JNTU Kakinada",https://example.com,+91-XXXXXXXXXX,info@college.edu,0,0,0,0,0,0,0,"TCS, Infosys, Wipro",0,
"Government Medical College, Anantnag",,,Government,Anantnag,Jammu And Kashmir,,,,"e.g., Guntur Junction","e.g., Guntur Bus Stand","e.g., 25.5","e.g., 2000","e.g., JNTU Kakinada",https://example.com,+91-XXXXXXXXXX,info@college.edu,0,0,0,0,0,0,0,"TCS, Infosys, Wipro",0,
"Government Medical College, Baramulla",,,Government,Baramulla,Jammu And Kashmir,,,,"e.g., Guntur Junction","e.g., Guntur Bus Stand","e.g., 25.5","e.g., 2000","e.g., JNTU Kakinada",https://example.com,+91-XXXXXXXXXX,info@college.edu,0,0,0,0,0,0,0,"TCS, Infosys, Wipro",0,
"Government Medical College, Doda",,,Government,Doda,Jammu And Kashmir,,,,"e.g., Guntur Junction","e.g., Guntur Bus Stand","e.g., 25.5","e.g., 2000","e.g., JNTU Kakinada",https://example.com,+91-XXXXXXXXXX,info@college.edu,0,0,0,0,0,0,0,"TCS, Infosys, Wipro",0,
"Government Medical College, Jammu",,,Government,Jammu,Jammu And Kashmir,,,,"e.g., Guntur Junction","e.g., Guntur Bus Stand","e.g., 25.5","e.g., 2000","e.g., JNTU Kakinada",https://example.com,+91-XXXXXXXXXX,info@college.edu,0,0,0,0,0,0,0,"TCS, Infosys, Wipro",0,
"Government Medical College, Kathua",,,Government,Kathua,Jammu And Kashmir,,,,"e.g., Guntur Junction","e.g., Guntur Bus Stand","e.g., 25.5","e.g., 2000","e.g., JNTU Kakinada",https://example.com,+91-XXXXXXXXXX,info@college.edu,0,0,0,0,0,0,0,"TCS, Infosys, Wipro",0,
"Government Medical College, Srinagar",,,Government,Srinagar,Jammu And Kashmir,,,,"e.g., Guntur Junction","e.g., Guntur Bus Stand","e.g., 25.5","e.g., 2000","e.g., JNTU Kakinada",https://example.com,+91-XXXXXXXXXX,info@college.edu,0,0,0,0,0,0,0,"TCS, Infosys, Wipro",0,
"Government Medical College, Udhampur",,,Government,Udhampur,Jammu And Kashmir,,,,"e.g., Guntur Junction","e.g., Guntur Bus Stand","e.g., 25.5","e.g., 2000","e.g., JNTU Kakinada",https://example.com,+91-XXXXXXXXXX,info@college.edu,0,0,0,0,0,0,0,"TCS, Infosys, Wipro",0,
"Indira Gandhi Government Dental College, Jammu",,,Government,Jammu,Jammu And Kashmir,,,,"e.g., Guntur Junction","e.g., Guntur Bus Stand","e.g., 25.5","e.g., 2000","e.g., JNTU Kakinada",https://example.com,+91-XXXXXXXXXX,info@college.edu,0,0,0,0,0,0,0,"TCS, Infosys, Wipro",0,
"SKIMS Medical College, Bemina, Srinagar",,,Government,Bemina,Jammu And Kashmir,,,,"e.g., Guntur Junction","e.g., Guntur Bus Stand","e.g., 25.5","e.g., 2000","e.g., JNTU Kakinada",https://example.com,+91-XXXXXXXXXX,info@college.edu,0,0,0,0,0,0,0,"TCS, Infosys, Wipro",0,
"AIIMS, Deogarh",,,Government,Deogarh,Jharkhand,,,,"e.g., Guntur Junction","e.g., Guntur Bus Stand","e.g., 25.5","e.g., 2000","e.g., JNTU Kakinada",https://example.com,+91-XXXXXXXXXX,info@college.edu,0,0,0,0,0,0,0,"TCS, Infosys, Wipro",0,
"Dental Institute, RIMS, Ranchi",,,Government,RIMS,Jharkhand,,,,"e.g., Guntur Junction","e.g., Guntur Bus Stand","e.g., 25.5","e.g., 2000","e.g., JNTU Kakinada",https://example.com,+91-XXXXXXXXXX,info@college.edu,0,0,0,0,0,0,0,"TCS, Infosys, Wipro",0,
"M.G.M. MEDICAL COLLEGE, JAMSHEDPUR",,,Government,JAMSHEDPUR,Jharkhand,,,,"e.g., Guntur Junction","e.g., Guntur Bus Stand","e.g., 25.5","e.g., 2000","e.g., JNTU Kakinada",https://example.com,+91-XXXXXXXXXX,info@college.edu,0,0,0,0,0,0,0,"TCS, Infosys, Wipro",0,
"Manipal Tata Medical College, Jamshedpur",,,Government,Jamshedpur,Jharkhand,,,,"e.g., Guntur Junction","e.g., Guntur Bus Stand","e.g., 25.5","e.g., 2000","e.g., JNTU Kakinada",https://example.com,+91-XXXXXXXXXX,info@college.edu,0,0,0,0,0,0,0,"TCS, Infosys, Wipro",0,
"Medinirai Medical College (previously Known as Palamu Medical College), Palamu",,,Government,Palamu,Jharkhand,,,,"e.g., Guntur Junction","e.g., Guntur Bus Stand","e.g., 25.5","e.g., 2000","e.g., JNTU Kakinada",https://example.com,+91-XXXXXXXXXX,info@college.edu,0,0,0,0,0,0,0,"TCS, Infosys, Wipro",0,
"Phulo Jhano Medical College, Dumka",,,Government,Dumka,Jharkhand,,,,"e.g., Guntur Junction","e.g., Guntur Bus Stand","e.g., 25.5","e.g., 2000","e.g., JNTU Kakinada",https://example.com,+91-XXXXXXXXXX,info@college.edu,0,0,0,0,0,0,0,"TCS, Infosys, Wipro",0,
"RAJENDRA INSTITUTE OF MEDICAL SCIENCES, RANCHI",,,Government,RANCHI,Jharkhand,,,,"e.g., Guntur Junction","e.g., Guntur Bus Stand","e.g., 25.5","e.g., 2000","e.g., JNTU Kakinada",https://example.com,+91-XXXXXXXXXX,info@college.edu,0,0,0,0,0,0,0,"TCS, Infosys, Wipro",0,
"SHEIKH BHIKHARI MEDICAL COLLEGE & HOSPITAL, HAZARIBAG",,,Government,HAZARIBAG,Jharkhand,,,,"e.g., Guntur Junction","e.g., Guntur Bus Stand","e.g., 25.5","e.g., 2000","e.g., JNTU Kakinada",https://example.com,+91-XXXXXXXXXX,info@college.edu,0,0,0,0,0,0,0,"TCS, Infosys, Wipro",0,
"Shaheed Nirmal Mahto Medical College & Hospital, Dhanbad",,,Government,Dhanbad,Jharkhand,,,,"e.g., Guntur Junction","e.g., Guntur Bus Stand","e.g., 25.5","e.g., 2000","e.g., JNTU Kakinada",https://example.com,+91-XXXXXXXXXX,info@college.edu,0,0,0,0,0,0,0,"TCS, Infosys, Wipro",0,
"AB Shetty Memorial Institute of Dental Sciences, Mangaluru",,,Government,Mangaluru,Karnataka,,,,"e.g., Guntur Junction","e.g., Guntur Bus Stand","e.g., 25.5","e.g., 2000","e.g., JNTU Kakinada",https://example.com,+91-XXXXXXXXXX,info@college.edu,0,0,0,0,0,0,0,"TCS, Infosys, Wipro",0,
"B.L.D.E University, Bijapur",,,Government,Bijapur,Karnataka,,,,"e.g., Guntur Junction","e.g., Guntur Bus Stand","e.g., 25.5","e.g., 2000","e.g., JNTU Kakinada",https://example.com,+91-XXXXXXXXXX,info@college.edu,0,0,0,0,0,0,0,"TCS, Infosys, Wipro",0,
"BELGAUM INSTITUTE OF MEDICAL SCIENCES, BELGAUM",,,Government,BELGAUM,Karnataka,,,,"e.g., Guntur Junction","e.g., Guntur Bus Stand","e.g., 25.5","e.g., 2000","e.g., JNTU Kakinada",https://example.com,+91-XXXXXXXXXX,info@college.edu,0,0,0,0,0,0,0,"TCS, Infosys, Wipro",0,
"BIDAR INSTITUTE OF MEDICAL SCIENCES, BIDAR",,,Government,BIDAR,Karnataka,,,,"e.g., Guntur Junction","e.g., Guntur Bus Stand","e.g., 25.5","e.g., 2000","e.g., JNTU Kakinada",https://example.com,+91-XXXXXXXXXX,info@college.edu,0,0,0,0,0,0,0,"TCS, Infosys, Wipro",0,
"Bangalore Medical College and Research Institute, Bengaluru",,,Government,Bengaluru,Karnataka,,,,"e.g., Guntur Junction","e.g., Guntur Bus Stand","e.g., 25.5","e.g., 2000","e.g., JNTU Kakinada",https://example.com,+91-XXXXXXXXXX,info@college.edu,0,0,0,0,0,0,0,"TCS, Infosys, Wipro",0,
"C. Institute of Medical Sciences, Chamarajanagar",,,Government,Chamarajanagar,Karnataka,,,,"e.g., Guntur Junction","e.g., Guntur Bus Stand","e.g., 25.5","e.g., 2000","e.g., JNTU Kakinada",https://example.com,+91-XXXXXXXXXX,info@college.edu,0,0,0,0,0,0,0,"TCS, Infosys, Wipro",0,
"CHIKKABALLAPURA INSTITUTE OF MEDICAL SCIENCES, Chikkaballapur",,,Government,Chikkaballapur,Karnataka,,,,"e.g., Guntur Junction","e.g., Guntur Bus Stand","e.g., 25.5","e.g., 2000","e.g., JNTU Kakinada",https://example.com,+91-XXXXXXXXXX,info@college.edu,0,0,0,0,0,0,0,"TCS, Infosys, Wipro",0,
"Chikkamagaluru Institute of Medical Sciences, Chikkamagaluru",,,Government,Chikkamagaluru,Karnataka,,,,"e.g., Guntur Junction","e.g., Guntur Bus Stand","e.g., 25.5","e.g., 2000","e.g., JNTU Kakinada",https://example.com,+91-XXXXXXXXXX,info@college.edu,0,0,0,0,0,0,0,"TCS, Infosys, Wipro",0,
"Chitradurga Medical College and Research Institute, Chitradurga",,,Government,Chitradurga,Karnataka,,,,"e.g., Guntur Junction","e.g., Guntur Bus Stand","e.g., 25.5","e.g., 2000","e.g., JNTU Kakinada",https://example.com,+91-XXXXXXXXXX,info@college.edu,0,0,0,0,0,0,0,"TCS, Infosys, Wipro",0,
"ESI-MC&PGIMS&R, Bangalore",,,Government,Bangalore,Karnataka,,,,"e.g., Guntur Junction","e.g., Guntur Bus Stand","e.g., 25.5","e.g., 2000","e.g., JNTU Kakinada",https://example.com,+91-XXXXXXXXXX,info@college.edu,0,0,0,0,0,0,0,"TCS, Infosys, Wipro",0,
"ESIC College of Nursing, Gulbarga",,,Government,Gulbarga,Karnataka,,,,"e.g., Guntur Junction","e.g., Guntur Bus Stand","e.g., 25.5","e.g., 2000","e.g., JNTU Kakinada",https://example.com,+91-XXXXXXXXXX,info@college.edu,0,0,0,0,0,0,0,"TCS, Infosys, Wipro",0,
"ESIC College of Nursing, Indiranagar, Bangalore",,,Government,Indiranagar,Karnataka,,,,"e.g., Guntur Junction","e.g., Guntur Bus Stand","e.g., 25.5","e.g., 2000","e.g., JNTU Kakinada",https://example.com,+91-XXXXXXXXXX,info@college.edu,0,0,0,0,0,0,0,"TCS, Infosys, Wipro",0,
"ESIC Dental College, Gulbarga",,,Government,Gulbarga,Karnataka,,,,"e.g., Guntur Junction","e.g., Guntur Bus Stand","e.g., 25.5","e.g., 2000","e.g., JNTU Kakinada",https://example.com,+91-XXXXXXXXXX,info@college.edu,0,0,0,0,0,0,0,"TCS, Infosys, Wipro",0,
"ESIC Medical College, Gulbarga",,,Government,Gulbarga,Karnataka,,,,"e.g., Guntur Junction","e.g., Guntur Bus Stand","e.g., 25.5","e.g., 2000","e.g., JNTU Kakinada",https://example.com,+91-XXXXXXXXXX,info@college.edu,0,0,0,0,0,0,0,"TCS, Infosys, Wipro",0,
"GOVERNMENT DENTAL COLLEGE & RESEARCH INSTITUTE, BANGALORE",,,Government,BANGALORE,Karnataka,,,,"e.g., Guntur Junction","e.g., Guntur Bus Stand","e.g., 25.5","e.g., 2000","e.g., JNTU Kakinada",https://example.com,+91-XXXXXXXXXX,info@college.edu,0,0,0,0,0,0,0,"TCS, Infosys, Wipro",0,
"GOVERNMENT DENTAL COLLEGE & RESEARCH INSTITUTE, BELLARY",,,Government,BELLARY,Karnataka,,,,"e.g., Guntur Junction","e.g., Guntur Bus Stand","e.g., 25.5","e.g., 2000","e.g., JNTU Kakinada",https://example.com,+91-XXXXXXXXXX,info@college.edu,0,0,0,0,0,0,0,"TCS, Infosys, Wipro",0,
"Gadag Institute of Medical Sciences, Gadag",,,Government,Gadag,Karnataka,,,,"e.g., Guntur Junction","e.g., Guntur Bus Stand","e.g., 25.5","e.g., 2000","e.g., JNTU Kakinada",https://example.com,+91-XXXXXXXXXX,info@college.edu,0,0,0,0,0,0,0,"TCS, Infosys, Wipro",0,
"Gulbarga Institute of Medical Sciences, Gulbarga",,,Government,Gulbarga,Karnataka,,,,"e.g., Guntur Junction","e.g., Guntur Bus Stand","e.g., 25.5","e.g., 2000","e.g., JNTU Kakinada",https://example.com,+91-XXXXXXXXXX,info@college.edu,0,0,0,0,0,0,0,"TCS, Infosys, Wipro",0,
"HASSAN INSTITUTE OF MEDICAL SCIENCES, HASSAN",,,Government,HASSAN,Karnataka,,,,"e.g., Guntur Junction","e.g., Guntur Bus Stand","e.g., 25.5","e.g., 2000","e.g., JNTU Kakinada",https://example.com,+91-XXXXXXXXXX,info@college.edu,0,0,0,0,0,0,0,"TCS, Infosys, Wipro",0,
"Haveri Institute of Medical Sciences, Haveri",,,Government,Haveri,Karnataka,,,,"e.g., Guntur Junction","e.g., Guntur Bus Stand","e.g., 25.5","e.g., 2000","e.g., JNTU Kakinada",https://example.com,+91-XXXXXXXXXX,info@college.edu,0,0,0,0,0,0,0,"TCS, Infosys, Wipro",0,
"JSS Dental College, Mysuru",,,Government,Mysuru,Karnataka,,,,"e.g., Guntur Junction","e.g., Guntur Bus Stand","e.g., 25.5","e.g., 2000","e.g., JNTU Kakinada",https://example.com,+91-XXXXXXXXXX,info@college.edu,0,0,0,0,0,0,0,"TCS, Infosys, Wipro",0,
"JSS Medical College, Mysuru",,,Government,Mysuru,Karnataka,,,,"e.g., Guntur Junction","e.g., Guntur Bus Stand","e.g., 25.5","e.g., 2000","e.g., JNTU Kakinada",https://example.com,+91-XXXXXXXXXX,info@college.edu,0,0,0,0,0,0,0,"TCS, Infosys, Wipro",0,
"Jagadguru Gangadhar Mahaswamigalu Moorusavirmath Medical College, Hubballi",,,Government,Hubballi,Karnataka,,,,"e.g., Guntur Junction","e.g., Guntur Bus Stand","e.g., 25.5","e.g., 2000","e.g., JNTU Kakinada",https://example.com,+91-XXXXXXXXXX,info@college.edu,0,0,0,0,0,0,0,"TCS, Infosys, Wipro",0,
"Jawahar Lal Nehru Medical College, Belagavi",,,Government,Belagavi,Karnataka,,,,"e.g., Guntur Junction","e.g., Guntur Bus Stand","e.g., 25.5","e.g., 2000","e.g., JNTU Kakinada",https://example.com,+91-XXXXXXXXXX,info@college.edu,0,0,0,0,0,0,0,"TCS, Infosys, Wipro",0,
"K.S Hegde Medical Academy, Mangaluru",,,Government,Mangaluru,Karnataka,,,,"e.g., Guntur Junction","e.g., Guntur Bus Stand","e.g., 25.5","e.g., 2000","e.g., JNTU Kakinada",https://example.com,+91-XXXXXXXXXX,info@college.edu,0,0,0,0,0,0,0,"TCS, Infosys, Wipro",0,
"KARNATAKA INSTITUTE OF MEDICAL SCIENCES, HUBBALLI",,,Government,HUBBALLI,Karnataka,,,,"e.g., Guntur Junction","e.g., Guntur Bus Stand","e.g., 25.5","e.g., 2000","e.g., JNTU Kakinada",https://example.com,+91-XXXXXXXXXX,info@college.edu,0,0,0,0,0,0,0,"TCS, Infosys, Wipro",0,
"KLE VK Institute of Dental Sciences, Belagavi",,,Government,Belagavi,Karnataka,,,,"e.g., Guntur Junction","e.g., Guntur Bus Stand","e.g., 25.5","e.g., 2000","e.g., JNTU Kakinada",https://example.com,+91-XXXXXXXXXX,info@college.edu,0,0,0,0,0,0,0,"TCS, Infosys, Wipro",0,
"Karwar Institute of Medical Sciences, Karwar",,,Government,Karwar,Karnataka,,,,"e.g., Guntur Junction","e.g., Guntur Bus Stand","e.g., 25.5","e.g., 2000","e.g., JNTU Kakinada",https://example.com,+91-XXXXXXXXXX,info@college.edu,0,0,0,0,0,0,0,"TCS, Infosys, Wipro",0,
"Kasturba Medical College, Manipal University, Mangalore",,,Government,Manipal University,Karnataka,,,,"e.g., Guntur Junction","e.g., Guntur Bus Stand","e.g., 25.5","e.g., 2000","e.g., JNTU Kakinada",https://example.com,+91-XXXXXXXXXX,info@college.edu,0,0,0,0,0,0,0,"TCS, Infosys, Wipro",0,
"Kasturba Medical College, Manipal University, Manipal",,,Government,Manipal University,Karnataka,,,,"e.g., Guntur Junction","e.g., Guntur Bus Stand","e.g., 25.5","e.g., 2000","e.g., JNTU Kakinada",https://example.com,+91-XXXXXXXXXX,info@college.edu,0,0,0,0,0,0,0,"TCS, Infosys, Wipro",0,
"Kodagu Institute of Medical Sciences, Kodagu",,,Government,Kodagu,Karnataka,,,,"e.g., Guntur Junction","e.g., Guntur Bus Stand","e.g., 25.5","e.g., 2000","e.g., JNTU Kakinada",https://example.com,+91-XXXXXXXXXX,info@college.edu,0,0,0,0,0,0,0,"TCS, Infosys, Wipro",0,
"Koppal Institute of Medical Sciences, Koppal",,,Government,Koppal,Karnataka,,,,"e.g., Guntur Junction","e.g., Guntur Bus Stand","e.g., 25.5","e.g., 2000","e.g., JNTU Kakinada",https://example.com,+91-XXXXXXXXXX,info@college.edu,0,0,0,0,0,0,0,"TCS, Infosys, Wipro",0,
"MANDYA INSTITUTE OF MEDICAL SCIENCES, MANDYA",,,Government,MANDYA,Karnataka,,,,"e.g., Guntur Junction","e.g., Guntur Bus Stand","e.g., 25.5","e.g., 2000","e.g., JNTU Kakinada",https://example.com,+91-XXXXXXXXXX,info@college.edu,0,0,0,0,0,0,0,"TCS, Infosys, Wipro",0,
"MYSORE MEDICAL & RESEARCH INSTITUTE, MYSORE",,,Government,MYSORE,Karnataka,,,,"e.g., Guntur Junction","e.g., Guntur Bus Stand","e.g., 25.5","e.g., 2000","e.g., JNTU Kakinada",https://example.com,+91-XXXXXXXXXX,info@college.edu,0,0,0,0,0,0,0,"TCS, Infosys, Wipro",0,
"Manipal College of Dental Science, Mangalore",,,Government,Mangalore,Karnataka,,,,"e.g., Guntur Junction","e.g., Guntur Bus Stand","e.g., 25.5","e.g., 2000","e.g., JNTU Kakinada",https://example.com,+91-XXXXXXXXXX,info@college.edu,0,0,0,0,0,0,0,"TCS, Infosys, Wipro",0,
"Manipal College of Dental Sciences, Manipal",,,Government,Manipal,Karnataka,,,,"e.g., Guntur Junction","e.g., Guntur Bus Stand","e.g., 25.5","e.g., 2000","e.g., JNTU Kakinada",https://example.com,+91-XXXXXXXXXX,info@college.edu,0,0,0,0,0,0,0,"TCS, Infosys, Wipro",0,
"RAICHUR INSTITUTE OF MEDICAL SCIENCES, RAICHUR",,,Government,RAICHUR,Karnataka,,,,"e.g., Guntur Junction","e.g., Guntur Bus Stand","e.g., 25.5","e.g., 2000","e.g., JNTU Kakinada",https://example.com,+91-XXXXXXXXXX,info@college.edu,0,0,0,0,0,0,0,"TCS, Infosys, Wipro",0,
Raja Rajeswari Medical College Bengaluru,,,Government,Virudhunagar,Karnataka,,,,"e.g., Guntur Junction","e.g., Guntur Bus Stand","e.g., 25.5","e.g., 2000","e.g., JNTU Kakinada",https://example.com,+91-XXXXXXXXXX,info@college.edu,0,0,0,0,0,0,0,"TCS, Infosys, Wipro",0,
"SDU Medical College, Kolar",,,Government,Kolar,Karnataka,,,,"e.g., Guntur Junction","e.g., Guntur Bus Stand","e.g., 25.5","e.g., 2000","e.g., JNTU Kakinada",https://example.com,+91-XXXXXXXXXX,info@college.edu,0,0,0,0,0,0,0,"TCS, Infosys, Wipro",0,
"SHIMOGA INSTITUTE OF MEDICAL SCIENCES, SHIMOGA",,,Government,SHIMOGA,Karnataka,,,,"e.g., Guntur Junction","e.g., Guntur Bus Stand","e.g., 25.5","e.g., 2000","e.g., JNTU Kakinada",https://example.com,+91-XXXXXXXXXX,info@college.edu,0,0,0,0,0,0,0,"TCS, Infosys, Wipro",0,
"Shri Atal Bihari Vajpayee Medical College & Research Institute, Bengaluru",,,Government,Bengaluru,Karnataka,,,,"e.g., Guntur Junction","e.g., Guntur Bus Stand","e.g., 25.5","e.g., 2000","e.g., JNTU Kakinada",https://example.com,+91-XXXXXXXXXX,info@college.edu,0,0,0,0,0,0,0,"TCS, Infosys, Wipro",0,
Sri Siddhartha Academy T Begur,,,Government,Virudhunagar,Karnataka,,,,"e.g., Guntur Junction","e.g., Guntur Bus Stand","e.g., 25.5","e.g., 2000","e.g., JNTU Kakinada",https://example.com,+91-XXXXXXXXXX,info@college.edu,0,0,0,0,0,0,0,"TCS, Infosys, Wipro",0,
"Sri Siddhartha Dental College, Tumkur",,,Government,Tumkur,Karnataka,,,,"e.g., Guntur Junction","e.g., Guntur Bus Stand","e.g., 25.5","e.g., 2000","e.g., JNTU Kakinada",https://example.com,+91-XXXXXXXXXX,info@college.edu,0,0,0,0,0,0,0,"TCS, Infosys, Wipro",0,
"Sri Siddhartha Medical College DU, Tumkur",,,Government,Tumkur,Karnataka,,,,"e.g., Guntur Junction","e.g., Guntur Bus Stand","e.g., 25.5","e.g., 2000","e.g., JNTU Kakinada",https://example.com,+91-XXXXXXXXXX,info@college.edu,0,0,0,0,0,0,0,"TCS, Infosys, Wipro",0,
"VIJAYNAGAR INSTITUTE OF MEDICAL SCIENCES, BELLARY",,,Government,BELLARY,Karnataka,,,,"e.g., Guntur Junction","e.g., Guntur Bus Stand","e.g., 25.5","e.g., 2000","e.g., JNTU Kakinada",https://example.com,+91-XXXXXXXXXX,info@college.edu,0,0,0,0,0,0,0,"TCS, Infosys, Wipro",0,
"YADGIRI INSTITUTE OF MEDICAL SCIENCES, YADGIRI",,,Government,YADGIRI,Karnataka,,,,"e.g., Guntur Junction","e.g., Guntur Bus Stand","e.g., 25.5","e.g., 2000","e.g., JNTU Kakinada",https://example.com,+91-XXXXXXXXXX,info@college.edu,0,0,0,0,0,0,0,"TCS, Infosys, Wipro",0,
"Yenepoya Dental College, Yenepoya",,,Government,Yenepoya,Karnataka,,,,"e.g., Guntur Junction","e.g., Guntur Bus Stand","e.g., 25.5","e.g., 2000","e.g., JNTU Kakinada",https://example.com,+91-XXXXXXXXXX,info@college.edu,0,0,0,0,0,0,0,"TCS, Infosys, Wipro",0,
"Yenepoya Medical College, Mangalore",,,Government,Mangalore,Karnataka,,,,"e.g., Guntur Junction","e.g., Guntur Bus Stand","e.g., 25.5","e.g., 2000","e.g., JNTU Kakinada",https://example.com,+91-XXXXXXXXXX,info@college.edu,0,0,0,0,0,0,0,"TCS, Infosys, Wipro",0,
"Amrita Institute of Medical Science, Kochi",,,Government,Kochi,Kerala,,,,"e.g., Guntur Junction","e.g., Guntur Bus Stand","e.g., 25.5","e.g., 2000","e.g., JNTU Kakinada",https://example.com,+91-XXXXXXXXXX,info@college.edu,0,0,0,0,0,0,0,"TCS, Infosys, Wipro",0,
"Amrita School of Dentistry, Kochi",,,Government,Kochi,Kerala,,,,"e.g., Guntur Junction","e.g., Guntur Bus Stand","e.g., 25.5","e.g., 2000","e.g., JNTU Kakinada",https://example.com,+91-XXXXXXXXXX,info@college.edu,0,0,0,0,0,0,0,"TCS, Infosys, Wipro",0,
"GMC, Manjeri",,,Government,Manjeri,Kerala,,,,"e.g., Guntur Junction","e.g., Guntur Bus Stand","e.g., 25.5","e.g., 2000","e.g., JNTU Kakinada",https://example.com,+91-XXXXXXXXXX,info@college.edu,0,0,0,0,0,0,0,"TCS, Infosys, Wipro",0,
GOVERNMENT DENTAL COLLEGE Kannur,,,Government,Virudhunagar,Kerala,,,,"e.g., Guntur Junction","e.g., Guntur Bus Stand","e.g., 25.5","e.g., 2000","e.g., JNTU Kakinada",https://example.com,+91-XXXXXXXXXX,info@college.edu,0,0,0,0,0,0,0,"TCS, Infosys, Wipro",0,
"GOVERNMENT DENTAL COLLEGE, KOTTAYAM",,,Government,KOTTAYAM,Kerala,,,,"e.g., Guntur Junction","e.g., Guntur Bus Stand","e.g., 25.5","e.g., 2000","e.g., JNTU Kakinada",https://example.com,+91-XXXXXXXXXX,info@college.edu,0,0,0,0,0,0,0,"TCS, Infosys, Wipro",0,
"GOVERNMENT DENTAL COLLEGE, KOZHIKODE",,,Government,KOZHIKODE,Kerala,,,,"e.g., Guntur Junction","e.g., Guntur Bus Stand","e.g., 25.5","e.g., 2000","e.g., JNTU Kakinada",https://example.com,+91-XXXXXXXXXX,info@college.edu,0,0,0,0,0,0,0,"TCS, Infosys, Wipro",0,
"GOVERNMENT DENTAL COLLEGE, TRIVANDRUM",,,Government,TRIVANDRUM,Kerala,,,,"e.g., Guntur Junction","e.g., Guntur Bus Stand","e.g., 25.5","e.g., 2000","e.g., JNTU Kakinada",https://example.com,+91-XXXXXXXXXX,info@college.edu,0,0,0,0,0,0,0,"TCS, Infosys, Wipro",0,
"GOVERNMENT MEDICAL COLLEGE, KOTTAYAM",,,Government,KOTTAYAM,Kerala,,,,"e.g., Guntur Junction","e.g., Guntur Bus Stand","e.g., 25.5","e.g., 2000","e.g., JNTU Kakinada",https://example.com,+91-XXXXXXXXXX,info@college.edu,0,0,0,0,0,0,0,"TCS, Infosys, Wipro",0,
"GOVERNMENT MEDICAL COLLEGE, KOZHIKODE",,,Government,KOZHIKODE,Kerala,,,,"e.g., Guntur Junction","e.g., Guntur Bus Stand","e.g., 25.5","e.g., 2000","e.g., JNTU Kakinada",https://example.com,+91-XXXXXXXXXX,info@college.edu,0,0,0,0,0,0,0,"TCS, Infosys, Wipro",0,
"GOVERNMENT MEDICAL COLLEGE, THIRUVANANTHAPURAM",,,Government,THIRUVANANTHAPURAM,Kerala,,,,"e.g., Guntur Junction","e.g., Guntur Bus Stand","e.g., 25.5","e.g., 2000","e.g., JNTU Kakinada",https://example.com,+91-XXXXXXXXXX,info@college.edu,0,0,0,0,0,0,0,"TCS, Infosys, Wipro",0,
"GOVERNMENT MEDICAL COLLEGE, THRISSUR",,,Government,THRISSUR,Kerala,,,,"e.g., Guntur Junction","e.g., Guntur Bus Stand","e.g., 25.5","e.g., 2000","e.g., JNTU Kakinada",https://example.com,+91-XXXXXXXXXX,info@college.edu,0,0,0,0,0,0,0,"TCS, Infosys, Wipro",0,
"Government Dental College, Alappuzha",,,Government,Alappuzha,Kerala,,,,"e.g., Guntur Junction","e.g., Guntur Bus Stand","e.g., 25.5","e.g., 2000","e.g., JNTU Kakinada",https://example.com,+91-XXXXXXXXXX,info@college.edu,0,0,0,0,0,0,0,"TCS, Infosys, Wipro",0,
"Government Dental College, Thrissur",,,Government,Thrissur,Kerala,,,,"e.g., Guntur Junction","e.g., Guntur Bus Stand","e.g., 25.5","e.g., 2000","e.g., JNTU Kakinada",https://example.com,+91-XXXXXXXXXX,info@college.edu,0,0,0,0,0,0,0,"TCS, Infosys, Wipro",0,
Government Medical College Kannur,,,Government,Virudhunagar,Kerala,,,,"e.g., Guntur Junction","e.g., Guntur Bus Stand","e.g., 25.5","e.g., 2000","e.g., JNTU Kakinada",https://example.com,+91-XXXXXXXXXX,info@college.edu,0,0,0,0,0,0,0,"TCS, Infosys, Wipro",0,
"Government Medical College, ESIC, Kollam",,,Government,ESIC,Kerala,,,,"e.g., Guntur Junction","e.g., Guntur Bus Stand","e.g., 25.5","e.g., 2000","e.g., JNTU Kakinada",https://example.com,+91-XXXXXXXXXX,info@college.edu,0,0,0,0,0,0,0,"TCS, Infosys, Wipro",0,
"Government Medical College, Ernakulam",,,Government,Ernakulam,Kerala,,,,"e.g., Guntur Junction","e.g., Guntur Bus Stand","e.g., 25.5","e.g., 2000","e.g., JNTU Kakinada",https://example.com,+91-XXXXXXXXXX,info@college.edu,0,0,0,0,0,0,0,"TCS, Infosys, Wipro",0,
"Government Medical College, Idukki",,,Government,Idukki,Kerala,,,,"e.g., Guntur Junction","e.g., Guntur Bus Stand","e.g., 25.5","e.g., 2000","e.g., JNTU Kakinada",https://example.com,+91-XXXXXXXXXX,info@college.edu,0,0,0,0,0,0,0,"TCS, Infosys, Wipro",0,
"Government Medical College, Konni",,,Government,Konni,Kerala,,,,"e.g., Guntur Junction","e.g., Guntur Bus Stand","e.g., 25.5","e.g., 2000","e.g., JNTU Kakinada",https://example.com,+91-XXXXXXXXXX,info@college.edu,0,0,0,0,0,0,0,"TCS, Infosys, Wipro",0,
"Government Medical College, Palakkad",,,Government,Palakkad,Kerala,,,,"e.g., Guntur Junction","e.g., Guntur Bus Stand","e.g., 25.5","e.g., 2000","e.g., JNTU Kakinada",https://example.com,+91-XXXXXXXXXX,info@college.edu,0,0,0,0,0,0,0,"TCS, Infosys, Wipro",0,
"T.D. MEDICAL COLLEGE, ALAPPUZHA",,,Government,ALAPPUZHA,Kerala,,,,"e.g., Guntur Junction","e.g., Guntur Bus Stand","e.g., 25.5","e.g., 2000","e.g., JNTU Kakinada",https://example.com,+91-XXXXXXXXXX,info@college.edu,0,0,0,0,0,0,0,"TCS, Infosys, Wipro",0,
AIIMS-Bhopal,,,Government,Virudhunagar,Madhya Pradesh,,,,"e.g., Guntur Junction","e.g., Guntur Bus Stand","e.g., 25.5","e.g., 2000","e.g., JNTU Kakinada",https://example.com,+91-XXXXXXXXXX,info@college.edu,0,0,0,0,0,0,0,"TCS, Infosys, Wipro",0,
"ATAL BIHARI VAJPAYEE GOVERNMENT MEDICAL COLLEGE, VIDISHA",,,Government,VIDISHA,Madhya Pradesh,,,,"e.g., Guntur Junction","e.g., Guntur Bus Stand","e.g., 25.5","e.g., 2000","e.g., JNTU Kakinada",https://example.com,+91-XXXXXXXXXX,info@college.edu,0,0,0,0,0,0,0,"TCS, Infosys, Wipro",0,
"BUNDELKHAND MEDICAL COLLEGE, SAGAR",,,Government,SAGAR,Madhya Pradesh,,,,"e.g., Guntur Junction","e.g., Guntur Bus Stand","e.g., 25.5","e.g., 2000","e.g., JNTU Kakinada",https://example.com,+91-XXXXXXXXXX,info@college.edu,0,0,0,0,0,0,0,"TCS, Infosys, Wipro",0,
"Chhindwara Institute of Medical Sciences, Chhindwara",,,Government,Chhindwara,Madhya Pradesh,,,,"e.g., Guntur Junction","e.g., Guntur Bus Stand","e.g., 25.5","e.g., 2000","e.g., JNTU Kakinada",https://example.com,+91-XXXXXXXXXX,info@college.edu,0,0,0,0,0,0,0,"TCS, Infosys, Wipro",0,
"GAJRA RAJA MEDICAL COLLEGE, GWALIOR",,,Government,GWALIOR,Madhya Pradesh,,,,"e.g., Guntur Junction","e.g., Guntur Bus Stand","e.g., 25.5","e.g., 2000","e.g., JNTU Kakinada",https://example.com,+91-XXXXXXXXXX,info@college.edu,0,0,0,0,0,0,0,"TCS, Infosys, Wipro",0,
"GANDHI MEDICAL COLLEGE, BHOPAL",,,Government,BHOPAL,Madhya Pradesh,,,,"e.g., Guntur Junction","e.g., Guntur Bus Stand","e.g., 25.5","e.g., 2000","e.g., JNTU Kakinada",https://example.com,+91-XXXXXXXXXX,info@college.edu,0,0,0,0,0,0,0,"TCS, Infosys, Wipro",0,
"GOVERNMENT COLLEGE OF DENTISTRY, INDORE",,,Government,INDORE,Madhya Pradesh,,,,"e.g., Guntur Junction","e.g., Guntur Bus Stand","e.g., 25.5","e.g., 2000","e.g., JNTU Kakinada",https://example.com,+91-XXXXXXXXXX,info@college.edu,0,0,0,0,0,0,0,"TCS, Infosys, Wipro",0,
Government Medical College Ratlam,,,Government,Virudhunagar,Madhya Pradesh,,,,"e.g., Guntur Junction","e.g., Guntur Bus Stand","e.g., 25.5","e.g., 2000","e.g., JNTU Kakinada",https://example.com,+91-XXXXXXXXXX,info@college.edu,0,0,0,0,0,0,0,"TCS, Infosys, Wipro",0,
Government Medical College Satna,,,Government,Virudhunagar,Madhya Pradesh,,,,"e.g., Guntur Junction","e.g., Guntur Bus Stand","e.g., 25.5","e.g., 2000","e.g., JNTU Kakinada",https://example.com,+91-XXXXXXXXXX,info@college.edu,0,0,0,0,0,0,0,"TCS, Infosys, Wipro",0,
Government Medical College Shahdol,,,Government,Virudhunagar,Madhya Pradesh,,,,"e.g., Guntur Junction","e.g., Guntur Bus Stand","e.g., 25.5","e.g., 2000","e.g., JNTU Kakinada",https://example.com,+91-XXXXXXXXXX,info@college.edu,0,0,0,0,0,0,0,"TCS, Infosys, Wipro",0,
Government Medical College Shivpuri,,,Government,Virudhunagar,Madhya Pradesh,,,,"e.g., Guntur Junction","e.g., Guntur Bus Stand","e.g., 25.5","e.g., 2000","e.g., JNTU Kakinada",https://example.com,+91-XXXXXXXXXX,info@college.edu,0,0,0,0,0,0,0,"TCS, Infosys, Wipro",0,
"Government Medical College, Datia",,,Government,Datia,Madhya Pradesh,,,,"e.g., Guntur Junction","e.g., Guntur Bus Stand","e.g., 25.5","e.g., 2000","e.g., JNTU Kakinada",https://example.com,+91-XXXXXXXXXX,info@college.edu,0,0,0,0,0,0,0,"TCS, Infosys, Wipro",0,
"Government Medical College, Khandwa",,,Government,Khandwa,Madhya Pradesh,,,,"e.g., Guntur Junction","e.g., Guntur Bus Stand","e.g., 25.5","e.g., 2000","e.g., JNTU Kakinada",https://example.com,+91-XXXXXXXXXX,info@college.edu,0,0,0,0,0,0,0,"TCS, Infosys, Wipro",0,
"Government Medical College, Seoni",,,Government,Seoni,Madhya Pradesh,,,,"e.g., Guntur Junction","e.g., Guntur Bus Stand","e.g., 25.5","e.g., 2000","e.g., JNTU Kakinada",https://example.com,+91-XXXXXXXXXX,info@college.edu,0,0,0,0,0,0,0,"TCS, Infosys, Wipro",0,
"M.G.M. MEDICAL COLLEGE, INDORE",,,Government,INDORE,Madhya Pradesh,,,,"e.g., Guntur Junction","e.g., Guntur Bus Stand","e.g., 25.5","e.g., 2000","e.g., JNTU Kakinada",https://example.com,+91-XXXXXXXXXX,info@college.edu,0,0,0,0,0,0,0,"TCS, Infosys, Wipro",0,
"NETAJI SUBHASH CHANDRA BOSE MEDICAL COLLEGE, JABALPUR",,,Government,JABALPUR,Madhya Pradesh,,,,"e.g., Guntur Junction","e.g., Guntur Bus Stand","e.g., 25.5","e.g., 2000","e.g., JNTU Kakinada",https://example.com,+91-XXXXXXXXXX,info@college.edu,0,0,0,0,0,0,0,"TCS, Infosys, Wipro",0,
"S.S. MEDICAL COLLEGE, REWA",,,Government,REWA,Madhya Pradesh,,,,"e.g., Guntur Junction","e.g., Guntur Bus Stand","e.g., 25.5","e.g., 2000","e.g., JNTU Kakinada",https://example.com,+91-XXXXXXXXXX,info@college.edu,0,0,0,0,0,0,0,"TCS, Infosys, Wipro",0,
Sundarlal Patwa Government Medical College Mandsaur,,,Government,Virudhunagar,Madhya Pradesh,,,,"e.g., Guntur Junction","e.g., Guntur Bus Stand","e.g., 25.5","e.g., 2000","e.g., JNTU Kakinada",https://example.com,+91-XXXXXXXXXX,info@college.edu,0,0,0,0,0,0,0,"TCS, Infosys, Wipro",0,
"Virendra Kumar Sakhlecha Government Medical College, Neemuch",,,Government,Neemuch,Madhya Pradesh,,,,"e.g., Guntur Junction","e.g., Guntur Bus Stand","e.g., 25.5","e.g., 2000","e.g., JNTU Kakinada",https://example.com,+91-XXXXXXXXXX,info@college.edu,0,0,0,0,0,0,0,"TCS, Infosys, Wipro",0,
"AIIMS, Nagpur",,,Government,Nagpur,Maharashtra,,,,"e.g., Guntur Junction","e.g., Guntur Bus Stand","e.g., 25.5","e.g., 2000","e.g., JNTU Kakinada",https://example.com,+91-XXXXXXXXXX,info@college.edu,0,0,0,0,0,0,0,"TCS, Infosys, Wipro",0,
"B.J. Government Medical College, Pune",,,Government,Pune,Maharashtra,,,,"e.g., Guntur Junction","e.g., Guntur Bus Stand","e.g., 25.5","e.g., 2000","e.g., JNTU Kakinada",https://example.com,+91-XXXXXXXXXX,info@college.edu,0,0,0,0,0,0,0,"TCS, Infosys, Wipro",0,
"BV Deemed University Medical College and Hospital, Sangli",,,Private,Sangli,Maharashtra,,,,"e.g., Guntur Junction","e.g., Guntur Bus Stand","e.g., 25.5","e.g., 2000","e.g., JNTU Kakinada",https://example.com,+91-XXXXXXXXXX,info@college.edu,0,0,0,0,0,0,0,"TCS, Infosys, Wipro",0,
"BVDU Dental College and Hospital, Navi Mumbai",,,Government,Navi Mumbai,Maharashtra,,,,"e.g., Guntur Junction","e.g., Guntur Bus Stand","e.g., 25.5","e.g., 2000","e.g., JNTU Kakinada",https://example.com,+91-XXXXXXXXXX,info@college.edu,0,0,0,0,0,0,0,"TCS, Infosys, Wipro",0,
"BVDU Dental College and Hospital, Sangli",,,Government,Sangli,Maharashtra,,,,"e.g., Guntur Junction","e.g., Guntur Bus Stand","e.g., 25.5","e.g., 2000","e.g., JNTU Kakinada",https://example.com,+91-XXXXXXXXXX,info@college.edu,0,0,0,0,0,0,0,"TCS, Infosys, Wipro",0,
"Bharati Vidyapeeth DU Dental College and Hospital, Pune",,,Government,Pune,Maharashtra,,,,"e.g., Guntur Junction","e.g., Guntur Bus Stand","e.g., 25.5","e.g., 2000","e.g., JNTU Kakinada",https://example.com,+91-XXXXXXXXXX,info@college.edu,0,0,0,0,0,0,0,"TCS, Infosys, Wipro",0,
"Bharati Vidyapeeth DU Medical College, Pune",,,Government,Pune,Maharashtra,,,,"e.g., Guntur Junction","e.g., Guntur Bus Stand","e.g., 25.5","e.g., 2000","e.g., JNTU Kakinada",https://example.com,+91-XXXXXXXXXX,info@college.edu,0,0,0,0,0,0,0,"TCS, Infosys, Wipro",0,
DATTA MEGHE MEDICAL COLLEGE WANADONGRI HINGNA NAGPUR,,,Government,Virudhunagar,Maharashtra,,,,"e.g., Guntur Junction","e.g., Guntur Bus Stand","e.g., 25.5","e.g., 2000","e.g., JNTU Kakinada",https://example.com,+91-XXXXXXXXXX,info@college.edu,0,0,0,0,0,0,0,"TCS, Infosys, Wipro",0,
"DR. S.C. GOVERNMENT MEDICAL COLLEGE, NANDED",,,Government,NANDED,Maharashtra,,,,"e.g., Guntur Junction","e.g., Guntur Bus Stand","e.g., 25.5","e.g., 2000","e.g., JNTU Kakinada",https://example.com,+91-XXXXXXXXXX,info@college.edu,0,0,0,0,0,0,0,"TCS, Infosys, Wipro",0,
"DR. VAISHAMPAYAM MEMORIAL MEDICAL COLLEGE, SOLAPUR",,,Government,SOLAPUR,Maharashtra,,,,"e.g., Guntur Junction","e.g., Guntur Bus Stand","e.g., 25.5","e.g., 2000","e.g., JNTU Kakinada",https://example.com,+91-XXXXXXXXXX,info@college.edu,0,0,0,0,0,0,0,"TCS, Infosys, Wipro",0,
"Dr. DY Patil Dental College and Hospital, Navi Mumbai",,,Government,Navi Mumbai,Maharashtra,,,,"e.g., Guntur Junction","e.g., Guntur Bus Stand","e.g., 25.5","e.g., 2000","e.g., JNTU Kakinada",https://example.com,+91-XXXXXXXXXX,info@college.edu,0,0,0,0,0,0,0,"TCS, Infosys, Wipro",0,
"Dr. DY Patil Dental College and Hospital, Pune",,,Government,Pune,Maharashtra,,,,"e.g., Guntur Junction","e.g., Guntur Bus Stand","e.g., 25.5","e.g., 2000","e.g., JNTU Kakinada",https://example.com,+91-XXXXXXXXXX,info@college.edu,0,0,0,0,0,0,0,"TCS, Infosys, Wipro",0,
"Dr. DY Patil Medical College and Hospital, Pune",,,Government,Pune,Maharashtra,,,,"e.g., Guntur Junction","e.g., Guntur Bus Stand","e.g., 25.5","e.g., 2000","e.g., JNTU Kakinada",https://example.com,+91-XXXXXXXXXX,info@college.edu,0,0,0,0,0,0,0,"TCS, Infosys, Wipro",0,
"Dr. DY Patil Medical College, Navi Mumbai",,,Government,Navi Mumbai,Maharashtra,,,,"e.g., Guntur Junction","e.g., Guntur Bus Stand","e.g., 25.5","e.g., 2000","e.g., JNTU Kakinada",https://example.com,+91-XXXXXXXXXX,info@college.edu,0,0,0,0,0,0,0,"TCS, Infosys, Wipro",0,
"Dr. DYP Education Society Deemed University, Kolhapur",,,Private,Kolhapur,Maharashtra,,,,"e.g., Guntur Junction","e.g., Guntur Bus Stand","e.g., 25.5","e.g., 2000","e.g., JNTU Kakinada",https://example.com,+91-XXXXXXXXXX,info@college.edu,0,0,0,0,0,0,0,"TCS, Infosys, Wipro",0,
"GOVERNMENT DENTAL COLLEGE & HOSPITAL, AURANGABAD",,,Government,AURANGABAD,Maharashtra,,,,"e.g., Guntur Junction","e.g., Guntur Bus Stand","e.g., 25.5","e.g., 2000","e.g., JNTU Kakinada",https://example.com,+91-XXXXXXXXXX,info@college.edu,0,0,0,0,0,0,0,"TCS, Infosys, Wipro",0,
"GOVERNMENT DENTAL COLLEGE & HOSPITAL, NAGPUR",,,Government,NAGPUR,Maharashtra,,,,"e.g., Guntur Junction","e.g., Guntur Bus Stand","e.g., 25.5","e.g., 2000","e.g., JNTU Kakinada",https://example.com,+91-XXXXXXXXXX,info@college.edu,0,0,0,0,0,0,0,"TCS, Infosys, Wipro",0,
"GOVERNMENT MEDICAL COLLEGE AND GENERAL HOSPITAL, SATARA",,,Government,SATARA,Maharashtra,,,,"e.g., Guntur Junction","e.g., Guntur Bus Stand","e.g., 25.5","e.g., 2000","e.g., JNTU Kakinada",https://example.com,+91-XXXXXXXXXX,info@college.edu,0,0,0,0,0,0,0,"TCS, Infosys, Wipro",0,
GOVERNMENT MEDICAL COLLEGE NANDURBAR,,,Government,Virudhunagar,Maharashtra,,,,"e.g., Guntur Junction","e.g., Guntur Bus Stand","e.g., 25.5","e.g., 2000","e.g., JNTU Kakinada",https://example.com,+91-XXXXXXXXXX,info@college.edu,0,0,0,0,0,0,0,"TCS, Infosys, Wipro",0,
"GOVERNMENT MEDICAL COLLEGE, AKOLA",,,Government,AKOLA,Maharashtra,,,,"e.g., Guntur Junction","e.g., Guntur Bus Stand","e.g., 25.5","e.g., 2000","e.g., JNTU Kakinada",https://example.com,+91-XXXXXXXXXX,info@college.edu,0,0,0,0,0,0,0,"TCS, Infosys, Wipro",0,
"GOVERNMENT MEDICAL COLLEGE, AURANGABAD",,,Government,AURANGABAD,Maharashtra,,,,"e.g., Guntur Junction","e.g., Guntur Bus Stand","e.g., 25.5","e.g., 2000","e.g., JNTU Kakinada",https://example.com,+91-XXXXXXXXXX,info@college.edu,0,0,0,0,0,0,0,"TCS, Infosys, Wipro",0,
"GOVERNMENT MEDICAL COLLEGE, LATUR",,,Government,LATUR,Maharashtra,,,,"e.g., Guntur Junction","e.g., Guntur Bus Stand","e.g., 25.5","e.g., 2000","e.g., JNTU Kakinada",https://example.com,+91-XXXXXXXXXX,info@college.edu,0,0,0,0,0,0,0,"TCS, Infosys, Wipro",0,
"GOVERNMENT MEDICAL COLLEGE, MIRAJ",,,Government,MIRAJ,Maharashtra,,,,"e.g., Guntur Junction","e.g., Guntur Bus Stand","e.g., 25.5","e.g., 2000","e.g., JNTU Kakinada",https://example.com,+91-XXXXXXXXXX,info@college.edu,0,0,0,0,0,0,0,"TCS, Infosys, Wipro",0,
"GOVERNMENT MEDICAL COLLEGE, NAGPUR",,,Government,NAGPUR,Maharashtra,,,,"e.g., Guntur Junction","e.g., Guntur Bus Stand","e.g., 25.5","e.g., 2000","e.g., JNTU Kakinada",https://example.com,+91-XXXXXXXXXX,info@college.edu,0,0,0,0,0,0,0,"TCS, Infosys, Wipro",0,
"GOVERNMENT MEDICAL COLLEGE, OSMANABAD",,,Government,OSMANABAD,Maharashtra,,,,"e.g., Guntur Junction","e.g., Guntur Bus Stand","e.g., 25.5","e.g., 2000","e.g., JNTU Kakinada",https://example.com,+91-XXXXXXXXXX,info@college.edu,0,0,0,0,0,0,0,"TCS, Infosys, Wipro",0,
"GRANT MEDICAL COLLEGE & SIR J.J.HOSPITAL, MUMBAI",,,Government,MUMBAI,Maharashtra,,,,"e.g., Guntur Junction","e.g., Guntur Bus Stand","e.g., 25.5","e.g., 2000","e.g., JNTU Kakinada",https://example.com,+91-XXXXXXXXXX,info@college.edu,0,0,0,0,0,0,0,"TCS, Infosys, Wipro",0,
"Government Medical College & Hospital, Alibag-Raigad",,,Government,Alibag-Raigad,Maharashtra,,,,"e.g., Guntur Junction","e.g., Guntur Bus Stand","e.g., 25.5","e.g., 2000","e.g., JNTU Kakinada",https://example.com,+91-XXXXXXXXXX,info@college.edu,0,0,0,0,0,0,0,"TCS, Infosys, Wipro",0,
Government Medical College And Hospital Jalgaon,,,Government,Virudhunagar,Maharashtra,,,,"e.g., Guntur Junction","e.g., Guntur Bus Stand","e.g., 25.5","e.g., 2000","e.g., JNTU Kakinada",https://example.com,+91-XXXXXXXXXX,info@college.edu,0,0,0,0,0,0,0,"TCS, Infosys, Wipro",0,
Government Medical College Baramati,,,Government,Virudhunagar,Maharashtra,,,,"e.g., Guntur Junction","e.g., Guntur Bus Stand","e.g., 25.5","e.g., 2000","e.g., JNTU Kakinada",https://example.com,+91-XXXXXXXXXX,info@college.edu,0,0,0,0,0,0,0,"TCS, Infosys, Wipro",0,
"Government Medical College and District General Hospital, Ratnagiri",,,Government,Ratnagiri,Maharashtra,,,,"e.g., Guntur Junction","e.g., Guntur Bus Stand","e.g., 25.5","e.g., 2000","e.g., JNTU Kakinada",https://example.com,+91-XXXXXXXXXX,info@college.edu,0,0,0,0,0,0,0,"TCS, Infosys, Wipro",0,
"Government Medical College and Hospital, Chandrapur",,,Government,Chandrapur,Maharashtra,,,,"e.g., Guntur Junction","e.g., Guntur Bus Stand","e.g., 25.5","e.g., 2000","e.g., JNTU Kakinada",https://example.com,+91-XXXXXXXXXX,info@college.edu,0,0,0,0,0,0,0,"TCS, Infosys, Wipro",0,
"Government Medical College, Ambernath",,,Government,Ambernath,Maharashtra,,,,"e.g., Guntur Junction","e.g., Guntur Bus Stand","e.g., 25.5","e.g., 2000","e.g., JNTU Kakinada",https://example.com,+91-XXXXXXXXXX,info@college.edu,0,0,0,0,0,0,0,"TCS, Infosys, Wipro",0,
"Government Medical College, Amravati",,,Government,Amravati,Maharashtra,,,,"e.g., Guntur Junction","e.g., Guntur Bus Stand","e.g., 25.5","e.g., 2000","e.g., JNTU Kakinada",https://example.com,+91-XXXXXXXXXX,info@college.edu,0,0,0,0,0,0,0,"TCS, Infosys, Wipro",0,
"Government Medical College, BULDHANA",,,Government,BULDHANA,Maharashtra,,,,"e.g., Guntur Junction","e.g., Guntur Bus Stand","e.g., 25.5","e.g., 2000","e.g., JNTU Kakinada",https://example.com,+91-XXXXXXXXXX,info@college.edu,0,0,0,0,0,0,0,"TCS, Infosys, Wipro",0,
"Government Medical College, Bhandara",,,Government,Bhandara,Maharashtra,,,,"e.g., Guntur Junction","e.g., Guntur Bus Stand","e.g., 25.5","e.g., 2000","e.g., JNTU Kakinada",https://example.com,+91-XXXXXXXXXX,info@college.edu,0,0,0,0,0,0,0,"TCS, Infosys, Wipro",0,
"Government Medical College, Gadchiroli",,,Government,Gadchiroli,Maharashtra,,,,"e.g., Guntur Junction","e.g., Guntur Bus Stand","e.g., 25.5","e.g., 2000","e.g., JNTU Kakinada",https://example.com,+91-XXXXXXXXXX,info@college.edu,0,0,0,0,0,0,0,"TCS, Infosys, Wipro",0,
"Government Medical College, Gondia",,,Government,Gondia,Maharashtra,,,,"e.g., Guntur Junction","e.g., Guntur Bus Stand","e.g., 25.5","e.g., 2000","e.g., JNTU Kakinada",https://example.com,+91-XXXXXXXXXX,info@college.edu,0,0,0,0,0,0,0,"TCS, Infosys, Wipro",0,
"Government Medical College, Hingoli",,,Government,Hingoli,Maharashtra,,,,"e.g., Guntur Junction","e.g., Guntur Bus Stand","e.g., 25.5","e.g., 2000","e.g., JNTU Kakinada",https://example.com,+91-XXXXXXXXXX,info@college.edu,0,0,0,0,0,0,0,"TCS, Infosys, Wipro",0,
"Government Medical College, Jalna",,,Government,Jalna,Maharashtra,,,,"e.g., Guntur Junction","e.g., Guntur Bus Stand","e.g., 25.5","e.g., 2000","e.g., JNTU Kakinada",https://example.com,+91-XXXXXXXXXX,info@college.edu,0,0,0,0,0,0,0,"TCS, Infosys, Wipro",0,
"Government Medical College, Mumbai",,,Government,Mumbai,Maharashtra,,,,"e.g., Guntur Junction","e.g., Guntur Bus Stand","e.g., 25.5","e.g., 2000","e.g., JNTU Kakinada",https://example.com,+91-XXXXXXXXXX,info@college.edu,0,0,0,0,0,0,0,"TCS, Infosys, Wipro",0,
"Government Medical College, Nashik",,,Government,Nashik,Maharashtra,,,,"e.g., Guntur Junction","e.g., Guntur Bus Stand","e.g., 25.5","e.g., 2000","e.g., JNTU Kakinada",https://example.com,+91-XXXXXXXXXX,info@college.edu,0,0,0,0,0,0,0,"TCS, Infosys, Wipro",0,
"Government Medical College, Parbhani",,,Government,Parbhani,Maharashtra,,,,"e.g., Guntur Junction","e.g., Guntur Bus Stand","e.g., 25.5","e.g., 2000","e.g., JNTU Kakinada",https://example.com,+91-XXXXXXXXXX,info@college.edu,0,0,0,0,0,0,0,"TCS, Infosys, Wipro",0,
"Government Medical College, Sindhudurg",,,Government,Sindhudurg,Maharashtra,,,,"e.g., Guntur Junction","e.g., Guntur Bus Stand","e.g., 25.5","e.g., 2000","e.g., JNTU Kakinada",https://example.com,+91-XXXXXXXXXX,info@college.edu,0,0,0,0,0,0,0,"TCS, Infosys, Wipro",0,
"Government Medical College, Washim",,,Government,Washim,Maharashtra,,,,"e.g., Guntur Junction","e.g., Guntur Bus Stand","e.g., 25.5","e.g., 2000","e.g., JNTU Kakinada",https://example.com,+91-XXXXXXXXXX,info@college.edu,0,0,0,0,0,0,0,"TCS, Infosys, Wipro",0,
"Hinduhridayasamrat Balasaheb Thackeray Medical College and Dr. R. N. Cooper Municipal General Hospital, Mumbai",,,Government,Mumbai,Maharashtra,,,,"e.g., Guntur Junction","e.g., Guntur Bus Stand","e.g., 25.5","e.g., 2000","e.g., JNTU Kakinada",https://example.com,+91-XXXXXXXXXX,info@college.edu,0,0,0,0,0,0,0,"TCS, Infosys, Wipro",0,
"INDIRA GANDHI GOVERNMENT MEDICAL COLLEGE, NAGPUR",,,Government,NAGPUR,Maharashtra,,,,"e.g., Guntur Junction","e.g., Guntur Bus Stand","e.g., 25.5","e.g., 2000","e.g., JNTU Kakinada",https://example.com,+91-XXXXXXXXXX,info@college.edu,0,0,0,0,0,0,0,"TCS, Infosys, Wipro",0,
"JLN Medical College, Datta Meghe, Wardha",,,Government,Datta Meghe,Maharashtra,,,,"e.g., Guntur Junction","e.g., Guntur Bus Stand","e.g., 25.5","e.g., 2000","e.g., JNTU Kakinada",https://example.com,+91-XXXXXXXXXX,info@college.edu,0,0,0,0,0,0,0,"TCS, Infosys, Wipro",0,
"Krishna Institute of Medical Sciences, Karad",,,Government,Karad,Maharashtra,,,,"e.g., Guntur Junction","e.g., Guntur Bus Stand","e.g., 25.5","e.g., 2000","e.g., JNTU Kakinada",https://example.com,+91-XXXXXXXXXX,info@college.edu,0,0,0,0,0,0,0,"TCS, Infosys, Wipro",0,
"LOKMANYA TILAK MUNICIPAL MEDICAL COLLEGE, MUMBAI",,,Government,MUMBAI,Maharashtra,,,,"e.g., Guntur Junction","e.g., Guntur Bus Stand","e.g., 25.5","e.g., 2000","e.g., JNTU Kakinada",https://example.com,+91-XXXXXXXXXX,info@college.edu,0,0,0,0,0,0,0,"TCS, Infosys, Wipro",0,
"MG Institute of Medical Sciences, Sevagram Wardha",,,Government,Sevagram Wardha,Maharashtra,,,,"e.g., Guntur Junction","e.g., Guntur Bus Stand","e.g., 25.5","e.g., 2000","e.g., JNTU Kakinada",https://example.com,+91-XXXXXXXXXX,info@college.edu,0,0,0,0,0,0,0,"TCS, Infosys, Wipro",0,
"MGM Medical College, Aurangabad",,,Government,Aurangabad,Maharashtra,,,,"e.g., Guntur Junction","e.g., Guntur Bus Stand","e.g., 25.5","e.g., 2000","e.g., JNTU Kakinada",https://example.com,+91-XXXXXXXXXX,info@college.edu,0,0,0,0,0,0,0,"TCS, Infosys, Wipro",0,
"MGM Medical College, Navi Mumbai",,,Government,Navi Mumbai,Maharashtra,,,,"e.g., Guntur Junction","e.g., Guntur Bus Stand","e.g., 25.5","e.g., 2000","e.g., JNTU Kakinada",https://example.com,+91-XXXXXXXXXX,info@college.edu,0,0,0,0,0,0,0,"TCS, Infosys, Wipro",0,
"Mahatma Gandhi Mission Medical College, Nerul",,,Government,Nerul,Maharashtra,,,,"e.g., Guntur Junction","e.g., Guntur Bus Stand","e.g., 25.5","e.g., 2000","e.g., JNTU Kakinada",https://example.com,+91-XXXXXXXXXX,info@college.edu,0,0,0,0,0,0,0,"TCS, Infosys, Wipro",0,
"Mahatma Gandhi Mission Medical College, Vashi, Navi Mumbai",,,Government,Vashi,Maharashtra,,,,"e.g., Guntur Junction","e.g., Guntur Bus Stand","e.g., 25.5","e.g., 2000","e.g., JNTU Kakinada",https://example.com,+91-XXXXXXXXXX,info@college.edu,0,0,0,0,0,0,0,"TCS, Infosys, Wipro",0,
"NAIR HOSPITAL DENTAL COLLEGE & HOSPITAL, MUMBAI",,,Government,MUMBAI,Maharashtra,,,,"e.g., Guntur Junction","e.g., Guntur Bus Stand","e.g., 25.5","e.g., 2000","e.g., JNTU Kakinada",https://example.com,+91-XXXXXXXXXX,info@college.edu,0,0,0,0,0,0,0,"TCS, Infosys, Wipro",0,
"RAJIV GANDHI MEDICAL COLLEGE, THANE",,,Government,THANE,Maharashtra,,,,"e.g., Guntur Junction","e.g., Guntur Bus Stand","e.g., 25.5","e.g., 2000","e.g., JNTU Kakinada",https://example.com,+91-XXXXXXXXXX,info@college.edu,0,0,0,0,0,0,0,"TCS, Infosys, Wipro",0,
Rajarshee Chhatrapati Shahu Maharaj Government Medical College Kolhapur,,,Government,Virudhunagar,Maharashtra,,,,"e.g., Guntur Junction","e.g., Guntur Bus Stand","e.g., 25.5","e.g., 2000","e.g., JNTU Kakinada",https://example.com,+91-XXXXXXXXXX,info@college.edu,0,0,0,0,0,0,0,"TCS, Infosys, Wipro",0,
"Rural Dental College, Loni",,,Government,Loni,Maharashtra,,,,"e.g., Guntur Junction","e.g., Guntur Bus Stand","e.g., 25.5","e.g., 2000","e.g., JNTU Kakinada",https://example.com,+91-XXXXXXXXXX,info@college.edu,0,0,0,0,0,0,0,"TCS, Infosys, Wipro",0,
"Rural Medical College and PIMS, Loni",,,Government,Loni,Maharashtra,,,,"e.g., Guntur Junction","e.g., Guntur Bus Stand","e.g., 25.5","e.g., 2000","e.g., JNTU Kakinada",https://example.com,+91-XXXXXXXXXX,info@college.edu,0,0,0,0,0,0,0,"TCS, Infosys, Wipro",0,
"SETH G.S. MEDICAL COLLEGE, MUMBAI",,,Government,MUMBAI,Maharashtra,,,,"e.g., Guntur Junction","e.g., Guntur Bus Stand","e.g., 25.5","e.g., 2000","e.g., JNTU Kakinada",https://example.com,+91-XXXXXXXXXX,info@college.edu,0,0,0,0,0,0,0,"TCS, Infosys, Wipro",0,
"SHRI BHAUSAHEB HIRE GOVERNMENT MEDICAL COLLEGE, DHULE",,,Government,DHULE,Maharashtra,,,,"e.g., Guntur Junction","e.g., Guntur Bus Stand","e.g., 25.5","e.g., 2000","e.g., JNTU Kakinada",https://example.com,+91-XXXXXXXXXX,info@college.edu,0,0,0,0,0,0,0,"TCS, Infosys, Wipro",0,
"SHRI VASANT RAO NAIK GOVERNMENT MEDICAL COLLEGE, YAVATMAL",,,Government,YAVATMAL,Maharashtra,,,,"e.g., Guntur Junction","e.g., Guntur Bus Stand","e.g., 25.5","e.g., 2000","e.g., JNTU Kakinada",https://example.com,+91-XXXXXXXXXX,info@college.edu,0,0,0,0,0,0,0,"TCS, Infosys, Wipro",0,
"SWAMI RAMANAND TIRTH RURAL MEDICAL COLLEGE, AMBAJOGAI",,,Government,AMBAJOGAI,Maharashtra,,,,"e.g., Guntur Junction","e.g., Guntur Bus Stand","e.g., 25.5","e.g., 2000","e.g., JNTU Kakinada",https://example.com,+91-XXXXXXXXXX,info@college.edu,0,0,0,0,0,0,0,"TCS, Infosys, Wipro",0,
SYMBIOSIS MEDICAL COLLEGE FOR WOMEN PUNE,,,Government,Virudhunagar,Maharashtra,,,,"e.g., Guntur Junction","e.g., Guntur Bus Stand","e.g., 25.5","e.g., 2000","e.g., JNTU Kakinada",https://example.com,+91-XXXXXXXXXX,info@college.edu,0,0,0,0,0,0,0,"TCS, Infosys, Wipro",0,
"School of Dental Sciences and KIMSDU, Karad",,,Government,Karad,Maharashtra,,,,"e.g., Guntur Junction","e.g., Guntur Bus Stand","e.g., 25.5","e.g., 2000","e.g., JNTU Kakinada",https://example.com,+91-XXXXXXXXXX,info@college.edu,0,0,0,0,0,0,0,"TCS, Infosys, Wipro",0,
"Sharad Pawar Dental College and Hospital, Wardha",,,Government,Wardha,Maharashtra,,,,"e.g., Guntur Junction","e.g., Guntur Bus Stand","e.g., 25.5","e.g., 2000","e.g., JNTU Kakinada",https://example.com,+91-XXXXXXXXXX,info@college.edu,0,0,0,0,0,0,0,"TCS, Infosys, Wipro",0,
"TOPIWALA NATIONAL MEDICAL COLLEGE, MUMBAI",,,Government,MUMBAI,Maharashtra,,,,"e.g., Guntur Junction","e.g., Guntur Bus Stand","e.g., 25.5","e.g., 2000","e.g., JNTU Kakinada",https://example.com,+91-XXXXXXXXXX,info@college.edu,0,0,0,0,0,0,0,"TCS, Infosys, Wipro",0,
"DC, RIMS, Imphal",,,Government,RIMS,Manipur,,,,"e.g., Guntur Junction","e.g., Guntur Bus Stand","e.g., 25.5","e.g., 2000","e.g., JNTU Kakinada",https://example.com,+91-XXXXXXXXXX,info@college.edu,0,0,0,0,0,0,0,"TCS, Infosys, Wipro",0,
"Government Medical College, Churachandpur",,,Government,Churachandpur,Manipur,,,,"e.g., Guntur Junction","e.g., Guntur Bus Stand","e.g., 25.5","e.g., 2000","e.g., JNTU Kakinada",https://example.com,+91-XXXXXXXXXX,info@college.edu,0,0,0,0,0,0,0,"TCS, Infosys, Wipro",0,
"JLN IMS, IMPHAL",,,Government,IMPHAL,Manipur,,,,"e.g., Guntur Junction","e.g., Guntur Bus Stand","e.g., 25.5","e.g., 2000","e.g., JNTU Kakinada",https://example.com,+91-XXXXXXXXXX,info@college.edu,0,0,0,0,0,0,0,"TCS, Infosys, Wipro",0,
"Jawaharlal Nehru Institute of Dental Sciences, Imphal",,,Government,Imphal,Manipur,,,,"e.g., Guntur Junction","e.g., Guntur Bus Stand","e.g., 25.5","e.g., 2000","e.g., JNTU Kakinada",https://example.com,+91-XXXXXXXXXX,info@college.edu,0,0,0,0,0,0,0,"TCS, Infosys, Wipro",0,
"REGIONAL INSTITUTE OF MEDICAL SCIENCES, IMPHAL",,,Government,IMPHAL,Manipur,,,,"e.g., Guntur Junction","e.g., Guntur Bus Stand","e.g., 25.5","e.g., 2000","e.g., JNTU Kakinada",https://example.com,+91-XXXXXXXXXX,info@college.edu,0,0,0,0,0,0,0,"TCS, Infosys, Wipro",0,
"NEIGRIHMS, SHILLONG",,,Government,SHILLONG,Meghalaya,,,,"e.g., Guntur Junction","e.g., Guntur Bus Stand","e.g., 25.5","e.g., 2000","e.g., JNTU Kakinada",https://example.com,+91-XXXXXXXXXX,info@college.edu,0,0,0,0,0,0,0,"TCS, Infosys, Wipro",0,
ZORAM MEDICAL COLLEGE Falkawn,,,Government,Virudhunagar,Mizoram,,,,"e.g., Guntur Junction","e.g., Guntur Bus Stand","e.g., 25.5","e.g., 2000","e.g., JNTU Kakinada",https://example.com,+91-XXXXXXXXXX,info@college.edu,0,0,0,0,0,0,0,"TCS, Infosys, Wipro",0,
"NAGALAND INSTITUTE OF MEDICAL SCIENCE AND RESEARCH, Kohima",,,Government,Kohima,Nagaland,,,,"e.g., Guntur Junction","e.g., Guntur Bus Stand","e.g., 25.5","e.g., 2000","e.g., JNTU Kakinada",https://example.com,+91-XXXXXXXXXX,info@college.edu,0,0,0,0,0,0,0,"TCS, Infosys, Wipro",0,
"AIIMS, Bhubaneswar",,,Government,Bhubaneswar,Odisha,,,,"e.g., Guntur Junction","e.g., Guntur Bus Stand","e.g., 25.5","e.g., 2000","e.g., JNTU Kakinada",https://example.com,+91-XXXXXXXXXX,info@college.edu,0,0,0,0,0,0,0,"TCS, Infosys, Wipro",0,
"Bhima Bhoi Medical College and Hospital, Balangir",,,Government,Balangir,Odisha,,,,"e.g., Guntur Junction","e.g., Guntur Bus Stand","e.g., 25.5","e.g., 2000","e.g., JNTU Kakinada",https://example.com,+91-XXXXXXXXXX,info@college.edu,0,0,0,0,0,0,0,"TCS, Infosys, Wipro",0,
"Government Medical College and Hospital, Balasore",,,Government,Balasore,Odisha,,,,"e.g., Guntur Junction","e.g., Guntur Bus Stand","e.g., 25.5","e.g., 2000","e.g., JNTU Kakinada",https://example.com,+91-XXXXXXXXXX,info@college.edu,0,0,0,0,0,0,0,"TCS, Infosys, Wipro",0,
"Government Medical College and Hospital, Jajpur",,,Government,Jajpur,Odisha,,,,"e.g., Guntur Junction","e.g., Guntur Bus Stand","e.g., 25.5","e.g., 2000","e.g., JNTU Kakinada",https://example.com,+91-XXXXXXXXXX,info@college.edu,0,0,0,0,0,0,0,"TCS, Infosys, Wipro",0,
"Government Medical College and Hospital, Keonjhar",,,Government,Keonjhar,Odisha,,,,"e.g., Guntur Junction","e.g., Guntur Bus Stand","e.g., 25.5","e.g., 2000","e.g., JNTU Kakinada",https://example.com,+91-XXXXXXXXXX,info@college.edu,0,0,0,0,0,0,0,"TCS, Infosys, Wipro",0,
"Government Medical College, Sundargarh",,,Government,Sundargarh,Odisha,,,,"e.g., Guntur Junction","e.g., Guntur Bus Stand","e.g., 25.5","e.g., 2000","e.g., JNTU Kakinada",https://example.com,+91-XXXXXXXXXX,info@college.edu,0,0,0,0,0,0,0,"TCS, Infosys, Wipro",0,
"Institute of Dental Sciences, Bhubaneswar",,,Government,Bhubaneswar,Odisha,,,,"e.g., Guntur Junction","e.g., Guntur Bus Stand","e.g., 25.5","e.g., 2000","e.g., JNTU Kakinada",https://example.com,+91-XXXXXXXXXX,info@college.edu,0,0,0,0,0,0,0,"TCS, Infosys, Wipro",0,
"Institute of Medical Sciences and SUM Hospital, Bhubaneswar",,,Government,Bhubaneswar,Odisha,,,,"e.g., Guntur Junction","e.g., Guntur Bus Stand","e.g., 25.5","e.g., 2000","e.g., JNTU Kakinada",https://example.com,+91-XXXXXXXXXX,info@college.edu,0,0,0,0,0,0,0,"TCS, Infosys, Wipro",0,
"Kalinga Institute of Dental Sciences, Bhubaneswar",,,Government,Bhubaneswar,Odisha,,,,"e.g., Guntur Junction","e.g., Guntur Bus Stand","e.g., 25.5","e.g., 2000","e.g., JNTU Kakinada",https://example.com,+91-XXXXXXXXXX,info@college.edu,0,0,0,0,0,0,0,"TCS, Infosys, Wipro",0,
"Kalinga Institute of Medical Sciences, Bhubaneswar",,,Government,Bhubaneswar,Odisha,,,,"e.g., Guntur Junction","e.g., Guntur Bus Stand","e.g., 25.5","e.g., 2000","e.g., JNTU Kakinada",https://example.com,+91-XXXXXXXXXX,info@college.edu,0,0,0,0,0,0,0,"TCS, Infosys, Wipro",0,
"MAHARAJA K.C. GAJAPATI MEDICAL COLLEGE, BRAHMAPUR",,,Government,BRAHMAPUR,Odisha,,,,"e.g., Guntur Junction","e.g., Guntur Bus Stand","e.g., 25.5","e.g., 2000","e.g., JNTU Kakinada",https://example.com,+91-XXXXXXXXXX,info@college.edu,0,0,0,0,0,0,0,"TCS, Infosys, Wipro",0,
"Pt. Raghunath Murmu Medical College, Baripada",,,Government,Baripada,Odisha,,,,"e.g., Guntur Junction","e.g., Guntur Bus Stand","e.g., 25.5","e.g., 2000","e.g., JNTU Kakinada",https://example.com,+91-XXXXXXXXXX,info@college.edu,0,0,0,0,0,0,0,"TCS, Infosys, Wipro",0,
"S.C.B. MEDICAL COLLEGE (DENTAL), CUTTACK",,,Government,CUTTACK,Odisha,,,,"e.g., Guntur Junction","e.g., Guntur Bus Stand","e.g., 25.5","e.g., 2000","e.g., JNTU Kakinada",https://example.com,+91-XXXXXXXXXX,info@college.edu,0,0,0,0,0,0,0,"TCS, Infosys, Wipro",0,
"S.C.B. MEDICAL COLLEGE, CUTTACK",,,Government,CUTTACK,Odisha,,,,"e.g., Guntur Junction","e.g., Guntur Bus Stand","e.g., 25.5","e.g., 2000","e.g., JNTU Kakinada",https://example.com,+91-XXXXXXXXXX,info@college.edu,0,0,0,0,0,0,0,"TCS, Infosys, Wipro",0,
"Saheed Laxman Nayak Medical College and Hospital, Koraput",,,Government,Koraput,Odisha,,,,"e.g., Guntur Junction","e.g., Guntur Bus Stand","e.g., 25.5","e.g., 2000","e.g., JNTU Kakinada",https://example.com,+91-XXXXXXXXXX,info@college.edu,0,0,0,0,0,0,0,"TCS, Infosys, Wipro",0,
"Saheed Rendo Majhi Medical College & Hospital, Bhawanipatna, Kalahandi",,,Government,Bhawanipatna,Odisha,,,,"e.g., Guntur Junction","e.g., Guntur Bus Stand","e.g., 25.5","e.g., 2000","e.g., JNTU Kakinada",https://example.com,+91-XXXXXXXXXX,info@college.edu,0,0,0,0,0,0,0,"TCS, Infosys, Wipro",0,
"Sri Jagannath Medical College & Hospital, Puri",,,Government,Puri,Odisha,,,,"e.g., Guntur Junction","e.g., Guntur Bus Stand","e.g., 25.5","e.g., 2000","e.g., JNTU Kakinada",https://example.com,+91-XXXXXXXXXX,info@college.edu,0,0,0,0,0,0,0,"TCS, Infosys, Wipro",0,
"V.S.S. MEDICAL COLLEGE, BURLA",,,Government,BURLA,Odisha,,,,"e.g., Guntur Junction","e.g., Guntur Bus Stand","e.g., 25.5","e.g., 2000","e.g., JNTU Kakinada",https://example.com,+91-XXXXXXXXXX,info@college.edu,0,0,0,0,0,0,0,"TCS, Infosys, Wipro",0,
"Aarupadai Veedu Medical College and Hospital, Puducherry",,,Government,Puducherry,Puducherry,,,,"e.g., Guntur Junction","e.g., Guntur Bus Stand","e.g., 25.5","e.g., 2000","e.g., JNTU Kakinada",https://example.com,+91-XXXXXXXXXX,info@college.edu,0,0,0,0,0,0,0,"TCS, Infosys, Wipro",0,
"Indira Gandhi Institute of Dental Sciences, Pondicherry",,,Government,Pondicherry,Puducherry,,,,"e.g., Guntur Junction","e.g., Guntur Bus Stand","e.g., 25.5","e.g., 2000","e.g., JNTU Kakinada",https://example.com,+91-XXXXXXXXXX,info@college.edu,0,0,0,0,0,0,0,"TCS, Infosys, Wipro",0,
"Indira Gandhi Medical College & RI, Puducherry",,,Government,Puducherry,Puducherry,,,,"e.g., Guntur Junction","e.g., Guntur Bus Stand","e.g., 25.5","e.g., 2000","e.g., JNTU Kakinada",https://example.com,+91-XXXXXXXXXX,info@college.edu,0,0,0,0,0,0,0,"TCS, Infosys, Wipro",0,
JIPMER KARAIKAL,,,Government,Virudhunagar,Puducherry,,,,"e.g., Guntur Junction","e.g., Guntur Bus Stand","e.g., 25.5","e.g., 2000","e.g., JNTU Kakinada",https://example.com,+91-XXXXXXXXXX,info@college.edu,0,0,0,0,0,0,0,"TCS, Infosys, Wipro",0,
JIPMER PUDUCHERRY,,,Government,Virudhunagar,Puducherry,,,,"e.g., Guntur Junction","e.g., Guntur Bus Stand","e.g., 25.5","e.g., 2000","e.g., JNTU Kakinada",https://example.com,+91-XXXXXXXXXX,info@college.edu,0,0,0,0,0,0,0,"TCS, Infosys, Wipro",0,
"M.G.D.C. & HOSPITAL, PUDUCHERRY",,,Government,PUDUCHERRY,Puducherry,,,,"e.g., Guntur Junction","e.g., Guntur Bus Stand","e.g., 25.5","e.g., 2000","e.g., JNTU Kakinada",https://example.com,+91-XXXXXXXXXX,info@college.edu,0,0,0,0,0,0,0,"TCS, Infosys, Wipro",0,
"Mahatma Gandhi Medical College, Pondicherry",,,Government,Pondicherry,Puducherry,,,,"e.g., Guntur Junction","e.g., Guntur Bus Stand","e.g., 25.5","e.g., 2000","e.g., JNTU Kakinada",https://example.com,+91-XXXXXXXXXX,info@college.edu,0,0,0,0,0,0,0,"TCS, Infosys, Wipro",0,
"Sri Lakshmi Narayana Institute of Medical Sciences, Puducherry",,,Government,Puducherry,Puducherry,,,,"e.g., Guntur Junction","e.g., Guntur Bus Stand","e.g., 25.5","e.g., 2000","e.g., JNTU Kakinada",https://example.com,+91-XXXXXXXXXX,info@college.edu,0,0,0,0,0,0,0,"TCS, Infosys, Wipro",0,
"Vinayaka Missions Medical College and Hospital, Karaikal",,,Government,Karaikal,Puducherry,,,,"e.g., Guntur Junction","e.g., Guntur Bus Stand","e.g., 25.5","e.g., 2000","e.g., JNTU Kakinada",https://example.com,+91-XXXXXXXXXX,info@college.edu,0,0,0,0,0,0,0,"TCS, Infosys, Wipro",0,
AIIMS Bathinda,,,Government,Virudhunagar,Punjab,,,,"e.g., Guntur Junction","e.g., Guntur Bus Stand","e.g., 25.5","e.g., 2000","e.g., JNTU Kakinada",https://example.com,+91-XXXXXXXXXX,info@college.edu,0,0,0,0,0,0,0,"TCS, Infosys, Wipro",0,
"Dr. B.R. Ambedkar State Institute of Medical Sciences, Mohali",,,Government,Mohali,Punjab,,,,"e.g., Guntur Junction","e.g., Guntur Bus Stand","e.g., 25.5","e.g., 2000","e.g., JNTU Kakinada",https://example.com,+91-XXXXXXXXXX,info@college.edu,0,0,0,0,0,0,0,"TCS, Infosys, Wipro",0,
GOVERNMENT DENTAL COLLEGE DENTAL WING PATIALA,,,Government,Virudhunagar,Punjab,,,,"e.g., Guntur Junction","e.g., Guntur Bus Stand","e.g., 25.5","e.g., 2000","e.g., JNTU Kakinada",https://example.com,+91-XXXXXXXXXX,info@college.edu,0,0,0,0,0,0,0,"TCS, Infosys, Wipro",0,
"GOVERNMENT MEDICAL COLLEGE, AMRITSAR",,,Government,AMRITSAR,Punjab,,,,"e.g., Guntur Junction","e.g., Guntur Bus Stand","e.g., 25.5","e.g., 2000","e.g., JNTU Kakinada",https://example.com,+91-XXXXXXXXXX,info@college.edu,0,0,0,0,0,0,0,"TCS, Infosys, Wipro",0,
"GOVERNMENT MEDICAL COLLEGE, PATIALA",,,Government,PATIALA,Punjab,,,,"e.g., Guntur Junction","e.g., Guntur Bus Stand","e.g., 25.5","e.g., 2000","e.g., JNTU Kakinada",https://example.com,+91-XXXXXXXXXX,info@college.edu,0,0,0,0,0,0,0,"TCS, Infosys, Wipro",0,
"GURU GOBIND SINGH MEDICAL COLLEGE, FARIDKOT",,,Government,FARIDKOT,Punjab,,,,"e.g., Guntur Junction","e.g., Guntur Bus Stand","e.g., 25.5","e.g., 2000","e.g., JNTU Kakinada",https://example.com,+91-XXXXXXXXXX,info@college.edu,0,0,0,0,0,0,0,"TCS, Infosys, Wipro",0,
"PUNJAB GOVERNMENT DENTAL COLLEGE & HOSPITAL, AMRITSAR",,,Government,AMRITSAR,Punjab,,,,"e.g., Guntur Junction","e.g., Guntur Bus Stand","e.g., 25.5","e.g., 2000","e.g., JNTU Kakinada",https://example.com,+91-XXXXXXXXXX,info@college.edu,0,0,0,0,0,0,0,"TCS, Infosys, Wipro",0,
"AIIMS, Jodhpur",,,Government,Jodhpur,Rajasthan,,,,"e.g., Guntur Junction","e.g., Guntur Bus Stand","e.g., 25.5","e.g., 2000","e.g., JNTU Kakinada",https://example.com,+91-XXXXXXXXXX,info@college.edu,0,0,0,0,0,0,0,"TCS, Infosys, Wipro",0,
"DR. S.N. MEDICAL COLLEGE, JODHPUR",,,Government,JODHPUR,Rajasthan,,,,"e.g., Guntur Junction","e.g., Guntur Bus Stand","e.g., 25.5","e.g., 2000","e.g., JNTU Kakinada",https://example.com,+91-XXXXXXXXXX,info@college.edu,0,0,0,0,0,0,0,"TCS, Infosys, Wipro",0,
"Employees State Insurance Corporation Medical College, Alwar",,,Government,Alwar,Rajasthan,,,,"e.g., Guntur Junction","e.g., Guntur Bus Stand","e.g., 25.5","e.g., 2000","e.g., JNTU Kakinada",https://example.com,+91-XXXXXXXXXX,info@college.edu,0,0,0,0,0,0,0,"TCS, Infosys, Wipro",0,
GMC DAUSA RAJASTHAN,,,Government,Virudhunagar,Rajasthan,,,,"e.g., Guntur Junction","e.g., Guntur Bus Stand","e.g., 25.5","e.g., 2000","e.g., JNTU Kakinada",https://example.com,+91-XXXXXXXXXX,info@college.edu,0,0,0,0,0,0,0,"TCS, Infosys, Wipro",0,
GMC KARAULI,,,Government,Virudhunagar,Rajasthan,,,,"e.g., Guntur Junction","e.g., Guntur Bus Stand","e.g., 25.5","e.g., 2000","e.g., JNTU Kakinada",https://example.com,+91-XXXXXXXXXX,info@college.edu,0,0,0,0,0,0,0,"TCS, Infosys, Wipro",0,
"GOVERNMENT MEDICAL COLLEGE, BARAN",,,Government,BARAN,Rajasthan,,,,"e.g., Guntur Junction","e.g., Guntur Bus Stand","e.g., 25.5","e.g., 2000","e.g., JNTU Kakinada",https://example.com,+91-XXXXXXXXXX,info@college.edu,0,0,0,0,0,0,0,"TCS, Infosys, Wipro",0,
"GOVERNMENT MEDICAL COLLEGE, BUNDI",,,Government,BUNDI,Rajasthan,,,,"e.g., Guntur Junction","e.g., Guntur Bus Stand","e.g., 25.5","e.g., 2000","e.g., JNTU Kakinada",https://example.com,+91-XXXXXXXXXX,info@college.edu,0,0,0,0,0,0,0,"TCS, Infosys, Wipro",0,
"GOVERNMENT MEDICAL COLLEGE, KOTA",,,Government,KOTA,Rajasthan,,,,"e.g., Guntur Junction","e.g., Guntur Bus Stand","e.g., 25.5","e.g., 2000","e.g., JNTU Kakinada",https://example.com,+91-XXXXXXXXXX,info@college.edu,0,0,0,0,0,0,0,"TCS, Infosys, Wipro",0,
"GOVERNMENT MEDICAL COLLEGE, SRIGANGANAGAR",,,Government,SRIGANGANAGAR,Rajasthan,,,,"e.g., Guntur Junction","e.g., Guntur Bus Stand","e.g., 25.5","e.g., 2000","e.g., JNTU Kakinada",https://example.com,+91-XXXXXXXXXX,info@college.edu,0,0,0,0,0,0,0,"TCS, Infosys, Wipro",0,
Government Medical College Alwar,,,Government,Virudhunagar,Rajasthan,,,,"e.g., Guntur Junction","e.g., Guntur Bus Stand","e.g., 25.5","e.g., 2000","e.g., JNTU Kakinada",https://example.com,+91-XXXXXXXXXX,info@college.edu,0,0,0,0,0,0,0,"TCS, Infosys, Wipro",0,
Government Medical College Barmer Rajasthan,,,Government,Virudhunagar,Rajasthan,,,,"e.g., Guntur Junction","e.g., Guntur Bus Stand","e.g., 25.5","e.g., 2000","e.g., JNTU Kakinada",https://example.com,+91-XXXXXXXXXX,info@college.edu,0,0,0,0,0,0,0,"TCS, Infosys, Wipro",0,
Government Medical College Chittorgarh,,,Government,Virudhunagar,Rajasthan,,,,"e.g., Guntur Junction","e.g., Guntur Bus Stand","e.g., 25.5","e.g., 2000","e.g., JNTU Kakinada",https://example.com,+91-XXXXXXXXXX,info@college.edu,0,0,0,0,0,0,0,"TCS, Infosys, Wipro",0,
"Government Medical College, Banswara",,,Government,Banswara,Rajasthan,,,,"e.g., Guntur Junction","e.g., Guntur Bus Stand","e.g., 25.5","e.g., 2000","e.g., JNTU Kakinada",https://example.com,+91-XXXXXXXXXX,info@college.edu,0,0,0,0,0,0,0,"TCS, Infosys, Wipro",0,
"Government Medical College, Bhilwara",,,Government,Bhilwara,Rajasthan,,,,"e.g., Guntur Junction","e.g., Guntur Bus Stand","e.g., 25.5","e.g., 2000","e.g., JNTU Kakinada",https://example.com,+91-XXXXXXXXXX,info@college.edu,0,0,0,0,0,0,0,"TCS, Infosys, Wipro",0,
"Government Medical College, Churu",,,Government,Churu,Rajasthan,,,,"e.g., Guntur Junction","e.g., Guntur Bus Stand","e.g., 25.5","e.g., 2000","e.g., JNTU Kakinada",https://example.com,+91-XXXXXXXXXX,info@college.edu,0,0,0,0,0,0,0,"TCS, Infosys, Wipro",0,
"Government Medical College, Dholpur",,,Government,Dholpur,Rajasthan,,,,"e.g., Guntur Junction","e.g., Guntur Bus Stand","e.g., 25.5","e.g., 2000","e.g., JNTU Kakinada",https://example.com,+91-XXXXXXXXXX,info@college.edu,0,0,0,0,0,0,0,"TCS, Infosys, Wipro",0,
"Government Medical College, Dungarpur",,,Government,Dungarpur,Rajasthan,,,,"e.g., Guntur Junction","e.g., Guntur Bus Stand","e.g., 25.5","e.g., 2000","e.g., JNTU Kakinada",https://example.com,+91-XXXXXXXXXX,info@college.edu,0,0,0,0,0,0,0,"TCS, Infosys, Wipro",0,
"Government Medical College, Hanumangarh",,,Government,Hanumangarh,Rajasthan,,,,"e.g., Guntur Junction","e.g., Guntur Bus Stand","e.g., 25.5","e.g., 2000","e.g., JNTU Kakinada",https://example.com,+91-XXXXXXXXXX,info@college.edu,0,0,0,0,0,0,0,"TCS, Infosys, Wipro",0,
"Government Medical College, Jhunjhunu",,,Government,Jhunjhunu,Rajasthan,,,,"e.g., Guntur Junction","e.g., Guntur Bus Stand","e.g., 25.5","e.g., 2000","e.g., JNTU Kakinada",https://example.com,+91-XXXXXXXXXX,info@college.edu,0,0,0,0,0,0,0,"TCS, Infosys, Wipro",0,
"Government Medical College, Nagaur",,,Government,Nagaur,Rajasthan,,,,"e.g., Guntur Junction","e.g., Guntur Bus Stand","e.g., 25.5","e.g., 2000","e.g., JNTU Kakinada",https://example.com,+91-XXXXXXXXXX,info@college.edu,0,0,0,0,0,0,0,"TCS, Infosys, Wipro",0,
"Government Medical College, Pali",,,Government,Pali,Rajasthan,,,,"e.g., Guntur Junction","e.g., Guntur Bus Stand","e.g., 25.5","e.g., 2000","e.g., JNTU Kakinada",https://example.com,+91-XXXXXXXXXX,info@college.edu,0,0,0,0,0,0,0,"TCS, Infosys, Wipro",0,
"Government Medical College, Sawai Madhopur",,,Government,Sawai Madhopur,Rajasthan,,,,"e.g., Guntur Junction","e.g., Guntur Bus Stand","e.g., 25.5","e.g., 2000","e.g., JNTU Kakinada",https://example.com,+91-XXXXXXXXXX,info@college.edu,0,0,0,0,0,0,0,"TCS, Infosys, Wipro",0,
"Government Medical College, Sirohi",,,Government,Sirohi,Rajasthan,,,,"e.g., Guntur Junction","e.g., Guntur Bus Stand","e.g., 25.5","e.g., 2000","e.g., JNTU Kakinada",https://example.com,+91-XXXXXXXXXX,info@college.edu,0,0,0,0,0,0,0,"TCS, Infosys, Wipro",0,
"JAWAHAR LAL NEHRU MEDICAL COLLEGE, AJMER",,,Government,AJMER,Rajasthan,,,,"e.g., Guntur Junction","e.g., Guntur Bus Stand","e.g., 25.5","e.g., 2000","e.g., JNTU Kakinada",https://example.com,+91-XXXXXXXXXX,info@college.edu,0,0,0,0,0,0,0,"TCS, Infosys, Wipro",0,
"JHALAWAR MEDICAL COLLEGE, Jhalawar",,,Government,Jhalawar,Rajasthan,,,,"e.g., Guntur Junction","e.g., Guntur Bus Stand","e.g., 25.5","e.g., 2000","e.g., JNTU Kakinada",https://example.com,+91-XXXXXXXXXX,info@college.edu,0,0,0,0,0,0,0,"TCS, Infosys, Wipro",0,
"R.N.T. MEDICAL COLLEGE, UDAIPUR",,,Government,UDAIPUR,Rajasthan,,,,"e.g., Guntur Junction","e.g., Guntur Bus Stand","e.g., 25.5","e.g., 2000","e.g., JNTU Kakinada",https://example.com,+91-XXXXXXXXXX,info@college.edu,0,0,0,0,0,0,0,"TCS, Infosys, Wipro",0,
"RUHS College of Dental Science, Jaipur",,,Government,Jaipur,Rajasthan,,,,"e.g., Guntur Junction","e.g., Guntur Bus Stand","e.g., 25.5","e.g., 2000","e.g., JNTU Kakinada",https://example.com,+91-XXXXXXXXXX,info@college.edu,0,0,0,0,0,0,0,"TCS, Infosys, Wipro",0,
"RUHS College of Medical Sciences, Jaipur",,,Government,Jaipur,Rajasthan,,,,"e.g., Guntur Junction","e.g., Guntur Bus Stand","e.g., 25.5","e.g., 2000","e.g., JNTU Kakinada",https://example.com,+91-XXXXXXXXXX,info@college.edu,0,0,0,0,0,0,0,"TCS, Infosys, Wipro",0,
"S.M.S. MEDICAL COLLEGE, JAIPUR",,,Government,JAIPUR,Rajasthan,,,,"e.g., Guntur Junction","e.g., Guntur Bus Stand","e.g., 25.5","e.g., 2000","e.g., JNTU Kakinada",https://example.com,+91-XXXXXXXXXX,info@college.edu,0,0,0,0,0,0,0,"TCS, Infosys, Wipro",0,
"SARDAR PATEL MEDICAL COLLEGE, BIKANER",,,Government,BIKANER,Rajasthan,,,,"e.g., Guntur Junction","e.g., Guntur Bus Stand","e.g., 25.5","e.g., 2000","e.g., JNTU Kakinada",https://example.com,+91-XXXXXXXXXX,info@college.edu,0,0,0,0,0,0,0,"TCS, Infosys, Wipro",0,
SHRI KALYAN GOVERNMENT MEDICAL COLLEGE SIKAR,,,Government,Virudhunagar,Rajasthan,,,,"e.g., Guntur Junction","e.g., Guntur Bus Stand","e.g., 25.5","e.g., 2000","e.g., JNTU Kakinada",https://example.com,+91-XXXXXXXXXX,info@college.edu,0,0,0,0,0,0,0,"TCS, Infosys, Wipro",0,
"SJP Medical College, Bharatpur",,,Government,Bharatpur,Rajasthan,,,,"e.g., Guntur Junction","e.g., Guntur Bus Stand","e.g., 25.5","e.g., 2000","e.g., JNTU Kakinada",https://example.com,+91-XXXXXXXXXX,info@college.edu,0,0,0,0,0,0,0,"TCS, Infosys, Wipro",0,
"ACS Medical College and Hospital, Chennai",,,Government,Chennai,Tamil Nadu,,,,"e.g., Guntur Junction","e.g., Guntur Bus Stand","e.g., 25.5","e.g., 2000","e.g., JNTU Kakinada",https://example.com,+91-XXXXXXXXXX,info@college.edu,0,0,0,0,0,0,0,"TCS, Infosys, Wipro",0,
"AIIMS, Madurai",,,Government,Madurai,Tamil Nadu,,,,"e.g., Guntur Junction","e.g., Guntur Bus Stand","e.g., 25.5","e.g., 2000","e.g., JNTU Kakinada",https://example.com,+91-XXXXXXXXXX,info@college.edu,0,0,0,0,0,0,0,"TCS, Infosys, Wipro",0,
"BHAARATH MEDICAL COLLEGE AND HOSPITAL, Chennai",,,Government,Chennai,Tamil Nadu,,,,"e.g., Guntur Junction","e.g., Guntur Bus Stand","e.g., 25.5","e.g., 2000","e.g., JNTU Kakinada",https://example.com,+91-XXXXXXXXXX,info@college.edu,0,0,0,0,0,0,0,"TCS, Infosys, Wipro",0,
"CHENGALPATTU MEDICAL COLLEGE, CHENGALPATTU",,,Government,CHENGALPATTU,Tamil Nadu,,,,"e.g., Guntur Junction","e.g., Guntur Bus Stand","e.g., 25.5","e.g., 2000","e.g., JNTU Kakinada",https://example.com,+91-XXXXXXXXXX,info@college.edu,0,0,0,0,0,0,0,"TCS, Infosys, Wipro",0,
"COIMBATORE MEDICAL COLLEGE, COIMBATORE",,,Government,COIMBATORE,Tamil Nadu,,,,"e.g., Guntur Junction","e.g., Guntur Bus Stand","e.g., 25.5","e.g., 2000","e.g., JNTU Kakinada",https://example.com,+91-XXXXXXXXXX,info@college.edu,0,0,0,0,0,0,0,"TCS, Infosys, Wipro",0,
"Chettinad Hospital and Research Institute, Kancheepuram",,,Government,Kancheepuram,Tamil Nadu,,,,"e.g., Guntur Junction","e.g., Guntur Bus Stand","e.g., 25.5","e.g., 2000","e.g., JNTU Kakinada",https://example.com,+91-XXXXXXXXXX,info@college.edu,0,0,0,0,0,0,0,"TCS, Infosys, Wipro",0,
"ESIC Medical College AND PGIMSR, Chennai",,,Government,Chennai,Tamil Nadu,,,,"e.g., Guntur Junction","e.g., Guntur Bus Stand","e.g., 25.5","e.g., 2000","e.g., JNTU Kakinada",https://example.com,+91-XXXXXXXXXX,info@college.edu,0,0,0,0,0,0,0,"TCS, Infosys, Wipro",0,
"GOVERNMENT DHARAMAPURI MEDICAL COLLEGE, DHARMAPURI",,,Government,DHARMAPURI,Tamil Nadu,,,,"e.g., Guntur Junction","e.g., Guntur Bus Stand","e.g., 25.5","e.g., 2000","e.g., JNTU Kakinada",https://example.com,+91-XXXXXXXXXX,info@college.edu,0,0,0,0,0,0,0,"TCS, Infosys, Wipro",0,
"GOVERNMENT KILPAUK MEDICAL COLLEGE, CHENNAI",,,Government,CHENNAI,Tamil Nadu,,,,"e.g., Guntur Junction","e.g., Guntur Bus Stand","e.g., 25.5","e.g., 2000","e.g., JNTU Kakinada",https://example.com,+91-XXXXXXXXXX,info@college.edu,0,0,0,0,0,0,0,"TCS, Infosys, Wipro",0,
"GOVERNMENT MEDICAL COLLEGE, TIRUNELVELI",,,Government,TIRUNELVELI,Tamil Nadu,,,,"e.g., Guntur Junction","e.g., Guntur Bus Stand","e.g., 25.5","e.g., 2000","e.g., JNTU Kakinada",https://example.com,+91-XXXXXXXXXX,info@college.edu,0,0,0,0,0,0,0,"TCS, Infosys, Wipro",0,
"GOVERNMENT MOHAN KUMARAMANGALAM MEDICAL COLLEGE, SALEM",,,Government,SALEM,Tamil Nadu,,,,"e.g., Guntur Junction","e.g., Guntur Bus Stand","e.g., 25.5","e.g., 2000","e.g., JNTU Kakinada",https://example.com,+91-XXXXXXXXXX,info@college.edu,0,0,0,0,0,0,0,"TCS, Infosys, Wipro",0,
"GOVERNMENT VELLORE MEDICAL COLLEGE, VELLORE",,,Government,VELLORE,Tamil Nadu,,,,"e.g., Guntur Junction","e.g., Guntur Bus Stand","e.g., 25.5","e.g., 2000","e.g., JNTU Kakinada",https://example.com,+91-XXXXXXXXXX,info@college.edu,0,0,0,0,0,0,0,"TCS, Infosys, Wipro",0,
"GTMC, THIRUVARUR",,,Government,THIRUVARUR,Tamil Nadu,,,,"e.g., Guntur Junction","e.g., Guntur Bus Stand","e.g., 25.5","e.g., 2000","e.g., JNTU Kakinada",https://example.com,+91-XXXXXXXXXX,info@college.edu,0,0,0,0,0,0,0,"TCS, Infosys, Wipro",0,
"GVMC, VILLUPURAM",,,Government,VILLUPURAM,Tamil Nadu,,,,"e.g., Guntur Junction","e.g., Guntur Bus Stand","e.g., 25.5","e.g., 2000","e.g., JNTU Kakinada",https://example.com,+91-XXXXXXXXXX,info@college.edu,0,0,0,0,0,0,0,"TCS, Infosys, Wipro",0,
Government Dental College Pudukkottai,,,Government,Virudhunagar,Tamil Nadu,,,,"e.g., Guntur Junction","e.g., Guntur Bus Stand","e.g., 25.5","e.g., 2000","e.g., JNTU Kakinada",https://example.com,+91-XXXXXXXXXX,info@college.edu,0,0,0,0,0,0,0,"TCS, Infosys, Wipro",0,
Government Medical College Karur,,,Government,Virudhunagar,Tamil Nadu,,,,"e.g., Guntur Junction","e.g., Guntur Bus Stand","e.g., 25.5","e.g., 2000","e.g., JNTU Kakinada",https://example.com,+91-XXXXXXXXXX,info@college.edu,0,0,0,0,0,0,0,"TCS, Infosys, Wipro",0,
"Government Medical College and ESIC Hospital, Coimbatore",,,Government,Coimbatore,Tamil Nadu,,,,"e.g., Guntur Junction","e.g., Guntur Bus Stand","e.g., 25.5","e.g., 2000","e.g., JNTU Kakinada",https://example.com,+91-XXXXXXXXXX,info@college.edu,0,0,0,0,0,0,0,"TCS, Infosys, Wipro",0,
"Government Medical College, Ariyalur",,,Government,Ariyalur,Tamil Nadu,,,,"e.g., Guntur Junction","e.g., Guntur Bus Stand","e.g., 25.5","e.g., 2000","e.g., JNTU Kakinada",https://example.com,+91-XXXXXXXXXX,info@college.edu,0,0,0,0,0,0,0,"TCS, Infosys, Wipro",0,
"Government Medical College, Dindigul",,,Government,Dindigul,Tamil Nadu,,,,"e.g., Guntur Junction","e.g., Guntur Bus Stand","e.g., 25.5","e.g., 2000","e.g., JNTU Kakinada",https://example.com,+91-XXXXXXXXXX,info@college.edu,0,0,0,0,0,0,0,"TCS, Infosys, Wipro",0,
"Government Medical College, Kallakurichi",,,Government,Kallakurichi,Tamil Nadu,,,,"e.g., Guntur Junction","e.g., Guntur Bus Stand","e.g., 25.5","e.g., 2000","e.g., JNTU Kakinada",https://example.com,+91-XXXXXXXXXX,info@college.edu,0,0,0,0,0,0,0,"TCS, Infosys, Wipro",0,
"Government Medical College, Krishnagiri",,,Government,Krishnagiri,Tamil Nadu,,,,"e.g., Guntur Junction","e.g., Guntur Bus Stand","e.g., 25.5","e.g., 2000","e.g., JNTU Kakinada",https://example.com,+91-XXXXXXXXXX,info@college.edu,0,0,0,0,0,0,0,"TCS, Infosys, Wipro",0,
"Government Medical College, Nagapattinam",,,Government,Nagapattinam,Tamil Nadu,,,,"e.g., Guntur Junction","e.g., Guntur Bus Stand","e.g., 25.5","e.g., 2000","e.g., JNTU Kakinada",https://example.com,+91-XXXXXXXXXX,info@college.edu,0,0,0,0,0,0,0,"TCS, Infosys, Wipro",0,
"Government Medical College, Namakkal",,,Government,Namakkal,Tamil Nadu,,,,"e.g., Guntur Junction","e.g., Guntur Bus Stand","e.g., 25.5","e.g., 2000","e.g., JNTU Kakinada",https://example.com,+91-XXXXXXXXXX,info@college.edu,0,0,0,0,0,0,0,"TCS, Infosys, Wipro",0,
"Government Medical College, Nilgiris",,,Government,Nilgiris,Tamil Nadu,,,,"e.g., Guntur Junction","e.g., Guntur Bus Stand","e.g., 25.5","e.g., 2000","e.g., JNTU Kakinada",https://example.com,+91-XXXXXXXXXX,info@college.edu,0,0,0,0,0,0,0,"TCS, Infosys, Wipro",0,
"Government Medical College, Omandurar",,,Government,Omandurar,Tamil Nadu,,,,"e.g., Guntur Junction","e.g., Guntur Bus Stand","e.g., 25.5","e.g., 2000","e.g., JNTU Kakinada",https://example.com,+91-XXXXXXXXXX,info@college.edu,0,0,0,0,0,0,0,"TCS, Infosys, Wipro",0,
"Government Medical College, Ramanathapuram",,,Government,Ramanathapuram,Tamil Nadu,,,,"e.g., Guntur Junction","e.g., Guntur Bus Stand","e.g., 25.5","e.g., 2000","e.g., JNTU Kakinada",https://example.com,+91-XXXXXXXXXX,info@college.edu,0,0,0,0,0,0,0,"TCS, Infosys, Wipro",0,
"Government Medical College, Thiruvallur",,,Government,Thiruvallur,Tamil Nadu,,,,"e.g., Guntur Junction","e.g., Guntur Bus Stand","e.g., 25.5","e.g., 2000","e.g., JNTU Kakinada",https://example.com,+91-XXXXXXXXXX,info@college.edu,0,0,0,0,0,0,0,"TCS, Infosys, Wipro",0,
"Government Medical College, Tiruppur",,,Government,Tiruppur,Tamil Nadu,,,,"e.g., Guntur Junction","e.g., Guntur Bus Stand","e.g., 25.5","e.g., 2000","e.g., JNTU Kakinada",https://example.com,+91-XXXXXXXXXX,info@college.edu,0,0,0,0,0,0,0,"TCS, Infosys, Wipro",0,
"Government Medical College, Virudhunagar",,,Government,Virudhunagar,Tamil Nadu,,,,"e.g., Guntur Junction","e.g., Guntur Bus Stand","e.g., 25.5","e.g., 2000","e.g., JNTU Kakinada",https://example.com,+91-XXXXXXXXXX,info@college.edu,0,0,0,0,0,0,0,"TCS, Infosys, Wipro",0,
"Government Pudukkottai Medical College Hospital, Pudukkottai",,,Government,Pudukkottai,Tamil Nadu,,,,"e.g., Guntur Junction","e.g., Guntur Bus Stand","e.g., 25.5","e.g., 2000","e.g., JNTU Kakinada",https://example.com,+91-XXXXXXXXXX,info@college.edu,0,0,0,0,0,0,0,"TCS, Infosys, Wipro",0,
"Government Sivagangai Medical College, Sivagangai",,,Government,Sivagangai,Tamil Nadu,,,,"e.g., Guntur Junction","e.g., Guntur Bus Stand","e.g., 25.5","e.g., 2000","e.g., JNTU Kakinada",https://example.com,+91-XXXXXXXXXX,info@college.edu,0,0,0,0,0,0,0,"TCS, Infosys, Wipro",0,
"IRT Perundurai Medical College, Perundurai",,,Government,Perundurai,Tamil Nadu,,,,"e.g., Guntur Junction","e.g., Guntur Bus Stand","e.g., 25.5","e.g., 2000","e.g., JNTU Kakinada",https://example.com,+91-XXXXXXXXXX,info@college.edu,0,0,0,0,0,0,0,"TCS, Infosys, Wipro",0,
"J R MEDICAL COLLEGE AND HOSPITAL, Tamil Nadu",,,Government,Tamil Nadu,Tamil Nadu,,,,"e.g., Guntur Junction","e.g., Guntur Bus Stand","e.g., 25.5","e.g., 2000","e.g., JNTU Kakinada",https://example.com,+91-XXXXXXXXXX,info@college.edu,0,0,0,0,0,0,0,"TCS, Infosys, Wipro",0,
"K.A.P. VISWANATHAM Government Medical College, TIRUCHIRAPALLI",,,Government,TIRUCHIRAPALLI,Tamil Nadu,,,,"e.g., Guntur Junction","e.g., Guntur Bus Stand","e.g., 25.5","e.g., 2000","e.g., JNTU Kakinada",https://example.com,+91-XXXXXXXXXX,info@college.edu,0,0,0,0,0,0,0,"TCS, Infosys, Wipro",0,
"KANYAKUMARI GOVERNMENT MEDICAL COLLEGE, ASARIPALLAM",,,Government,ASARIPALLAM,Tamil Nadu,,,,"e.g., Guntur Junction","e.g., Guntur Bus Stand","e.g., 25.5","e.g., 2000","e.g., JNTU Kakinada",https://example.com,+91-XXXXXXXXXX,info@college.edu,0,0,0,0,0,0,0,"TCS, Infosys, Wipro",0,
"MADRAS MEDICAL COLLEGE, CHENNAI",,,Government,CHENNAI,Tamil Nadu,,,,"e.g., Guntur Junction","e.g., Guntur Bus Stand","e.g., 25.5","e.g., 2000","e.g., JNTU Kakinada",https://example.com,+91-XXXXXXXXXX,info@college.edu,0,0,0,0,0,0,0,"TCS, Infosys, Wipro",0,
"MADURAI MEDICAL COLLEGE, MADURAI",,,Government,MADURAI,Tamil Nadu,,,,"e.g., Guntur Junction","e.g., Guntur Bus Stand","e.g., 25.5","e.g., 2000","e.g., JNTU Kakinada",https://example.com,+91-XXXXXXXXXX,info@college.edu,0,0,0,0,0,0,0,"TCS, Infosys, Wipro",0,
"Meenakshi Ammal Dental College and Hospital, Chennai",,,Government,Chennai,Tamil Nadu,,,,"e.g., Guntur Junction","e.g., Guntur Bus Stand","e.g., 25.5","e.g., 2000","e.g., JNTU Kakinada",https://example.com,+91-XXXXXXXXXX,info@college.edu,0,0,0,0,0,0,0,"TCS, Infosys, Wipro",0,
"Meenakshi Medical College Hospital and Research Institute, Kanchipuram",,,Government,Kanchipuram,Tamil Nadu,,,,"e.g., Guntur Junction","e.g., Guntur Bus Stand","e.g., 25.5","e.g., 2000","e.g., JNTU Kakinada",https://example.com,+91-XXXXXXXXXX,info@college.edu,0,0,0,0,0,0,0,"TCS, Infosys, Wipro",0,
"Rajah Muthiah Dental College and Hospital, Annamalai",,,Government,Annamalai,Tamil Nadu,,,,"e.g., Guntur Junction","e.g., Guntur Bus Stand","e.g., 25.5","e.g., 2000","e.g., JNTU Kakinada",https://example.com,+91-XXXXXXXXXX,info@college.edu,0,0,0,0,0,0,0,"TCS, Infosys, Wipro",0,
"Rajah Muthiah Medical College, Annamalai University",,,Government,Annamalai University,Tamil Nadu,,,,"e.g., Guntur Junction","e.g., Guntur Bus Stand","e.g., 25.5","e.g., 2000","e.g., JNTU Kakinada",https://example.com,+91-XXXXXXXXXX,info@college.edu,0,0,0,0,0,0,0,"TCS, Infosys, Wipro",0,
"SATHYABAMA UNIVERSITY Dental College and Hospital, Chennai",,,Government,Chennai,Tamil Nadu,,,,"e.g., Guntur Junction","e.g., Guntur Bus Stand","e.g., 25.5","e.g., 2000","e.g., JNTU Kakinada",https://example.com,+91-XXXXXXXXXX,info@college.edu,0,0,0,0,0,0,0,"TCS, Infosys, Wipro",0,
"SRI LALITHAMBIGAI MEDICAL COLLEGE & HOSPITAL, Chennai",,,Government,Chennai,Tamil Nadu,,,,"e.g., Guntur Junction","e.g., Guntur Bus Stand","e.g., 25.5","e.g., 2000","e.g., JNTU Kakinada",https://example.com,+91-XXXXXXXXXX,info@college.edu,0,0,0,0,0,0,0,"TCS, Infosys, Wipro",0,
"SRM Dental College, Chennai",,,Government,Chennai,Tamil Nadu,,,,"e.g., Guntur Junction","e.g., Guntur Bus Stand","e.g., 25.5","e.g., 2000","e.g., JNTU Kakinada",https://example.com,+91-XXXXXXXXXX,info@college.edu,0,0,0,0,0,0,0,"TCS, Infosys, Wipro",0,
"SRM Kattankulathur Dental College and Hospital, Chennai",,,Government,Chennai,Tamil Nadu,,,,"e.g., Guntur Junction","e.g., Guntur Bus Stand","e.g., 25.5","e.g., 2000","e.g., JNTU Kakinada",https://example.com,+91-XXXXXXXXXX,info@college.edu,0,0,0,0,0,0,0,"TCS, Infosys, Wipro",0,
"SRM Medical College and Hospital, Chennai",,,Government,Chennai,Tamil Nadu,,,,"e.g., Guntur Junction","e.g., Guntur Bus Stand","e.g., 25.5","e.g., 2000","e.g., JNTU Kakinada",https://example.com,+91-XXXXXXXXXX,info@college.edu,0,0,0,0,0,0,0,"TCS, Infosys, Wipro",0,
"STANLEY MEDICAL COLLEGE, CHENNAI",,,Government,CHENNAI,Tamil Nadu,,,,"e.g., Guntur Junction","e.g., Guntur Bus Stand","e.g., 25.5","e.g., 2000","e.g., JNTU Kakinada",https://example.com,+91-XXXXXXXXXX,info@college.edu,0,0,0,0,0,0,0,"TCS, Infosys, Wipro",0,
"Saveetha Dental College, Chennai",,,Government,Chennai,Tamil Nadu,,,,"e.g., Guntur Junction","e.g., Guntur Bus Stand","e.g., 25.5","e.g., 2000","e.g., JNTU Kakinada",https://example.com,+91-XXXXXXXXXX,info@college.edu,0,0,0,0,0,0,0,"TCS, Infosys, Wipro",0,
"Saveetha Medical College, Chennai",,,Government,Chennai,Tamil Nadu,,,,"e.g., Guntur Junction","e.g., Guntur Bus Stand","e.g., 25.5","e.g., 2000","e.g., JNTU Kakinada",https://example.com,+91-XXXXXXXXXX,info@college.edu,0,0,0,0,0,0,0,"TCS, Infosys, Wipro",0,
"Shri Sathya Sai Medical College and Research Institute, Chennai",,,Government,Chennai,Tamil Nadu,,,,"e.g., Guntur Junction","e.g., Guntur Bus Stand","e.g., 25.5","e.g., 2000","e.g., JNTU Kakinada",https://example.com,+91-XXXXXXXXXX,info@college.edu,0,0,0,0,0,0,0,"TCS, Infosys, Wipro",0,
"Sree Balaji Dental College and Hospital, Chennai",,,Government,Chennai,Tamil Nadu,,,,"e.g., Guntur Junction","e.g., Guntur Bus Stand","e.g., 25.5","e.g., 2000","e.g., JNTU Kakinada",https://example.com,+91-XXXXXXXXXX,info@college.edu,0,0,0,0,0,0,0,"TCS, Infosys, Wipro",0,
"Sree Balaji Medical College and Hospital, Chennai",,,Government,Chennai,Tamil Nadu,,,,"e.g., Guntur Junction","e.g., Guntur Bus Stand","e.g., 25.5","e.g., 2000","e.g., JNTU Kakinada",https://example.com,+91-XXXXXXXXXX,info@college.edu,0,0,0,0,0,0,0,"TCS, Infosys, Wipro",0,
"Sri Ramachandra Dental College and Hospital, Chennai",,,Government,Chennai,Tamil Nadu,,,,"e.g., Guntur Junction","e.g., Guntur Bus Stand","e.g., 25.5","e.g., 2000","e.g., JNTU Kakinada",https://example.com,+91-XXXXXXXXXX,info@college.edu,0,0,0,0,0,0,0,"TCS, Infosys, Wipro",0,
"Sri Ramachandra Medical College and Research Institute, Chennai",,,Government,Chennai,Tamil Nadu,,,,"e.g., Guntur Junction","e.g., Guntur Bus Stand","e.g., 25.5","e.g., 2000","e.g., JNTU Kakinada",https://example.com,+91-XXXXXXXXXX,info@college.edu,0,0,0,0,0,0,0,"TCS, Infosys, Wipro",0,
"TAMILNADU GOVERNMENT DENTAL COLLEGE & HOSPITAL, CHENNAI",,,Government,CHENNAI,Tamil Nadu,,,,"e.g., Guntur Junction","e.g., Guntur Bus Stand","e.g., 25.5","e.g., 2000","e.g., JNTU Kakinada",https://example.com,+91-XXXXXXXXXX,info@college.edu,0,0,0,0,0,0,0,"TCS, Infosys, Wipro",0,
"THANJAVUR MEDICAL COLLEGE, THANJAVUR",,,Government,THANJAVUR,Tamil Nadu,,,,"e.g., Guntur Junction","e.g., Guntur Bus Stand","e.g., 25.5","e.g., 2000","e.g., JNTU Kakinada",https://example.com,+91-XXXXXXXXXX,info@college.edu,0,0,0,0,0,0,0,"TCS, Infosys, Wipro",0,
"THENI GOVERNMENT MEDICAL COLLEGE, THENI",,,Government,THENI,Tamil Nadu,,,,"e.g., Guntur Junction","e.g., Guntur Bus Stand","e.g., 25.5","e.g., 2000","e.g., JNTU Kakinada",https://example.com,+91-XXXXXXXXXX,info@college.edu,0,0,0,0,0,0,0,"TCS, Infosys, Wipro",0,
"THOOTHUKUDI MEDICAL COLLEGE, THOOTHUKUDI",,,Government,THOOTHUKUDI,Tamil Nadu,,,,"e.g., Guntur Junction","e.g., Guntur Bus Stand","e.g., 25.5","e.g., 2000","e.g., JNTU Kakinada",https://example.com,+91-XXXXXXXXXX,info@college.edu,0,0,0,0,0,0,0,"TCS, Infosys, Wipro",0,
"Thaimoogambigai Dental College and Hospital, Chennai",,,Government,Chennai,Tamil Nadu,,,,"e.g., Guntur Junction","e.g., Guntur Bus Stand","e.g., 25.5","e.g., 2000","e.g., JNTU Kakinada",https://example.com,+91-XXXXXXXXXX,info@college.edu,0,0,0,0,0,0,0,"TCS, Infosys, Wipro",0,
"Thiruvannamalai Medical College, Thiruvannamalai",,,Government,Thiruvannamalai,Tamil Nadu,,,,"e.g., Guntur Junction","e.g., Guntur Bus Stand","e.g., 25.5","e.g., 2000","e.g., JNTU Kakinada",https://example.com,+91-XXXXXXXXXX,info@college.edu,0,0,0,0,0,0,0,"TCS, Infosys, Wipro",0,
"VELS MEDICAL COLLEGE & HOSPITAL, Tiruvallur",,,Government,Tiruvallur,Tamil Nadu,,,,"e.g., Guntur Junction","e.g., Guntur Bus Stand","e.g., 25.5","e.g., 2000","e.g., JNTU Kakinada",https://example.com,+91-XXXXXXXXXX,info@college.edu,0,0,0,0,0,0,0,"TCS, Infosys, Wipro",0,
"VMKV Medical College and Hospital, Salem",,,Government,Salem,Tamil Nadu,,,,"e.g., Guntur Junction","e.g., Guntur Bus Stand","e.g., 25.5","e.g., 2000","e.g., JNTU Kakinada",https://example.com,+91-XXXXXXXXXX,info@college.edu,0,0,0,0,0,0,0,"TCS, Infosys, Wipro",0,
"VMS Dental College, Salem",,,Government,Salem,Tamil Nadu,,,,"e.g., Guntur Junction","e.g., Guntur Bus Stand","e.g., 25.5","e.g., 2000","e.g., JNTU Kakinada",https://example.com,+91-XXXXXXXXXX,info@college.edu,0,0,0,0,0,0,0,"TCS, Infosys, Wipro",0,
"AIIMS, Bibi Nagar, Hyderabad",,,Government,Bibi Nagar,Telangana,,,,"e.g., Guntur Junction","e.g., Guntur Bus Stand","e.g., 25.5","e.g., 2000","e.g., JNTU Kakinada",https://example.com,+91-XXXXXXXXXX,info@college.edu,0,0,0,0,0,0,0,"TCS, Infosys, Wipro",0,
"ESIC Medical College, Hyderabad",,,Government,Hyderabad,Telangana,,,,"e.g., Guntur Junction","e.g., Guntur Bus Stand","e.g., 25.5","e.g., 2000","e.g., JNTU Kakinada",https://example.com,+91-XXXXXXXXXX,info@college.edu,0,0,0,0,0,0,0,"TCS, Infosys, Wipro",0,
GMC Jangaon,,,Government,Virudhunagar,Telangana,,,,"e.g., Guntur Junction","e.g., Guntur Bus Stand","e.g., 25.5","e.g., 2000","e.g., JNTU Kakinada",https://example.com,+91-XXXXXXXXXX,info@college.edu,0,0,0,0,0,0,0,"TCS, Infosys, Wipro",0,
GMC Kamareddy,,,Government,Virudhunagar,Telangana,,,,"e.g., Guntur Junction","e.g., Guntur Bus Stand","e.g., 25.5","e.g., 2000","e.g., JNTU Kakinada",https://example.com,+91-XXXXXXXXXX,info@college.edu,0,0,0,0,0,0,0,"TCS, Infosys, Wipro",0,
GOVERNMENT MEDICAL COLLEGE Karimnagar,,,Government,Virudhunagar,Telangana,,,,"e.g., Guntur Junction","e.g., Guntur Bus Stand","e.g., 25.5","e.g., 2000","e.g., JNTU Kakinada",https://example.com,+91-XXXXXXXXXX,info@college.edu,0,0,0,0,0,0,0,"TCS, Infosys, Wipro",0,
"GOVERNMENT MEDICAL COLLEGE, MEDAK",,,Government,MEDAK,Telangana,,,,"e.g., Guntur Junction","e.g., Guntur Bus Stand","e.g., 25.5","e.g., 2000","e.g., JNTU Kakinada",https://example.com,+91-XXXXXXXXXX,info@college.edu,0,0,0,0,0,0,0,"TCS, Infosys, Wipro",0,
"GOVERNMENT MEDICAL COLLEGE, SANGAREDDY",,,Government,SANGAREDDY,Telangana,,,,"e.g., Guntur Junction","e.g., Guntur Bus Stand","e.g., 25.5","e.g., 2000","e.g., JNTU Kakinada",https://example.com,+91-XXXXXXXXXX,info@college.edu,0,0,0,0,0,0,0,"TCS, Infosys, Wipro",0,
"GOVERNMENT MEDICAL COLLEGE, WANAPARTHY",,,Government,WANAPARTHY,Telangana,,,,"e.g., Guntur Junction","e.g., Guntur Bus Stand","e.g., 25.5","e.g., 2000","e.g., JNTU Kakinada",https://example.com,+91-XXXXXXXXXX,info@college.edu,0,0,0,0,0,0,0,"TCS, Infosys, Wipro",0,
"Gandhi Medical College, Secunderabad",,,Government,Secunderabad,Telangana,,,,"e.g., Guntur Junction","e.g., Guntur Bus Stand","e.g., 25.5","e.g., 2000","e.g., JNTU Kakinada",https://example.com,+91-XXXXXXXXXX,info@college.edu,0,0,0,0,0,0,0,"TCS, Infosys, Wipro",0,
Government Dental College Hyderabad,,,Government,Virudhunagar,Telangana,,,,"e.g., Guntur Junction","e.g., Guntur Bus Stand","e.g., 25.5","e.g., 2000","e.g., JNTU Kakinada",https://example.com,+91-XXXXXXXXXX,info@college.edu,0,0,0,0,0,0,0,"TCS, Infosys, Wipro",0,
Government Medical College Jayashankar Bhupalpally,,,Government,Virudhunagar,Telangana,,,,"e.g., Guntur Junction","e.g., Guntur Bus Stand","e.g., 25.5","e.g., 2000","e.g., JNTU Kakinada",https://example.com,+91-XXXXXXXXXX,info@college.edu,0,0,0,0,0,0,0,"TCS, Infosys, Wipro",0,
Government Medical College Khaleelwadi,,,Government,Virudhunagar,Telangana,,,,"e.g., Guntur Junction","e.g., Guntur Bus Stand","e.g., 25.5","e.g., 2000","e.g., JNTU Kakinada",https://example.com,+91-XXXXXXXXXX,info@college.edu,0,0,0,0,0,0,0,"TCS, Infosys, Wipro",0,
Government Medical College Nalgonda,,,Government,Virudhunagar,Telangana,,,,"e.g., Guntur Junction","e.g., Guntur Bus Stand","e.g., 25.5","e.g., 2000","e.g., JNTU Kakinada",https://example.com,+91-XXXXXXXXXX,info@college.edu,0,0,0,0,0,0,0,"TCS, Infosys, Wipro",0,
Government Medical College Narsampet,,,Government,Virudhunagar,Telangana,,,,"e.g., Guntur Junction","e.g., Guntur Bus Stand","e.g., 25.5","e.g., 2000","e.g., JNTU Kakinada",https://example.com,+91-XXXXXXXXXX,info@college.edu,0,0,0,0,0,0,0,"TCS, Infosys, Wipro",0,
Government Medical College Nirmal,,,Government,Virudhunagar,Telangana,,,,"e.g., Guntur Junction","e.g., Guntur Bus Stand","e.g., 25.5","e.g., 2000","e.g., JNTU Kakinada",https://example.com,+91-XXXXXXXXXX,info@college.edu,0,0,0,0,0,0,0,"TCS, Infosys, Wipro",0,
Government Medical College Rajanna Sircilla,,,Government,Virudhunagar,Telangana,,,,"e.g., Guntur Junction","e.g., Guntur Bus Stand","e.g., 25.5","e.g., 2000","e.g., JNTU Kakinada",https://example.com,+91-XXXXXXXXXX,info@college.edu,0,0,0,0,0,0,0,"TCS, Infosys, Wipro",0,
Government Medical College Siddipet,,,Government,Virudhunagar,Telangana,,,,"e.g., Guntur Junction","e.g., Guntur Bus Stand","e.g., 25.5","e.g., 2000","e.g., JNTU Kakinada",https://example.com,+91-XXXXXXXXXX,info@college.edu,0,0,0,0,0,0,0,"TCS, Infosys, Wipro",0,
Government Medical College Suryapet,,,Government,Virudhunagar,Telangana,,,,"e.g., Guntur Junction","e.g., Guntur Bus Stand","e.g., 25.5","e.g., 2000","e.g., JNTU Kakinada",https://example.com,+91-XXXXXXXXXX,info@college.edu,0,0,0,0,0,0,0,"TCS, Infosys, Wipro",0,
Government Medical College Vikarabad,,,Government,Virudhunagar,Telangana,,,,"e.g., Guntur Junction","e.g., Guntur Bus Stand","e.g., 25.5","e.g., 2000","e.g., JNTU Kakinada",https://example.com,+91-XXXXXXXXXX,info@college.edu,0,0,0,0,0,0,0,"TCS, Infosys, Wipro",0,
"Government Medical College, Bhadradri, Kothagudem",,,Government,Bhadradri,Telangana,,,,"e.g., Guntur Junction","e.g., Guntur Bus Stand","e.g., 25.5","e.g., 2000","e.g., JNTU Kakinada",https://example.com,+91-XXXXXXXXXX,info@college.edu,0,0,0,0,0,0,0,"TCS, Infosys, Wipro",0,
"Government Medical College, Jagtial",,,Government,Jagtial,Telangana,,,,"e.g., Guntur Junction","e.g., Guntur Bus Stand","e.g., 25.5","e.g., 2000","e.g., JNTU Kakinada",https://example.com,+91-XXXXXXXXXX,info@college.edu,0,0,0,0,0,0,0,"TCS, Infosys, Wipro",0,
"Government Medical College, Jogulamba, Gadwal",,,Government,Jogulamba,Telangana,,,,"e.g., Guntur Junction","e.g., Guntur Bus Stand","e.g., 25.5","e.g., 2000","e.g., JNTU Kakinada",https://example.com,+91-XXXXXXXXXX,info@college.edu,0,0,0,0,0,0,0,"TCS, Infosys, Wipro",0,
"Government Medical College, Khammam",,,Government,Khammam,Telangana,,,,"e.g., Guntur Junction","e.g., Guntur Bus Stand","e.g., 25.5","e.g., 2000","e.g., JNTU Kakinada",https://example.com,+91-XXXXXXXXXX,info@college.edu,0,0,0,0,0,0,0,"TCS, Infosys, Wipro",0,
"Government Medical College, Kumuram Bheem Asifabad",,,Government,Kumuram Bheem Asifabad,Telangana,,,,"e.g., Guntur Junction","e.g., Guntur Bus Stand","e.g., 25.5","e.g., 2000","e.g., JNTU Kakinada",https://example.com,+91-XXXXXXXXXX,info@college.edu,0,0,0,0,0,0,0,"TCS, Infosys, Wipro",0,
"Government Medical College, Mahabubabad",,,Government,Mahabubabad,Telangana,,,,"e.g., Guntur Junction","e.g., Guntur Bus Stand","e.g., 25.5","e.g., 2000","e.g., JNTU Kakinada",https://example.com,+91-XXXXXXXXXX,info@college.edu,0,0,0,0,0,0,0,"TCS, Infosys, Wipro",0,
"Government Medical College, Mahabubnagar",,,Government,Mahabubnagar,Telangana,,,,"e.g., Guntur Junction","e.g., Guntur Bus Stand","e.g., 25.5","e.g., 2000","e.g., JNTU Kakinada",https://example.com,+91-XXXXXXXXXX,info@college.edu,0,0,0,0,0,0,0,"TCS, Infosys, Wipro",0,
"Government Medical College, Maheshwaram",,,Government,Maheshwaram,Telangana,,,,"e.g., Guntur Junction","e.g., Guntur Bus Stand","e.g., 25.5","e.g., 2000","e.g., JNTU Kakinada",https://example.com,+91-XXXXXXXXXX,info@college.edu,0,0,0,0,0,0,0,"TCS, Infosys, Wipro",0,
"Government Medical College, Mancherial",,,Government,Mancherial,Telangana,,,,"e.g., Guntur Junction","e.g., Guntur Bus Stand","e.g., 25.5","e.g., 2000","e.g., JNTU Kakinada",https://example.com,+91-XXXXXXXXXX,info@college.edu,0,0,0,0,0,0,0,"TCS, Infosys, Wipro",0,
"Government Medical College, Mulugu",,,Government,Mulugu,Telangana,,,,"e.g., Guntur Junction","e.g., Guntur Bus Stand","e.g., 25.5","e.g., 2000","e.g., JNTU Kakinada",https://example.com,+91-XXXXXXXXXX,info@college.edu,0,0,0,0,0,0,0,"TCS, Infosys, Wipro",0,
"Government Medical College, Nagarkurnool",,,Government,Nagarkurnool,Telangana,,,,"e.g., Guntur Junction","e.g., Guntur Bus Stand","e.g., 25.5","e.g., 2000","e.g., JNTU Kakinada",https://example.com,+91-XXXXXXXXXX,info@college.edu,0,0,0,0,0,0,0,"TCS, Infosys, Wipro",0,
"Government Medical College, Narayanpet",,,Government,Narayanpet,Telangana,,,,"e.g., Guntur Junction","e.g., Guntur Bus Stand","e.g., 25.5","e.g., 2000","e.g., JNTU Kakinada",https://example.com,+91-XXXXXXXXXX,info@college.edu,0,0,0,0,0,0,0,"TCS, Infosys, Wipro",0,
"Government Medical College, Quthbullapur",,,Government,Quthbullapur,Telangana,,,,"e.g., Guntur Junction","e.g., Guntur Bus Stand","e.g., 25.5","e.g., 2000","e.g., JNTU Kakinada",https://example.com,+91-XXXXXXXXXX,info@college.edu,0,0,0,0,0,0,0,"TCS, Infosys, Wipro",0,
"Government Medical College, Ramagundam",,,Government,Ramagundam,Telangana,,,,"e.g., Guntur Junction","e.g., Guntur Bus Stand","e.g., 25.5","e.g., 2000","e.g., JNTU Kakinada",https://example.com,+91-XXXXXXXXXX,info@college.edu,0,0,0,0,0,0,0,"TCS, Infosys, Wipro",0,
"Government Medical College, Yadadri",,,Government,Yadadri,Telangana,,,,"e.g., Guntur Junction","e.g., Guntur Bus Stand","e.g., 25.5","e.g., 2000","e.g., JNTU Kakinada",https://example.com,+91-XXXXXXXXXX,info@college.edu,0,0,0,0,0,0,0,"TCS, Infosys, Wipro",0,
Kakatiya Medical College Warangal,,,Government,Virudhunagar,Telangana,,,,"e.g., Guntur Junction","e.g., Guntur Bus Stand","e.g., 25.5","e.g., 2000","e.g., JNTU Kakinada",https://example.com,+91-XXXXXXXXXX,info@college.edu,0,0,0,0,0,0,0,"TCS, Infosys, Wipro",0,
"Malla Reddy Dental College For Women, Hyderabad",,,Government,Hyderabad,Telangana,,,,"e.g., Guntur Junction","e.g., Guntur Bus Stand","e.g., 25.5","e.g., 2000","e.g., JNTU Kakinada",https://example.com,+91-XXXXXXXXXX,info@college.edu,0,0,0,0,0,0,0,"TCS, Infosys, Wipro",0,
"Malla Reddy Institute of Dental Sciences, Hyderabad",,,Government,Hyderabad,Telangana,,,,"e.g., Guntur Junction","e.g., Guntur Bus Stand","e.g., 25.5","e.g., 2000","e.g., JNTU Kakinada",https://example.com,+91-XXXXXXXXXX,info@college.edu,0,0,0,0,0,0,0,"TCS, Infosys, Wipro",0,
"Malla Reddy Institute of Medical Sciences, Hyderabad",,,Government,Hyderabad,Telangana,,,,"e.g., Guntur Junction","e.g., Guntur Bus Stand","e.g., 25.5","e.g., 2000","e.g., JNTU Kakinada",https://example.com,+91-XXXXXXXXXX,info@college.edu,0,0,0,0,0,0,0,"TCS, Infosys, Wipro",0,
"Malla Reddy Medical College for Women, Hyderabad",,,Government,Hyderabad,Telangana,,,,"e.g., Guntur Junction","e.g., Guntur Bus Stand","e.g., 25.5","e.g., 2000","e.g., JNTU Kakinada",https://example.com,+91-XXXXXXXXXX,info@college.edu,0,0,0,0,0,0,0,"TCS, Infosys, Wipro",0,
"Osmania Medical College Koti, HYDERABAD",,,Government,HYDERABAD,Telangana,,,,"e.g., Guntur Junction","e.g., Guntur Bus Stand","e.g., 25.5","e.g., 2000","e.g., JNTU Kakinada",https://example.com,+91-XXXXXXXXXX,info@college.edu,0,0,0,0,0,0,0,"TCS, Infosys, Wipro",0,
Rajiv Gandhi Institute Medical Sciences of Adilabad,,,Government,Virudhunagar,Telangana,,,,"e.g., Guntur Junction","e.g., Guntur Bus Stand","e.g., 25.5","e.g., 2000","e.g., JNTU Kakinada",https://example.com,+91-XXXXXXXXXX,info@college.edu,0,0,0,0,0,0,0,"TCS, Infosys, Wipro",0,
"AGARTALA GOVERNMENT DENTAL COLLEGE, AGARTALA",,,Government,AGARTALA,Tripura,,,,"e.g., Guntur Junction","e.g., Guntur Bus Stand","e.g., 25.5","e.g., 2000","e.g., JNTU Kakinada",https://example.com,+91-XXXXXXXXXX,info@college.edu,0,0,0,0,0,0,0,"TCS, Infosys, Wipro",0,
"AGARTALA GOVERNMENT MEDICAL COLLEGE, AGARTALA",,,Government,AGARTALA,Tripura,,,,"e.g., Guntur Junction","e.g., Guntur Bus Stand","e.g., 25.5","e.g., 2000","e.g., JNTU Kakinada",https://example.com,+91-XXXXXXXXXX,info@college.edu,0,0,0,0,0,0,0,"TCS, Infosys, Wipro",0,
"AIIMS, Gorakhpur",,,Government,Gorakhpur,Uttar Pradesh,,,,"e.g., Guntur Junction","e.g., Guntur Bus Stand","e.g., 25.5","e.g., 2000","e.g., JNTU Kakinada",https://example.com,+91-XXXXXXXXXX,info@college.edu,0,0,0,0,0,0,0,"TCS, Infosys, Wipro",0,
"AIIMS, Rai Bareli",,,Government,Rai Bareli,Uttar Pradesh,,,,"e.g., Guntur Junction","e.g., Guntur Bus Stand","e.g., 25.5","e.g., 2000","e.g., JNTU Kakinada",https://example.com,+91-XXXXXXXXXX,info@college.edu,0,0,0,0,0,0,0,"TCS, Infosys, Wipro",0,
Autonomous State Medical College Society Hardoi,,,Private,Virudhunagar,Uttar Pradesh,,,,"e.g., Guntur Junction","e.g., Guntur Bus Stand","e.g., 25.5","e.g., 2000","e.g., JNTU Kakinada",https://example.com,+91-XXXXXXXXXX,info@college.edu,0,0,0,0,0,0,0,"TCS, Infosys, Wipro",0,
"Autonomous State Medical College Society, Mirzapur",,,Private,Mirzapur,Uttar Pradesh,,,,"e.g., Guntur Junction","e.g., Guntur Bus Stand","e.g., 25.5","e.g., 2000","e.g., JNTU Kakinada",https://example.com,+91-XXXXXXXXXX,info@college.edu,0,0,0,0,0,0,0,"TCS, Infosys, Wipro",0,
"Autonomous State Medical College, Etah",,,Government,Etah,Uttar Pradesh,,,,"e.g., Guntur Junction","e.g., Guntur Bus Stand","e.g., 25.5","e.g., 2000","e.g., JNTU Kakinada",https://example.com,+91-XXXXXXXXXX,info@college.edu,0,0,0,0,0,0,0,"TCS, Infosys, Wipro",0,
"Autonomous State Medical College, Fatehpur",,,Government,Fatehpur,Uttar Pradesh,,,,"e.g., Guntur Junction","e.g., Guntur Bus Stand","e.g., 25.5","e.g., 2000","e.g., JNTU Kakinada",https://example.com,+91-XXXXXXXXXX,info@college.edu,0,0,0,0,0,0,0,"TCS, Infosys, Wipro",0,
"Autonomous State Medical College, Ghazipur",,,Government,Ghazipur,Uttar Pradesh,,,,"e.g., Guntur Junction","e.g., Guntur Bus Stand","e.g., 25.5","e.g., 2000","e.g., JNTU Kakinada",https://example.com,+91-XXXXXXXXXX,info@college.edu,0,0,0,0,0,0,0,"TCS, Infosys, Wipro",0,
"Autonomous State Medical College, Gonda",,,Government,Gonda,Uttar Pradesh,,,,"e.g., Guntur Junction","e.g., Guntur Bus Stand","e.g., 25.5","e.g., 2000","e.g., JNTU Kakinada",https://example.com,+91-XXXXXXXXXX,info@college.edu,0,0,0,0,0,0,0,"TCS, Infosys, Wipro",0,
"Autonomous State Medical College, Kanpur Dehat",,,Government,Kanpur Dehat,Uttar Pradesh,,,,"e.g., Guntur Junction","e.g., Guntur Bus Stand","e.g., 25.5","e.g., 2000","e.g., JNTU Kakinada",https://example.com,+91-XXXXXXXXXX,info@college.edu,0,0,0,0,0,0,0,"TCS, Infosys, Wipro",0,
"Autonomous State Medical College, Kaushambi",,,Government,Kaushambi,Uttar Pradesh,,,,"e.g., Guntur Junction","e.g., Guntur Bus Stand","e.g., 25.5","e.g., 2000","e.g., JNTU Kakinada",https://example.com,+91-XXXXXXXXXX,info@college.edu,0,0,0,0,0,0,0,"TCS, Infosys, Wipro",0,
"Autonomous State Medical College, Kushinagar",,,Government,Kushinagar,Uttar Pradesh,,,,"e.g., Guntur Junction","e.g., Guntur Bus Stand","e.g., 25.5","e.g., 2000","e.g., JNTU Kakinada",https://example.com,+91-XXXXXXXXXX,info@college.edu,0,0,0,0,0,0,0,"TCS, Infosys, Wipro",0,
"Autonomous State Medical College, Lakhimpur Kheri",,,Government,Lakhimpur Kheri,Uttar Pradesh,,,,"e.g., Guntur Junction","e.g., Guntur Bus Stand","e.g., 25.5","e.g., 2000","e.g., JNTU Kakinada",https://example.com,+91-XXXXXXXXXX,info@college.edu,0,0,0,0,0,0,0,"TCS, Infosys, Wipro",0,
"Autonomous State Medical College, Lalitpur",,,Government,Lalitpur,Uttar Pradesh,,,,"e.g., Guntur Junction","e.g., Guntur Bus Stand","e.g., 25.5","e.g., 2000","e.g., JNTU Kakinada",https://example.com,+91-XXXXXXXXXX,info@college.edu,0,0,0,0,0,0,0,"TCS, Infosys, Wipro",0,
"Autonomous State Medical College, Pilibhit",,,Government,Pilibhit,Uttar Pradesh,,,,"e.g., Guntur Junction","e.g., Guntur Bus Stand","e.g., 25.5","e.g., 2000","e.g., JNTU Kakinada",https://example.com,+91-XXXXXXXXXX,info@college.edu,0,0,0,0,0,0,0,"TCS, Infosys, Wipro",0,
"Autonomous State Medical College, Pratapgarh",,,Government,Pratapgarh,Uttar Pradesh,,,,"e.g., Guntur Junction","e.g., Guntur Bus Stand","e.g., 25.5","e.g., 2000","e.g., JNTU Kakinada",https://example.com,+91-XXXXXXXXXX,info@college.edu,0,0,0,0,0,0,0,"TCS, Infosys, Wipro",0,
"Autonomous State Medical College, Sehud, Auraiya",,,Government,Sehud,Uttar Pradesh,,,,"e.g., Guntur Junction","e.g., Guntur Bus Stand","e.g., 25.5","e.g., 2000","e.g., JNTU Kakinada",https://example.com,+91-XXXXXXXXXX,info@college.edu,0,0,0,0,0,0,0,"TCS, Infosys, Wipro",0,
"Autonomous State Medical College, Siddharthnagar",,,Government,Siddharthnagar,Uttar Pradesh,,,,"e.g., Guntur Junction","e.g., Guntur Bus Stand","e.g., 25.5","e.g., 2000","e.g., JNTU Kakinada",https://example.com,+91-XXXXXXXXXX,info@college.edu,0,0,0,0,0,0,0,"TCS, Infosys, Wipro",0,
"Autonomous State Medical College, Sonebhadra",,,Government,Sonebhadra,Uttar Pradesh,,,,"e.g., Guntur Junction","e.g., Guntur Bus Stand","e.g., 25.5","e.g., 2000","e.g., JNTU Kakinada",https://example.com,+91-XXXXXXXXXX,info@college.edu,0,0,0,0,0,0,0,"TCS, Infosys, Wipro",0,
"Autonomous State Medical College, Sultanpur",,,Government,Sultanpur,Uttar Pradesh,,,,"e.g., Guntur Junction","e.g., Guntur Bus Stand","e.g., 25.5","e.g., 2000","e.g., JNTU Kakinada",https://example.com,+91-XXXXXXXXXX,info@college.edu,0,0,0,0,0,0,0,"TCS, Infosys, Wipro",0,
"B.R.D. MEDICAL COLLEGE, GORAKHPUR",,,Government,GORAKHPUR,Uttar Pradesh,,,,"e.g., Guntur Junction","e.g., Guntur Bus Stand","e.g., 25.5","e.g., 2000","e.g., JNTU Kakinada",https://example.com,+91-XXXXXXXXXX,info@college.edu,0,0,0,0,0,0,0,"TCS, Infosys, Wipro",0,
"Baba Kinaram Autonomous State Medical College, Chandauli",,,Government,Chandauli,Uttar Pradesh,,,,"e.g., Guntur Junction","e.g., Guntur Bus Stand","e.g., 25.5","e.g., 2000","e.g., JNTU Kakinada",https://example.com,+91-XXXXXXXXXX,info@college.edu,0,0,0,0,0,0,0,"TCS, Infosys, Wipro",0,
"College of Nursing BHU, VARANASI",,,Government,VARANASI,Uttar Pradesh,,,,"e.g., Guntur Junction","e.g., Guntur Bus Stand","e.g., 25.5","e.g., 2000","e.g., JNTU Kakinada",https://example.com,+91-XXXXXXXXXX,info@college.edu,0,0,0,0,0,0,0,"TCS, Infosys, Wipro",0,
"Dr Ram Manohar Lohia Institute of Medical Sciences, Lucknow",,,Government,Lucknow,Uttar Pradesh,,,,"e.g., Guntur Junction","e.g., Guntur Bus Stand","e.g., 25.5","e.g., 2000","e.g., JNTU Kakinada",https://example.com,+91-XXXXXXXXXX,info@college.edu,0,0,0,0,0,0,0,"TCS, Infosys, Wipro",0,
"Dr. Ziauddin Ahmed Dental College and Hospital, ALIGARH",,,Government,ALIGARH,Uttar Pradesh,,,,"e.g., Guntur Junction","e.g., Guntur Bus Stand","e.g., 25.5","e.g., 2000","e.g., JNTU Kakinada",https://example.com,+91-XXXXXXXXXX,info@college.edu,0,0,0,0,0,0,0,"TCS, Infosys, Wipro",0,
"FACULTY OF DENTAL SCIENCES, KG MEDICAL UNIVERSITY, LUCKNOW",,,Government,KG MEDICAL UNIVERSITY,Uttar Pradesh,,,,"e.g., Guntur Junction","e.g., Guntur Bus Stand","e.g., 25.5","e.g., 2000","e.g., JNTU Kakinada",https://example.com,+91-XXXXXXXXXX,info@college.edu,0,0,0,0,0,0,0,"TCS, Infosys, Wipro",0,
"G.S.V.M. MEDICAL COLLEGE, KANPUR",,,Government,KANPUR,Uttar Pradesh,,,,"e.g., Guntur Junction","e.g., Guntur Bus Stand","e.g., 25.5","e.g., 2000","e.g., JNTU Kakinada",https://example.com,+91-XXXXXXXXXX,info@college.edu,0,0,0,0,0,0,0,"TCS, Infosys, Wipro",0,
"GMC, Azamgarh",,,Government,Azamgarh,Uttar Pradesh,,,,"e.g., Guntur Junction","e.g., Guntur Bus Stand","e.g., 25.5","e.g., 2000","e.g., JNTU Kakinada",https://example.com,+91-XXXXXXXXXX,info@college.edu,0,0,0,0,0,0,0,"TCS, Infosys, Wipro",0,
"GMC, Bahraich",,,Government,Bahraich,Uttar Pradesh,,,,"e.g., Guntur Junction","e.g., Guntur Bus Stand","e.g., 25.5","e.g., 2000","e.g., JNTU Kakinada",https://example.com,+91-XXXXXXXXXX,info@college.edu,0,0,0,0,0,0,0,"TCS, Infosys, Wipro",0,
"GMC, Shahjahanpur",,,Government,Shahjahanpur,Uttar Pradesh,,,,"e.g., Guntur Junction","e.g., Guntur Bus Stand","e.g., 25.5","e.g., 2000","e.g., JNTU Kakinada",https://example.com,+91-XXXXXXXXXX,info@college.edu,0,0,0,0,0,0,0,"TCS, Infosys, Wipro",0,
"Government Institute of Medical Sciences, GREATER NOIDA",,,Government,GREATER NOIDA,Uttar Pradesh,,,,"e.g., Guntur Junction","e.g., Guntur Bus Stand","e.g., 25.5","e.g., 2000","e.g., JNTU Kakinada",https://example.com,+91-XXXXXXXXXX,info@college.edu,0,0,0,0,0,0,0,"TCS, Infosys, Wipro",0,
Government Medical College Badaun,,,Government,Virudhunagar,Uttar Pradesh,,,,"e.g., Guntur Junction","e.g., Guntur Bus Stand","e.g., 25.5","e.g., 2000","e.g., JNTU Kakinada",https://example.com,+91-XXXXXXXXXX,info@college.edu,0,0,0,0,0,0,0,"TCS, Infosys, Wipro",0,
Government Medical College Basti,,,Government,Virudhunagar,Uttar Pradesh,,,,"e.g., Guntur Junction","e.g., Guntur Bus Stand","e.g., 25.5","e.g., 2000","e.g., JNTU Kakinada",https://example.com,+91-XXXXXXXXXX,info@college.edu,0,0,0,0,0,0,0,"TCS, Infosys, Wipro",0,
Government Medical College Faizabad,,,Government,Virudhunagar,Uttar Pradesh,,,,"e.g., Guntur Junction","e.g., Guntur Bus Stand","e.g., 25.5","e.g., 2000","e.g., JNTU Kakinada",https://example.com,+91-XXXXXXXXXX,info@college.edu,0,0,0,0,0,0,0,"TCS, Infosys, Wipro",0,
Government Medical College Firozabad,,,Government,Virudhunagar,Uttar Pradesh,,,,"e.g., Guntur Junction","e.g., Guntur Bus Stand","e.g., 25.5","e.g., 2000","e.g., JNTU Kakinada",https://example.com,+91-XXXXXXXXXX,info@college.edu,0,0,0,0,0,0,0,"TCS, Infosys, Wipro",0,
"Government Medical College, Kannauj",,,Government,Kannauj,Uttar Pradesh,,,,"e.g., Guntur Junction","e.g., Guntur Bus Stand","e.g., 25.5","e.g., 2000","e.g., JNTU Kakinada",https://example.com,+91-XXXXXXXXXX,info@college.edu,0,0,0,0,0,0,0,"TCS, Infosys, Wipro",0,
"IMS BHU Dental, Varanasi",,,Government,Varanasi,Uttar Pradesh,,,,"e.g., Guntur Junction","e.g., Guntur Bus Stand","e.g., 25.5","e.g., 2000","e.g., JNTU Kakinada",https://example.com,+91-XXXXXXXXXX,info@college.edu,0,0,0,0,0,0,0,"TCS, Infosys, Wipro",0,
"INSTITUTE OF MEDICAL SCIENCES, BHU, VARANASI",,,Government,BHU,Uttar Pradesh,,,,"e.g., Guntur Junction","e.g., Guntur Bus Stand","e.g., 25.5","e.g., 2000","e.g., JNTU Kakinada",https://example.com,+91-XXXXXXXXXX,info@college.edu,0,0,0,0,0,0,0,"TCS, Infosys, Wipro",0,
"Jawaharlal Nehru Medical College, AMU, ALIGARH",,,Government,AMU,Uttar Pradesh,,,,"e.g., Guntur Junction","e.g., Guntur Bus Stand","e.g., 25.5","e.g., 2000","e.g., JNTU Kakinada",https://example.com,+91-XXXXXXXXXX,info@college.edu,0,0,0,0,0,0,0,"TCS, Infosys, Wipro",0,
"KING GEORGES MEDICAL COLLEGE, LUCKNOW",,,Government,LUCKNOW,Uttar Pradesh,,,,"e.g., Guntur Junction","e.g., Guntur Bus Stand","e.g., 25.5","e.g., 2000","e.g., JNTU Kakinada",https://example.com,+91-XXXXXXXXXX,info@college.edu,0,0,0,0,0,0,0,"TCS, Infosys, Wipro",0,
"Kalyan Singh Government Medical College, Bulandshahr",,,Government,Bulandshahr,Uttar Pradesh,,,,"e.g., Guntur Junction","e.g., Guntur Bus Stand","e.g., 25.5","e.g., 2000","e.g., JNTU Kakinada",https://example.com,+91-XXXXXXXXXX,info@college.edu,0,0,0,0,0,0,0,"TCS, Infosys, Wipro",0,
"L.L.R.M. MEDICAL COLLEGE, MEERUT",,,Government,MEERUT,Uttar Pradesh,,,,"e.g., Guntur Junction","e.g., Guntur Bus Stand","e.g., 25.5","e.g., 2000","e.g., JNTU Kakinada",https://example.com,+91-XXXXXXXXXX,info@college.edu,0,0,0,0,0,0,0,"TCS, Infosys, Wipro",0,
"MAHARANI LAXMI BAI MEDICAL COLLEGE, JHANSI",,,Government,JHANSI,Uttar Pradesh,,,,"e.g., Guntur Junction","e.g., Guntur Bus Stand","e.g., 25.5","e.g., 2000","e.g., JNTU Kakinada",https://example.com,+91-XXXXXXXXXX,info@college.edu,0,0,0,0,0,0,0,"TCS, Infosys, Wipro",0,
"MAHARSHI DEVRAHA BABA AUTONOMOUS STATE MEDICAL COLLEGE, DEORIA",,,Government,DEORIA,Uttar Pradesh,,,,"e.g., Guntur Junction","e.g., Guntur Bus Stand","e.g., 25.5","e.g., 2000","e.g., JNTU Kakinada",https://example.com,+91-XXXXXXXXXX,info@college.edu,0,0,0,0,0,0,0,"TCS, Infosys, Wipro",0,
"MOTI LAL NEHRU MEDICAL COLLEGE, ALLAHABAD",,,Government,ALLAHABAD,Uttar Pradesh,,,,"e.g., Guntur Junction","e.g., Guntur Bus Stand","e.g., 25.5","e.g., 2000","e.g., JNTU Kakinada",https://example.com,+91-XXXXXXXXXX,info@college.edu,0,0,0,0,0,0,0,"TCS, Infosys, Wipro",0,
"MRA MEDICAL COLLEGE AMBEDKAR NAGAR, UP",,,Government,UP,Uttar Pradesh,,,,"e.g., Guntur Junction","e.g., Guntur Bus Stand","e.g., 25.5","e.g., 2000","e.g., JNTU Kakinada",https://example.com,+91-XXXXXXXXXX,info@college.edu,0,0,0,0,0,0,0,"TCS, Infosys, Wipro",0,
"Mahatma Vidur Autonomous State Medical College, Bijnor",,,Government,Bijnor,Uttar Pradesh,,,,"e.g., Guntur Junction","e.g., Guntur Bus Stand","e.g., 25.5","e.g., 2000","e.g., JNTU Kakinada",https://example.com,+91-XXXXXXXXXX,info@college.edu,0,0,0,0,0,0,0,"TCS, Infosys, Wipro",0,
"Rajkiya Medical College, Jalaun",,,Government,Jalaun,Uttar Pradesh,,,,"e.g., Guntur Junction","e.g., Guntur Bus Stand","e.g., 25.5","e.g., 2000","e.g., JNTU Kakinada",https://example.com,+91-XXXXXXXXXX,info@college.edu,0,0,0,0,0,0,0,"TCS, Infosys, Wipro",0,
"Rani Durgavati Medical College, Banda",,,Government,Banda,Uttar Pradesh,,,,"e.g., Guntur Junction","e.g., Guntur Bus Stand","e.g., 25.5","e.g., 2000","e.g., JNTU Kakinada",https://example.com,+91-XXXXXXXXXX,info@college.edu,0,0,0,0,0,0,0,"TCS, Infosys, Wipro",0,
"S.N. MEDICAL COLLEGE, AGRA",,,Government,AGRA,Uttar Pradesh,,,,"e.g., Guntur Junction","e.g., Guntur Bus Stand","e.g., 25.5","e.g., 2000","e.g., JNTU Kakinada",https://example.com,+91-XXXXXXXXXX,info@college.edu,0,0,0,0,0,0,0,"TCS, Infosys, Wipro",0,
"SUH Maulana Mahmood Hasan Medical College, Saharanpur",,,Government,Saharanpur,Uttar Pradesh,,,,"e.g., Guntur Junction","e.g., Guntur Bus Stand","e.g., 25.5","e.g., 2000","e.g., JNTU Kakinada",https://example.com,+91-XXXXXXXXXX,info@college.edu,0,0,0,0,0,0,0,"TCS, Infosys, Wipro",0,
"Santosh Dental College and Hospital, Ghaziabad",,,Government,Ghaziabad,Uttar Pradesh,,,,"e.g., Guntur Junction","e.g., Guntur Bus Stand","e.g., 25.5","e.g., 2000","e.g., JNTU Kakinada",https://example.com,+91-XXXXXXXXXX,info@college.edu,0,0,0,0,0,0,0,"TCS, Infosys, Wipro",0,
"Santosh Medical College and Hospital, Ghaziabad",,,Government,Ghaziabad,Uttar Pradesh,,,,"e.g., Guntur Junction","e.g., Guntur Bus Stand","e.g., 25.5","e.g., 2000","e.g., JNTU Kakinada",https://example.com,+91-XXXXXXXXXX,info@college.edu,0,0,0,0,0,0,0,"TCS, Infosys, Wipro",0,
"UNS AUTONOMOUS STATE MEDICAL COLLEGE, Jaunpur",,,Government,Jaunpur,Uttar Pradesh,,,,"e.g., Guntur Junction","e.g., Guntur Bus Stand","e.g., 25.5","e.g., 2000","e.g., JNTU Kakinada",https://example.com,+91-XXXXXXXXXX,info@college.edu,0,0,0,0,0,0,0,"TCS, Infosys, Wipro",0,
"Uttar Pradesh University of Medical Sciences, Saifai, Etawah",,,Government,Saifai,Uttar Pradesh,,,,"e.g., Guntur Junction","e.g., Guntur Bus Stand","e.g., 25.5","e.g., 2000","e.g., JNTU Kakinada",https://example.com,+91-XXXXXXXXXX,info@college.edu,0,0,0,0,0,0,0,"TCS, Infosys, Wipro",0,
"AIIMS, Rishikesh",,,Government,Rishikesh,Uttarakhand,,,,"e.g., Guntur Junction","e.g., Guntur Bus Stand","e.g., 25.5","e.g., 2000","e.g., JNTU Kakinada",https://example.com,+91-XXXXXXXXXX,info@college.edu,0,0,0,0,0,0,0,"TCS, Infosys, Wipro",0,
"Government Doon Medical College, Dehradun",,,Government,Dehradun,Uttarakhand,,,,"e.g., Guntur Junction","e.g., Guntur Bus Stand","e.g., 25.5","e.g., 2000","e.g., JNTU Kakinada",https://example.com,+91-XXXXXXXXXX,info@college.edu,0,0,0,0,0,0,0,"TCS, Infosys, Wipro",0,
"Government Medical College, Haridwar",,,Government,Haridwar,Uttarakhand,,,,"e.g., Guntur Junction","e.g., Guntur Bus Stand","e.g., 25.5","e.g., 2000","e.g., JNTU Kakinada",https://example.com,+91-XXXXXXXXXX,info@college.edu,0,0,0,0,0,0,0,"TCS, Infosys, Wipro",0,
"Graphic Era Institute Of Medical Science, Dehradun",,,Government,Dehradun,Uttarakhand,,,,"e.g., Guntur Junction","e.g., Guntur Bus Stand","e.g., 25.5","e.g., 2000","e.g., JNTU Kakinada",https://example.com,+91-XXXXXXXXXX,info@college.edu,0,0,0,0,0,0,0,"TCS, Infosys, Wipro",0,
"SOBAN SINGH JEENA GOVERNMENT INSTITUTE OF MEDICAL SCIENCE & RESEARCH, ALMORA",,,Government,ALMORA,Uttarakhand,,,,"e.g., Guntur Junction","e.g., Guntur Bus Stand","e.g., 25.5","e.g., 2000","e.g., JNTU Kakinada",https://example.com,+91-XXXXXXXXXX,info@college.edu,0,0,0,0,0,0,0,"TCS, Infosys, Wipro",0,
"UTTARANCHAL FOUNDATION HOSPITAL TRUST MEDICAL COLLEGE, HALDWANI",,,Private,HALDWANI,Uttarakhand,,,,"e.g., Guntur Junction","e.g., Guntur Bus Stand","e.g., 25.5","e.g., 2000","e.g., JNTU Kakinada",https://example.com,+91-XXXXXXXXXX,info@college.edu,0,0,0,0,0,0,0,"TCS, Infosys, Wipro",0,
"Veer Chandra Singh Garhwali Government Institute of Medical Science & Research, Srinagar",,,Government,Srinagar,Uttarakhand,,,,"e.g., Guntur Junction","e.g., Guntur Bus Stand","e.g., 25.5","e.g., 2000","e.g., JNTU Kakinada",https://example.com,+91-XXXXXXXXXX,info@college.edu,0,0,0,0,0,0,0,"TCS, Infosys, Wipro",0,
"AIIMS, Kalyani",,,Government,Kalyani,West Bengal,,,,"e.g., Guntur Junction","e.g., Guntur Bus Stand","e.g., 25.5","e.g., 2000","e.g., JNTU Kakinada",https://example.com,+91-XXXXXXXXXX,info@college.edu,0,0,0,0,0,0,0,"TCS, Infosys, Wipro",0,
"BANKURA SAMMILANI MEDICAL COLLEGE, BANKURA",,,Government,BANKURA,West Bengal,,,,"e.g., Guntur Junction","e.g., Guntur Bus Stand","e.g., 25.5","e.g., 2000","e.g., JNTU Kakinada",https://example.com,+91-XXXXXXXXXX,info@college.edu,0,0,0,0,0,0,0,"TCS, Infosys, Wipro",0,
"BURDWAN MEDICAL COLLEGE, BURDWAN",,,Government,BURDWAN,West Bengal,,,,"e.g., Guntur Junction","e.g., Guntur Bus Stand","e.g., 25.5","e.g., 2000","e.g., JNTU Kakinada",https://example.com,+91-XXXXXXXXXX,info@college.edu,0,0,0,0,0,0,0,"TCS, Infosys, Wipro",0,
"Barasat Government Medical College & Hospital, Barasat",,,Government,Barasat,West Bengal,,,,"e.g., Guntur Junction","e.g., Guntur Bus Stand","e.g., 25.5","e.g., 2000","e.g., JNTU Kakinada",https://example.com,+91-XXXXXXXXXX,info@college.edu,0,0,0,0,0,0,0,"TCS, Infosys, Wipro",0,
"Burdwan Dental College & Hospital, Burdwan",,,Government,Burdwan,West Bengal,,,,"e.g., Guntur Junction","e.g., Guntur Bus Stand","e.g., 25.5","e.g., 2000","e.g., JNTU Kakinada",https://example.com,+91-XXXXXXXXXX,info@college.edu,0,0,0,0,0,0,0,"TCS, Infosys, Wipro",0,
"CALCUTTA NATIONAL MEDICAL COLLEGE, KOLKATA",,,Government,KOLKATA,West Bengal,,,,"e.g., Guntur Junction","e.g., Guntur Bus Stand","e.g., 25.5","e.g., 2000","e.g., JNTU Kakinada",https://example.com,+91-XXXXXXXXXX,info@college.edu,0,0,0,0,0,0,0,"TCS, Infosys, Wipro",0,
"COLLEGE OF MEDICINE and JNM HOSPITAL, KALYANI",,,Government,KALYANI,West Bengal,,,,"e.g., Guntur Junction","e.g., Guntur Bus Stand","e.g., 25.5","e.g., 2000","e.g., JNTU Kakinada",https://example.com,+91-XXXXXXXXXX,info@college.edu,0,0,0,0,0,0,0,"TCS, Infosys, Wipro",0,
"DR. R. AHMED DENTAL COLLEGE & HOSPITAL, KOLKATA",,,Government,KOLKATA,West Bengal,,,,"e.g., Guntur Junction","e.g., Guntur Bus Stand","e.g., 25.5","e.g., 2000","e.g., JNTU Kakinada",https://example.com,+91-XXXXXXXXXX,info@college.edu,0,0,0,0,0,0,0,"TCS, Infosys, Wipro",0,
"Deben Mahata Government Medical College & Hospital, Purulia",,,Government,Purulia,West Bengal,,,,"e.g., Guntur Junction","e.g., Guntur Bus Stand","e.g., 25.5","e.g., 2000","e.g., JNTU Kakinada",https://example.com,+91-XXXXXXXXXX,info@college.edu,0,0,0,0,0,0,0,"TCS, Infosys, Wipro",0,
"Diamond Harbour Government Medical College, Diamond Harbour",,,Government,Diamond Harbour,West Bengal,,,,"e.g., Guntur Junction","e.g., Guntur Bus Stand","e.g., 25.5","e.g., 2000","e.g., JNTU Kakinada",https://example.com,+91-XXXXXXXXXX,info@college.edu,0,0,0,0,0,0,0,"TCS, Infosys, Wipro",0,
"ESIC PGIMSR, Joka, Kolkata",,,Government,Joka,West Bengal,,,,"e.g., Guntur Junction","e.g., Guntur Bus Stand","e.g., 25.5","e.g., 2000","e.g., JNTU Kakinada",https://example.com,+91-XXXXXXXXXX,info@college.edu,0,0,0,0,0,0,0,"TCS, Infosys, Wipro",0,
"Government Medical College & Hospital, Jalpaiguri",,,Government,Jalpaiguri,West Bengal,,,,"e.g., Guntur Junction","e.g., Guntur Bus Stand","e.g., 25.5","e.g., 2000","e.g., JNTU Kakinada",https://example.com,+91-XXXXXXXXXX,info@college.edu,0,0,0,0,0,0,0,"TCS, Infosys, Wipro",0,
"INSTITUTE OF POST GRADUATE MEDICAL EDUCATION & RESEARCH, KOLKATA",,,Government,KOLKATA,West Bengal,,,,"e.g., Guntur Junction","e.g., Guntur Bus Stand","e.g., 25.5","e.g., 2000","e.g., JNTU Kakinada",https://example.com,+91-XXXXXXXXXX,info@college.edu,0,0,0,0,0,0,0,"TCS, Infosys, Wipro",0,
"Jhargram Government Medical College and Hospital, Jhargram",,,Government,Jhargram,West Bengal,,,,"e.g., Guntur Junction","e.g., Guntur Bus Stand","e.g., 25.5","e.g., 2000","e.g., JNTU Kakinada",https://example.com,+91-XXXXXXXXXX,info@college.edu,0,0,0,0,0,0,0,"TCS, Infosys, Wipro",0,
"MALDA MEDICAL COLLEGE, MALDA",,,Government,MALDA,West Bengal,,,,"e.g., Guntur Junction","e.g., Guntur Bus Stand","e.g., 25.5","e.g., 2000","e.g., JNTU Kakinada",https://example.com,+91-XXXXXXXXXX,info@college.edu,0,0,0,0,0,0,0,"TCS, Infosys, Wipro",0,
"MEDICAL COLLEGE, KOLKATA",,,Government,KOLKATA,West Bengal,,,,"e.g., Guntur Junction","e.g., Guntur Bus Stand","e.g., 25.5","e.g., 2000","e.g., JNTU Kakinada",https://example.com,+91-XXXXXXXXXX,info@college.edu,0,0,0,0,0,0,0,"TCS, Infosys, Wipro",0,
"MIDNAPORE MEDICAL COLLEGE, MIDNAPUR",,,Government,MIDNAPUR,West Bengal,,,,"e.g., Guntur Junction","e.g., Guntur Bus Stand","e.g., 25.5","e.g., 2000","e.g., JNTU Kakinada",https://example.com,+91-XXXXXXXXXX,info@college.edu,0,0,0,0,0,0,0,"TCS, Infosys, Wipro",0,
Maharaja Jitendra Narayan Medical College and Hospital Coochbehar,,,Government,Virudhunagar,West Bengal,,,,"e.g., Guntur Junction","e.g., Guntur Bus Stand","e.g., 25.5","e.g., 2000","e.g., JNTU Kakinada",https://example.com,+91-XXXXXXXXXX,info@college.edu,0,0,0,0,0,0,0,"TCS, Infosys, Wipro",0,
"Murshidabad Medical College & Hospital, Murshidabad",,,Government,Murshidabad,West Bengal,,,,"e.g., Guntur Junction","e.g., Guntur Bus Stand","e.g., 25.5","e.g., 2000","e.g., JNTU Kakinada",https://example.com,+91-XXXXXXXXXX,info@college.edu,0,0,0,0,0,0,0,"TCS, Infosys, Wipro",0,
"NILRATAN SIRKAR MEDICAL COLLEGE, KOLKATA",,,Government,KOLKATA,West Bengal,,,,"e.g., Guntur Junction","e.g., Guntur Bus Stand","e.g., 25.5","e.g., 2000","e.g., JNTU Kakinada",https://example.com,+91-XXXXXXXXXX,info@college.edu,0,0,0,0,0,0,0,"TCS, Infosys, Wipro",0,
"NORTH BENGAL DENTAL COLLEGE, SUSHRUTNAGAR",,,Government,SUSHRUTNAGAR,West Bengal,,,,"e.g., Guntur Junction","e.g., Guntur Bus Stand","e.g., 25.5","e.g., 2000","e.g., JNTU Kakinada",https://example.com,+91-XXXXXXXXXX,info@college.edu,0,0,0,0,0,0,0,"TCS, Infosys, Wipro",0,
"NORTH BENGAL MEDICAL COLLEGE, DARJEELING",,,Government,DARJEELING,West Bengal,,,,"e.g., Guntur Junction","e.g., Guntur Bus Stand","e.g., 25.5","e.g., 2000","e.g., JNTU Kakinada",https://example.com,+91-XXXXXXXXXX,info@college.edu,0,0,0,0,0,0,0,"TCS, Infosys, Wipro",0,
"Prafulla Chandra Sen Government Medical College & Hospital, Arambagh",,,Government,Arambagh,West Bengal,,,,"e.g., Guntur Junction","e.g., Guntur Bus Stand","e.g., 25.5","e.g., 2000","e.g., JNTU Kakinada",https://example.com,+91-XXXXXXXXXX,info@college.edu,0,0,0,0,0,0,0,"TCS, Infosys, Wipro",0,
"R.G. KAR MEDICAL COLLEGE, KOLKATA",,,Government,KOLKATA,West Bengal,,,,"e.g., Guntur Junction","e.g., Guntur Bus Stand","e.g., 25.5","e.g., 2000","e.g., JNTU Kakinada",https://example.com,+91-XXXXXXXXXX,info@college.edu,0,0,0,0,0,0,0,"TCS, Infosys, Wipro",0,
RAMPURHAT GOVERNMENT MEDICAL COLLEGE RAMPURHAT,,,Government,Virudhunagar,West Bengal,,,,"e.g., Guntur Junction","e.g., Guntur Bus Stand","e.g., 25.5","e.g., 2000","e.g., JNTU Kakinada",https://example.com,+91-XXXXXXXXXX,info@college.edu,0,0,0,0,0,0,0,"TCS, Infosys, Wipro",0,
"Raiganj Government Medical College, Raiganj",,,Government,Raiganj,West Bengal,,,,"e.g., Guntur Junction","e.g., Guntur Bus Stand","e.g., 25.5","e.g., 2000","e.g., JNTU Kakinada",https://example.com,+91-XXXXXXXXXX,info@college.edu,0,0,0,0,0,0,0,"TCS, Infosys, Wipro",0,
"Sagar Dutta Medical College & Hospital, Kolkata",,,Government,Kolkata,West Bengal,,,,"e.g., Guntur Junction","e.g., Guntur Bus Stand","e.g., 25.5","e.g., 2000","e.g., JNTU Kakinada",https://example.com,+91-XXXXXXXXXX,info@college.edu,0,0,0,0,0,0,0,"TCS, Infosys, Wipro",0,
"Sarat Chandra Chattopadhyay Government Medical College & Hospital, Uluberia",,,Government,Uluberia,West Bengal,,,,"e.g., Guntur Junction","e.g., Guntur Bus Stand","e.g., 25.5","e.g., 2000","e.g., JNTU Kakinada",https://example.com,+91-XXXXXXXXXX,info@college.edu,0,0,0,0,0,0,0,"TCS, Infosys, Wipro",0,
"Tamralipto Government Medical College & Hospital, Tamluk",,,Government,Tamluk,West Bengal,,,,"e.g., Guntur Junction","e.g., Guntur Bus Stand","e.g., 25.5","e.g., 2000","e.g., JNTU Kakinada",https://example.com,+91-XXXXXXXXXX,info@college.edu,0,0,0,0,0,0,0,"TCS, Infosys, Wipro",0,
