Institute,State,Quota,Course,EWS PwD_R1,EWS PwD_R2,EWS PwD_R3,EWS_R1,EWS_R2,EWS_R3,EWS_Stray Round,OBC PwD_R1,OBC PwD_R2,OBC PwD_R3,OBC PwD_Stray Round,OBC_R1,OBC_R2,OBC_R3,OBC_Stray Round,Open PwD_R1,Open PwD_R2,Open PwD_R3,Open PwD_Stray Round,Open_R1,Open_R2,Open_R3,Open_Stray Round,SC PwD_R1,SC PwD_R2,SC PwD_R3,SC_R1,SC_R2,SC_R3,SC_Stray Round,ST PwD_R1,ST PwD_R2,ST PwD_R3,ST_R1,ST_R2,ST_R3,ST_Stray Round
A J Institute of Medical Sciences & Research Centre,,,,,,,,,,,,,,,,,,,,,,,,,,,,,,,,,,,,,,,,
ACPM Medical College,,,,,,,,,,,,,,,,,,,,,,,,,,,,,,,,,,,,,,,,
Aarupadai Veedu Medical College,,,,,,,,,,,,,,,,,,,,,,,,,,,,,,,,,,,,,,,,
Abhishek I Mishra Memorial Medical College & Research,,,,,,,,,,,,,,,,,,,,,,,,,,,,,,,,,,,,,,,,
Acharya Shri Chander College of Medical Sciences,,,,,,,,,,,,,,,,,,,,,,,,,,,,,,,,,,,,,,,,
Adesh Institute of Medical Sciences & Research,,,,,,,,,,,,,,,,,,,,,,,,,,,,,,,,,,,,,,,,
Adesh Medical College and Hospital,,,,,,,808548,,,,,,,,1017350,,,,,,,,1017390,,,,,,,980679,,,,,,,855149,,,
Adichunchanagiri Institute of Medical Sciences Bellur,,,,,,,,,,,,,,,,,,,,,,,,,,,,,,,,,,,,,,,,
Agartala Government Medical College,,,,1169378,,,28061,,,,,,,,25019,,,,886313,,,,22112,,,,1377061,,,131710,,,,,,,168407,,,
Ajay Sangaal Institute of Medical Sciences and Ayushman Hospital,,,,,,,,,,,,,,,,,,,,,,,,,,,,,,,,,,,,,,,,
Akash Institute of Medical Sciences & Research Centre,,,,,,,,,,,,,,,,,,,,,,,,,,,,,,,,,,,,,,,,
Al Falah School of Medical Sciences & Research Centre,,,,,,,,,,,,,,,,,,,,,,,,,,,,,,,,,,,,,,,,
Al-Ameen Medical College,,,,,,,,,,,,,,,,,,,,,,,,,,,,,,,,,,,,,,,,
Al-Azhar Medical College and Super Speciality Hospital,,,,,,,,,,,,,,,,,,,,,,,,,,,,,,,,,,,,,,,,
All India Institute of Medical Sciences,,,,,,,,,,,,,,,,,,,,,,,,,,,,,,,,,,,,,,,,
Alluri Sitaram Raju Academy of Medical Sciences,,,,,,,,,,,,,,,,,,,,,,,,,,,,,,,,,,,,,,,,
Amala Institute of Medical Sciences,,,,,,,,,,,,,,,,,,,,,,,,,,,,,,,,,,,,,,,,
Amaltas Institute of Medical Sciences,,,,,,,296115,,,,,,,,328260,,,,,,,,329153,,,,,,,309686,,,,,,,528896,,,
American International Institute of Medical Sciences,,,,,,,,,,,,,,,,,,,,,,,,,,,,,,,,,,,,,,,,
Amrita School of Medicine,,,,,,,136923,,,,,,,,287797,,,,234346,,,,333529,,,,,,,284775,,,,,,,182127,,,
Ananta Institute of Medical Sciences & Research Centre,,,,,,,,,,,,,,,,,,,,,,,,,,,,,,,,,,,,,,,,
Ananya College of Medicine & Research,,,,,,,,,,,,,,,,,,,,,,,,,,,,,,,,,,,,,,,,
Andaman & Nicobar Islands Institute of Medical Sciences,,,,,,,23864,,,,864414,,,,25079,,,,,,,,23302,,,,,,,137759,,,,,,,144579,,,
Andhra Medical College,,,,,,,,,,,,,,,,,,,,,,,,,,,,,,,,,,,,,,,,
Anna Gowri Medical College and Hospital,,,,,,,,,,,,,,,,,,,,,,,,,,,,,,,,,,,,,,,,
Annaii Medical College and Hospital,,,,,,,,,,,,,,,,,,,,,,,,,,,,,,,,,,,,,,,,
Annapoorna Medical College & Hospital,,,,,,,,,,,,,,,,,,,,,,,,,,,,,,,,,,,,,,,,
Anugrah Narayan Magadh Medical College,,,,,,,18597,,,,595151,,,,17638,,,,,,,,16642,,,,,,,106585,,,,,,,150774,,,
Apollo Institute of Medical Sciences and Research,,,,,,,,,,,,,,,,,,,,,,,,,,,,,,,,,,,,,,,,
Armed Forces Medical College,,,,,,,,,,,,,,,,,,,,,,,,,,,,,,,,,,,,,,,,
Army College of Medical Sciences,,,,,,,,,,,,,,,,,,,,,,,,,,,,,,,,,,,,,,,,
Arunai Medical College And Hospital,,,,,,,,,,,,,,,,,,,,,,,,,,,,,,,,,,,,,,,,
Arundathi Institute of Medical Sciences,,,,,,,,,,,,,,,,,,,,,,,,,,,,,,,,,,,,,,,,
Arya Medical College and Hospital,,,,,,,,,,,,,,,,,,,,,,,,,,,,,,,,,,,,,,,,
Ashwini Rural Medical College,,,,,,,,,,,,,,,,,,,,,,,,,,,,,,,,,,,,,,,,
Assam Medial College,,,,,,,,,,,,,,,,,,,,,,,,,,,,,,,,,,,,,,,,
Atal Bihari Vajpayee Institute of Medical Sciences and Dr. RML Hospital,,,,,,,555,,,,,,,,582,,,,568064,,,,203,,,,,,,2671,,,,,,,13662,,,
Autonomous State Medical College,,,,,,,,,,,,,,,19160,,,,,,,,18535,,,,,,,104205,,,,,,,121496,,,
Autonomous State Medical College Society,,,,,,,,,,,,,,,,,,,,,,,,,,,,,,,,,,,,,,,,
Autonomous State Medical College Society Ghazipur,,,,,,,19557,,,,723671,,,,20480,,,,,,,,22419,,,,,,,107716,,,,,,,,,,
Autonomous State Medical College and Hospital Auraiya,,,,,,,19557,,,,723671,,,,20480,,,,,,,,22419,,,,,,,107716,,,,,,,,,,
Autonomous State Medical College and Hospital Lakhimpuri kheri,,,,469580,,,21649,,,,,,,,20731,,,,,,,,19942,,,,,,,109898,,,,,,,136796,,,
Autonomous state medical college Amethi,,,,,,,,,,,,,,,,,,,,,,,,,,,,,,,,,,,,,,,,
Ayaan Institute of Medical Sciences,,,,,,,,,,,,,,,,,,,,,,,,,,,,,,,,,,,,,,,,
Azeezia Instt of Medical Science,,,,,,,,,,,,,,,,,,,,,,,,,,,,,,,,,,,,,,,,
B J Medical College,,,,,,,,,,,,,,,,,,,,,,,,,,,,,,,,,,,,,,,,
B. J. Govt. Medical College,,,,,,,,,,,,,,,,,,,,,,,,,,,,,,,,,,,,,,,,
B.K.L. Walawalkar Rural Medical College,,,,,,,,,,,,,,,,,,,,,,,,,,,,,,,,,,,,,,,,
BGS Global Institute of Medical Sciences,,,,,,,,,,,,,,,,,,,,,,,,,,,,,,,,,,,,,,,,
BGS Medical College and Hospital,,,,,,,,,,,,,,,,,,,,,,,,,,,,,,,,,,,,,,,,
BPS Government Medical College for Women,,,,,,,11495,,,,487275,,,,14150,,,,386312,,,,12304,853027,,,,,,82710,,,,,,,122153,,,
BRD Medical College,,,,,,,,,,,,,,,,,,,,,,,,,,,,,,,,,,,,,,,,
Baba Kina Ram Autonomous State Medical College and Hospital,,,,,,,21993,,,,,,,,20907,,,,,,,,19715,,,,,,,111063,,,,,,,132379,,,
Balvir Singh Tomar Institute of Medical Sciences and Research,,,,,,,,,,,,,,,,,,,,,,,,,,,,,,,,,,,,,,,,
Banas Medical College and Research Institute,,,,,,,4427,,,,332797,,,,6125,,,,160552,,,,1412,,,,,,,96416,,,,,,,30135,,,
Bangalore Medical College and Research Institute,,,,,,,,,,,,,,,,,,,,,,,,,,,,,,,,,,,,,,,,
Bankura Sammilani Medical College,,,,,,,26156,,,,1183849,,,,19283,,,,,,,,18299,873477,,,,,,106429,,,,,,,133582,,,
Barasat Government Medical College & Hospital,,,,,,,19569,,,,,,,,21761,,,,509938,,,,19403,955164,,,,,,107525,,,,,,,130198,,,
Basaveswara Medical College and Hospital,,,,,,,,,,,,,,,,,,,,,,,,,,,,,,,,,,,,,,,,
Belagavi Institute of Medical Sciences,,,,,,,15417,,,,,,,,20236,,,,,,,,20897,,,,,,,100915,,,,,,,165453,,,
Believers Church Medical College Hospital,,,,,,,,,,,,,,,,,,,,,,,,,,,,,,,,,,,,,,,,
Bhaarat Medical College & Hospital,,,,,,,918428,,,,,,,,1062838,,,,,,,,1060578,,,,,,,1055241,,,,,,,1020215,,,
Bhagwan Mahavir Institute of Medical Sciences,,,,,,,,,,,,,,,,,,,,,,,,,,,,,,,,,,,,,,,,
Bhagyoday Medical College,,,,,,,,,,,,,,,,,,,,,,,,,,,,,,,,,,,,,,,,
Bharati Vidyapeeth Deemed University Medical College & Hospital,,,,,,,,,,,,,,,,,,,,,,,,,,,,,,,,,,,,,,,,
Bharati Vidyapeeth University Medical College,,,,,,,275305,,,,,,,,273945,,,,,,,,299733,,,,,,,296738,,,,,,,,,,
Bharatratna Atal Bihari Vajpayee Medical College,,,,,,,,,,,,,,,,,,,,,,,,,,,,,,,,,,,,,,,,
Bhaskar Medical College,,,,,,,,,,,,,,,,,,,,,,,,,,,,,,,,,,,,,,,,
Bidar Institute of Medical Sciences,,,,,,,23212,,,,,,,,20456,,,,559326,,,,20140,,,,,,,117769,,,,,,,140019,,,
Bundelkhand Medical College,,,,,,,16195,,,,853535,,,,14963,,,,,,,,14712,,,,,,,91452,,,,,,,101278,,,
Burdwan Medical College,,,,960054,,,21294,,,,,,,,22029,,,,588038,,,,15811,,,,973680,,,109403,,,,,,,133517,,,
CMR Institute of Medical Sciences,,,,,,,,,,,,,,,,,,,,,,,,,,,,,,,,,,,,,,,,
CU Shah Medical College,,,,,,,,,,,,,,,,,,,,,,,,,,,,,,,,,,,,,,,,
Calcutta National Medical College,,,,,,,12950,,,,517654,,,,18181,,,,,,,,11523,,,,,,,132079,,,,,,,130747,,,
Career Instt. Of Medical Sciences & Hospital,,,,,,,,,,,,,,,,,,,,,,,,,,,,,,,,,,,,,,,,
Chalmeda Anand Rao Insttitute Of Medical Sciences,,,,,,,,,,,,,,,,,,,,,,,,,,,,,,,,,,,,,,,,
Chamrajanagar Institute of Medical Sciences,,,,,,,,,,,,,,,,,,,,,,,,,,,,,,,,,,,,,,,,
Chandulal Chandrakar Memorial Govt. Medical College,,,,1083928,,,22975,,,,780826,,,,22650,,,,,,,,21387,,,,,,,115559,,,,,,,142288,,,
Chengalpattu Medical College,,,,,,,25016,,,,,,,,13915,,,,603910,,,,13530,1057910,,,,,,86365,,,,,,,158996,,,
Chettinad Hospital & Research Institute,,,,,,,824929,,,,,,,,822854,,,,,,,,825168,,,,,,,782892,,,,,,,595044,,,
Chhattisgarh Institute of Medical Sciences,,,,940874,,,18228,,,,,,,,21573,,,,,,,,17074,,,,1161920,,,69816,,,,907579,,,,,,
Chikkamagaluru Institute of Medical Sciences,,,,,,,27082,,,,,,,,24731,,,,792508,,,,20466,1014135,,,1177404,,,135475,,,,,,,155536,,,
Chintpurni Medical College,,,,,,,,,,,,,,,,,,,,,,,,,,,,,,,,,,,,,,,,
Chirayu Medical College and Hospital,,,,,,,,,,,,,,,,,,,,,,,,,,,,,,,,,,,,,,,,
Chitradurga Medical College and Research Institute,,,,,,,27135,,,,,,,,24834,,,,,,,,22820,,,,,,,130173,,,,,,,157963,,,
Christian Medical College,,,,,,,,,,,,,,,,,,,,,,,,,,,,,,,,,,,,,,,,
Coimbatore Medical College,,,,,,,22891,,,,,,,,11423,,,,,,,,9774,,,,888733,,,93039,,,,,,,127375,,,
College of Medicine and JNM Hospital,,,,620436,,,18395,,,,,,,,18346,,,,,,,,17092,,,,655297,,,91520,,,,,,,134505,,,
College of Medicine and Sagore Dutta Hospital,,,,,,,,,,,,,,,,,,,,,,,,,,,,,,,,,,,,,,,,
Coochbehar Government Medical College & Hospital,,,,,,,,,,,,,,,,,,,,,,,,,,,,,,,,,,,,,,,,
DRIEMS Institute of Health Sciences and Hospital,,,,,,,,,,,,,,,,,,,,,,,,,,,,,,,,,,,,,,,,
DY Patil University,,,,,,,,,,,,,,,,,,,,,,,,,,,,,,,,,,,,,,,,
Darbhanga Medical College,,,,,,,,,,,,,,,,,,,,,,,,,,,,,,,,,,,,,,,,
Datta Meghe Medical College,,,,,,,,,,,,,,,,,,,,,,,,,,,,,,,,,,,,,,,,
Dayanand Medical College & Hospital,,,,,,,,,,,,,,,,,,,,,,,,,,,,,,,,,,,,,,,,
Deccan College of Medical Sciences,,,,,,,,,,,,,,,,,,,,,,,,,,,,,,,,,,,,,,,,
Dhanalakshmi Srinivasan Medical College and Hospital,,,,,,,,,,,,,,,,,,,,,,,,,,,,,,,,,,,,,,,,
Dharanidhar Medical College & Hospital,,,,,,,,,,,,,,,,,,,,,,,,,,,,,,,,,,,,,,,,
Dhubri Medical College,,,,,,,24559,,,,1054146,,,,24398,,,,839683,,,,23919,853767,,,,,,128481,,,,,,,156454,,,
Diamond Harbour Government Medical College and Hospital,,,,,,,20183,,,,,,,,21607,,,,,,,,18398,,,,,,,134455,,,,,,,137355,,,
Diphu Medical College & Hospital,,,,,,,27591,,,,,,,,24537,,,,,,,,24241,,,,,,,122946,,,,,,,123983,,,
Doon Medical College,,,,,,,,,,,,,,,,,,,,,,,,,,,,,,,,,,,,,,,,
Dr B R Ambedkar State Institute of Medical Sciences,,,,,,,15966,,,,,,,,20991,,,,,,,,14883,,,,,,,85742,,,,,,,118459,,,
Dr BR Ambedkar Medical College,,,,,,,,,,,,,,,,,,,,,,,,,,,,,,,,,,,,,,,,
Dr S S Tantia Medical College Hospital & Research Centre,,,,,,,,,,,,,,,,,,,,,,,,,,,,,,,,,,,,,,,,
Dr SN Medical College,,,,,,,,,,,,,,,,,,,,,,,,,,,,,,,,,,,,,,,,
Dr Vaishampayan Memorial Medical College,,,,,,,16984,,,,488912,,,,21127,,,,,,,,15732,,,,,,,101346,,,,,,,125253,,,
Dr. B.S. Kushwah Institute of Medical Sciences,,,,,,,,,,,,,,,,,,,,,,,,,,,,,,,,,,,,,,,,
Dr. Baba Saheb Ambedkar Medical College,,,,,,,,,,,,,,,,,,,,,,,,,,,,,,,,,,,,,,,,
Dr. Chandramma Dayananda Sagar Instt. of Medical Education & Research,,,,,,,,,,,,,,,,,,,,,,,,,,,,,,,,,,,,,,,,
Dr. D Y Patil Medical College,,,,,,,559003,,,,552457,,,,552608,,,,,,,,559321,,,,,,,424931,,,,,,,549511,,,
Dr. KNS Memorial Institute of Medical Sciences,,,,,,,,,,,,,,,,,,,,,,,,,,,,,,,,,,,,,,,,
Dr. M.K. Shah Medical College & Research Centre,,,,,,,,,,,,,,,,,,,,,,,,,,,,,,,,,,,,,,,,
Dr. Moopen s Medical College,,,,,,,,,,,,,,,,,,,,,,,,,,,,,,,,,,,,,,,,
Dr. N Y Tasgaonkar Institute of Medical Science,,,,,,,,,,,,,,,,,,,,,,,,,,,,,,,,,,,,,,,,
Dr. N.D. Desai Faculty of Medical Science and Research,,,,,,,,,,,,,,,,,,,,,,,,,,,,,,,,,,,,,,,,
Dr. P.S.I. Medical College,,,,,,,1797,,,,,,,,2446,,,,,,,,6924,,,,,,,15472,,,,,,,17899,,,
Dr. Panjabrao Alias Bhausaheb Deshmukh Memorial Medical College,,,,,,,,,,,,,,,,,,,,,,,,,,,,,,,,,,,,,,,,
Dr. Patnam Mahender Reddy Institute of Medical Sciences,,,,,,,,,,,,,,,,,,,,,,,,,,,,,,,,,,,,,,,,
Dr. Radhakrishnan Government Medical College,,,,,,,13629,,,,,,,,13114,,,,,,,,12059,,,,,,,125662,,,,,,,74780,,,
Dr. Rajendar Prasad Government Medical College,,,,,,,,,,,,,,,,,,,,,,,,,,,,,,,,,,,,,,,,
Dr. Rajendra Gode Medical College,,,,,,,7033,,,,,,,,9306,,,,299580,,,,4461,,,,,,,56761,,,,,,,49048,,,
Dr. Ram Manohar Lohia Institute of Medical Sciences,,,,,,,4324,,,,345945,,,,5607,,,,206722,,,,3956,,,,,,,46848,,,,,,,73932,,,
Dr. Shankarrao Chavan Govt. Medical College,,,,,,,,,,,,,,,,,,,,,,,,,,,,,,,,,,,,,,,,
Dr. Somervel Memorial CSI Hospital & Medical College,,,,,,,,,,,,,,,,,,,,,,,,,,,,,,,,,,,,,,,,
Dr. Ulhas Patil Medical College & Hospital,,,,,,,562584,,,,,,,,568637,,,,,,,,568091,,,,,,,547346,,,,,,,529005,,,
Dr. VRK Womens Medical College,,,,,,,,,,,,,,,,,,,,,,,,,,,,,,,,,,,,,,,,
Dr. Vithalrao Vikhe Patil Foundations Medical College & Hospital,,,,,,,,,,,,,,,,,,,,,,,,,,,,,,,,,,,,,,,,
Dr.Kiran C.Patel Medical College and Research Institute,,,,,,,,,,,,,,,,,,,,,,,,,,,,,,,,,,,,,,,,
Dr.Vasantrao Pawar Med. Col. Hosp. & Research Centre,,,,,,,,,,,,,,,,,,,,,,,,,,,,,,,,,,,,,,,,
Dumka Medical College,,,,,,,,,,,,,,,,,,,,,,,,,,,,,,,,,,,,,,,,
ESIC MEDICAL COLLEGE NARODA BAPUNAGAR,,,,,,,,,,,,,,,,,,,,,,,,,,,,,,,,,,,,,,,,
ESIC Medical College Ludhiana,,,,,,,9021,,,,,,,,12540,,,,,,,,11513,,,,,,,70811,,,,,,,78268,,,
East Point College of Medical Sciences & Research Centre,,,,,,,,,,,,,,,,,,,,,,,,,,,,,,,,,,,,,,,,
East West Institute of Medical Sciences and Research,,,,,,,,,,,,,,,,,,,,,,,,,,,,,,,,,,,,,,,,
Employees State Insurance Coporation Medical College,,,,,,,11664,,,,,,,,10098,,,,500903,,,,9253,,,,,,,63399,,,,,,,90652,,,
Employees State Insurance Corporation Medical College,,,,,,,,,,,,,,,,,,,,,,,,,,,,,,,,,,,,,,,,
Era Lucknow Medical College,,,,,,,,,,,,,,,,,,,,,,,,,,,,,,,,,,,,,,,,
F.H. Medical College & Hospital,,,,,,,,,,,,,,,,,,,,,,,,,,,,,,,,,,,,,,,,
FAROOKH ACADEMY OF MEDICAL EDUCATION HOSPITAL AND RESEARCH INSTITUTE,,,,,,,,,,,,,,,,,,,,,,,,,,,,,,,,,,,,,,,,
Faculty of Medicine,,,,,,,,,,,,,,,,,,,,,,,,,,,,,,,,,,,,,,,,
Faculty of Medicine and Health Sciences,,,,,,,,,,,,,,,,,,,,,,,,,,,,,,,,,,,,,,,,
Fakhruddin Ali Ahmed Medical College,,,,,,,25088,,,,835898,,,,24189,,,,,,,,22882,,,,,,,126269,,,,,,,132035,,,
Father Colombo Institute of Medical Sciences,,,,,,,,,,,,,,,,,,,,,,,,,,,,,,,,,,,,,,,,
Father Mullers Medical College,,,,,,,,,,,,,,,,,,,,,,,,,,,,,,,,,,,,,,,,
Fathima Instt. of Medical Sciences,,,,,,,,,,,,,,,,,,,,,,,,,,,,,,,,,,,,,,,,
G R Medical College Hospital & Research Centre,,,,,,,,,,,,,,,,,,,,,,,,,,,,,,,,,,,,,,,,
G.S. Medical College & Hospital,,,,,,,,,,,,,,,,,,,,,,,,,,,,,,,,,,,,,,,,
GCS Medical College,,,,,,,,,,,,,,,,,,,,,,,,,,,,,,,,,,,,,,,,
GITAM Institute of Medical Sciences and Research,,,,,,,,,,,,,,,,,,,,,,,,,,,,,,,,,,,,,,,,
GMERS Medical College,,,,,,,,,,,,,,,,,,,,,,,,,,,,,,,,,,,,,,,,
GOVERMENT MEDICAL COLLEGE,,,,,,,27248,,,,530077,,,,11468,,,,,,,,9624,171368,,,,,,77275,,,,,,,100188,,,
GOVERNMENT MEDICAL COLLEGE PHULBANI,,,,,,,27248,,,,530077,,,,11468,,,,,,,,9624,171368,,,,,,77275,,,,,,,100188,,,
GOVERNMENT MEDICAL COLLEGE SINGRAULI,,,,,,,27248,,,,530077,,,,11468,,,,,,,,9624,171368,,,,,,77275,,,,,,,100188,,,
GSL Medical College,,,,,,,,,,,,,,,,,,,,,,,,,,,,,,,,,,,,,,,,
GSVM Medical College,,,,,,,,,,,,,,,,,,,,,,,,,,,,,,,,,,,,,,,,
Gajra Raja Medical College,,,,,,,12486,,,,,,,,11013,,,,513671,,,,9629,638119,,,,,,86074,,,,,,,103602,,,
Gandhi Medical College,,,,,,,,,,,,,,,,,,,,,,,,,,,,,,,,,,,,,,,,
Gauhati Medical College,,,,,,,,,,,,,,,,,,,,,,,,,,,,,,,,,,,,,,,,
Gautam Buddha Chikitsa Mahavidyalaya,,,,,,,,,,,,,,,,,,,,,,,,,,,,,,,,,,,,,,,,
Gayathri Vidya Parishad Institute of Health Care & Medical Technology,,,,,,,,,,,,,,,,,,,,,,,,,,,,,,,,,,,,,,,,
Geetanjali Medical College & Hospital,,,,,,,,,,,,,,,,,,,,,,,,,,,,,,,,,,,,,,,,
Gian Sagar Medical College & Hospital,,,,,,,,,,,,,,,,,,,,,,,,,,,,,,,,,,,,,,,,
Goa Medical College,,,,,,,,,,,,,,,,,,,,,,,,,,,,,,,,,,,,,,,,
Gouri Devi Institute of Medical Sciences and Hospital,,,,,,,,,,,,,,,,,,,,,,,,,,,,,,,,,,,,,,,,
Government Allopathic Medical College,,,,,,,,,,,,,,,,,,,,,,,,,,,,,,,,,,,,,,,,
Government Dharmapuri Medical College,,,,,,,27480,,,,,,,,14595,,,,,,,,14146,,,,,,,122029,,,,,,,155938,,,
Government Erode Medical College & Hospital,,,,,,,20617,,,,529061,,,,11284,,,,,,,,13063,856015,,,,,,100374,,,,,,,95901,,,
Government Medical College & ESIC Hospital,,,,,,,13769,,,,,,,,14291,,,,,,,,12463,,,,,,,81978,,,,,,,107309,,,
Government Medical College & Hospital Cuddalore,,,,,,,22414,,,,,,,,21269,,,,603213,,,,20276,813637,,,,,,109885,,,,,,,137949,,,
Government Medical College & Super facility Hospital,,,,,,,,,,,,,,,,,,,,,,,,,,,,,,,,,,,,,,,,
Government Medical College Jangaon,,,,,,,27248,,,,530077,,,,11468,,,,,,,,9624,171368,,,,,,77275,,,,,,,100188,,,
Government Medical College Kasaragod,,,,,,,27248,,,,530077,,,,11468,,,,,,,,9624,171368,,,,,,77275,,,,,,,100188,,,
Government Medical college and District Hospital,,,,,,,,,,,,,,,,,,,,,,,,,,,,,,,,,,,,,,,,
Government Siddhartha Medical College,,,,,,,,,,,,,,,,,,,,,,,,,,,,,,,,,,,,,,,,
Government Sivagangai Medical College,,,,,,,26504,,,,762860,,,,17780,,,,,,,,17093,1150464,,,,,,132577,,,,,,,163170,,,
Government Thiruvannamalai Medical College,,,,,,,,,,,,,,,,,,,,,,,,,,,,,,,,,,,,,,,,
Government Vellore Medical College,,,,,,,24674,,,,1217237,,,,19304,,,,,,,,12379,,,,,,,118737,,,,,,,137261,,,
Government Villupuram Medical College,,,,,,,,,,,,,,,,,,,,,,,,,,,,,,,,,,,,,,,,
Govt. Medical College,,,,,,,,,,,,,,,,,,,,,,,,,,,,,,,,,,,,,,,,
Govt. Mohan Kumaramangalam Medical College,,,,,,,25803,,,,685369,,,,17778,,,,,,,,10846,880131,,,1317661,,,98661,,,,,,,122239,,,
Grant Medical College,,,,,,,,,,,,,,,,,,,,,,,,,,,,,,,,,,,,,,,,
Graphic Era Institute of Medical Sciences,,,,,,,531490,,,,,,,,548043,,,,,,,,551948,,,,,,,519529,,,,,,,458660,,,
Great Eastern Medical School and Hospital,,,,,,,,,,,,,,,,,,,,,,,,,,,,,,,,,,,,,,,,
Gujarat Adani Institute of Medical Sciences,,,,,,,20650,,,,,,,,21284,,,,,,,,19915,,,,,,,123901,,,,,,,148837,,,
Gulbarga Institute of Medical Sciences,,,,,,,,,,,,,,,,,,,,,,,,,,,,,,,,,,,,,,,,
Guntur Medical College,,,,,,,,,,,,,,,,,,,,,,,,,,,,,,,,,,,,,,,,
Guru Govind Singh Medical College,,,,,,,19705,,,,,,,,13575,,,,,,,,16056,,,,,,,128593,,,,,,,118940,,,
H.B.T. Medical College & Dr. R.N. Cooper Municipal General Hospital,,,,,,,,,,,,,,,,,,,,,,,,,,,,,,,,,,,,,,,,
Hamdard Institute of Medical Sciences & Research,,,,,,,,,,,,,,,,,,,,,,,,,,,,,,,,,,,,,,,,
Hassan Institute of Medical Sciences,,,,1120646,,,22101,,,,874891,,,,21315,,,,361148,,,,16427,777291,,,,,,106590,,,,,,,57132,,,
Haveri Institute of Medical Sciences,,,,,,,,,,,,,,,,,,,,,,,,,,,,,,,,,,,,,,,,
Hazaribagh Medical College,,,,,,,,,,,,,,,,,,,,,,,,,,,,,,,,,,,,,,,,
Heritage Institute of Medical Sciences,,,,,,,26859,,,,981863,,,,22275,,,,,,,,24692,,,,,,,127389,,,,,,,154637,,,
Hi-Tech Medical College & Hospital,,,,,,,,,,,,,,,,,,,,,,,,,,,,,,,,,,,,,,,,
Himalaya Medical College and Hospital,,,,,,,,,,,,,,,,,,,,,,,,,,,,,,,,,,,,,,,,
Himalayan Institute of Medical Sciences,,,,,,,,,,,,,,,,,,,,,,,,,,,,,,,,,,,,,,,,
Hind Institute of Medical Sciences,,,,,,,,,,,,,,,,,,,,,,,,,,,,,,,,,,,,,,,,
ICARE Institute of Medical Sciences & Research,,,,,,,,,,,,,,,,,,,,,,,,,,,,,,,,,,,,,,,,
IQ-City Medical College,,,,,,,,,,,,,,,,,,,,,,,,,,,,,,,,,,,,,,,,
Index Medical College Hospital & Research Centre,,,,,,,,,,,,,,,,,,,,,,,,,,,,,,,,,,,,,,,,
Indian Institute of Medical Science & Research,,,,,,,,,,,,,,,,,,,,,,,,,,,,,,,,,,,,,,,,
Indira Gandhi Medical College & Hospital,,,,,,,13976,,,,572680,,,,5050,,,,,,,,3315,,,,,,,35718,,,,,,,70302,,,
Indira Gandhi Medical College & Research Institute,,,,,,,,,,,,,,,,,,,,,,,,,,,,,,,,,,,,,,,,
Indira Medical College & Hospitals,,,,,,,,,,,,,,,,,,,,,,,,,,,,,,,,,,,,,,,,
Institute of Medical Sciences & SUM Hospital,,,,,,,224209,,,,,,,,251320,,,,,,,,252400,,,,,,,251308,,,,,,,,,,
Institute of Postgraduate Medical Education & Research,,,,,,,5990,,,,670020,,,,5319,,,,,,,,3984,,,,162804,,,43433,,,,,,,78128,,,
Instt. Of Medical Sciences & SUM Hospital,,,,,,,,,,,,,,,,,,,,,,,,,,,,,,,,,,,,,,,,
Integral Institute of Medical Sciences & Research,,,,,,,,,,,,,,,,,,,,,,,,,,,,,,,,,,,,,,,,
J R Medical College and Hospital,,,,,,,,,,,,,,,,,,,,,,,,,,,,,,,,,,,,,,,,
JIET Medical College And Hospital,,,,,,,,,,,,,,,,,,,,,,,,,,,,,,,,,,,,,,,,
JIS School of Medical Science & Research,,,,,,,,,,,,,,,,,,,,,,,,,,,,,,,,,,,,,,,,
JJM Medical College,,,,,,,,,,,,,,,,,,,,,,,,,,,,,,,,,,,,,,,,
JMN Medical College,,,,,,,,,,,,,,,,,,,,,,,,,,,,,,,,,,,,,,,,
JSS Medical College,,,,,,,,,,,,,,,,,,,,,,,,,,,,,,,,,,,,,,,,
Jagadguru Gangadhar Mahaswamigalu Moorusavirmath Medical College JGMMMC,,,,,,,203475,,,,,,,,204054,,,,,,,,204107,,,,,,,179904,,,,,,,822952,,,
Jagannath Gupta Institute of Medical Sciences and Hospital,,,,,,,,,,,,,,,,,,,,,,,,,,,,,,,,,,,,,,,,
Jaipur National University Institute of Medical Sciences and Resarch Centre,,,,,,,,,,,,,,,,,,,,,,,,,,,,,,,,,,,,,,,,
Jakir Hossain Medical College and Research Institute,,,,,,,,,,,,,,,,,,,,,,,,,,,,,,,,,,,,,,,,
Jannayak Karpoori Thakur Medical College & Hospital,,,,,,,20744,,,,,,,,21362,,,,,,,,18791,,,,,,,108923,,,,,,,143165,,,
Jawaharlal Institute of Postgraduate Medical Education & Research,,,,,,,,,,,,,,,,,,,,,,,,,,,,,,,,,,,,,,,,
Jawaharlal Nehru Medical College,,,,354630,,,15591,,,,668021,,,,16190,,,,,,,,16094,339420,,,,,,108069,,,,,,,135676,,,
Jhalawar Medical College,,,,1261180,,,11375,,,,,,,,14853,,,,,,,,9592,,,,,,,70759,,,,,,,129004,,,
Jhargram Government Medical College & Hospital,,,,,,,,,,,,,,,,,,,,,,,,,,,,,,,,,,,,,,,,
Jorhat Medical College & Hospital,,,,,,,,,,,,,,,,,,,,,,,,,,,,,,,,,,,,,,,,
Jubilee Mission Medical College & Research Institute,,,,,,,,,,,,,,,,,,,,,,,,,,,,,,,,,,,,,,,,
K A P Viswanathan Government Medical College,,,,,,,,,,,,,,,,,,,,,,,,,,,,,,,,,,,,,,,,
K S Hegde Medical Academy,,,,,,,,,,,,,,,,,,,,,,,,,,,,,,,,,,,,,,,,
K V G Medical College,,,,,,,,,,,,,,,,,,,,,,,,,,,,,,,,,,,,,,,,
K.D. Medical College Hospital & Research Centre,,,,,,,,,,,,,,,,,,,,,,,,,,,,,,,,,,,,,,,,
K.H. Patil Institute of Medical Sciences,,,,,,,25779,,,,1091018,,,,23104,,,,609109,,,,21117,,,,,,,125912,,,,,,,149775,,,
KJ Somaiyya Medical College & Research Centre,,,,,,,,,,,,,,,,,,,,,,,,,,,,,,,,,,,,,,,,
KMC Medical College & Hospital,,,,,,,,,,,,,,,,,,,,,,,,,,,,,,,,,,,,,,,,
KMCH Institute of Health Sciences and Research,,,,,,,,,,,,,,,,,,,,,,,,,,,,,,,,,,,,,,,,
KMCT Medical College,,,,,,,,,,,,,,,,,,,,,,,,,,,,,,,,,,,,,,,,
KPC Medical College,,,,,,,,,,,,,,,,,,,,,,,,,,,,,,,,,,,,,,,,
Kakatiya Medical College,,,,550063,,,20320,,,,894559,,,,17935,,,,212464,,,,16074,,,,1024283,,,104907,,,,972798,,,98551,,,
Kalinga Institute of Medical Sciences,,,,,,,,,,,,,,,,,,,,,,,,,,,,,,,,,,,,,,,,
Kalpana Chawala Govt. Medical College,,,,,,,11738,,,,,,,,12643,,,,,,,,8848,,,,,,,69792,,,,,,,102736,,,
Kalyan Singh Government Medical College,,,,,,,17761,,,,662936,,,,15147,,,,,,,,13787,,,,,,,80520,,,,,,,113360,,,
Kamineni Academy of Medical Sciences & Research Center,,,,,,,,,,,,,,,,,,,,,,,,,,,,,,,,,,,,,,,,
Kamineni Institute of Medical Sciences,,,,,,,,,,,,,,,,,,,,,,,,,,,,,,,,,,,,,,,,
Kanachur Institute of Medical Sciences,,,,,,,425313,,,,,,,,430165,,,,,,,,428876,,,,,,,417993,,,,,,,,,,
Kannur Medical College,,,,,,,,,,,,,,,,,,,,,,,,,,,,,,,,,,,,,,,,
KanyaKumari Government Medical College,,,,,,,27350,,,,912778,,,,18953,,,,696523,,,,12606,,,,,,,126293,,,,,,,160607,,,
Kanyakumari Medical Mission Research Centre,,,,,,,,,,,,,,,,,,,,,,,,,,,,,,,,,,,,,,,,
Karnataka Institute of Medical Sciences,,,,,,,,,,,,,,,,,,,,,,,,,,,,,,,,,,,,,,,,
Karpaga Vinayaga Institute of Medical Sciences,,,,,,,,,,,,,,,,,,,,,,,,,,,,,,,,,,,,,,,,
Karpagam Faculty of Medical Sciences & Research,,,,,,,,,,,,,,,,,,,,,,,,,,,,,,,,,,,,,,,,
Karuna Medical College,,,,,,,,,,,,,,,,,,,,,,,,,,,,,,,,,,,,,,,,
Karwar Institute of Medical Sciences,,,,,,,,,,,,,,,,,,,,,,,,,,,,,,,,,,,,,,,,
Kasturba Medical College,,,,,,,,,,,,,,,,,,,,,,,,,,,,,,,,,,,,,,,,
Katihar Medical College,,,,,,,,,,,,,,,,,,,,,,,,,,,,,,,,,,,,,,,,
Katuri Medical College,,,,,,,,,,,,,,,,,,,,,,,,,,,,,,,,,,,,,,,,
Kempegowda Institute of Medical Sciences,,,,,,,24823,,,,,,,,18162,,,,,,,,17820,,,,,,,122693,,,,,,,154007,,,
Kerala Medical College,,,,,,,,,,,,,,,,,,,,,,,,,,,,,,,,,,,,,,,,
Khaja Bandanawaz University - Faculty of Medical Sciences,,,,,,,,,,,,,,,,,,,,,,,,,,,,,,,,,,,,,,,,
Kilpauk Medical College,,,,,,,,,,,,,,,,,,,,,,,,,,,,,,,,,,,,,,,,
King George Medical University,,,,,,,,,,,,,,,,,,,,,,,,,,,,,,,,,,,,,,,,
Kiran Medical College,,,,,,,,,,,,,,,,,,,,,,,,,,,,,,,,,,,,,,,,
Kodagu Institute of Medical Sciences,,,,,,,,,,,,,,,,,,,,,,,,,,,,,,,,,,,,,,,,
Kokrajhar Medical College,,,,,,,,,,,,,,,,,,,,,,,,,,,,,,,,,,,,,,,,
Konaseema Institute of Medical Sciences & Research Foundation,,,,,,,,,,,,,,,,,,,,,,,,,,,,,,,,,,,,,,,,
Koppal Institute of Medical Sciences,,,,,,,,,,,,,,,,,,,,,,,,,,,,,,,,,,,,,,,,
Krishna Institute of Medical Sciences,,,,,,,,,,,,,,,,,,,,,,,,,,,,,,,,,,,,,,,,
Krishna Mohan Medical College & Hospital,,,,,,,,,,,,,,,,,,,,,,,,,,,,,,,,,,,,,,,,
Krishnanagar Institute of Medical Sciences,,,,,,,425313,,,,,,,,430165,,,,,,,,428876,,,,,,,417993,,,,,,,,,,
Kurnool Medical College,,,,,,,18948,,,,532611,,,,20110,,,,,,,,18682,,,,,,,60250,,,,,,,149932,,,
L.N. Medical College and Research Centre,,,,,,,,,,,,,,,,,,,,,,,,,,,,,,,,,,,,,,,,
LLRM Medical College,,,,,,,,,,,,,,,,,,,,,,,,,,,,,,,,,,,,,,,,
LNCT Medical College & Sewakunj Hospital,,,,,,,,,,,,,,,,,,,,,,,,,,,,,,,,,,,,,,,,
Lady Hardinge Medical College,,,,,,,1770,,,,69614,,,,1470,,,,910562,,,,826,,,,366292,,,13242,,,,631966,,,28885,,,
Lakhimpur Medical College,,,,,,,,,,,,,,,,,,,,,,,,,,,,,,,,,,,,,,,,
Late Shri Baliram Kashyap Memorial NDMC Govt. Medical College,,,,,,,,,,,,,,,,,,,,,,,,,,,,,,,,,,,,,,,,
Late Shri Lakhi Ram Agrawal Memorial Govt. Medical College,,,,,,,,,,,,,,,,,,,,,,,,,,,,,,,,,,,,,,,,
Late Smt. Indira Gandhi Memorial Government Medical College,,,,,,,,,,,,,,,,,,,,,,,,,,,,,,,,,,,,,,,,
Laxmi Chandravansi Medical College & Hospital,,,,,,,,,,,,,,,,,,,,,,,,,,,,,,,,,,,,,,,,
Lord Buddha Koshi Medical College and Hospital,,,,,,,,,,,,,,,,,,,,,,,,,,,,,,,,,,,,,,,,
M E S Medical College,,,,,,,,,,,,,,,,,,,,,,,,,,,,,,,,,,,,,,,,
M G M Medical College,,,,,,,,,,,,,,,,,,,,,,,,,,,,,,,,,,,,,,,,
M S Ramaiah Medical College,,,,,,,,,,,,,,,,,,,,,,,,,,,,,,,,,,,,,,,,
MAHABODHI MEDICAL COLLEGE & HOSPITAL,,,,,,,,,,,,,,,,,,,,,,,,,,,,,,,,,,,,,,,,
MALATI MULTISPECIALITY HOSPITAL AND MEDICAL COLLEGE,,,,,,,,,,,,,,,,,,,,,,,,,,,,,,,,,,,,,,,,
MANSAROVAR MEDICAL COLLEGE AND MGU HOSPITAL,,,,,,,,,,,,,,,,,,,,,,,,,,,,,,,,,,,,,,,,
MKCG Medical College,,,,,,,,,,,,,,,,,,,,,,,,,,,,,,,,,,,,,,,,
MNR Medical College & Hospital,,,,,,,,,,,,,,,,,,,,,,,,,,,,,,,,,,,,,,,,
MP Shah Medical College,,,,,,,,,,,,,,,,,,,,,,,,,,,,,,,,,,,,,,,,
MVJ Medical College and Research Hospital,,,,,,,,,,,,,,,,,,,,,,,,,,,,,,,,,,,,,,,,
Madha Medical College and Hospital,,,,,,,,,,,,,,,,,,,,,,,,,,,,,,,,,,,,,,,,
Madhubani Medical College,,,,,,,,,,,,,,,,,,,,,,,,,,,,,,,,,,,,,,,,
Madurai Medical College,,,,,,,,,,,,,,,,,,,,,,,,,,,,,,,,,,,,,,,,
Mahadevappa Rampure Medical College,,,,,,,,,,,,,,,,,,,,,,,,,,,,,,,,,,,,,,,,
Mahamaya Rajkiya Allopathic Medical College,,,,,,,,,,,,,,,,,,,,,,,,,,,,,,,,,,,,,,,,
Maharaja Agrasen Medical College,,,,,,,,,,,,,,,,,,,,,,,,,,,,,,,,,,,,,,,,
Maharaja Jajati Keshari Medical College and Hospital,,,,,,,,,,,,,,,,,,,,,,,,,,,,,,,,,,,,,,,,
Maharajah Institute of Medical Sciences,,,,,,,,,,,,,,,,,,,,,,,,,,,,,,,,,,,,,,,,
Maharani Laxmi Bai Medical College,,,,,,,11771,,,,,,,,18571,,,,423415,,,,15060,,,,,,,117426,,,,,,,94711,,,
Maharashtra Institute of Medical Education & Research,,,,,,,,,,,,,,,,,,,,,,,,,,,,,,,,,,,,,,,,
Maharashtra Institute of Medical Sciences & Research,,,,,,,,,,,,,,,,,,,,,,,,,,,,,,,,,,,,,,,,
Maharishi Chyawan Medical College,,,,,,,,,,,,,,,,,,,,,,,,,,,,,,,,,,,,,,,,
Maharishi Markandeshwar Institute Of Medical Sciences & Research,,,,,,,,,,,,,,,,,,,,,,,,,,,,,,,,,,,,,,,,
Maharishi Markandeshwar Medical College & Hospital,,,,,,,,,,,,,,,,,,,,,,,,,,,,,,,,,,,,,,,,
Maharshi Devraha Baba Autonomous State Medical College,,,,,,,19950,,,,398557,,,,18399,,,,638119,,,,17882,,,,,,,110105,,,,,,,126634,,,
Mahatma Gandhi Medical College & Research Institute,,,,,,,,,,,,,,,,,,,,,,,,,,,,,,,,,,,,,,,,
Mahatma Gandhi Medical College and Hospital,,,,,,,,,,,,,,,,,,,,,,,,,,,,,,,,,,,,,,,,
Mahatma Gandhi Mission Medical College,,,,,,,235407,,,,,,,,251169,,,,,,,,256879,,,,,,,249381,,,,,,,,,,
Mahatma Gandhi Missions Medical College,,,,,,,,,,,,,,,,,,,,,,,,,,,,,,,,,,,,,,,,
Mahatma Vidur Autonomous State Medical College,,,,,,,18366,,,,683386,,,,22647,,,,,,,,20504,,,,,,,89715,,,,,,,132612,,,
Mahaveer Institute of Medical Sciences & Research,,,,,,,,,,,,,,,,,,,,,,,,,,,,,,,,,,,,,,,,
Mahavir Institute of Medical Sciences,,,,,,,,,,,,,,,,,,,,,,,,,,,,,,,,,,,,,,,,
Maheshwara Medical College,,,,,,,,,,,,,,,,,,,,,,,,,,,,,,,,,,,,,,,,
Major S D Singh Medical College and Hospital,,,,,,,,,,,,,,,,,,,,,,,,,,,,,,,,,,,,,,,,
Malabar Medical College,,,,,,,,,,,,,,,,,,,,,,,,,,,,,,,,,,,,,,,,
Malankara Orthodox Syrian Church Medical College,,,,,,,,,,,,,,,,,,,,,,,,,,,,,,,,,,,,,,,,
Malda Medical College & Hospital,,,,,,,,,,,,,,,,,,,,,,,,,,,,,,,,,,,,,,,,
Mallareddy Medical College for Women,,,,,,,465795,,,,,,,,461771,,,,,,,,468690,,,,,,,463073,,,,,,,448187,,,
Mamata Academy of Medical Sciences,,,,,,,,,,,,,,,,,,,,,,,,,,,,,,,,,,,,,,,,
Mamata Medical College,,,,,,,,,,,,,,,,,,,,,,,,,,,,,,,,,,,,,,,,
Mandya Institute of Medical Sciences,,,,,,,,,,,,,,,,,,,,,,,,,,,,,,,,,,,,,,,,
Manipal Tata Medical College,,,,,,,80816,,,,,,,,81737,,,,,,,,82158,,,,,,,543795,,,,,,,,,,
Mata Gujri Memorial Medical College,,,,,,,,,,,,,,,,,,,,,,,,,,,,,,,,,,,,,,,,
Matushri Prabhaben Khodabhai boghara medical college & research centre,,,,,,,,,,,,,,,,,,,,,,,,,,,,,,,,,,,,,,,,
Maulana Azad Medical College,,,,,,,336,,,,872584,,,,329,,,,22129,,,,151,,,,720596,,,2097,,,,,,,4268,,,
Medical College,,,,,,,,,,,,,,,,,,,,,,,,,,,,,,,,,,,,,,,,
Mediciti Institute Of Medical Sciences,,,,,,,,,,,,,,,,,,,,,,,,,,,,,,,,,,,,,,,,
Meenakshi Medical College and Research Institute,,,,,,,,,,,,,,,,,,,,,,,,,,,,,,,,,,,,,,,,
Melmaruvathur Adiparasakthi Instt. Medical Sciences and Research,,,,,,,,,,,,,,,,,,,,,,,,,,,,,,,,,,,,,,,,
Midnapore Medical College,,,,1165851,,,21496,,,,1117786,,,,23237,,,,,,,,23116,,,,,,,116051,,,,,,,163366,,,
Moti Lal Nehru Medical College,,,,,,,11148,,,,416208,,,,15821,,,,,,,,13691,,,,,,,76556,,,,,,,106052,,,
Mount Zion Medical College,,,,,,,,,,,,,,,,,,,,,,,,,,,,,,,,,,,,,,,,
Murshidabad Medical College & Hospitals,,,,,,,22637,,,,,,,,21475,,,,551245,,,,23918,,,,,,,118110,,,,,,,137721,,,
Muzaffarnagar Medical College,,,,,,,,,,,,,,,,,,,,,,,,,,,,,,,,,,,,,,,,
Mysore Medical College and Research Instt.,,,,,,,,,,,,,,,,,,,,,,,,,,,,,,,,,,,,,,,,
N. K. P. Salve Instt. of Medical Sciences and Research Centre and Lata Mangeshkar Hospital,,,,,,,,,,,,,,,,,,,,,,,,,,,,,,,,,,,,,,,,
N.C. Medical College & Hospital,,,,,,,,,,,,,,,,,,,,,,,,,,,,,,,,,,,,,,,,
NAMO Medical Education and Research Institute,,,,,,,,,,,,,,,,,,,,,,,,,,,,,,,,,,,,,,,,
NRI Medical College,,,,,,,,,,,,,,,,,,,,,,,,,,,,,,,,,,,,,,,,
Nagaland Institute of Medical Sciences & Research,,,,,,,,,,,,,,,,,,,,,,,,,,,,,,,,,,,,,,,,
Nagaon Medical College,,,,,,,,,,,,,,,,,,,,,,,,,,,,,,,,,,,,,,,,
Nalanda Medical College,,,,,,,,,,,,,,,,,,,,,,,,,,,,,,,,,,,,,,,,
Nalbari Medical College,,,,,,,,,,,,,,,,,,,,,,,,,,,,,,,,,,,,,,,,
Nandha Medical College & Hospital Erode,,,,,,,,,,,,,,,,,,,,,,,,,,,,,,,,,,,,,,,,
Nandi Medical College and Research Institute,,,,,,,,,,,,,,,,,,,,,,,,,,,,,,,,,,,,,,,,
Naraina Medical College & Research Centre,,,,,,,,,,,,,,,,,,,,,,,,,,,,,,,,,,,,,,,,
Narayan Medical College & Hospital,,,,,,,,,,,,,,,,,,,,,,,,,,,,,,,,,,,,,,,,
Narayana Medical College,,,,,,,,,,,,,,,,,,,,,,,,,,,,,,,,,,,,,,,,
Narendra Modi Medical College,,,,,,,,,,,,,,,,,,,,,,,,,,,,,,,,,,,,,,,,
National Capital Region Institute of Medical Sciences,,,,,,,,,,,,,,,,,,,,,,,,,,,,,,,,,,,,,,,,
National Institute of Medical Science & Research,,,,,,,28836,,,,1091018,,,,24982,,,,968342,,,,25032,1219592,,,,,,133872,,,,,,,168372,,,
Navodaya Medical College,,,,,,,,,,,,,,,,,,,,,,,,,,,,,,,,,,,,,,,,
Neelima Institute of Medical Sciences,,,,,,,,,,,,,,,,,,,,,,,,,,,,,,,,,,,,,,,,
Netaji Subhas Medical College & Hospital,,,,,,,,,,,,,,,,,,,,,,,,,,,,,,,,,,,,,,,,
Netaji Subhash Chandra Bose Medical College,,,,712821,,,19739,,,,694480,,,,19242,,,,532215,,,,13707,882166,,,,,,88324,,,,,,,106249,,,
Nilratan Sircar Medical College,,,,,,,9860,,,,,,,,9803,,,,43198,,,,8074,,,,,,,115319,,,,,,,108576,,,
Nimra Institute of Medical Sciences,,,,,,,,,,,,,,,,,,,,,,,,,,,,,,,,,,,,,,,,
Noida International Institute Of Medical Sciences,,,,,,,,,,,,,,,,,,,,,,,,,,,,,,,,,,,,,,,,
Nootan Medical College and Research Centre,,,,,,,,,,,,,,,,,,,,,,,,,,,,,,,,,,,,,,,,
North Bengal Medical College,,,,,,,17506,,,,860883,,,,19151,,,,,,,,15431,,,,1095405,,,112364,,,,1043751,,,138314,,,
North Delhi Muncipal Corporation Medical College,,,,,,,,,,,,,,,,,,,,,,,,,,,,,,,,,,,,,,,,
North Eastern Indira Gandhi Regional Instt. of Health and Medical Sciences,,,,,,,,,,,,,,,,,,,,,,,,,,,,,,,,,,,,,,,,
Nova Institute of Medical Sciences and Research Centre,,,,,,,,,,,,,,,,,,,,,,,,,,,,,,,,,,,,,,,,
Osmania Medical College,,,,,,,,,,,,,,,,,,,,,,,,,,,,,,,,,,,,,,,,
P E S Institute Of Medical Sciences and Research,,,,,,,,,,,,,,,,,,,,,,,,,,,,,,,,,,,,,,,,
P K Das Institute of Medical Sciences,,,,,,,,,,,,,,,,,,,,,,,,,,,,,,,,,,,,,,,,
PA Sangma International Medical College & Hospital,,,,,,,,,,,,,,,,,,,,,,,,,,,,,,,,,,,,,,,,
PABITRA MOHAN PRADHAN MEDICAL COLLEGE,,,,,,,,,,,,,,,,,,,,,,,,,,,,,,,,,,,,,,,,
PES University Institute of Medical Sciences and Reseach Bangalore,,,,,,,,,,,,,,,,,,,,,,,,,,,,,,,,,,,,,,,,
PKG MEDICAL COLLEGE,,,,,,,,,,,,,,,,,,,,,,,,,,,,,,,,,,,,,,,,
PSG Institute of Medical Sciences,,,,,,,,,,,,,,,,,,,,,,,,,,,,,,,,,,,,,,,,
PSP Medical College Hospital and Research Institute,,,,,,,,,,,,,,,,,,,,,,,,,,,,,,,,,,,,,,,,
PT NEKI RAM SHARMA GOVERNMENT MEDICAL COLLEGE,,,,,,,,,,,,,,,,,,,,,,,,,,,,,,,,,,,,,,,,
Pacific Medical College & Hospital,,,,,,,,,,,,,,,,,,,,,,,,,,,,,,,,,,,,,,,,
Padmashree Dr. D.Y.Patil Medical College,,,,,,,,,,,,,,,,,,,,,,,,,,,,,,,,,,,,,,,,
Palakkad Institute of Medical Sciences,,,,,,,,,,,,,,,,,,,,,,,,,,,,,,,,,,,,,,,,
Palamu Medical College,,,,,,,,,,,,,,,,,,,,,,,,,,,,,,,,,,,,,,,,
Pandit Deendayal Upadhyay Medical College,,,,,,,,,,,,,,,,,,,,,,,,,,,,,,,,,,,,,,,,
Panimalar Medical College Hospital & Research Institute,,,,,,,,,,,,,,,,,,,,,,,,,,,,,,,,,,,,,,,,
Parbhani Medical College,,,,,,,,,,,,,,,,,,,,,,,,,,,,,,,,,,,,,,,,
Parul Institute of Medical Sciences & Research,,,,,,,,,,,,,,,,,,,,,,,,,,,,,,,,,,,,,,,,
Patna Medical College,,,,,,,,,,,,,,,,,,,,,,,,,,,,,,,,,,,,,,,,
Peoples College of Medical Sciences & Research Centre,,,,,,,,,,,,,,,,,,,,,,,,,,,,,,,,,,,,,,,,
Pondicherry Institute of Medical Sciences & Research,,,,,,,,,,,,,,,,,,,,,,,,,,,,,,,,,,,,,,,,
Prafulla Chandra Sen Government Medical College & Hospital,,,,,,,23443,,,,,,,,23000,,,,,,,,22655,,,,,,,116418,,,,,,,154733,,,
Pragjyotishpur Medical College,,,,,,,,,,,,,,,,,,,,,,,,,,,,,,,,,,,,,,,,
Prakash Institute of Medical Sciences & Research,,,,,,,,,,,,,,,,,,,,,,,,,,,,,,,,,,,,,,,,
Pramukhswami Medical College,,,,,,,,,,,,,,,,,,,,,,,,,,,,,,,,,,,,,,,,
Prasad Institute of Medical Sciences,,,,,,,,,,,,,,,,,,,,,,,,,,,,,,,,,,,,,,,,
Prathima Institute Of Medical Sciences,,,,,,,,,,,,,,,,,,,,,,,,,,,,,,,,,,,,,,,,
Prathima Relief Institue of Medical Sciences,,,,,,,,,,,,,,,,,,,,,,,,,,,,,,,,,,,,,,,,
Pt. B D Sharma Postgraduate Institute of Medical Sciences,,,,,,,,,,,,,,,,,,,,,,,,,,,,,,,,,,,,,,,,
Pt. J N M Medical College,,,,,,,17052,,,,,,,,15288,,,,600513,,,,17642,976904,,,,,,40559,,,,,,,127868,,,
Pt. Jawahar Lal Nehru Government Medical College,,,,,,,21356,,,,785986,,,,13926,,,,482841,,,,15425,,,,,,,128345,,,,,,,106570,,,
Pt. Raghunath Murmu Medical College and Hospital,,,,,,,24254,,,,1209086,,,,22910,,,,,,,,22381,,,,,,,95267,,,,,,,135328,,,
Punjab Institute of Medical Sciences,,,,,,,,,,,,,,,,,,,,,,,,,,,,,,,,,,,,,,,,
Purulia Government Medical College & Hospital,,,,,,,,,,,,,,,,,,,,,,,,,,,,,,,,,,,,,,,,
Pushpagiri Institute Of Medical Sciences and Research Centre,,,,,,,,,,,,,,,,,,,,,,,,,,,,,,,,,,,,,,,,
R N T Medical College,,,,,,,,,,,,,,,,,,,,,,,,,,,,,,,,,,,,,,,,
R.V.M. Institute of Medical Sciences and Research Centre,,,,,,,,,,,,,,,,,,,,,,,,,,,,,,,,,,,,,,,,
RANIGANJ INSTITUTE OF MEDICAL SCIENCE,,,,,,,25155,,,,,,,,21600,,,,,,,,20475,,,,,,,136092,,,,,,,157230,,,
RG Kar Medical College,,,,,,,15673,,,,729205,,,,17873,,,,333335,,,,15973,,,,,,,99260,,,,,,,124137,,,
RIMT Medical College and Hospital,,,,,,,,,,,,,,,,,,,,,,,,,,,,,,,,,,,,,,,,
RKDF Medical College Hospital & Research Centre,,,,,,,,,,,,,,,,,,,,,,,,,,,,,,,,,,,,,,,,
RUHS College of Medical Sciences,,,,,,,,,,,,,,,,,,,,,,,,,,,,,,,,,,,,,,,,
Radha Devi Jageshwari Memorial Medical College and Hospital,,,,,,,,,,,,,,,,,,,,,,,,,,,,,,,,,,,,,,,,
Raichur Institute of Medical Sciences,,,,,,,,,,,,,,,,,,,,,,,,,,,,,,,,,,,,,,,,
Raiganj Government Medical College & Hospital,,,,,,,,,,,,,,,,,,,,,,,,,,,,,,,,,,,,,,,,
Raipur Institute of Medical Sciences,,,,,,,,,,,,,,,,,,,,,,,,,,,,,,,,,,,,,,,,
Rajarajeswari Medical College & Hospital,,,,,,,304472,,,,,,,,373595,,,,,,,,374370,,,,,,,369160,,,,,,,264678,,,
Rajashree Chatrapati Shahu Maharaj Government Medical College,,,,,,,17860,,,,,,,,22988,,,,,,,,14755,,,,,,,109205,,,,,,,131102,,,
Rajendra Institute of Medical Sciences,,,,,,,,,,,,,,,,,,,,,,,,,,,,,,,,,,,,,,,,
Rajiv Gandhi Institute of Medical Sciences,,,,,,,,,,,,,,,,,,,,,,,,,,,,,,,,,,,,,,,,
Rajiv Gandhi Medical College and Chhatrapati Shivaji Maharaj Hospital,,,,,,,,,,,,,,,,,,,,,,,,,,,,,,,,,,,,,,,,
Rajkiya Allopathic Medical College,,,,,,,,,,,,,,,,,,,,,,,,,,,,,,,,,,,,,,,,
Rajmata Shrimati Devendra kumari Singhdeo Government Medical College,,,,,,,23553,,,,,,,,22645,,,,835824,,,,20515,,,,,,,114126,,,,,,,150055,,,
Rajshree Medical Research Institute,,,,,,,,,,,,,,,,,,,,,,,,,,,,,,,,,,,,,,,,
Ram Krishna College Hospital & Research Centre,,,,,,,,,,,,,,,,,,,,,,,,,,,,,,,,,,,,,,,,
Rama Medical College Hospital and Research Centre,,,,,,,,,,,,,,,,,,,,,,,,,,,,,,,,,,,,,,,,
Rama Medical College and Hospital,,,,,,,,,,,,,,,,,,,,,,,,,,,,,,,,,,,,,,,,
Rampurhat Government Medical College & Hospital,,,,,,,,,,,,,,,,,,,,,,,,,,,,,,,,,,,,,,,,
Rangaraya Medical College,,,,,,,,,,,,,,,,,,,,,,,,,,,,,,,,,,,,,,,,
Regional Institute of Medical Sciences,,,,,,,22795,,,,,,,,25001,,,,915338,,,,19411,,,,,,,49134,,,,,,,141198,,,
Rohilkhand Medical College & Hospital,,,,,,,,,,,,,,,,,,,,,,,,,,,,,,,,,,,,,,,,
Rural Medical College,,,,,,,,,,,,,,,,,,,,,,,,,,,,,,,,,,,,,,,,
Ruxmaniben Deepchand Gardi Medical College,,,,,,,,,,,,,,,,,,,,,,,,,,,,,,,,,,,,,,,,
S N Medical College,,,,,,,,,,,,,,,,,,,,,,,,,,,,,,,,,,,,,,,,
S S Institute of Medical Sciences& Research Centre,,,,,,,,,,,,,,,,,,,,,,,,,,,,,,,,,,,,,,,,
S V Medical College,,,,,,,,,,,,,,,,,,,,,,,,,,,,,,,,,,,,,,,,
S V S Medical College,,,,,,,,,,,,,,,,,,,,,,,,,,,,,,,,,,,,,,,,
S. Nijalingappa Medical College & HSK Hospital & Research Centre,,,,,,,,,,,,,,,,,,,,,,,,,,,,,,,,,,,,,,,,
SAL Institute of Medical Sciences,,,,,,,,,,,,,,,,,,,,,,,,,,,,,,,,,,,,,,,,
SBKS Medical Instt. & Research Centre,,,,,,,,,,,,,,,,,,,,,,,,,,,,,,,,,,,,,,,,
SCB Medical College,,,,,,,,,,,,,,,,,,,,,,,,,,,,,,,,,,,,,,,,
SDM College of Medical Sciences & Hospital,,,,,,,,,,,,,,,,,,,,,,,,,,,,,,,,,,,,,,,,
SHRI MATA VAISHNO DEVI INSTITUTE OF MEDICAL EXCELLENCE,,,,,,,,,,,,,,,,,,,,,,,,,,,,,,,,,,,,,,,,
SHYAMLAL CHANDRASHEKHAR MEDICAL COLLEGE & S P N M HOPSITAL,,,,,,,,,,,,,,,,,,,,,,,,,,,,,,,,,,,,,,,,
SKS Hospital Medical College & Research Centre,,,,,,,,,,,,,,,,,,,,,,,,,,,,,,,,,,,,,,,,
SMBT Institute of Medical Sciences & Research Centre,,,,,,,,,,,,,,,,,,,,,,,,,,,,,,,,,,,,,,,,
SMS Medical College,,,,,,,,,,,,,,,,,,,,,,,,,,,,,,,,,,,,,,,,
SR Patil Medical College and Hospital,,,,,,,,,,,,,,,,,,,,,,,,,,,,,,,,,,,,,,,,
SRM Medical College Hospital & Research Centre,,,,,,,,,,,,,,,,,,,,,,,,,,,,,,,,,,,,,,,,
SRTR Medical College,,,,,,,,,,,,,,,,,,,,,,,,,,,,,,,,,,,,,,,,
ST Peters Medical College,,,,,,,,,,,,,,,,,,,,,,,,,,,,,,,,,,,,,,,,
SVIMS - Sri Padmavathi Medical College for Women,,,,1105329,,,25590,,,,784572,,,,22371,,,,622979,,,,21154,,,,,,,127213,,,,,,,143192,,,
Saheed Laxman Nayak Medical College & Hospital,,,,,,,25470,,,,,,,,23644,,,,,,,,24710,20550,,,,,,96023,,,,,,,151427,,,
Saheed Rendo Majhi Medical College & Hospital,,,,,,,,,,,,,,,,,,,,,,,,,,,,,,,,,,,,,,,,
Sambharam Institute of Medical Sciences & Research,,,,,,,,,,,,,,,,,,,,,,,,,,,,,,,,,,,,,,,,
Santhiram Medical College,,,,,,,,,,,,,,,,,,,,,,,,,,,,,,,,,,,,,,,,
Santiniketan Medical College,,,,,,,,,,,,,,,,,,,,,,,,,,,,,,,,,,,,,,,,
Santosh Medical College,,,,,,,,,,,,,,,,,,,,,,,,,,,,,,,,,,,,,,,,
Sapthagiri Institute of Medical Sciences & Research Centre,,,,,,,,,,,,,,,,,,,,,,,,,,,,,,,,,,,,,,,,
Saraswati Medical College,,,,,,,,,,,,,,,,,,,,,,,,,,,,,,,,,,,,,,,,
Sarat Chandra Chattopadhyay Government Medical College & Hospital,,,,,,,24725,,,,967175,,,,23195,,,,,,,,21824,,,,,,,122781,,,,,,,157936,,,
Sardar Patel Medical College,,,,469580,,,9099,,,,766494,,,,5298,,,,,,,,7815,,,,,,,43999,,,,,,,60630,,,
School of Medical Sciences,,,,,,,,,,,,,,,,,,,,,,,,,,,,,,,,,,,,,,,,
Shadan Institute of Medical Sciences,,,,,,,,,,,,,,,,,,,,,,,,,,,,,,,,,,,,,,,,
Shahed Nirmal Mahto Medical College & Hospital,,,,,,,17184,,,,567200,,,,17470,,,,,,,,16279,,,,,,,134200,,,,,,,105027,,,
Shaheed Hasan Khan Mewati Government Medical College,,,,,,,,,,,,,,,,,,,,,,,,,,,,,,,,,,,,,,,,
Shaikh-UL-Hind Maulana Mahmood Hasan Medical College,,,,,,,,,,,,,,,,,,,,,,,,,,,,,,,,,,,,,,,,
Shantabaa Medical College,,,,,,,,,,,,,,,,,,,,,,,,,,,,,,,,,,,,,,,,
Sharda School of Medical Sciences & Research,,,,,,,,,,,,,,,,,,,,,,,,,,,,,,,,,,,,,,,,
Sher-I-Kashmir Instt. Of Medical Sciences,,,,,,,,,,,,,,,,,,,,,,,,,,,,,,,,,,,,,,,,
Shija Academy of Health Sciences,,,,,,,,,,,,,,,,,,,,,,,,,,,,,,,,,,,,,,,,
Shillong Medical College,,,,,,,,,,,,,,,,,,,,,,,,,,,,,,,,,,,,,,,,
Shimoga Institute of Medical Sciences,,,,,,,,,,,,,,,,,,,,,,,,,,,,,,,,,,,,,,,,
Shree Narayan Medical Institute and Hospital,,,,,,,,,,,,,,,,,,,,,,,,,,,,,,,,,,,,,,,,
Shri Atal Bihari Vajpayee Government Medical College,,,,,,,16009,,,,,,,,14772,,,,,,,,16404,,,,,,,127722,,,,,,,123602,,,
Shri Atal Bihari Vajpayee Medical College & Research Institute,,,,,,,10609,,,,,,,,14519,,,,,,,,12566,,,,,,,131769,,,,,,,87135,,,
Shri B M Patil Medical College,,,,,,,,,,,,,,,,,,,,,,,,,,,,,,,,,,,,,,,,
Shri Balaji Institute of Medical Science,,,,,,,,,,,,,,,,,,,,,,,,,,,,,,,,,,,,,,,,
Shri Gorakshnath Medical College Hospital & Research Centre,,,,,,,,,,,,,,,,,,,,,,,,,,,,,,,,,,,,,,,,
Shri Guru Ram Rai Institute of Medical & Health Sciences,,,,,,,,,,,,,,,,,,,,,,,,,,,,,,,,,,,,,,,,
Shri Kalyan Govt. Medical College,,,,,,,11883,,,,669645,,,,9710,,,,,,,,9422,,,,,,,71568,,,,,,,66724,,,
Shri Krishna Medical College,,,,,,,,,,,,,,,,,,,,,,,,,,,,,,,,,,,,,,,,
Shri Lal Bahadur Shastri Government Medical College,,,,,,,,,,,,,,,,,,,,,,,,,,,,,,,,,,,,,,,,
Shri Ram Murti Smarak Institute of Medical Sciences,,,,,,,,,,,,,,,,,,,,,,,,,,,,,,,,,,,,,,,,
Shri Ramchandra Institute of Medical Sciences,,,,,,,,,,,,,,,,,,,,,,,,,,,,,,,,,,,,,,,,
Shri Ramkrishna Institute of Medical Sciences & Sanaka Hospitals,,,,,,,,,,,,,,,,,,,,,,,,,,,,,,,,,,,,,,,,
Shri Rawatpura Sarkar Institute of Medical Sciences and Research,,,,,,,,,,,,,,,,,,,,,,,,,,,,,,,,,,,,,,,,
Shri Shankaracharya Institute of Medical Sciences,,,,,,,,,,,,,,,,,,,,,,,,,,,,,,,,,,,,,,,,
Shri Siddhi Vinayak Medical College & Hospital,,,,,,,,,,,,,,,,,,,,,,,,,,,,,,,,,,,,,,,,
Shri Vasant Rao Naik Govt. Medical College,,,,322621,,,20507,,,,,,,,22392,,,,,,,,19224,,,,,,,115198,,,,,,,134061,,,
Shridevi Institute of Medical Sciences & Research Hospital,,,,,,,,,,,,,,,,,,,,,,,,,,,,,,,,,,,,,,,,
Shyam Shah Medical College,,,,,,,,,,,,,,,,,,,,,,,,,,,,,,,,,,,,,,,,
Siddaganga Medical College and Research Institute,,,,,,,,,,,,,,,,,,,,,,,,,,,,,,,,,,,,,,,,
Sikkim Manipal Institute of Medical Sciences,,,,,,,,,,,,,,,,,,,,,,,,,,,,,,,,,,,,,,,,
Silchar Medical College,,,,,,,20877,,,,887069,,,,22753,,,,,,,,22596,,,,1219805,,,111811,,,,,,,110341,,,
Sindhudurg Shikshan Prasarak Mandal  Medical College & Lifetime Hospital,,,,,,,,,,,,,,,,,,,,,,,,,,,,,,,,,,,,,,,,
Smt Sakhubai Narayanrao Katkade Medical College and Research Center,,,,,,,,,,,,,,,,,,,,,,,,,,,,,,,,,,,,,,,,
Smt. Kashibai Navale Medical College and General Hospital,,,,,,,,,,,,,,,,,,,,,,,,,,,,,,,,,,,,,,,,
Smt. N.H.L.Municipal Medical College,,,,,,,,,,,,,,,,,,,,,,,,,,,,,,,,,,,,,,,,
Soban Singh Jeena Government Institute of Medical Science & Research,,,,,,,19690,,,,,,,,18681,,,,,,,,18062,,,,,,,103369,,,,,,,128126,,,
Sree Gokulam Medical College Trust & Research Foundation,,,,,,,,,,,,,,,,,,,,,,,,,,,,,,,,,,,,,,,,
Sree Mookambika Institute of Medical Sciences,,,,,,,,,,,,,,,,,,,,,,,,,,,,,,,,,,,,,,,,
Sree Narayana Instt. of Medical Sciences,,,,,,,,,,,,,,,,,,,,,,,,,,,,,,,,,,,,,,,,
Sree Uthradom Thiurnal Academy of Medical Sciences,,,,,,,,,,,,,,,,,,,,,,,,,,,,,,,,,,,,,,,,
Sri Aurobindo Medical College and Post Graduate Institute,,,,,,,,,,,,,,,,,,,,,,,,,,,,,,,,,,,,,,,,
Sri Balaji Medical College,,,,,,,,,,,,,,,,,,,,,,,,,,,,,,,,,,,,,,,,
Sri Bhausaheb Hire Government Medical College,,,,,,,19644,,,,,,,,19149,,,,,,,,18032,,,,1317661,,,107330,,,,984561,,,132913,,,
Sri Chamundeshwari Medical College Hospital & Research Institute,,,,,,,,,,,,,,,,,,,,,,,,,,,,,,,,,,,,,,,,
Sri Devaraj URS Medical College,,,,,,,,,,,,,,,,,,,,,,,,,,,,,,,,,,,,,,,,
Sri Guru Ram Das Institute of Medical Sciences and Research,,,,,,,,,,,,,,,,,,,,,,,,,,,,,,,,,,,,,,,,
Sri Jagannath Medical College & Hospital,,,,,,,19811,,,,,,,,24273,,,,573424,,,,23183,897947,,,,,,90419,,,,,,,108085,,,
Sri Lakshmi Narayana Institute of Medical Sciences,,,,,,,1094534,,,,,,,,1253815,,,,1219592,,,,1160343,780966,,,,,,1248912,,,,,,,907466,,,
Sri Madhusudan Sai Institute of Medical Sciences and Research,,,,,,,,,,,,,,,,,,,,,,,,,,,,,,,,,,,,,,,,
Sri Manakula Vinayagar Medical College & Hospital,,,,,,,,,,,,,,,,,,,,,,,,,,,,,,,,,,,,,,,,
Sri Muthukumaran Medical College,,,,,,,,,,,,,,,,,,,,,,,,,,,,,,,,,,,,,,,,
Sri Siddhartha Medical College,,,,,,,291304,,,,,,,,292872,,,,,,,,293210,,,,,,,289638,,,,,,,280475,,,
Sri Venkateswaraa Medical College,,,,1009162,,,19070,,,,600375,,,,17788,,,,,,,,17349,,,,1044758,,,114845,,,,,,,152750,,,
Sri Venkateswaraa Medical College Hospital and Research Institute,,,,,,,,,,,,,,,,,,,,,,,,,,,,,,,,,,,,,,,,
Sri siddhartha Institute of Medical Sciences & Research Centre,,,,,,,,,,,,,,,,,,,,,,,,,,,,,,,,,,,,,,,,
Srinivas Institute of Medical Research Centre,,,,,,,,,,,,,,,,,,,,,,,,,,,,,,,,,,,,,,,,
Srinivasan Medical College and Hospital,,,,,,,,,,,,,,,,,,,,,,,,,,,,,,,,,,,,,,,,
St. Johns Medical College,,,,,,,,,,,,,,,,,,,,,,,,,,,,,,,,,,,,,,,,
Subbaiah Institute of Medical Sciences,,,,,,,,,,,,,,,,,,,,,,,,,,,,,,,,,,,,,,,,
Subharti Medical College,,,,,,,,,,,,,,,,,,,,,,,,,,,,,,,,,,,,,,,,
Sudha Medical College,,,,,,,,,,,,,,,,,,,,,,,,,,,,,,,,,,,,,,,,
Sukh Sagar Medical College & Hospital,,,,,,,,,,,,,,,,,,,,,,,,,,,,,,,,,,,,,,,,
Sundarlal Patwa Govt. Medical College,,,,1050151,,,18725,,,,,,,,17853,,,,,,,,15689,,,,1155606,,,100466,,,,990215,,,118199,,,
Surabhi Institute of Medical Sciences,,,,,,,,,,,,,,,,,,,,,,,,,,,,,,,,,,,,,,,,
Surat Municipal Institute of Medical Education & Research,,,,,,,,,,,,,,,,,,,,,,,,,,,,,,,,,,,,,,,,
Swaminayaran Institute of Medical Sciences & Research,,,,,,,,,,,,,,,,,,,,,,,,,,,,,,,,,,,,,,,,
Swamy Vivekanandha Medical College Hospital And Research Institute,,,,,,,,,,,,,,,,,,,,,,,,,,,,,,,,,,,,,,,,
T D Medical College,,,,,,,,,,,,,,,,,,,,,,,,,,,,,,,,,,,,,,,,
T S Misra Medical College & Hospital,,,,,,,,,,,,,,,,,,,,,,,,,,,,,,,,,,,,,,,,
TAKSHASHILA MEDICAL COLLEGE,,,,,,,,,,,,,,,,,,,,,,,,,,,,,,,,,,,,,,,,
TRR Institute of Medical Sciences,,,,,,,,,,,,,,,,,,,,,,,,,,,,,,,,,,,,,,,,
Tagore Medical College and Hospital,,,,,,,,,,,,,,,,,,,,,,,,,,,,,,,,,,,,,,,,
Tamralipto Government Medical College & Hospital,,,,,,,,,,,,,,,,,,,,,,,,,,,,,,,,,,,,,,,,
Teerthanker Mahaveer Medical College,,,,,,,,,,,,,,,,,,,,,,,,,,,,,,,,,,,,,,,,
Terna Medical College,,,,,,,,,,,,,,,,,,,,,,,,,,,,,,,,,,,,,,,,
Tezpur Medical College & Hospital,,,,,,,,,,,,,,,,,,,,,,,,,,,,,,,,,,,,,,,,
Thanjavur Medical College,,,,,,,27846,,,,,,,,13841,,,,576752,,,,12188,1063482,,,,,,97800,,,,,,,145207,,,
The Oxford Medical College,,,,,,,,,,,,,,,,,,,,,,,,,,,,,,,,,,,,,,,,
Theni Government Medical College,,,,,,,27215,,,,,,,,20670,,,,,,,,13356,,,,,,,127064,,,,,,,161051,,,
Thiruvarur Govt. Medical College,,,,,,,,,,,,,,,,,,,,,,,,,,,,,,,,,,,,,,,,
Thoothukudi Medical College,,,,,,,28267,,,,802244,,,,14840,,,,,,,,14263,1110300,,,,,,127205,,,,,,,161326,,,
Tinsukia Medical College,,,,,,,,,,,,,,,,,,,,,,,,,,,,,,,,,,,,,,,,
Tirunelveli Medical College,,,,,,,,,,,,,,,,,,,,,,,,,,,,,,,,,,,,,,,,
Tomo Riba Institute of Health & Medical Sciences,,,,,,,28007,,,,,,,,24820,,,,,,,,23271,,,,,,,128844,,,,,,,155094,,,
Travancore Medical College,,,,,,,,,,,,,,,,,,,,,,,,,,,,,,,,,,,,,,,,
Trichy SRM Medical College Hospital & Research Centre,,,,,,,,,,,,,,,,,,,,,,,,,,,,,,,,,,,,,,,,
Tripura Medical College and Dr. B R A M Teaching Hospital,,,,,,,,,,,,,,,,,,,,,,,,,,,,,,,,,,,,,,,,
Tripura Santiniketan Medical College & Hospital,,,,,,,,,,,,,,,,,,,,,,,,,,,,,,,,,,,,,,,,
Uma Nath Singh Autonomous State Medical College Society Jaunpur,,,,,,,20432,,,,759811,,,,19687,,,,,,,,19305,,,,,,,112192,,,,,,,131998,,,
United Institute of Medical Sciences,,,,,,,,,,,,,,,,,,,,,,,,,,,,,,,,,,,,,,,,
University College of Medical Sciences & GTB Hospital,,,,945778,,,581,,,,231746,,,,884,,,,836006,,,,390,,,,,,,4315,,,,,,,16132,,,
Uttar Pradesh University of Medical Sciences,,,,,,,12986,,,,,,,,18675,,,,,,,,15633,,,,,,,125688,,,,,,,101873,,,
VELS Medical College & Hospital,,,,,,,,,,,,,,,,,,,,,,,,,,,,,,,,,,,,,,,,
VIRAAT RAMAYAN INSTITUTE OF MEDICAL SCIENCES,,,,,,,,,,,,,,,,,,,,,,,,,,,,,,,,,,,,,,,,
Vardhman Mahavir Medical College & Safdarjung Hospital,,,,660574,,,432,,,,255667,,,,327,,,,51395,,,,141,,,,1234779,,,1749,,,,,,,8852,,,
Varun Arjun Medical College,,,,,,,,,,,,,,,,,,,,,,,,,,,,,,,,,,,,,,,,
Vedantaa Institute of Medical Sciences,,,,,,,,,,,,,,,,,,,,,,,,,,,,,,,,,,,,,,,,
Veer Chandra Singh Garhwali Govt. Medical Sc. & Research Instt,,,,,,,,,,,,,,,,,,,,,,,,,,,,,,,,,,,,,,,,
Veer Surendra Sai Institute of Medical Sciences and Research,,,,,,,,,,,,,,,,,,,,,,,,,,,,,,,,,,,,,,,,
Velammal Medical College Hospital and Research Institute,,,,,,,,,,,,,,,,,,,,,,,,,,,,,,,,,,,,,,,,
Venkateshwara Institute of Medical Sciences,,,,,,,,,,,,,,,,,,,,,,,,,,,,,,,,,,,,,,,,
Vijaynagar Institute of Medical Sciences,,,,,,,,,,,,,,,,,,,,,,,,,,,,,,,,,,,,,,,,
Vinayaka Missions Kirupananda Variyar Medical College,,,,,,,,,,,,,,,,,,,,,,,,,,,,,,,,,,,,,,,,
Virendra Kumar Sakhlecha Government Medical College,,,,,,,16782,,,,,,,,18376,,,,,,,,17791,1150464,,,,,,99782,,,,,,,112450,,,
Viswabharathi Medical College,,,,,,,,,,,,,,,,,,,,,,,,,,,,,,,,,,,,,,,,
Vyas Medical College & Hospital,,,,,,,,,,,,,,,,,,,,,,,,,,,,,,,,,,,,,,,,
Vydehi Institute Of Medical Sciences & Research Centre,,,,,,,,,,,,,,,,,,,,,,,,,,,,,,,,,,,,,,,,
World College of Medical Sciences & Researc,,,,,,,,,,,,,,,,,,,,,,,,,,,,,,,,,,,,,,,,
Yadgiri Institute of Medical Sciences,,,,,,,,,,,,,,,,,,,,,,,,,,,,,,,,,,,,,,,,
Yenepoya Medical College,,,,,,,278908,,,,,,,,352306,,,,,,,,352756,,,,,,,342978,,,,,,,,,,
Zydus Medical College & Hospital,,,,,,,,,,,,,,,,,,,,,,,,,,,,,,,,,,,,,,,,
"Andaman and Nicobar Islands Institute of Medical Sciences, Port Blair",Andaman And Nicobar Islands,All India,MBBS,,,,23864,23864,,,864414,,,,25079,,,25079,,,,,23302,,23302,,,,,137759,,,137759,,,,144579,144579,,
"ACSR Government Medical College, Nellore",Andhra Pradesh,All India,MBBS,,,,,,24249,,,,,,,,20678,,,,,,,18015,,,1261284,,,,,121418,,,,,,,148849,
AIIMS Mangalagiri,Andhra Pradesh,Open Seat Quota,MBBS,,,,3329,,,,,396672,,,,3575,,,134684,,,,,,1930,,,,,,,23947,,385913,,,41495,,,
"Andhra Medical College, Visakhapatnam",Andhra Pradesh,All India,MBBS,,,,,,14523,,,760110,,,,,,22351,239246,,,,,,,16749,687949,,,,,73938,,,,,,,99342,
"GITAM Institute of Medical Sciences and Research, Visakhapatnam",Andhra Pradesh,Deemed/Paid Seats Quota,MBBS,,,,,,,,,,,,,,,,,,,,874883,,,,,,,,,,,,,,,,,
"GMC, Rajamahendravaram",Andhra Pradesh,All India,MBBS,1105329,,,,,26920,,,,1297492,,,,23967,,,,,,,,22562,,,,,,,,137713,,,,,,159140,
GOVERNMENT MEDICAL COLLEGE MACHILIPATNAM,Andhra Pradesh,All India,MBBS,,,,,,27555,,,,1220394,,,,,24873,,,,,,,23767,,,,,,,129335,,,,,,,160260,
GOVERNMENT MEDICAL COLLEGE VIZIANAGARAM,Andhra Pradesh,All India,MBBS,,,,,,27065,,,,,,,,,24826,,,,,,,,24744,,,,,,123552,,,,,,,164733,
"GUNTUR MEDICAL COLLEGE, GUNTUR",Andhra Pradesh,All India,MBBS,,,,,,20883,,,,,,,,19082,,351587,,,,,,,22516,,,,,,,134551,,,,,,97302,
Government Dental College RIMS Kadapa,Andhra Pradesh,All India,BDS,,,,,,,,,1341736,,,,,,73804,,,,,32463,,,71130,,,,,,,209155,,,,,,,267327
"Government Dental College and Hospital, Vijayawada",Andhra Pradesh,All India,BDS,,,,,49222,,,,,,,,,,65421,,,,,,,,61795,,,,,,,,,,,,198683,,
"Government Medical College, Anantapuram",Andhra Pradesh,All India,MBBS,,,,,,24228,,,,,,,,21305,,684264,1120646,1190461,,,,20484,,,,,,,124855,,,,,104292,,,
"Government Medical College, Eluru",Andhra Pradesh,All India,MBBS,,,,,25840,,,,,,,,,23986,,772515,,,,,,22511,,,,,,,127736,,,,,,,163235,
"Government Medical College, Thalarasingi village, Paderu",Andhra Pradesh,All India,MBBS,,,,,,26779,,,,,,,,,,,,,,,,23830,25004,,,,,,130106,,,,,,154000,,
"KURNOOL MEDICAL COLLEGE, KURNOOL",Andhra Pradesh,All India,MBBS,,,,,,,,532611,,,,,,20110,,,,,,,,18948,,,,,,60250,,,,,,,,149932,
"RAJIV GANDHI INSTITUTE OF MEDICAL SCIENCES, KADAPA",Andhra Pradesh,All India,MBBS,,,,,,25155,,,,,,,,21600,,,,,,,,20475,,,,,,,,136092,,,,,,157230,
RIMS Srikakulam,Andhra Pradesh,All India,MBBS,,,,,,25833,,,,,,,,,24716,713435,,,,,,21410,,,,,,,115549,,,,,,,158876,
"RIMS, Ongole",Andhra Pradesh,All India,MBBS,,,,,,25114,,986029,,,,,,21810,,,,,,,,21484,,,,,,,,136463,,,,,,152283,
"Rangaraya Medical College, Kakinada",Andhra Pradesh,All India,MBBS,,,,,,21877,,,,,,,,21517,,454524,212464,,,,,19259,,,,,,,,136024,,,,,,139570,
"SVIMS-Sri Padmavathi Medical College for Women, Tirupati",Andhra Pradesh,All India,MBBS,,,,,,25590,,784572,,,,,,22371,,622979,1105329,,,,,21154,,,,,,,127213,,,,,,143192,,
"Siddartha Medical College, Vijayawada",Andhra Pradesh,All India,MBBS,,,,,,20647,,,,,,,,19679,,632169,,,,,,18055,,,,,,,,135292,,,,,,,166206
"Sri Venkateswara Medical College, Tirupati",Andhra Pradesh,All India,MBBS,1009162,,,,19070,,,,,,,,,17788,,600375,,,,,,17349,,1044758,,,,,114845,,,,,,,152750,
mailto:principalgmcnandyala@gmail.com,Andhra Pradesh,All India,MBBS,,,,,,27140,,,,,,,,23743,,863726,1015093,1093139,,,,22479,,1190658,,,,,129354,,,,,,,165578,
"Tomo Riba Institute of Health and Medical Sciences, Naharlagun",Arunachal Pradesh,All India,MBBS,,,,,,28007,,,,,,,,24820,,,,,,,,23271,,,,,,,128844,,,,,,,155094,
AIIMS Guwahati,Assam,Open Seat Quota,MBBS,412043,,,,,,7484,349245,,,,,,4746,,28828,,,,,,3784,,611150,,,,30968,,,,,,,,,99762
"ASSAM MEDICAL COLLEGE, DIBRUGARH",Assam,All India,MBBS,,,,,,,,,,,,,,,24984,696159,,,,,,20421,,,,,,,122987,,,,,,95760,,
"Dhubri Medical College, Dhubri",Assam,All India,MBBS,,,,,24559,,,,1054146,,,,,24398,,839683,853767,,,,,23919,,,,,,,128481,,,,,,,156454,
"Diphu Medical College & Hospital, Assam",Assam,All India,MBBS,,,,,,27591,,,,,,,,24537,,,,,,,,24241,,,,,,,122946,,,,,,,123983,
"Fakhruddin Ali Ahmed Medical College, Barpeta",Assam,All India,MBBS,,,,,25088,,,835898,,,,,,24189,,,,,,,,22882,,,,,,,126269,,,,,,132035,,
"GUWAHATI MEDICAL COLLEGE, GUWAHATI",Assam,All India,MBBS,,,,,9884,,,,,,,,,,19839,692842,,,,,,9442,,,,,,54236,,,,,,68364,,,
Government Dental College Dibrugarh,Assam,All India,BDS,,,,,,,73362,,,,,,,,68853,,,,,,,,64340,,,,,,,201635,,,,,,,291341
"Government Dental College, Silchar",Assam,All India,BDS,,,,,,67684,,,,,,,,,73715,,,,,,,,66879,,,,,,,210372,,,,,,,
"Jorhat Medical College and Hospital, JORHAT",Assam,All India,MBBS,450745,,,,,23789,,,,,,,,23798,,,,,,,,23193,,,,,,,,135700,,,,102360,,,
Kokrajhar Medical College & Hospital Rangalikhata,Assam,All India,MBBS,,,,,,26579,,,,,,,,,,,,,,,,23893,25029,,,,,124761,,,,,,,,161406,
"Lakhimpur Medical College, North Lakhimpur",Assam,All India,MBBS,,,,,25040,,,,,,,,,,24879,,,,,,,24034,,,,,,,129033,,,,,,,161811,
"Nagaon Medical College, Nagaon",Assam,All India,MBBS,,,,,,28243,,,,,,,,24741,,,,,,,,24377,,,,,,,130006,,,,,,155715,,
"Nalbari Medical College & Hospital, Nalbari",Assam,All India,MBBS,,,,,,26980,,,,,,,,24438,,873477,1048804,,,,,23378,,,,,,124684,,,,,,,,152045,
"REGIONAL DENTAL COLLEGE, GUWAHATI",Assam,All India,BDS,,,,38439,,,,,,,,,,,60352,,,,,,,46558,,,,,,,,187870,,,,,,,301132
"SILCHAR MEDICAL COLLEGE, SILCHAR",Assam,All India,MBBS,,,,,20877,,,887069,,,,,,22753,,,,,,,,22596,,1219805,,,,111811,,,,,,,110341,,
"Tezpur Medical College, Tezpur",Assam,All India,MBBS,,,,,,26460,,,,,,,,24122,,867011,,,,,,23318,,,,,,,125462,,,,,,,159236,
"Tinsukia Medical College & Hospital, Tinsukia",Assam,All India,MBBS,,,,,,27503,,,,,,,,,,,,,,,,24570,25002,1189336,,,,,129427,,,,,,,,167635
"AIIMS, Patna",Bihar,Open Seat Quota,MBBS,,,,,,2927,,,,397717,,,,2004,,111299,,,,,,1476,,,661080,,,,19736,,862601,,,,42342,,
"ANUGRAH NARAYAN MAGADH MEDICAL COLLEGE, GAYA",Bihar,All India,MBBS,,,,,,18597,,595151,,,,,,17638,,,,,,,,16642,,,,,,,106585,,,,,,,,150774
"Darbhanga Medical College, Laheriasarai",Bihar,All India,MBBS,,,,,11720,,,,,,,,,12720,,451397,,,,,,10871,,,,,,,107003,,,,,,,134633,
"ESIC Medical College & Hospital, Bihta",Bihar,All India,MBBS,,,,,,,,,,,,,,15541,,,,,,,,15435,,,,,,81746,,,,,,,,,159542
"Government Dental College and Hospital, Nalanda",Bihar,All India,BDS,,,,,,49674,,,,,,,,41566,,,,,,,30647,,,,,,,172400,,,,,,,220450,,
"Government Medical College, Bettiah",Bihar,All India,MBBS,,,,,,20544,,,,,,,,,20871,,,,,,,,18499,,,,,,,134173,,,,,,136361,
"Indira Gandhi Institute of Medical Sciences, Patna",Bihar,All India,MBBS,619358,,,,,,,,,,,,,,,,,,,,,7077,9550,,828828,,,,,99466,,,,,,118278,
"Jannayak Karpoori Thakur Medical College and Hospital, Madhepura",Bihar,All India,MBBS,,,,,,20744,,,,,,,,,21362,,,,,,,18791,,,,,,108923,,,,,,,,143165,
"Jawaharlal Nehru Medical College, Bhagalpur",Bihar,All India,MBBS,,,,,15591,,,668021,,,,,,16190,,354630,,,339420,,,16094,,,,,,,108069,,,,,,,135676,
"NALANDA MEDICAL COLLEGE, PATNA",Bihar,All India,MBBS,,,,,,10575,,,,,,,,,,,,,,,,,11894,,,,,,93875,,,,,,96000,,
"PATNA DENTAL COLLEGE & HOSPITAL, PATNA",Bihar,All India,BDS,,,,,35186,,,,,,,,,,,,,,,,33022,,,,,,,,,138712,,,,,,,276080
"PATNA MEDICAL COLLEGE, PATNA",Bihar,All India,MBBS,,,,,4551,,,,,,,,,6022,,367978,,,,,4058,,,452638,,,,,71210,,,,,,,108120,
"SRI KRISHNA MEDICAL COLLEGE, MUZAFFARPUR",Bihar,All India,MBBS,,,,,,16721,,591909,,,,,,16943,,,,,,,,15676,,,,,,,,134139,,,,,,135028,
"VARDHMAN INSTITUTE OF MEDICAL SCIENCES, NALANDA",Bihar,All India,MBBS,,,,,,17800,,,,,,,,15695,,631977,,,,,,14778,,,,,,,106577,,,,,,,124924,
mailto:govt.mcpurnea@gmail.com,Bihar,All India,MBBS,,,,,19520,,,,,,,,,20070,,666481,,,,,,18787,,,,,,108895,,,,,,,134399,,
"GOVERNMENT MEDICAL COLLEGE AND HOSPITAL, CHANDIGARH",Chandigarh,All India,MBBS,,,,,1944,,,328843,,,,1754,,,,,,,,778,,,,,,,,11544,,,,,,,37027,,
"AIIMS, Raipur",Chhattisgarh,Open Seat Quota,MBBS,191753,,,,2371,,,210185,,,,,,,5074,,,,,,1180,,,437760,,,,13250,,,,,,,29829,,
"CHHATTISGARH INSTITUTE OF MEDICAL SCIENCES, BILASPUR",Chhattisgarh,All India,MBBS,940874,,,,,18228,,,,,,,,,21573,,,,,,,17074,,1161920,,,,69816,,,907579,,,,,,
"Chandulal Chandrakar Memorial Government Medical College, Durg",Chhattisgarh,All India,MBBS,1083928,,,,,22975,,,,780826,,,,22650,,,,,,,,21387,,,,,,,115559,,,,,,,142288,
"GOVERNMENT DENTAL COLLEGE, RAIPUR",Chhattisgarh,All India,BDS,,,,,,50731,,,,,,,,,64197,,,,,,,,60103,,,,,,,150069,,,,,,,286698
Government Medical College Mahasamund,Chhattisgarh,All India,MBBS,,,,,,24788,,,,,,,,23325,,,,,,,,22623,,1383471,,,,,118666,,,,,,,149422,
"Government Medical College, Kanker",Chhattisgarh,All India,MBBS,,,,,,23646,,,,904181,,,,23357,,,,,,,,,24628,,,,,,116313,,,,,,,150935,
"Government Medical College, Korba",Chhattisgarh,All India,MBBS,,,,,22504,,,,,,,,,23634,,756927,629293,1143091,,,,23236,,,,,,,117746,,,,,,,144296,
"Government Medical College, Rajnandgaon",Chhattisgarh,All India,MBBS,,,,,,21652,,,,,,,,21001,,,,,,,,20264,,,,,,,116226,,,,,,127975,,
"Lt. B R K Government Medical College, Jagdalpur",Chhattisgarh,All India,MBBS,,,,,,,26282,,,1264724,,,,,24699,693329,922381,,,,,,22995,,,,,,111686,,,,,,,130013,
"Lt. L A M Government Medical College, Raigarh",Chhattisgarh,All India,MBBS,,,,,,21480,,,,,,,,21494,,,,,,,,20491,,,,,,,114405,,,,,,,135097,
"Pt. J N M MEDICAL COLLEGE, RAIPUR",Chhattisgarh,All India,MBBS,,,,,,17052,,,,,,,,15288,,600513,,,976904,,,,17642,,,,40559,,,,,,,,,127868,
"Rajmata Shrimati Devendra Kumari Singhdeo Government Medical College, Ambikapur, Surguja",Chhattisgarh,All India,MBBS,,,,,,23553,,,,,,,,22645,,835824,,,,,,20515,,,,,,,114126,,,,,,,150055,
"NAMO Medical Education & Research Institute, Government Medical College Silvassa",Dadra And Nagar Haveli,All India,MBBS,,,,,13142,,,,,,,,,,,709756,777104,,,,,12293,,,,,,75797,,,,,,,100325,,
"AIIMS, New Delhi",Delhi (NCT),Foreign Country Quota,MBBS,,,,,,,,,,,,,,,,,,,,3419,,,,,,,,,,,,,,,,,
"Atal Bihari Vajpayee Institute of Medical Sciences & DR RML HOSPITAL, NEW DELHI",Delhi (NCT),All India,MBBS,,,,555,,,,,,,,582,,,,,,,,203,,,,,,,2671,,,,,,,13662,,,
"College of Nursing Ahilya Bai College of Nursing, New Delhi",Delhi (NCT),B.Sc Nursing All India,B.Sc. Nursing,,,,,,,,,,,,,55541,,,,,,,,48256,,,,,,,,234949,,,,,215269,,,
"College of Nursing Dr. RML Hospital, New Delhi",Delhi (NCT),B.Sc Nursing All India,B.Sc. Nursing,,,,,,175509,,,,,,,,,146507,,,,,,,122134,,,,,,,257009,,,,,,,,386774
"College of Nursing Florence Nightingale CON, New Delhi",Delhi (NCT),B.Sc Nursing All India,B.Sc. Nursing,,,,,,168374,,,,,,,,,147170,,,,,,,114440,,,,,,,258476,,,,,,,,
"College of Nursing LHMC, New Delhi",Delhi (NCT),B.Sc Nursing All India,B.Sc. Nursing,,,,,123952,,,,,,,,,117260,,,,,,,,109261,,,,,,,255148,,,,,,,,383818
"College of Nursing RAK CON, New Delhi",Delhi (NCT),B.Sc Nursing All India,B.Sc. Nursing,,,,,,177002,,,,,,,,,152159,,,,,,,129907,,,,,,,,297331,,,,,,,441394
"College of Nursing Safdarjung Hospital, New Delhi",Delhi (NCT),B.Sc Nursing All India,B.Sc. Nursing,,,,,,171201,,,,,,,,127562,,,,,,,,103629,,,,,,,,275385,,,,,,350742,
"Dr. B.S.A. Medical College, Delhi",Delhi (NCT),All India,MBBS,,,,1797,,,,,,,,,2446,,,,,,,,,,6924,,,,15472,,,,,,,17899,,,
"ESIC Dental College and Hospital, Rohini",Delhi (NCT),IP University Quota,BDS,,,,,,70058,,,,,,,,,77943,,,,,,,,56361,,,,,,190860,,,,,,,,458543
"Faculty of Dentistry, Jamia Millia Islamia, New Delhi",Delhi (NCT),Jamia Internal Quota,BDS,,,,,,,,,,,,,,,,,,,,81109,,,,,,,,,,,,,,,,,
"Hamdard Institute of Medical Sciences and Research, New Delhi",Delhi (NCT),Deemed/Paid Seats Quota,MBBS,,,,,,,,,,,,,,,,,,,,47773,54747,44566,,,,,,,,,,,,,,,
"Lady Hardinge Medical College, New Delhi",Delhi (NCT),All India,MBBS,,,,,1770,,,69614,,,,1470,,,,,,,,826,,,,366292,,,,13242,,,631966,,,,28885,,
"Maulana Azad Institute of Dental Sciences, New Delhi",Delhi (NCT),All India,BDS,,,,,,29113,,673115,,,,,,,25867,,,,,10590,,,,,,,,,142309,,,,,,177605,,
"Maulana Azad Medical College, New Delhi",Delhi (NCT),All India,MBBS,,,,336,,,,,,,,329,,,,22129,,,,,151,,,,,,2097,,,,,,,4268,,,
"NDMC Medical College, Delhi",Delhi (NCT),All India,MBBS,,,,,3780,,,,,,,,,3451,,,,,,,,1752,,,,,20497,,,,,,,,38108,,
"University College of Medical Sciences, New Delhi",Delhi (NCT),All India,MBBS,,,,581,,,,231746,,,,,884,,,,,,,390,,,,,,,,4315,,,,,,,16132,,
Vardhman Mahavir Medical College and Safdarjung Hospital New Delhi,Delhi (NCT),All India,MBBS,,,,432,,,,,,,,327,,,,51395,,,,141,,,,,,,1749,,,,,,,8852,,,
"GOA DENTAL COLLEGE & HOSPITAL, GOA",Goa,All India,BDS,,,,,,,71275,,,,,,,,61323,,,,,,,,56617,,,,,,,198579,,,,,,,245798
"GOA MEDICAL COLLEGE, PANAJI",Goa,All India,MBBS,729407,,,,,17658,,,,,,,,14834,,591519,,,,,,,16029,609343,,,,81588,,,,1128418,,,,126409,
AIIMS Rajkot,Gujarat,Open Seat Quota,MBBS,,,,,3824,,,234232,,,,,3121,,,76369,,,,,,,5455,,,,,,27209,,,,,,43288,,
"B.J. MEDICAL COLLEGE, AHMEDABAD",Gujarat,All India,MBBS,,,,2416,,,,402530,,,,,3035,,,,,,,676,,,,,,,14266,,,,,,,,44018,,
"GMERS Medical College, Morbi",Gujarat,All India,MBBS,,,,,,23263,,,,,,,,23105,,777291,,1166925,,,,20800,,1346762,,,,,,135756,,,,,,,167885
"GMERS Medical College, Navsari",Gujarat,All India,MBBS,,,,,,24877,,,,1310627,,,,,24891,,,,,,,,22690,,,,,,,137468,,,,,,144600,
"GMERS Medical College, Panchmahal Godhra",Gujarat,All India,MBBS,,,,,,26719,,,,,,,,,25005,,,,,,,,24497,,,,,,,134838,,,,,,149004,
"GMERS Medical College, Porbandar",Gujarat,All India,MBBS,,,,,,,27085,,,,,,,,25038,,,,,,,,24749,,,,,,120101,,,,,,,149974,
"GMERS Medical College, Rajpipla",Gujarat,All India,MBBS,,,,,,24963,,,,,,,,,25056,,,,,,,,24795,,,,,,122989,,,,,,,,162758
"GOVERNMENT DENTAL COLLEGE & HOSPITAL, AHMEDABAD",Gujarat,All India,BDS,,,,33123,,,,,,,,,,37901,,1149893,,,,,,32781,,,,,,160222,,,,,,,,215525,
"GOVERNMENT DENTAL COLLEGE & HOSPITAL, JAMNAGAR",Gujarat,All India,BDS,,,,,,,67499,,,,,,,,48979,,,,,,,43871,,,,,,172199,,,,,,,,,259770
"GOVERNMENT MEDICAL COLLEGE, SURAT",Gujarat,All India,MBBS,,,,,,9587,,,,,,,,8616,,256928,,,,,,,9920,,,,,,63191,,,,,,,87627,
"K M Shah Dental College, SumanDeep Vidyapeeth Vadodara",Gujarat,Deemed/Paid Seats Quota,BDS,,,,,,,,,,,,,,,,,,,,1318946,,,,,,,,,,,,,,,,,
"M.P. SHAH MEDICAL COLLEGE, JAMNAGAR",Gujarat,All India,MBBS,,,,,,14345,,777385,,,,,,,,,731206,,,,,,15315,,,,,,,113976,,,,,,100141,
"MEDICAL COLLEGE, BARODA",Gujarat,All India,MBBS,,,,,7181,,,,,,,,,7126,,427004,,,,,,3432,,1092395,,,,,43951,,,1150087,,,,82531,
"MEDICAL COLLEGE, BHAVNAGAR",Gujarat,All India,MBBS,,,,,,15031,,,753682,,,,,11784,,,,,,2424,,11275,,,,,,,83814,,,,,,,104114,
"Pt. D.D.U MEDICAL COLLEGE, RAJKOT",Gujarat,All India,MBBS,1053619,,,,,10227,,,,,,,,,,600523,,,,,7952,,10596,,,,,,70642,,,,,,95584,,
"SBKS Medical Institute and Research Centre, Sumandeep Vidyapeeth",Gujarat,Deemed/Paid Seats Quota,MBBS,,,,,,,,,,,,,,,,,,,,267297,,,,,,,,,,,,,,,,,
Amrita School of Medicine Faridabad,Haryana,Deemed/Paid Seats Quota,MBBS,,,,,,,,,,,,,,,,,,,,234346,287797,,333529,,,,,,,,,,,,,,
"BPS Government Medical College, Sonepat",Haryana,All India,MBBS,,,,11495,,,,487275,,,,,14150,,,386312,853027,,,,12304,,,,,,,82710,,,,,,,,122153,
"ESIC Medical College, Faridabad",Haryana,All India,MBBS,753511,,,,,8532,,,,,,,,,9991,,,,,,,6161,,682687,,,37368,,,,,,,,,90112,
"GDC, PT.BDS UNIVERSITY OF HEALTH SCIENCES, ROHTAK",Haryana,All India,BDS,,,,,,42540,,,,,,,,47268,,,,,,,,40524,,,,,,,172199,,,,,,,241391,
"Kalpana Chawla Government Medical College, Karnal",Haryana,All India,MBBS,,,,,11738,,,,,,,,12643,,,,,,,,8848,,,,,,,,69792,,,,,,102736,,
MANAV RACHNA DENTAL COLLEGE FARIDABAD,Haryana,Deemed/Paid Seats Quota,BDS,,,,,,,,,,,,,,,,,,,,1139258,,,,,,,,,,,,,,,,,
"MM College of Dental Sciences and Research, Mullana",Haryana,Deemed/Paid Seats Quota,BDS,,,,,,,,,,,,,,,,,,,,1178703,700305,,,,,,,,,,,,,,,,
"MM Institute of Medical Sciences and Research, Mullana",Haryana,Deemed/Paid Seats Quota,MBBS,,,,,,,,,,,,,,,,,,,,,379681,,273882,,,,,,,,,,,,,,
"PT. B.D. SHARMA PGIMS, ROHTAK",Haryana,All India,MBBS,,,,,10139,,,,,,,,,,17849,208600,,,,,3843,,,,,,,56460,,,,,,,,107222,
"SHKM GMC, Nalhar, Mewat",Haryana,All India,MBBS,,,,,17860,,,,759347,,,,,14754,,,,,,,,12348,,,,,,86153,,,,,,,,125553,
"SHRI ATAL BIHARI VAJPAYEE GOVERNMENT MEDICAL COLLEGE, CHHAINSA, FARIDABAD",Haryana,All India,MBBS,,,,,16009,,,,,,,,14772,,,,,,,,,,16404,,,,,,,127722,,,,,,123602,
AIIMS Bilaspur,Himachal Pradesh,Open Seat Quota,MBBS,,,,,4135,,,388448,,,,,3386,,,203256,,,,2401,,,,364418,,,23569,,,,,,,44528,,,
"DR. RAJENDRA PRASAD MEDICAL COLLEGE, TANDA",Himachal Pradesh,All India,MBBS,,,,,,7033,,,,,,,,9306,,299580,,,,,4461,,,,,,,56761,,,,,,49048,,,
"Dr. Radhakrishnan Government Medical College, Hamirpur",Himachal Pradesh,All India,MBBS,,,,,,13629,,,,,,,,13114,,,,,,,,12059,,,,,,,,125662,,,,74780,,,
"Dr. YS Parmar Government Medical College, Nahan",Himachal Pradesh,All India,MBBS,,,,,,15078,,,,,,,,12975,,,,,,,,11364,,,,,,,89280,,,,,,98316,,
"GOVERNMENT DENTAL COLLEGE, SHIMLA",Himachal Pradesh,All India,BDS,,,,,,49253,,,1385511,,,,,43392,,,,,,,,40555,,,,,,,171049,,,,,,,216128,
"INDIRA GANDHI MEDICAL COLLEGE, SHIMLA",Himachal Pradesh,All India,MBBS,,,,,,,13976,,572680,,,,,5050,,,,,,,,3315,,,,,,35718,,,,,,,,70302,
"Pt. Jawahar Lal Nehru Government Medical College, Chamba",Himachal Pradesh,All India,MBBS,,,,,,,21356,,,,,,,13926,,482841,785986,,,,,,15425,,,,,,,128345,,,,,,106570,
"SLBS Government Medical College, Mandi",Himachal Pradesh,All India,MBBS,,,,,,11521,,,,,,,10095,,,,,,,,7445,,,,,,,,,125764,,,,,81075,,
AIIMS Jammu,Jammu And Kashmir,Open Seat Quota,MBBS,411550,,,,,5307,,,,627122,,,4718,,,295188,,,,3787,,,,600934,,,,31135,,,540974,,,,46129,,
"GOVERNMENT MEDICAL COLLEGE, HANDWARA",Jammu And Kashmir,All India,MBBS,,,,,,25086,,,,,,,,23102,,517929,,,,,,,24892,,,,,,119470,,,,,,131219,,
"GOVERNMENT MEDICAL COLLEGE, RAJOURI",Jammu And Kashmir,All India,MBBS,,,,,20136,,,,,,,,,20752,,,,,,,19015,,,,,,,,117708,,781469,,,,,113576,
"Government Dental College & Hospital, Srinagar",Jammu And Kashmir,All India,BDS,,,,,37557,,,,,,,,,52011,,,,,,,,,61626,,,,,,,166881,,,,190901,,,
"Government Medical College, Anantnag",Jammu And Kashmir,All India,MBBS,,,,,22414,,,,963813,,,,,22303,,,,,,,,20869,,,,,,,113336,,,,,,,61888,
"Government Medical College, Baramulla",Jammu And Kashmir,All India,MBBS,,,,,22723,,,,,,,,,22858,,464766,,,,,,,22571,,,,,,119387,,,,,,,,160747
"Government Medical College, Doda",Jammu And Kashmir,All India,MBBS,,,,,24368,,,,,,,,,,23705,,,,,,21197,,,,,,,,,134355,,,,,,137499,
"Government Medical College, Jammu",Jammu And Kashmir,All India,MBBS,,,,,14436,,,,,1077661,,,,11374,,407346,,,,,,9616,,762917,,,,,90381,,,,,42386,,,
"Government Medical College, Kathua",Jammu And Kashmir,All India,MBBS,,,,,,,25094,,,,,,,15536,,,,,,,13157,,,,,,,,100892,,,,,,60802,,
"Government Medical College, Srinagar",Jammu And Kashmir,All India,MBBS,1079593,,,,,18836,,,,,,,,,19497,393538,,,,2777,,,,,,,,,105309,,,,,36869,,,
"Government Medical College, Udhampur",Jammu And Kashmir,All India,MBBS,,,,,21693,,,854099,,,,,19628,,,,,,,,,19220,,,,,,,108998,,,,,,122861,,
"Indira Gandhi Government Dental College, Jammu",Jammu And Kashmir,All India,BDS,,,,,,,65027,,,,,,,49553,,,,,,,,,58789,,,,,,174646,,,,,,,,
"SKIMS Medical College, Bemina, Srinagar",Jammu And Kashmir,All India,MBBS,,,,14193,,,,,,,,,,18618,,,,,,,12005,,,,,,,,,130301,,,,,53135,,
"AIIMS, Deogarh",Jharkhand,Open Seat Quota,MBBS,,,,,,4828,,396672,,,,,,4181,,332094,,,,,,,7381,564596,,,,,34078,,,,,,61493,,
"Dental Institute, RIMS, Ranchi",Jharkhand,All India,BDS,,,,,,49222,,,,,,,,,54764,,,,,,,38749,,,,,,,168933,,,,,,,,250178
"M.G.M. MEDICAL COLLEGE, JAMSHEDPUR",Jharkhand,All India,MBBS,,,,,,14873,,,,,,,,,20403,,,,,,,,16493,,,,,,102691,,,,,,,119619,
"Manipal Tata Medical College, Jamshedpur",Jharkhand,Deemed/Paid Seats Quota,MBBS,,,,,,,,,,,,,,,,,,,,82158,,,,,,,,,,,,,,,,,
"Medinirai Medical College (previously Known as Palamu Medical College), Palamu",Jharkhand,All India,MBBS,1165851,,,,,23557,,,,,,,,,,674152,674152,829399,,,,21422,23839,985806,,,,,119066,,,,,,,146906,
"Phulo Jhano Medical College, Dumka",Jharkhand,All India,MBBS,,,,,,22629,,675544,,,,,,21817,,,,,,,,21367,,,,,,,114315,,,,,,,144776,
"RAJENDRA INSTITUTE OF MEDICAL SCIENCES, RANCHI",Jharkhand,All India,MBBS,,,,,,8937,,,,,,,,8494,,,,,,,5456,,,,,,,71511,,,,,,,,106532,
"SHEIKH BHIKHARI MEDICAL COLLEGE & HOSPITAL, HAZARIBAG",Jharkhand,All India,MBBS,,,,,19731,,,,,,,,,20954,,,,,,,,19152,,,,,,100369,,,,,,,,139774,
"Shaheed Nirmal Mahto Medical College & Hospital, Dhanbad",Jharkhand,All India,MBBS,,,,,,17184,,,,,,,,17470,,567200,,,,,,16279,,,,,,,,134200,,,,,105027,,
"AB Shetty Memorial Institute of Dental Sciences, Mangaluru",Karnataka,Deemed/Paid Seats Quota,BDS,,,,,,,,,,,,,,,,,,,,846485,,,,,,,,,,,,,,,,,
"B.L.D.E University, Bijapur",Karnataka,Deemed/Paid Seats Quota,MBBS,,,,,,,,,,,,,,,,,,,,263955,,,,,,,,,,,,,,,,,
"BELGAUM INSTITUTE OF MEDICAL SCIENCES, BELGAUM",Karnataka,All India,MBBS,,,,,,15417,,,,,,,,,,,,,,,,,20897,,,,,,100915,,,,,,,,165453
"BIDAR INSTITUTE OF MEDICAL SCIENCES, BIDAR",Karnataka,All India,MBBS,,,,,,23212,,,,,,,,20456,,559326,,,,,,20140,,,,,,,117769,,,,,,,140019,
"Bangalore Medical College and Research Institute, Bengaluru",Karnataka,All India,MBBS,,,,4427,,,,332797,,,,,,6125,,160552,,,,,1412,,,,,,,,,96416,,,,30135,,,
"C. Institute of Medical Sciences, Chamarajanagar",Karnataka,All India,MBBS,,,,,,26755,,,,,,,,19940,,,,,,,,19549,,,,,,,126060,,,,,,,130742,
"CHIKKABALLAPURA INSTITUTE OF MEDICAL SCIENCES, Chikkaballapur",Karnataka,All India,MBBS,,,,,,25279,,,1204323,,,,,19429,,,,,,,18131,,,,,,,,124658,,,,,,138774,,
"Chikkamagaluru Institute of Medical Sciences, Chikkamagaluru",Karnataka,All India,MBBS,,,,,,27082,,,,,,,,,24731,792508,1014135,,,,,20466,,1177404,,,,,,135475,,,,,,155536,
"Chitradurga Medical College and Research Institute, Chitradurga",Karnataka,All India,MBBS,,,,,,27135,,,,,,,,,24834,,,,,,,22820,,,,,,,130173,,,,,,,157963,
"ESI-MC&PGIMS&R, Bangalore",Karnataka,All India,MBBS,,,,,10724,,,778539,,,,,,12111,,401221,,,,,,,16185,974679,,,,,,127247,,,,,,96345,
"ESIC College of Nursing, Gulbarga",Karnataka,Employees State Insurance Scheme Nursing Quota (ESI-IP Quota Nursing),B.Sc. Nursing,,,,,,421546,,,,,,,,,338595,,,,,,,,272467,,,,,,447570,,,,,,1261574,,
"ESIC College of Nursing, Indiranagar, Bangalore",Karnataka,Employees State Insurance Scheme Nursing Quota (ESI-IP Quota Nursing),B.Sc. Nursing,,,,,,,1089906,,,,,,,,375167,,,,,,,,291396,,,,,,481527,,,,,,,,
"ESIC Dental College, Gulbarga",Karnataka,All India,BDS,,,,,,58202,,,,,,,,,68915,,,,,,,,46633,,,,,,,171614,,,,,,,290076
"ESIC Medical College, Gulbarga",Karnataka,All India,MBBS,,,,,15037,,,,,,,,,16841,,604541,,,,,,14764,,,,,,,94498,,,,,,,133244,
"GOVERNMENT DENTAL COLLEGE & RESEARCH INSTITUTE, BANGALORE",Karnataka,All India,BDS,,,,,,,,,,,,,,,56556,,,,,,,45866,,,,,,,168762,,,,,,,,
"GOVERNMENT DENTAL COLLEGE & RESEARCH INSTITUTE, BELLARY",Karnataka,All India,BDS,,,,,,60720,,,,,,,,,68162,,,,,,,,63652,,,,,,,211141,,,,,,,
"Gadag Institute of Medical Sciences, Gadag",Karnataka,All India,MBBS,,,,,20650,,,,,,,,,21284,,,,,,,,19915,,,,,,,123901,,,,,,,148837,
"Gulbarga Institute of Medical Sciences, Gulbarga",Karnataka,All India,MBBS,,,,,,22902,,,,,,,,20225,,,,,,,,17999,,,,,,,110551,,,,,,123516,,
"HASSAN INSTITUTE OF MEDICAL SCIENCES, HASSAN",Karnataka,All India,MBBS,1120646,,,,,22101,,874891,,,,,,,21315,361148,777291,,,,,16427,,,,,,106590,,,,,,57132,,,
"Haveri Institute of Medical Sciences, Haveri",Karnataka,All India,MBBS,,,,,,26859,,981863,,,,,,22275,,,,,,,,,24692,,,,,,127389,,,,,,,154637,
"JSS Dental College, Mysuru",Karnataka,Deemed/Paid Seats Quota,BDS,,,,,,,,,,,,,,,,,,,,862940,,,,,,,,,,,,,,,,,
"JSS Medical College, Mysuru",Karnataka,Deemed/Paid Seats Quota,MBBS,,,,,,,,,,,,,,,,,,,,122228,84454,,,,,,,,,,,,,,,,
"Jagadguru Gangadhar Mahaswamigalu Moorusavirmath Medical College, Hubballi",Karnataka,Deemed/Paid Seats Quota,MBBS,,,,,,,,,,,,,,,,,,,,204107,179904,,,,,,,,,,,,,,,,
"Jawahar Lal Nehru Medical College, Belagavi",Karnataka,Deemed/Paid Seats Quota,MBBS,,,,,,,,,,,,,,,,,,,,138793,118651,,,,,,,,,,,,,,,,
"K.S Hegde Medical Academy, Mangaluru",Karnataka,Deemed/Paid Seats Quota,MBBS,,,,,,,,,,,,,,,,,,,,151796,,154283,,,,,,,,,,,,,,,
"KARNATAKA INSTITUTE OF MEDICAL SCIENCES, HUBBALLI",Karnataka,All India,MBBS,,,,,16984,,,,,,,,,,,268258,,,,,,12991,19932,,,,,,92042,,,,,,,130722,
"KLE VK Institute of Dental Sciences, Belagavi",Karnataka,Deemed/Paid Seats Quota,BDS,,,,,,,,,,,,,,,,,,,,761314,,,,,,,,,,,,,,,,,
"Karwar Institute of Medical Sciences, Karwar",Karnataka,All India,MBBS,,,,,,24308,,952055,,,,,,19821,,,,,,,,19337,,,,,,,120142,,,,,,,148567,
"Kasturba Medical College, Manipal University, Mangalore",Karnataka,Deemed/Paid Seats Quota,MBBS,,,,,,,,,,,,,,,,,,,,57207,,,,,,,,,,,,,,,,,
"Kasturba Medical College, Manipal University, Manipal",Karnataka,Deemed/Paid Seats Quota,MBBS,,,,,,,,,,,,,,,,,,,,40258,37763,,,,,,,,,,,,,,,,
"Kodagu Institute of Medical Sciences, Kodagu",Karnataka,All India,MBBS,,,,,,24823,,,,,,,18162,,,,,,,,,17820,,,,,,,122693,,,,,,,154007,
"Koppal Institute of Medical Sciences, Koppal",Karnataka,All India,MBBS,,,,,,25779,,,,,,,,,23104,609109,,1091018,,,,21117,,,,,,,125912,,,,,,,149775,
"MANDYA INSTITUTE OF MEDICAL SCIENCES, MANDYA",Karnataka,All India,MBBS,,,,,,22702,,,,,,,,15259,,,,,,,,15250,,,,,,,108350,,,,,,105636,,
"MYSORE MEDICAL & RESEARCH INSTITUTE, MYSORE",Karnataka,All India,MBBS,,,,,12028,,,341263,,,,,,,18044,,,,,,,,15709,,,,,,,131886,,,,,,74894,
"Manipal College of Dental Science, Mangalore",Karnataka,Deemed/Paid Seats Quota,BDS,,,,,,,,,,,,,,,,,,,,610192,,,,,,,,,,,,,,,,,
"Manipal College of Dental Sciences, Manipal",Karnataka,Deemed/Paid Seats Quota,BDS,,,,,,,,,,,,,,,,,,,,406153,,,,,,,,,,,,,,,,,
"RAICHUR INSTITUTE OF MEDICAL SCIENCES, RAICHUR",Karnataka,All India,MBBS,,,,,,23672,,,,,,,,21144,,,,,,,,,23962,,,,,,118956,,,,,,126879,,
Raja Rajeswari Medical College Bengaluru,Karnataka,Deemed/Paid Seats Quota,MBBS,,,,,,,,,,,,,,,,,,,,374370,304472,,,,,,,,,,,,,,,,
"SDU Medical College, Kolar",Karnataka,Deemed/Paid Seats Quota,MBBS,,,,,,,,,,,,,,,,,,,,216182,178686,,,,,,,,,,,,,,,,
"SHIMOGA INSTITUTE OF MEDICAL SCIENCES, SHIMOGA",Karnataka,All India,MBBS,901507,,,,,23157,,,,,,,,16904,,303007,,,,,,16477,,610028,,,,,116605,,878708,,,,,130243,
"Shri Atal Bihari Vajpayee Medical College & Research Institute, Bengaluru",Karnataka,All India,MBBS,,,,,10609,,,,,,,,,,14519,,,,,,,,12566,,,,,,,131769,,,,,,87135,
Sri Siddhartha Academy T Begur,Karnataka,Deemed/Paid Seats Quota,MBBS,,,,,,,,,,,,,,,,,,,,365036,,,,,,,,,,,,,,,,,
"Sri Siddhartha Dental College, Tumkur",Karnataka,Deemed/Paid Seats Quota,BDS,,,,,,,,,,,,,,,,,,,,1036198,,,,,,,,,,,,,,,,,
"Sri Siddhartha Medical College DU, Tumkur",Karnataka,Deemed/Paid Seats Quota,MBBS,,,,,,,,,,,,,,,,,,,,293210,,,,,,,,,,,,,,,,,
"VIJAYNAGAR INSTITUTE OF MEDICAL SCIENCES, BELLARY",Karnataka,All India,MBBS,,,,,,21430,,,,1291445,,,,20076,,,,,,,,18672,,,,,,,108844,,,,,,,133235,
"YADGIRI INSTITUTE OF MEDICAL SCIENCES, YADGIRI",Karnataka,All India,MBBS,,,,,24621,,,,,,,,,22905,,,,,,,,22768,,,,,,,126620,,,,,,,157927,
"Yenepoya Dental College, Yenepoya",Karnataka,Deemed/Paid Seats Quota,BDS,,,,,,,,,,,,,,,,,,,,1001023,,,,,,,,,,,,,,,,,
"Yenepoya Medical College, Mangalore",Karnataka,Deemed/Paid Seats Quota,MBBS,,,,,,,,,,,,,,,,,,,,352756,,,,,,,,,,,,,,,,,
"Amrita Institute of Medical Science, Kochi",Kerala,Deemed/Paid Seats Quota,MBBS,,,,,,,,,,,,,,,,,,,,,329153,309686,,,,,,,,,,,,,,,
"Amrita School of Dentistry, Kochi",Kerala,Deemed/Paid Seats Quota,BDS,,,,,,,,,,,,,,,,,,,,719816,,,,,,,,,,,,,,,,,
"GMC, Manjeri",Kerala,All India,MBBS,1076270,,,,,26046,,,,,,,9617,,,449626,605829,,,,,9382,,,,,,,124856,,,,,,,123405,
GOVERNMENT DENTAL COLLEGE Kannur,Kerala,All India,BDS,,,,,,,81751,1297492,,,,,,,,,,,,,,43306,54607,,,,,,,219929,,,,,,,306029
"GOVERNMENT DENTAL COLLEGE, KOTTAYAM",Kerala,All India,BDS,,,,,,,,,,,,,,,,,,,,,,,50364,,,,,,,220623,,,,,,,324694
"GOVERNMENT DENTAL COLLEGE, KOZHIKODE",Kerala,All India,BDS,,,,,49718,,,,,,,,,29616,,,,,,9890,,,,,,,,,,221758,,,,,,,
"GOVERNMENT DENTAL COLLEGE, TRIVANDRUM",Kerala,All India,BDS,,,,,,,82194,,,,,,35372,,,,,,,,,,,,,,,,187842,,,,,,241986,,
"GOVERNMENT MEDICAL COLLEGE, KOTTAYAM",Kerala,All India,MBBS,,,,,,18774,,,472456,,,,,7018,,47878,,,,,,6192,,,,,,,94772,,,,,62582,,,
"GOVERNMENT MEDICAL COLLEGE, KOZHIKODE",Kerala,All India,MBBS,,,,,,18747,,,,,,,2945,,,117982,,,,,,3215,,1062809,,,,,83186,,,,,,,88157,
"GOVERNMENT MEDICAL COLLEGE, THIRUVANANTHAPURAM",Kerala,All India,MBBS,,,,,15701,,,,,,,,,5160,,4725,,,,,,4352,,,,,,,86251,,,,,,62811,,
"GOVERNMENT MEDICAL COLLEGE, THRISSUR",Kerala,All India,MBBS,,,,,,24884,,141555,,,,,,7121,,,,,,,,6544,,,,,,,,135171,,,,,,96760,
"Government Dental College, Alappuzha",Kerala,All India,BDS,,,,,,,,,,,,,,,,,,,,23417,,,51021,,,,,,,212215,,,,,,257057,
"Government Dental College, Thrissur",Kerala,All India,BDS,,,,,,,79643,,,,,,,,,1184766,,,,,,32518,50763,,,,,,,203142,,,,,,,
Government Medical College Kannur,Kerala,All India,MBBS,,,,,,25527,,,,,,,,11450,,,,,,,,9412,,,,,,,123143,,,,,,113648,,
"Government Medical College, ESIC, Kollam",Kerala,All India,MBBS,1208687,,,,,,27345,,,,,,,,16034,,,,,,,11315,,,,,,,125976,,,,,,,147681,
"Government Medical College, Ernakulam",Kerala,All India,MBBS,,,,,21898,,,,,,,,,10906,,,,,,,,8928,,,,,,,121348,,,,,,,118536,
"Government Medical College, Idukki",Kerala,All India,MBBS,,,,,,,28717,,,,,,,,,,,,,,,14837,23609,,,,,,,136857,,,,,,163064,
"Government Medical College, Konni",Kerala,All India,MBBS,,,,,,27100,,,,,,,,,,489743,697729,,,,,,23512,,,,,,,136327,,,,,,162575,
"Government Medical College, Palakkad",Kerala,All India,MBBS,,,,,,26153,,,,,,,,,,,,,,,,,21812,,,,,,126038,,,,,,,156090,
"T.D. MEDICAL COLLEGE, ALAPPUZHA",Kerala,All India,MBBS,,,,,,24771,,454929,,,,,,8760,,317227,489743,,,,,8349,,,,,,,114482,,,,,78658,,,
AIIMS-Bhopal,Madhya Pradesh,Open Seat Quota,MBBS,88582,,,1013,,,,,194428,,,,,1135,,72310,,,,510,,,,278509,,,,,12010,,421491,,,15645,,,
"ATAL BIHARI VAJPAYEE GOVERNMENT MEDICAL COLLEGE, VIDISHA",Madhya Pradesh,All India,MBBS,,,,,,17083,,,,,,,,15116,,435530,,1019816,,,,13437,,,,,,,,125785,,,,,,115138,
"BUNDELKHAND MEDICAL COLLEGE, SAGAR",Madhya Pradesh,All India,MBBS,,,,,,16195,,,853535,,,,,14963,,,,,,,,14712,,,,,,91452,,,,,,,101278,,
"Chhindwara Institute of Medical Sciences, Chhindwara",Madhya Pradesh,All India,MBBS,,,,,,19402,,,,,,,,,,,,,,,,16785,19678,,,,,,,130922,,,,,,120055,
"GAJRA RAJA MEDICAL COLLEGE, GWALIOR",Madhya Pradesh,All India,MBBS,,,,,,12486,,,,,,,,11013,,513671,638119,,,,,9629,,,,,,,86074,,,,,,,103602,
"GANDHI MEDICAL COLLEGE, BHOPAL",Madhya Pradesh,All India,MBBS,,,,,,11799,,,,,,,,10094,,559218,267698,513753,,,,8687,,,,,,,80028,,,,,,,97192,
"GOVERNMENT COLLEGE OF DENTISTRY, INDORE",Madhya Pradesh,All India,BDS,,,,,,,60664,,,,,,,,63076,,,,,,,,59295,,,,,,,191823,,,,,,,
Government Medical College Ratlam,Madhya Pradesh,All India,MBBS,,,,,14799,,,,974269,,,,14524,,,,,,,,,13442,,,,,,,93506,,,,,,,116292,
Government Medical College Satna,Madhya Pradesh,All India,MBBS,,,,,,19651,,,,,,,,19475,,687475,785093,1053186,,,,19035,,,,,,,102609,,,,,,,119002,
Government Medical College Shahdol,Madhya Pradesh,All India,MBBS,,,,,,17923,,,,,,,,18318,,732762,,,1263663,,,,21670,1051483,,,,,106081,,,,,,,117909,
Government Medical College Shivpuri,Madhya Pradesh,All India,MBBS,,,,,,16555,,885240,,,,,,15945,,,,,,,,,18129,,,,,93996,,,,,,,,114982,
"Government Medical College, Datia",Madhya Pradesh,All India,MBBS,,,,,,18118,,,,,,,,16786,,,,,,,,,17060,,,,,98804,,,,,,105814,,,
"Government Medical College, Khandwa",Madhya Pradesh,All India,MBBS,,,,,,17491,,,,,,,,17354,,,,,,,,,17880,,,,,,102225,,,,,,,120887,
"Government Medical College, Seoni",Madhya Pradesh,All India,MBBS,,,,,,21228,,,,,,,,,21165,,,,,,,18013,,,,,,,105203,,,,,,115393,,
"M.G.M. MEDICAL COLLEGE, INDORE",Madhya Pradesh,All India,MBBS,,,,,,,19185,588247,,,,,,,,,,,,,,5697,10667,1013608,,,,,,109133,964428,,,,,89711,
"NETAJI SUBHASH CHANDRA BOSE MEDICAL COLLEGE, JABALPUR",Madhya Pradesh,All India,MBBS,712821,,,,,,19739,,,,,,,,19242,532215,694480,882166,,,,,13707,,,,,,88324,,,,,,,106249,
"S.S. MEDICAL COLLEGE, REWA",Madhya Pradesh,All India,MBBS,,,,,,16259,,,,1267685,,,,,19356,700210,,883225,,,,13725,,,,,,,98804,,,,,,,117228,
Sundarlal Patwa Government Medical College Mandsaur,Madhya Pradesh,All India,MBBS,,1050151,,,18725,,,,,,,,,17853,,,,,,,15689,,,,1155606,,,,100466,,990215,,,,,118199,
"Virendra Kumar Sakhlecha Government Medical College, Neemuch",Madhya Pradesh,All India,MBBS,,,,,,,,,,,,,,18376,,,,1150464,,,16782,17791,,,,,,,99782,,,,,,112450,,
"AIIMS, Nagpur",Maharashtra,Open Seat Quota,MBBS,162851,,,1824,,,,143278,,,,1801,,,,48798,,,,,,953,,145903,,,10774,,,,,,,,23240,,
"B.J. Government Medical College, Pune",Maharashtra,All India,MBBS,,,,,6421,,,308810,,,,,,7816,,88680,,,,,,,7737,,,,,,77259,,,,,72444,,,
"BV Deemed University Medical College and Hospital, Sangli",Maharashtra,Deemed/Paid Seats Quota,MBBS,,,,,,,,,,,,,,,,,,,,514800,,,,,,,,,,,,,,,,,
"BVDU Dental College and Hospital, Navi Mumbai",Maharashtra,Deemed/Paid Seats Quota,BDS,,,,,,,,,,,,,,,,,,,,990080,,,,,,,,,,,,,,,,,
"BVDU Dental College and Hospital, Sangli",Maharashtra,Deemed/Paid Seats Quota,BDS,,,,,,,,,,,,,,,,,,,,1115775,,,,,,,,,,,,,,,,,
"Bharati Vidyapeeth DU Dental College and Hospital, Pune",Maharashtra,Deemed/Paid Seats Quota,BDS,,,,,,,,,,,,,,,,,,,,760455,,,,,,,,,,,,,,,,,
"Bharati Vidyapeeth DU Medical College, Pune",Maharashtra,Deemed/Paid Seats Quota,MBBS,,,,,,,,,,,,,,,,,,,,299733,275305,,,,,,,,,,,,,,,,
DATTA MEGHE MEDICAL COLLEGE WANADONGRI HINGNA NAGPUR,Maharashtra,Deemed/Paid Seats Quota,MBBS,,,,,,,,,,,,,,,,,,,,510316,,,,,,,,,,,,,,,,,
"DR. S.C. GOVERNMENT MEDICAL COLLEGE, NANDED",Maharashtra,All India,MBBS,,,,,,17212,,,,,,,,17630,,477287,248064,774059,,,,15992,,,,,,,,131964,,,,,,128865,
"DR. VAISHAMPAYAM MEMORIAL MEDICAL COLLEGE, SOLAPUR",Maharashtra,All India,MBBS,,,,,,16984,,488912,,,,,,,21127,,,,,,,15732,,,,,,,101346,,,,,,,125253,
"Dr. DY Patil Dental College and Hospital, Navi Mumbai",Maharashtra,Deemed/Paid Seats Quota,BDS,,,,,,,,,,,,,,,,,,,,945199,,,,,,,,,,,,,,,,,
"Dr. DY Patil Dental College and Hospital, Pune",Maharashtra,Deemed/Paid Seats Quota,BDS,,,,,,,,,,,,,,,,,,,,780816,395906,,,,,,,,,,,,,,,,
"Dr. DY Patil Medical College and Hospital, Pune",Maharashtra,Deemed/Paid Seats Quota,MBBS,,,,,,,,,,,,,,,,,,,,568637,529005,,,,,,,,,,,,,,,,
"Dr. DY Patil Medical College, Navi Mumbai",Maharashtra,Deemed/Paid Seats Quota,MBBS,,,,,,,,,,,,,,,,,,,,559321,,,,,,,,,,,,,,,,,
"Dr. DYP Education Society Deemed University, Kolhapur",Maharashtra,Deemed/Paid Seats Quota,MBBS,,,,,,,,,,,,,,,,,,,,345660,,,,,,,,,,,,,,,,,
"GOVERNMENT DENTAL COLLEGE & HOSPITAL, AURANGABAD",Maharashtra,All India,BDS,,,,,,,75772,,,,,,,,63649,,,,,,,,62818,,,,,176640,,,,,,,,,308545
"GOVERNMENT DENTAL COLLEGE & HOSPITAL, NAGPUR",Maharashtra,All India,BDS,,,,,,48986,,,,,,,,51915,,,,,,,,,61314,,,,,,,202861,,,,,,264001,
"GOVERNMENT MEDICAL COLLEGE AND GENERAL HOSPITAL, SATARA",Maharashtra,All India,MBBS,,,,,18324,,,882597,,,,,,20289,,,,,,,,19688,,,,,,,,134802,,,,,131705,,
GOVERNMENT MEDICAL COLLEGE NANDURBAR,Maharashtra,All India,MBBS,,,,,,21983,,,,,,,,21082,,,,,,,,20202,,,,,,102583,,,,,,,,135300,
"GOVERNMENT MEDICAL COLLEGE, AKOLA",Maharashtra,All India,MBBS,,,,,,19734,,,,,,,,19294,,435207,866928,,,,,18630,,,,,,,,131807,,,,,,126514,
"GOVERNMENT MEDICAL COLLEGE, AURANGABAD",Maharashtra,All India,MBBS,,,,,,15976,,,,,,,,14048,,395071,,,,,,12470,,,,,,,95456,,,,,,,123215,
"GOVERNMENT MEDICAL COLLEGE, LATUR",Maharashtra,All India,MBBS,348805,,,,,19947,,,,981238,,,,20156,,,,,,,,19088,,,,,,,114797,,,,,,,137789,
"GOVERNMENT MEDICAL COLLEGE, MIRAJ",Maharashtra,All India,MBBS,,,,,16554,,,,,,,,,,,374198,,,,,,17503,22348,,,,,,,133932,,,,,,129568,
"GOVERNMENT MEDICAL COLLEGE, NAGPUR",Maharashtra,All India,MBBS,,,,,,12499,,,,,,,,,15871,255047,,,,,,7728,,391383,,,,,32565,,512142,,,,,,150350
"GOVERNMENT MEDICAL COLLEGE, OSMANABAD",Maharashtra,All India,MBBS,,,,,,22913,,,,,,,,21827,,,,,,,,,23159,,,,,111772,,,,,,,,140175,
"GRANT MEDICAL COLLEGE & SIR J.J.HOSPITAL, MUMBAI",Maharashtra,All India,MBBS,,,,,5273,,,,386922,,,,,,12968,,,,,,,,7881,,,,,,,112611,,,,,,,141245
"Government Medical College & Hospital, Alibag-Raigad",Maharashtra,All India,MBBS,,,,,,22414,,,,,,,,21269,,603213,813637,,,,,20276,,,,,,,109885,,,,,,,137949,
Government Medical College And Hospital Jalgaon,Maharashtra,All India,MBBS,,,,,,21375,,,,,,,,,22132,,,,,,17691,,,,,,,,107835,,,,,,125169,,
Government Medical College Baramati,Maharashtra,All India,MBBS,,,,,,,24245,,,,,,13971,,,592806,462940,,,,,11503,,715958,,,,,93974,,,,,,,123964,
"Government Medical College and District General Hospital, Ratnagiri",Maharashtra,All India,MBBS,,,,,,,26444,,,,,,,21350,,739417,992191,,,,,20646,,,,,,,118778,,,,,130243,,,
"Government Medical College and Hospital, Chandrapur",Maharashtra,All India,MBBS,,,,,19575,,,,925301,,,,,20067,,,,,,,,18594,,,,,,,113333,,,,,,,126456,
"Government Medical College, Ambernath",Maharashtra,All India,MBBS,,,,,,26459,,,,,,,,22865,,,,,,,,,23365,,,,,,,134844,,,,,,,166720
"Government Medical College, Amravati",Maharashtra,All India,MBBS,,,,,,23571,,,,1210547,,,,,24735,,,,,,,,24458,,,,,,121710,,,,635234,,,,164329
"Government Medical College, BULDHANA",Maharashtra,All India,MBBS,,,,,,26227,,,,,,,,23958,,,,,,,,22976,,,,,,,118987,,,,,,,152622,
"Government Medical College, Bhandara",Maharashtra,All India,MBBS,,,,,,26000,,,,,,,,23762,,,,,,,,22375,,,,,,,122587,,,,,,,144483,
"Government Medical College, Gadchiroli",Maharashtra,All India,MBBS,,,,,,25724,,,,,,,,23573,,,,,,,,23146,,,,,,,120666,,,,,,,,167467
"Government Medical College, Gondia",Maharashtra,All India,MBBS,,,,,,22121,,,,,,,,21066,,,,,,,,20349,,,1382849,,,,115284,,,,,,,134219,
"Government Medical College, Hingoli",Maharashtra,All India,MBBS,,,,,,26593,,,,,,,,24318,,,,1113855,,,,,24664,,,,,,,135403,,,,,,155803,
"Government Medical College, Jalna",Maharashtra,All India,MBBS,,,,,,26026,,,,,,,,24257,,,,,,,,22912,,,,,,,124059,,,,,,,154429,
"Government Medical College, Mumbai",Maharashtra,All India,MBBS,,,,,,,23216,,,,,,,12115,,,,,,,,9649,,,,,,,77482,,,,,,101111,,
"Government Medical College, Nashik",Maharashtra,All India,MBBS,,,,,,21272,,,,,,,,,23389,,,,,,13198,,,,,,,,103122,,,,,,,,
"Government Medical College, Parbhani",Maharashtra,All India,MBBS,,,,,,24444,,,,1169608,,,,22225,,,,,,,,21773,,,,,,,,135421,,,,,,148295,
"Government Medical College, Sindhudurg",Maharashtra,All India,MBBS,,,,,,22484,,,,,,,,21894,,,,,,,,21711,,,,,,,116114,,,,,,,142174,
"Government Medical College, Washim",Maharashtra,All India,MBBS,,,,,,25208,,,,1182814,,,,,24782,,,,,,,23241,,,,,,,123991,,,,,,,154928,
"Hinduhridayasamrat Balasaheb Thackeray Medical College and Dr. R. N. Cooper Municipal General Hospital, Mumbai",Maharashtra,All India,MBBS,,,,,,,17607,,,,,,,,13576,256822,,,,,,,11430,,,,,,82506,,,,,,,103102,
"INDIRA GANDHI GOVERNMENT MEDICAL COLLEGE, NAGPUR",Maharashtra,All India,MBBS,,,,,,15278,,,,,,,,,16537,279696,,,,,,,14500,,,,,,,128809,,,,,,119988,
"JLN Medical College, Datta Meghe, Wardha",Maharashtra,Deemed/Paid Seats Quota,MBBS,,,,,,,,,,,,,,,,,,,,511535,,,,,,,,,,,,,,,,,
"Krishna Institute of Medical Sciences, Karad",Maharashtra,Deemed/Paid Seats Quota,MBBS,,,,,,,,,,,,,,,,,,,,430165,,,,,,,,,,,,,,,,,
"LOKMANYA TILAK MUNICIPAL MEDICAL COLLEGE, MUMBAI",Maharashtra,All India,MBBS,,696714,,,10549,,,499244,,,,,,,14252,,278517,,,,,7505,,843002,,,,,,118172,,,,,,,143796
"MG Institute of Medical Sciences, Sevagram Wardha",Maharashtra,All India,MBBS,,,,,,18633,,,,1294413,,,,,23981,528582,,1011375,,,,15928,,,,,,,,137174,,,,,,150919,
"MGM Medical College, Aurangabad",Maharashtra,Deemed/Paid Seats Quota,MBBS,,,,,,,,,,,,,,,,,,,,217487,,,,,,,,,,,,,,,,,
"MGM Medical College, Navi Mumbai",Maharashtra,Deemed/Paid Seats Quota,MBBS,,,,,,,,,,,,,,,,,,,,183677,,,,,,,,,,,,,,,,,
"Mahatma Gandhi Mission Medical College, Nerul",Maharashtra,Deemed/Paid Seats Quota,MBBS,,,,,,,,,,,,,,,,,,,,256879,,,,,,,,,,,,,,,,,
"Mahatma Gandhi Mission Medical College, Vashi, Navi Mumbai",Maharashtra,Deemed/Paid Seats Quota,MBBS,,,,,,,,,,,,,,,,,,,,231489,,,,,,,,,,,,,,,,,
"NAIR HOSPITAL DENTAL COLLEGE & HOSPITAL, MUMBAI",Maharashtra,All India,BDS,,,,,38433,,,1386421,,,,,,,60302,,,,,,,37525,,,,,,,,176775,,,,,,257250,
"RAJIV GANDHI MEDICAL COLLEGE, THANE",Maharashtra,All India,MBBS,,,,,,12569,,,,,,,,12395,,,,,,,,,15279,,,,,,87931,,,,,,,105942,
Rajarshee Chhatrapati Shahu Maharaj Government Medical College Kolhapur,Maharashtra,All India,MBBS,,,,,,17860,,,,,,,,,22988,,,,,,,14755,,,,,,,109205,,,,,,,131102,
"Rural Dental College, Loni",Maharashtra,Deemed/Paid Seats Quota,BDS,,,,,,,,,,,,,,,,,,,,871786,,,,,,,,,,,,,,,,,
"Rural Medical College and PIMS, Loni",Maharashtra,Deemed/Paid Seats Quota,MBBS,,,,,,,,,,,,,,,,,,,,131857,,,,,,,,,,,,,,,,,
"SETH G.S. MEDICAL COLLEGE, MUMBAI",Maharashtra,All India,MBBS,,,,,,,16344,196142,,,,,,3890,,185845,,,,1010,,,,,,,,27770,,,,,,,,66447,
"SHRI BHAUSAHEB HIRE GOVERNMENT MEDICAL COLLEGE, DHULE",Maharashtra,All India,MBBS,,,,,,19644,,,,,,,,19149,,,,,,,,18032,,,1317661,,,,107330,,984561,,,,,132913,
"SHRI VASANT RAO NAIK GOVERNMENT MEDICAL COLLEGE, YAVATMAL",Maharashtra,All India,MBBS,,,,,,20507,,,,,,,,,,322621,,,,,,19224,22392,,,,,,115198,,,,,,,134061,
"SWAMI RAMANAND TIRTH RURAL MEDICAL COLLEGE, AMBAJOGAI",Maharashtra,All India,MBBS,,,,,,20061,,848842,,,,,,,,,,678501,,,,19200,22360,,,,,,111405,,,,,,124564,,
SYMBIOSIS MEDICAL COLLEGE FOR WOMEN PUNE,Maharashtra,Deemed/Paid Seats Quota,MBBS,,,,,,,,,,,,,,,,,,,,53248,,,,,,,,,,,,,,,,,
"School of Dental Sciences and KIMSDU, Karad",Maharashtra,Deemed/Paid Seats Quota,BDS,,,,,,,,,,,,,,,,,,,,1045486,,,,,,,,,,,,,,,,,
"Sharad Pawar Dental College and Hospital, Wardha",Maharashtra,Deemed/Paid Seats Quota,BDS,,,,,,,,,,,,,,,,,,,,1394835,,,,,,,,,,,,,,,,,
"TOPIWALA NATIONAL MEDICAL COLLEGE, MUMBAI",Maharashtra,All India,MBBS,,,,,10834,,,,,,,,,,14536,,,,,,,,10744,,,,,,68720,,,,,,,109999,
"DC, RIMS, Imphal",Manipur,All India,BDS,,,,,,,,,,,,,,,65265,,,,,,,,46412,,,,,,,193315,,,,,,,
"Government Medical College, Churachandpur",Manipur,All India,MBBS,,,,,,28409,,,,,,,,,25073,,,,,,,24709,,,,,,,132768,,,,,,144776,,
"JLN IMS, IMPHAL",Manipur,All India,MBBS,,,,,,28587,,,,,,,,,,,,,,,,24588,24994,,1261284,,,,,137242,1257214,,,,,,
"Jawaharlal Nehru Institute of Dental Sciences, Imphal",Manipur,All India,BDS,,,,,,62429,,,,,,,,,70923,,,,,,,,67566,,,,,,,198204,,,,,,,324000
"REGIONAL INSTITUTE OF MEDICAL SCIENCES, IMPHAL",Manipur,All India,MBBS,,,,,22795,,,,,,,,,,,915338,,,,,,19411,25001,,,,49134,,,,,,,,,141198,
"NEIGRIHMS, SHILLONG",Meghalaya,All India,MBBS,,,,,,,,,,,,,,,,,,,,3931,,,24090,,,,,,,,,,,,,,
ZORAM MEDICAL COLLEGE Falkawn,Mizoram,All India,MBBS,,,,,,,28776,,,1267830,,,,,25058,,,,,,,24587,,,,,,,133754,,,,,,,,168640
"NAGALAND INSTITUTE OF MEDICAL SCIENCE AND RESEARCH, Kohima",Nagaland,All India,MBBS,,,,,,,28836,,,,,,,24982,,968342,1091018,1219592,,,,,25032,,,,,,133872,,,,,,,,168372
"AIIMS, Bhubaneswar",Odisha,Open Seat Quota,MBBS,,,,,1940,,,84392,,,,,1278,,,57704,,,,,,655,,390305,,,7879,,,,707212,,,,24290,,
"Bhima Bhoi Medical College and Hospital, Balangir",Odisha,All India,MBBS,,,,,,,25321,,,,,,,23024,,,,,,,,21971,,,,,,,,131131,,,,,,156045,
"Government Medical College and Hospital, Balasore",Odisha,All India,MBBS,,,,,,21524,,,,,,,,,24167,,,,,,,20537,,,,,,,104353,,,,,,143496,,
"Government Medical College and Hospital, Jajpur",Odisha,All India,MBBS,,,,,,,,,,,,,,23425,,735404,,,,,,,24727,,,,,,,135397,,,,,,,
"Government Medical College and Hospital, Keonjhar",Odisha,All India,MBBS,,,,,,25798,,,1142780,,,,,23881,,,,,,,,23329,,,,1250193,,98759,,,,,,,,157378,
"Government Medical College, Sundargarh",Odisha,All India,MBBS,,,,,23252,,,,,,,,,,,,,,,,,23334,24284,,,,,,102109,,,,,,,159743,
"Institute of Dental Sciences, Bhubaneswar",Odisha,Deemed/Paid Seats Quota,BDS,,,,,,,,,,,,,,,,,,,,1011150,,,,,,,,,,,,,,,,,
"Institute of Medical Sciences and SUM Hospital, Bhubaneswar",Odisha,Deemed/Paid Seats Quota,MBBS,,,,,,,,,,,,,,,,,,,,252400,,,,,,,,,,,,,,,,,
"Kalinga Institute of Dental Sciences, Bhubaneswar",Odisha,Deemed/Paid Seats Quota,BDS,,,,,,,,,,,,,,,,,,,,1388235,609276,,,,,,,,,,,,,,,,
"Kalinga Institute of Medical Sciences, Bhubaneswar",Odisha,Deemed/Paid Seats Quota,MBBS,,,,,,,,,,,,,,,,,,,,213081,,,,,,,,,,,,,,,,,
"MAHARAJA K.C. GAJAPATI MEDICAL COLLEGE, BRAHMAPUR",Odisha,All India,MBBS,,,,,16010,,,,,,,,,,23342,471646,,,863618,,,14126,,,,,,,59668,,,,,,,140340,
"Pt. Raghunath Murmu Medical College, Baripada",Odisha,All India,MBBS,,,,,,24254,,,,1209086,,,,22910,,,,,,,,22381,,,,,,,95267,,,,,,135328,,
"S.C.B. MEDICAL COLLEGE (DENTAL), CUTTACK",Odisha,All India,BDS,,,,,,52274,,,,,,,,50276,,,,,,,,,56602,,,,,,,,,,,,,,325552
"S.C.B. MEDICAL COLLEGE, CUTTACK",Odisha,All India,MBBS,,,,,6945,,,,,,,,,,,262150,,,,,,5174,,743412,,,,33817,,,,,,60909,,,
"Saheed Laxman Nayak Medical College and Hospital, Koraput",Odisha,All India,MBBS,,,,,,25470,,,,,,,,23644,,,,,,,20550,,24710,,,,,96023,,,,,,,,151427,
"Saheed Rendo Majhi Medical College & Hospital, Bhawanipatna, Kalahandi",Odisha,All India,MBBS,,,,,,26201,,,,,,,,24026,,,,,,,,,24714,,,,,,,135918,,,,,,159458,
"Sri Jagannath Medical College & Hospital, Puri",Odisha,All India,MBBS,,,,,,19811,,,,,,,,,24273,573424,897947,,,,,,23183,,,,,,90419,,,,,,108085,,
"V.S.S. MEDICAL COLLEGE, BURLA",Odisha,All India,MBBS,499636,,,,,20172,,602112,,,,,,16818,,355471,,,,,,,21173,,,,,,87493,,,,,,,154362,
"Aarupadai Veedu Medical College and Hospital, Puducherry",Puducherry,Deemed/Paid Seats Quota,MBBS,,,,,,,,,,,,,,,,,,,,1035938,,,,,,,,,,,,,,,,,
"Indira Gandhi Institute of Dental Sciences, Pondicherry",Puducherry,Deemed/Paid Seats Quota,BDS,,,,,,,,,,,,,,,,,,,,1355563,1144260,,,,,,,,,,,,,,,,
"Indira Gandhi Medical College & RI, Puducherry",Puducherry,All India,MBBS,,,,,,,26471,,,,,,,,23741,,,,,,,,22670,,,,,,,134502,,,,,113791,,
JIPMER KARAIKAL,Puducherry,Internal - Puducherry UT Domicile,MBBS,,,,248038,,,,,,,,,,47349,,,,,,,44403,,,,,,,,176249,,,,,,,,
JIPMER PUDUCHERRY,Puducherry,Internal - Puducherry UT Domicile,MBBS,,,,155189,,,,,,,,,,,,,,,,,28676,,87672,,,,,,151839,,,,,702405,,,
"M.G.D.C. & HOSPITAL, PUDUCHERRY",Puducherry,All India,BDS,,,,,,72104,,,,,,,,,72162,,,,,,,,63316,,,,,,179006,,,,,,,252077,
"Mahatma Gandhi Medical College, Pondicherry",Puducherry,Deemed/Paid Seats Quota,MBBS,,,,,,,,,,,,,,,,,,,,892491,747722,,,,,,,,,,,,,,,,
"Sri Lakshmi Narayana Institute of Medical Sciences, Puducherry",Puducherry,Deemed/Paid Seats Quota,MBBS,,,,,,,,,,,,,,,,,,,,1253815,780966,,,,,,,,,,,,,,,,
"Vinayaka Missions Medical College and Hospital, Karaikal",Puducherry,Deemed/Paid Seats Quota,MBBS,,,,,,,,,,,,,,,,,,,,902941,,,,,,,,,,,,,,,,,
AIIMS Bathinda,Punjab,Open Seat Quota,MBBS,259018,,,3603,,,,398725,,,,,,2797,,197183,,,,,1609,,,302955,,,16961,,,,824563,,,40833,,,
"Dr. B.R. Ambedkar State Institute of Medical Sciences, Mohali",Punjab,All India,MBBS,,,,,,15966,,,,,,,,,20991,,,,,,,,14883,,,,,,85742,,,,,,,118459,
GOVERNMENT DENTAL COLLEGE DENTAL WING PATIALA,Punjab,All India,BDS,,,,,,,,,,,,,,47080,,,,,,,,43915,54006,,,,,,177161,,,,,,,,
"GOVERNMENT MEDICAL COLLEGE, AMRITSAR",Punjab,All India,MBBS,,939972,,,,15612,,621181,,,,,,,16071,275558,,,796837,,,,11935,1353609,,,,,91354,,,,,,,,156695
"GOVERNMENT MEDICAL COLLEGE, PATIALA",Punjab,All India,MBBS,,,,,,14841,,,866597,,,,,,16484,257767,,,,,,,7512,,,,,,,121723,,,,,,111290,
"GURU GOBIND SINGH MEDICAL COLLEGE, FARIDKOT",Punjab,All India,MBBS,,,,,,,19705,,,,,,,13575,,,,,,,,,16056,,,,,,,128593,,,,,,118940,
"PUNJAB GOVERNMENT DENTAL COLLEGE & HOSPITAL, AMRITSAR",Punjab,All India,BDS,,,,,,53502,,,,,,,,52395,,,,,,,,46924,,,,,,,176429,,,,,,,254010,
"AIIMS, Jodhpur",Rajasthan,Open Seat Quota,MBBS,,,,805,,,,177218,,,,695,,,,51386,,,,374,,,,353229,,,4912,,,,,,,10281,,,
"DR. S.N. MEDICAL COLLEGE, JODHPUR",Rajasthan,All India,MBBS,,,,,5891,,,509997,,,,,,,8841,493593,,,,,4962,,,,,,,,55348,,,,,,58717,,
"Employees State Insurance Corporation Medical College, Alwar",Rajasthan,All India,MBBS,,,,,,11664,,,,,,,,10098,,500903,,,,,,9253,,,,,,,63399,,,,,,90652,,
GMC DAUSA RAJASTHAN,Rajasthan,All India,MBBS,,,,,,15526,,,,,,,13763,,,,,,,,,14035,,,,,,,87129,,,,,,,95921,
GMC KARAULI,Rajasthan,All India,MBBS,919550,,,,,17101,,,,,,,,16063,,461302,,1010932,,,,15727,,,,,,,,127188,,,,,,110966,
"GOVERNMENT MEDICAL COLLEGE, BARAN",Rajasthan,All India,MBBS,,,,,,18874,,,,,,,,16476,,,,,,,,,19978,,,,,,96354,,,,,,85209,,
"GOVERNMENT MEDICAL COLLEGE, BUNDI",Rajasthan,All India,MBBS,,,,,14937,,,,,,1229862,,,15153,,,,,,,13907,,,,,,,,90940,,,,,,99503,,
"GOVERNMENT MEDICAL COLLEGE, KOTA",Rajasthan,All India,MBBS,,,,,9560,,,,,,,,,8914,,582577,,,,,,8570,,,,,,,58144,,,,,,55478,,
"GOVERNMENT MEDICAL COLLEGE, SRIGANGANAGAR",Rajasthan,All India,MBBS,,,,,,15703,,,,,,,,14141,,,,,,,12526,,,943643,,,,,89626,,,,,,103410,,
Government Medical College Alwar,Rajasthan,All India,MBBS,,,,,14509,,,,,,,,,13748,,,,,,,,13105,,,,,,,82900,,,,,,,106104,
Government Medical College Barmer Rajasthan,Rajasthan,All India,MBBS,,,,,,15694,,,,,,,13115,,,,,,,,12769,,,,,,,,86041,,,,,,99446,,
Government Medical College Chittorgarh,Rajasthan,All India,MBBS,,,,,13769,,,,,,,,,14291,,,,,,,12463,,,,,,,,81978,,,,,,,107309,
"Government Medical College, Banswara",Rajasthan,All India,MBBS,,,,,17941,,,,828609,,,,,17687,,,,,,,,,19199,,,,,,97061,,,,,,,114227,
"Government Medical College, Bhilwara",Rajasthan,All India,MBBS,,,,,,12465,,,,,,,11116,,,,,,,,,10477,,,,,,,78348,,,,,,,94202,
"Government Medical College, Churu",Rajasthan,All India,MBBS,,,,,14074,,,,,,,,,12723,,,,,,,,12334,,,,,,81930,,,,,,,,102495,
"Government Medical College, Dholpur",Rajasthan,All India,MBBS,,,,,15974,,,,,,,,,15422,,,,,,,,14939,,,,,,85318,,,,,,,,110913,
"Government Medical College, Dungarpur",Rajasthan,All India,MBBS,,,,,,14920,,,,,,,,,18373,631938,447580,,,,,,16789,,,,,,85507,,,,,,,106485,
"Government Medical College, Hanumangarh",Rajasthan,All India,MBBS,,,,,,16540,,,,,,,,14685,,,,,,,,13907,,,,,,,91546,,,,,,100705,,
"Government Medical College, Jhunjhunu",Rajasthan,All India,MBBS,,1261180,,,,18546,,,,,,,,16136,,,,,,,,15788,,,,,,,,126524,,,,,,110999,
"Government Medical College, Nagaur",Rajasthan,All India,MBBS,,,,,16211,,,,,,,,,,,,,,,,14755,,19148,,,,,,95180,,,,,,,113493,
"Government Medical College, Pali",Rajasthan,All India,MBBS,,,,,,,20617,,,,,,11284,,,529061,,856015,,,,,13063,,,,,,,100374,,,,,95901,,
"Government Medical College, Sawai Madhopur",Rajasthan,All India,MBBS,,,,,,18323,,,,,,,,16346,,,924660,,,,,16151,,,,,,,93447,,,,,,,,
"Government Medical College, Sirohi",Rajasthan,All India,MBBS,,,,,,15762,,,997967,,,,,14704,,513796,493593,,,,,14277,,,,,,,86937,,,,,,,110019,
"JAWAHAR LAL NEHRU MEDICAL COLLEGE, AJMER",Rajasthan,All India,MBBS,,,,,,9139,,620620,,,,,,8220,,,,,,,,,9761,935358,,,,,,82012,486535,,,,71756,,
"JHALAWAR MEDICAL COLLEGE, Jhalawar",Rajasthan,All India,MBBS,,,1261180,,11375,,,,,,,,,,,,,,,,9592,,14853,,,,,,70759,,,,,,,,129004
"R.N.T. MEDICAL COLLEGE, UDAIPUR",Rajasthan,All India,MBBS,,,,,7203,,,,,,,,,7500,,15411,,,,,,7250,,,,,,,57484,,,,,,63739,,
"RUHS College of Dental Science, Jaipur",Rajasthan,All India,BDS,,,,,31023,,,,,,,,,,42375,1210547,,,,,,9239,,,,,,,,147563,,,,,,171977,
"RUHS College of Medical Sciences, Jaipur",Rajasthan,All India,MBBS,,,,,,7036,,486895,,,,,4488,,,405839,,,,,,4349,,,,,,,36841,,,,,,40635,,
"S.M.S. MEDICAL COLLEGE, JAIPUR",Rajasthan,All India,MBBS,,,,,1974,,,,,,,1520,,,,,,,,1031,,,,416629,,,14016,,,,,,,17958,,,
"SARDAR PATEL MEDICAL COLLEGE, BIKANER",Rajasthan,All India,MBBS,,,,,,9099,,,,,,,,5298,,469580,,766494,,,,,7815,,,,,,43999,,,,,,60630,,
SHRI KALYAN GOVERNMENT MEDICAL COLLEGE SIKAR,Rajasthan,All India,MBBS,,,,,11883,,,,669645,,,,9710,,,,,,,,9422,,,,,,,71568,,,,,,66724,,,
"SJP Medical College, Bharatpur",Rajasthan,All India,MBBS,927356,,,,,12514,,,880882,,,,,12273,,,,,,,,10890,,1171506,,,,80273,,,,,,,,94665,
"ACS Medical College and Hospital, Chennai",Tamil Nadu,Deemed/Paid Seats Quota,MBBS,,,,,,,,,,,,,,,,,,,,1017390,,,,,,,,,,,,,,,,,
"AIIMS, Madurai",Tamil Nadu,Open Seat Quota,MBBS,290369,,,,,,22472,,,,746033,,,,,171368,,605872,,,,,19454,,,,,,,105492,,,,,,,145910
"BHAARATH MEDICAL COLLEGE AND HOSPITAL, Chennai",Tamil Nadu,Deemed/Paid Seats Quota,MBBS,,,,,,,,,,,,,,,,,,,,1062838,,,,,,,,,,,,,,,,,
"CHENGALPATTU MEDICAL COLLEGE, CHENGALPATTU",Tamil Nadu,All India,MBBS,,,,,,25016,,,,,,,,13915,,603910,1057910,,,,,13530,,,,,,86365,,,,,,,,158996,
"COIMBATORE MEDICAL COLLEGE, COIMBATORE",Tamil Nadu,All India,MBBS,,,,,,22891,,,,,,,,11423,,,,,,,,9774,,888733,,,,,93039,,,,,,,127375,
"Chettinad Hospital and Research Institute, Kancheepuram",Tamil Nadu,Deemed/Paid Seats Quota,MBBS,,,,,,,,,,,,,,,,,,,,825168,,,,,,,,,,,,,,,,,
"ESIC Medical College AND PGIMSR, Chennai",Tamil Nadu,All India,MBBS,,,,,,19227,,,,,,,,,21816,,,,,,,14349,,,,,,,109131,,,,,,,144424,
"GOVERNMENT DHARAMAPURI MEDICAL COLLEGE, DHARMAPURI",Tamil Nadu,All India,MBBS,,,,,,27480,,,,,,,,14595,,,,,,,,14146,,,,,,,122029,,,,,,,155938,
"GOVERNMENT KILPAUK MEDICAL COLLEGE, CHENNAI",Tamil Nadu,All India,MBBS,,,,,12174,,,,,,,,,11816,,,,,,,,10663,,,,,,,74322,,,,,,100861,,
"GOVERNMENT MEDICAL COLLEGE, TIRUNELVELI",Tamil Nadu,All India,MBBS,,,,,,26868,,,1061702,,,,,,19861,,,,,,,,19816,,,,,,,135357,,,,,,151297,
"GOVERNMENT MOHAN KUMARAMANGALAM MEDICAL COLLEGE, SALEM",Tamil Nadu,All India,MBBS,,,,,,25803,,,,,,,,,17778,685369,880131,,,,,10846,,1317661,,,,,98661,,,,,122239,,,
"GOVERNMENT VELLORE MEDICAL COLLEGE, VELLORE",Tamil Nadu,All India,MBBS,,,,,,24674,,,1217237,,,,,,,,,,,,,12379,19304,,,,,,118737,,,,,,,137261,
"GTMC, THIRUVARUR",Tamil Nadu,All India,MBBS,,,,,,28400,,,,,,,,17587,,,,,,,,17164,,,,,,,130316,,,,,,,161206,
"GVMC, VILLUPURAM",Tamil Nadu,All India,MBBS,,,,,,27957,,,,,,,,17152,,,,,,,13253,,,,,,,114396,,,,,,,,162494,
Government Dental College Pudukkottai,Tamil Nadu,All India,BDS,,,,,,,80899,,1290493,,,,,,,,,,,,,49623,61593,,,,,,,209294,,,,,,,
Government Medical College Karur,Tamil Nadu,All India,MBBS,,,,,,28454,,,,,,,,14733,,571787,1074021,,,,,14468,,,,,,,131961,,,,,,,163379,
"Government Medical College and ESIC Hospital, Coimbatore",Tamil Nadu,All India,MBBS,,,,,,,23675,,,,,,12058,,,502187,1075323,876047,,,10679,,,,,,,,98682,,,,,,,154198,
"Government Medical College, Ariyalur",Tamil Nadu,All India,MBBS,,,,,,27445,,,,,,,,,,847394,,,,,,17339,20708,1033232,,,,,132253,,,,,,,166750,
"Government Medical College, Dindigul",Tamil Nadu,All India,MBBS,,,,,,28404,,,1111056,,,,,16400,,,,,,,,16161,,,,,,,,137466,,,,,153315,,
"Government Medical College, Kallakurichi",Tamil Nadu,All India,MBBS,,,,,26687,,,,,,,,,18735,,956262,1028042,1099902,,,,18552,,,,,,,132880,,,,,,,166383,
"Government Medical College, Krishnagiri",Tamil Nadu,All India,MBBS,,,,,,28622,,,,,,,,16846,,,,,,,,16360,,,,,,,,137624,,,,,,166025,
"Government Medical College, Nagapattinam",Tamil Nadu,All India,MBBS,,,,,,28698,,,,,,,,19775,,880131,730231,,,,,19215,,,,,,,128452,,,,,,,166849,
"Government Medical College, Namakkal",Tamil Nadu,All India,MBBS,,,,,,28586,,,,,,,,16725,,,,,,,15967,,,,,,,,132918,,,,,,155825,,
"Government Medical College, Nilgiris",Tamil Nadu,All India,MBBS,,,,,24734,,,,,1290493,,,,,,710851,1011375,,,,,16635,19360,,,,,,132860,,,,,,,161008,
"Government Medical College, Omandurar",Tamil Nadu,All India,MBBS,,,,,,,27248,530077,,,,,,11468,,,171368,,,,,9624,,,,,,,77275,,,,,100188,,,
"Government Medical College, Ramanathapuram",Tamil Nadu,All India,MBBS,,,,,,28691,,,,,,,,18435,,,,,,,,17839,,,,,,,132459,,,,,,,165208,
"Government Medical College, Thiruvallur",Tamil Nadu,All India,MBBS,,,,,,26777,,,,,,,,,,,,,,,,16889,22481,,,,,,120072,,,,,,,162896,
"Government Medical College, Tiruppur",Tamil Nadu,All India,MBBS,,,,,,27647,,,,,,,,,,,,,,,,14170,22531,,,,,,130514,,,,,,,153945,
"Government Medical College, Virudhunagar",Tamil Nadu,All India,MBBS,,,,,,28477,,,1225359,,,,,17143,,,,,,,,15764,,,,,,,133013,,,,,,,157701,
"Government Pudukkottai Medical College Hospital, Pudukkottai",Tamil Nadu,All India,MBBS,,,,,,28564,,,,,,,,17670,,,,,,,,,20551,,,,,,132476,,,,,,,166217,
"Government Sivagangai Medical College, Sivagangai",Tamil Nadu,All India,MBBS,,,,,26504,,,,,,,,,17780,,762860,1150464,,,,,17093,,,,,,,132577,,,,,,,163170,
"IRT Perundurai Medical College, Perundurai",Tamil Nadu,All India,MBBS,,,,,,27277,,,,,,,,14110,,556512,1002236,,,,9774,,,,,,,,126598,,,,,,,156658,
"J R MEDICAL COLLEGE AND HOSPITAL, Tamil Nadu",Tamil Nadu,Deemed/Paid Seats Quota,MBBS,,,,,,,,,,,,,,,,,,,,588114,,,,,,,,,,,,,,,,,
"K.A.P. VISWANATHAM Government Medical College, TIRUCHIRAPALLI",Tamil Nadu,All India,MBBS,,,,,23061,,,,,1386421,,,,13289,,,,,,,,13051,,,,,,,100848,,,,,,144908,,
"KANYAKUMARI GOVERNMENT MEDICAL COLLEGE, ASARIPALLAM",Tamil Nadu,All India,MBBS,,,,,,27350,,,,,,,,,18953,696523,912778,,,,,12606,,,,,,,126293,,,,,,,160607,
"MADRAS MEDICAL COLLEGE, CHENNAI",Tamil Nadu,All India,MBBS,,,,4921,,,,,,,,,1471,,,,,,,,,2048,,,,,10376,,,,,,,,,92801,
"MADURAI MEDICAL COLLEGE, MADURAI",Tamil Nadu,All India,MBBS,,1076270,,,,23419,,,702201,,,,,11559,,,696523,,,,,10467,,,,,,75910,,,,,,,,138861,
"Meenakshi Ammal Dental College and Hospital, Chennai",Tamil Nadu,Deemed/Paid Seats Quota,BDS,,,,,,,,,,,,,,,,,,,,1025878,,,,,,,,,,,,,,,,,
"Meenakshi Medical College Hospital and Research Institute, Kanchipuram",Tamil Nadu,Deemed/Paid Seats Quota,MBBS,,,,,,,,,,,,,,,,,,,,899112,,,,,,,,,,,,,,,,,
"Rajah Muthiah Dental College and Hospital, Annamalai",Tamil Nadu,All India,BDS,,,,,,,79167,,,,,,,,68348,,,,,,,,67112,,,,,,193970,,,,,,,,302770
"Rajah Muthiah Medical College, Annamalai University",Tamil Nadu,All India,MBBS,,,,,,28305,,,,,,,,17844,,902797,1099902,,,,,17416,,,,,,,,136699,,,,,,159902,
"SATHYABAMA UNIVERSITY Dental College and Hospital, Chennai",Tamil Nadu,Deemed/Paid Seats Quota,BDS,,,,,,,,,,,,,,,,,,,,1383470,,,,,,,,,,,,,,,,,
"SRI LALITHAMBIGAI MEDICAL COLLEGE & HOSPITAL, Chennai",Tamil Nadu,Deemed/Paid Seats Quota,MBBS,,,,,,,,,,,,,,,,,,,,617590,,,,,,,,,,,,,,,,,
"SRM Dental College, Chennai",Tamil Nadu,Deemed/Paid Seats Quota,BDS,,,,,,,,,,,,,,,,,,,,883250,,,,,,,,,,,,,,,,,
"SRM Kattankulathur Dental College and Hospital, Chennai",Tamil Nadu,Deemed/Paid Seats Quota,BDS,,,,,,,,,,,,,,,,,,,,980273,,,,,,,,,,,,,,,,,
"SRM Medical College and Hospital, Chennai",Tamil Nadu,Deemed/Paid Seats Quota,MBBS,,,,,,,,,,,,,,,,,,,,637582,,,,,,,,,,,,,,,,,
"STANLEY MEDICAL COLLEGE, CHENNAI",Tamil Nadu,All India,MBBS,,,,,11882,,,457003,,,,,,,13790,,,,,,,7114,,578758,,,,,,134168,,,,,81472,,
"Saveetha Dental College, Chennai",Tamil Nadu,Deemed/Paid Seats Quota,BDS,,,,,,,,,,,,,,,,,,,,655596,,,,,,,,,,,,,,,,,
"Saveetha Medical College, Chennai",Tamil Nadu,Deemed/Paid Seats Quota,MBBS,,,,,,,,,,,,,,,,,,,,568054,,,,,,,,,,,,,,,,,
"Shri Sathya Sai Medical College and Research Institute, Chennai",Tamil Nadu,Deemed/Paid Seats Quota,MBBS,,,,,,,,,,,,,,,,,,,,1332973,,,,,,,,,,,,,,,,,
"Sree Balaji Dental College and Hospital, Chennai",Tamil Nadu,Deemed/Paid Seats Quota,BDS,,,,,,,,,,,,,,,,,,,,1330714,,,,,,,,,,,,,,,,,
"Sree Balaji Medical College and Hospital, Chennai",Tamil Nadu,Deemed/Paid Seats Quota,MBBS,,,,,,,,,,,,,,,,,,,,1103028,,,,,,,,,,,,,,,,,
"Sri Ramachandra Dental College and Hospital, Chennai",Tamil Nadu,Deemed/Paid Seats Quota,BDS,,,,,,,,,,,,,,,,,,,,874678,,,,,,,,,,,,,,,,,
"Sri Ramachandra Medical College and Research Institute, Chennai",Tamil Nadu,Deemed/Paid Seats Quota,MBBS,,,,,,,,,,,,,,,,,,,,311243,323997,,,,,,,,,,,,,,,,
"TAMILNADU GOVERNMENT DENTAL COLLEGE & HOSPITAL, CHENNAI",Tamil Nadu,All India,BDS,,,,,,60087,,,,,,,,,61466,,,,,,,,61139,,,,,,,191041,,,,,,,241986
"THANJAVUR MEDICAL COLLEGE, THANJAVUR",Tamil Nadu,All India,MBBS,,,,,,,27846,,,,,,,13841,,576752,,1063482,,,,12188,,,,,,,97800,,,,,,,145207,
"THENI GOVERNMENT MEDICAL COLLEGE, THENI",Tamil Nadu,All India,MBBS,,,,,,27215,,,,,,,,,20670,,,,,,,13356,,,,,,,127064,,,,,,,161051,
"THOOTHUKUDI MEDICAL COLLEGE, THOOTHUKUDI",Tamil Nadu,All India,MBBS,,,,,,28267,,802244,,,,,,14840,,,1110300,,,,,14263,,,,,,,127205,,,,,,,161326,
"Thaimoogambigai Dental College and Hospital, Chennai",Tamil Nadu,Deemed/Paid Seats Quota,BDS,,,,,,,,,,,,,,,,,,,,1385738,954574,,,,,,,,,,,,,,,,
"Thiruvannamalai Medical College, Thiruvannamalai",Tamil Nadu,All India,MBBS,,,,,,26720,,,,,,,,17772,,,,,,,,17726,,,,,,,123078,,,,,,,160995,
"VELS MEDICAL COLLEGE & HOSPITAL, Tiruvallur",Tamil Nadu,Deemed/Paid Seats Quota,MBBS,,,,,,,,,,,,,,,,,,,,1175074,,,,,,,,,,,,,,,,,
"VMKV Medical College and Hospital, Salem",Tamil Nadu,Deemed/Paid Seats Quota,MBBS,,,,,,,,,,,,,,,,,,,,1001140,653595,,,,,,,,,,,,,,,,
"VMS Dental College, Salem",Tamil Nadu,Deemed/Paid Seats Quota,BDS,,,,,,,,,,,,,,,,,,,,1392756,1215493,,,,,,,,,,,,,,,,
"AIIMS, Bibi Nagar, Hyderabad",Telangana,Open Seat Quota,MBBS,,,,,4496,,,338461,,,,,,4020,,,51386,,,,,2588,,676640,,,,23710,,,395767,,,40731,,,
"ESIC Medical College, Hyderabad",Telangana,All India,MBBS,,,,,9021,,,,,,,,,12540,,,,,,,,,11513,,,,,,70811,,,,,78268,,,
GMC Jangaon,Telangana,All India,MBBS,,,,,,,28512,,,,,,,23834,,737003,1063784,,,,,,24633,,,,,,127291,,,,,,,150808,
GMC Kamareddy,Telangana,All India,MBBS,,,,,,27614,,,,,,,,24351,,,,,,,,23649,,,,,,,,136018,,,,,,,167546
GOVERNMENT MEDICAL COLLEGE Karimnagar,Telangana,All India,MBBS,,,,,,27716,,,,,,,,22556,,,,,,,,22228,,,,,,,121983,,,,,,,,166907
"GOVERNMENT MEDICAL COLLEGE, MEDAK",Telangana,All India,MBBS,,,,,,27560,,,,,,,,,24979,,,,,,,23915,,,,,,,130374,,,,,,,,
"GOVERNMENT MEDICAL COLLEGE, SANGAREDDY",Telangana,All India,MBBS,,,,,,26023,,,,,,,,22355,,,,,,,,20712,,,,,,,,137400,,,,,146673,,
"GOVERNMENT MEDICAL COLLEGE, WANAPARTHY",Telangana,All India,MBBS,,,,,,26645,,,,1305687,,,,24361,,853027,1105101,,,,,,24738,,,,,,131097,,1162789,,,,,153268,
"Gandhi Medical College, Secunderabad",Telangana,All India,MBBS,,,,3999,,,,,447654,,,,,5402,,208768,,,,,,3565,,,,,,,35213,,,,,,45407,,
Government Dental College Hyderabad,Telangana,All India,BDS,,,,,,51511,,,,,,,,,60623,,1220394,,,,,49974,,,,,,,,206351,,,,,,,269290
Government Medical College Jayashankar Bhupalpally,Telangana,All India,MBBS,,,,,,28203,,,,,,,,24636,,,,,,,,,24940,,,,,,132360,,,,,,,159972,
Government Medical College Khaleelwadi,Telangana,All India,MBBS,,,,,22808,,,,,,,,,21013,,,,,,,,,23892,,,,,,116199,,,,,74628,,,
Government Medical College Nalgonda,Telangana,All India,MBBS,,,,,,25105,,,,,,,,22399,,644945,,,,,,21257,,,,,,,125937,,,,,,,156982,
Government Medical College Narsampet,Telangana,All India,MBBS,,,,,,28183,,,,,,,,,24993,,,,,,,24101,,,,,,112638,,,,,,,,159796,
Government Medical College Nirmal,Telangana,All India,MBBS,,,,,,28330,,,,1347053,,,,,24894,856015,,1231904,,,,24168,,,,,,,130495,,,,,,134649,,
Government Medical College Rajanna Sircilla,Telangana,All India,MBBS,,,,,,27093,,,,,,,,,24964,,,,,,,23228,,,,,,,127919,,,,,,,157938,
Government Medical College Siddipet,Telangana,All India,MBBS,859393,,,,,23669,,,,1039257,,,,21818,,437901,447209,,,,,20824,,,,,,,118830,,,,,,132085,,
Government Medical College Suryapet,Telangana,All India,MBBS,,,,,23270,,,,,,,,,22165,,,,,,,,19634,,,,,,,118219,,,,,,,147054,
Government Medical College Vikarabad,Telangana,All India,MBBS,,,,,,28492,,,,,,,,,24958,870494,1148397,,,,21747,,,,,,,,130979,,,,,,,164080,
"Government Medical College, Bhadradri, Kothagudem",Telangana,All India,MBBS,,,,,,26596,,,,,,,,,24946,,,,,,,,24827,,,,,,129921,,,,,,,158871,
"Government Medical College, Jagtial",Telangana,All India,MBBS,,,,,,,28731,,,,,,,24422,,,,,,,,23547,,,,,,,129589,,,,,116713,,,
"Government Medical College, Jogulamba, Gadwal",Telangana,All India,MBBS,,,,,,,,1061600,,,,,,24656,,,,,,,,24348,,,,,,,129858,,,,,,,,
"Government Medical College, Khammam",Telangana,All India,MBBS,,,,,25984,,,,,,,,,23437,,,,,,,,22633,,,,,,,129043,,,,,,,155871,
"Government Medical College, Kumuram Bheem Asifabad",Telangana,All India,MBBS,,,,,,27430,,,,,,,,24689,,,,,,,,23891,,,,,,,127899,,,,,,,159928,
"Government Medical College, Mahabubabad",Telangana,All India,MBBS,,,,,,26107,,,,1111056,,,,23654,,,,,,,,23134,,,,,,,126765,,,,,130161,,,
"Government Medical College, Mahabubnagar",Telangana,All India,MBBS,,,,,,23647,,,,,,,,21079,,,,,,,,20411,,,,,,109134,,,,,,,,128049,
"Government Medical College, Maheshwaram",Telangana,All India,MBBS,,,,,,28569,,,,,,,,24175,,,,,,,,,24937,,,,,120110,,,,,,,,,
"Government Medical College, Mancherial",Telangana,All India,MBBS,,,,,,25984,,1063028,,,,,,24569,,,,,,,,23907,,,,,,,131771,,,,,132494,,,
"Government Medical College, Mulugu",Telangana,All India,MBBS,,,,,,28230,,,,,,,,24662,,,,,,,,24358,,,,,,,131541,,,,,,,165882,
"Government Medical College, Nagarkurnool",Telangana,All India,MBBS,,,,,25966,,,,,,,,,,24864,647027,1100721,973783,,,,22752,,,,,,,,136611,,,,,,,167218
"Government Medical College, Narayanpet",Telangana,All India,MBBS,,,,,26086,,,,,,,,,24584,,,,,,,,,24861,,,,,,124756,,,,,,,,
"Government Medical College, Quthbullapur",Telangana,All India,MBBS,,,,,,,,,,,,,,23657,,,1139323,,,,21777,,,,,,,,129654,,,,,,,162296,
"Government Medical College, Ramagundam",Telangana,All India,MBBS,,,,,,28463,,,,,,,,22838,,793018,1129436,,,,,21560,,,,,,,129592,,,,,,,162264,
"Government Medical College, Yadadri",Telangana,All India,MBBS,,,,,,27658,,,1052761,,,,,23929,,,,,,,,23857,,,,,,122409,,,,,,,,158896,
Kakatiya Medical College Warangal,Telangana,All India,MBBS,,,,,,20320,,,,,,,,17935,,212464,,894559,550063,,,16074,,,1024283,,,,104907,,972798,,,,,98551,
"Malla Reddy Dental College For Women, Hyderabad",Telangana,Deemed/Paid Seats Quota,BDS,,,,,,,,,,,,,,,,,,,,,1368091,632014,,,,,,,,,,,,,,,
"Malla Reddy Institute of Dental Sciences, Hyderabad",Telangana,Deemed/Paid Seats Quota,BDS,,,,,,,,,,,,,,,,,,,,,1168494,,,,,,,,,,,,,,,,
"Malla Reddy Institute of Medical Sciences, Hyderabad",Telangana,Deemed/Paid Seats Quota,MBBS,,,,,,,,,,,,,,,,,,,,,413909,,,,,,,,,,,,,,,,
"Malla Reddy Medical College for Women, Hyderabad",Telangana,Deemed/Paid Seats Quota,MBBS,,,,,,,,,,,,,,,,,,,,,468690,,,,,,,,,,,,,,,,
"Osmania Medical College Koti, HYDERABAD",Telangana,All India,MBBS,,,,,8777,,,,567024,,,,,7798,,,,,,,,5919,,,,,,,47890,,,,,60966,,,
Rajiv Gandhi Institute Medical Sciences of Adilabad,Telangana,All India,MBBS,,,,,,21639,,,,,,,,21184,,635069,,,,,,19959,,,,,,104025,,,,,,97251,,,
"AGARTALA GOVERNMENT DENTAL COLLEGE, AGARTALA",Tripura,All India,BDS,,,,,,,69347,,,,,,,,44640,,,,,,,27089,,,,,,,165232,,,,,,,,
"AGARTALA GOVERNMENT MEDICAL COLLEGE, AGARTALA",Tripura,All India,MBBS,1169378,,,,,28061,,,,,,,,,,886313,,,,,,22112,25019,1377061,,,,,131710,,,,,,,,168407
"AIIMS, Gorakhpur",Uttar Pradesh,Open Seat Quota,MBBS,345066,,,,3254,,,314536,,,,,,2749,,,114323,,,,,2448,,414614,,,22145,,,,,,,,47073,,
"AIIMS, Rai Bareli",Uttar Pradesh,Open Seat Quota,MBBS,,,,,4216,,,251890,,,,,,3549,,217961,,,,,,2994,,,,,,28489,,,,,,,,53282,
Autonomous State Medical College Society Hardoi,Uttar Pradesh,All India,MBBS,,,,,,19721,,,,,,,,18587,,608295,,,,,,17239,,,,,,,102778,,,,,,,125331,
"Autonomous State Medical College Society, Mirzapur",Uttar Pradesh,All India,MBBS,,,,,,20672,,,,,,,,19090,,,,,,,,,21457,,,,,,,132777,,,,,,131132,
"Autonomous State Medical College, Etah",Uttar Pradesh,All India,MBBS,,,,,,18908,,,,,,,,17104,,,,,,,,15931,,,,,,,100625,,,,,,,117237,
"Autonomous State Medical College, Fatehpur",Uttar Pradesh,All India,MBBS,,,,,,19030,,642362,,,,,,17886,,,,,,,16790,,,,,,,,103563,,,,,,104767,,
"Autonomous State Medical College, Ghazipur",Uttar Pradesh,All India,MBBS,,,,,,20020,,,,,,,,19488,,,,,,,,19209,,,1377061,,,,,134017,1043751,,,,,127697,
"Autonomous State Medical College, Gonda",Uttar Pradesh,All India,MBBS,,,,,21250,,,,,,,,,,20961,,,,,,19519,,,,,,,,110620,,,,,,,135033,
"Autonomous State Medical College, Kanpur Dehat",Uttar Pradesh,All India,MBBS,,,,,,,,,,,,,,19160,,,,,,,,18535,,,,,,,104205,,,,,,121496,,
"Autonomous State Medical College, Kaushambi",Uttar Pradesh,All India,MBBS,,,,,,21770,,,,,,,,20770,,,,,,,,19823,,,,,,105676,,,,,,,135192,,
"Autonomous State Medical College, Kushinagar",Uttar Pradesh,All India,MBBS,,,,,,21579,,,,,,,,20912,,,,,,,,19952,,,,,,,,134195,,,,,,128692,
"Autonomous State Medical College, Lakhimpur Kheri",Uttar Pradesh,All India,MBBS,,,,,21649,,,,,,,,20731,,,,469580,,,,,19942,,,,,,,109898,,,,,,,136796,
"Autonomous State Medical College, Lalitpur",Uttar Pradesh,All India,MBBS,,,,,,,,,723671,,,,,20480,,,,,,,,19557,22419,,,,,,107716,,,,,,,,
"Autonomous State Medical College, Pilibhit",Uttar Pradesh,All India,MBBS,878113,,,,,20054,,,,,,,19034,,,,,,,,18036,,,,,,,104697,,,,,,,,133270,
"Autonomous State Medical College, Pratapgarh",Uttar Pradesh,All India,MBBS,,,,,,20232,,,,,,,,18885,,666537,413855,,,,,18845,,,,,,,106206,,,,,109229,,,
"Autonomous State Medical College, Sehud, Auraiya",Uttar Pradesh,All India,MBBS,,,,,21809,,,,,,,,20143,,,,,,,,,18841,,,,,,,109857,,,,,,,135431,
"Autonomous State Medical College, Siddharthnagar",Uttar Pradesh,All India,MBBS,,,,,,20387,,,,,,,,18583,,,,,,,,17961,,,,,,,102035,,,,,,,127196,
"Autonomous State Medical College, Sonebhadra",Uttar Pradesh,All India,MBBS,,,,,,21902,,,,,,,,20971,,,,,,,,20444,,,,,,,,134293,,,,,,129470,
"Autonomous State Medical College, Sultanpur",Uttar Pradesh,All India,MBBS,,,,,,21714,,,,,,,,20471,,,272157,620436,504609,,,19315,,1057792,,,,100360,,,,,,,,131585,
"B.R.D. MEDICAL COLLEGE, GORAKHPUR",Uttar Pradesh,All India,MBBS,,,,6174,,,,,,,,,,11380,,,,,,,,,13080,,,,,,86468,,,,929926,,99431,,
"Baba Kinaram Autonomous State Medical College, Chandauli",Uttar Pradesh,All India,MBBS,,,,,21993,,,,,,,,,20907,,,,,,,19715,,,,,,,111063,,,,,,,132379,,
"College of Nursing BHU, VARANASI",Uttar Pradesh,B.Sc Nursing All India,B.Sc. Nursing,,,,,,,98486,,,,,,,,100517,,,,,,,,86527,,,,,,,249486,,,,,,,367899
"Dr Ram Manohar Lohia Institute of Medical Sciences, Lucknow",Uttar Pradesh,All India,MBBS,,,,,4324,,,345945,,,,,,5607,,206722,,,,,3956,,,,,,,46848,,,,,,,73932,,
"Dr. Ziauddin Ahmed Dental College and Hospital, ALIGARH",Uttar Pradesh,Aligarh Muslim University (AMU) Quota,BDS,,,,,,,,,,,,,,,,,,,,48636,49706,52010,,,,,,,,,,,,,,,
"FACULTY OF DENTAL SCIENCES, KG MEDICAL UNIVERSITY, LUCKNOW",Uttar Pradesh,All India,BDS,,,,,,32222,,,,,,,,,,,,,,,25078,29714,,,,,,,160222,,,,,,216862,,
"G.S.V.M. MEDICAL COLLEGE, KANPUR",Uttar Pradesh,All India,MBBS,,,,,8493,,,,,,,,,,15265,366122,,,,,,,11770,,,,,56454,,,,,,,,99067,
"GMC, Azamgarh",Uttar Pradesh,All India,MBBS,,,,,14624,,,,,,,,,14652,,,,,,,,13566,,,,,,,91867,,,,,,,107118,
"GMC, Bahraich",Uttar Pradesh,All India,MBBS,,,,,,19660,,,,,,,,18279,,,,,,,,,21642,,,,,,99889,,,,,,,120028,
"GMC, Shahjahanpur",Uttar Pradesh,All India,MBBS,,,,,,18832,,,,,,,,,22098,660143,739287,,,,,16102,,,,,,94273,,,,,,,112717,,
"Government Institute of Medical Sciences, GREATER NOIDA",Uttar Pradesh,All India,MBBS,,,,,7742,,,,,,,,,6256,,277806,,272157,,,,,9797,,,,,58983,,,,,,,78756,,
Government Medical College Badaun,Uttar Pradesh,All India,MBBS,,,,,,18289,,,,,,,,16514,,,,,,,,,17236,,,,,,97006,,,,,100297,,,
Government Medical College Basti,Uttar Pradesh,All India,MBBS,,901139,,,,,,514592,,,,,,,,,,,,,15977,16831,21726,813214,,,,,100519,,,,,,,120343,
Government Medical College Faizabad,Uttar Pradesh,All India,MBBS,,,,,15494,,,,,,,,,16002,,,,,,,,,20313,,,,,,102087,,,,,,,119596,
Government Medical College Firozabad,Uttar Pradesh,All India,MBBS,,,,,16555,,,,,,,,15354,,,,,,,,13320,,,,,,,,96839,,,,,,105329,,
"Government Medical College, Kannauj",Uttar Pradesh,All India,MBBS,,,,,14504,,,,,,,,,13031,,,,,,,,12826,,,1366875,,,,94000,,,,,,,114256,
"IMS BHU Dental, Varanasi",Uttar Pradesh,Open Seat Quota,BDS,,,,,,,39960,,1264724,,,,,37359,,,574117,,,,,33675,,,,,,,158858,,,,,,,223486,
"INSTITUTE OF MEDICAL SCIENCES, BHU, VARANASI",Uttar Pradesh,Open Seat Quota,MBBS,187697,,,1634,,,,68895,,,,1585,,,,43108,,,,,,1098,,374749,,,,,,48082,919465,,,,26209,,
"Jawaharlal Nehru Medical College, AMU, ALIGARH",Uttar Pradesh,Aligarh Muslim University (AMU) Quota,MBBS,,,,,,,,,,,,,,,,575322,571302,,,14087,14703,14962,,,,,,,,,,,,,,,
"KING GEORGES MEDICAL COLLEGE, LUCKNOW",Uttar Pradesh,All India,MBBS,,,,,2716,,,289756,,,,,,,5268,,,,,,,2059,,,,,,,,102100,,,,,48044,,
"Kalyan Singh Government Medical College, Bulandshahr",Uttar Pradesh,All India,MBBS,,,,,17761,,,662936,,,,,15147,,,,,,,,13787,,,,,,,80520,,,,,,,113360,,
"L.L.R.M. MEDICAL COLLEGE, MEERUT",Uttar Pradesh,All India,MBBS,533276,,,,9016,,,,,,,,,,16249,,,,,,,5881,,,,,,64215,,,,,,,,86289,
"MAHARANI LAXMI BAI MEDICAL COLLEGE, JHANSI",Uttar Pradesh,All India,MBBS,,,,,11771,,,,,,,,,,18571,423415,,,,,,,15060,,,,,,,117426,,,,,94711,,
"MAHARSHI DEVRAHA BABA AUTONOMOUS STATE MEDICAL COLLEGE, DEORIA",Uttar Pradesh,All India,MBBS,,,,,,19950,,,,,,,,18399,,638119,398557,,,,,17882,,,,,,,110105,,,,,126634,,,
"MOTI LAL NEHRU MEDICAL COLLEGE, ALLAHABAD",Uttar Pradesh,All India,MBBS,,,,,,11148,,416208,,,,,,,15821,,,,,,,,13691,,,,,,76556,,,,,,,106052,
"MRA MEDICAL COLLEGE AMBEDKAR NAGAR, UP",Uttar Pradesh,All India,MBBS,,,,,15704,,,,,,,,,,19700,,410431,,,,12717,,,915516,,,,,97328,,,,,,,114581,
"Mahatma Vidur Autonomous State Medical College, Bijnor",Uttar Pradesh,All India,MBBS,,,,,,18366,,,,,,,,,22647,683386,,,,,,,20504,,,,,89715,,,,,,,,132612,
"Rajkiya Medical College, Jalaun",Uttar Pradesh,All India,MBBS,,,,,,16044,,,777299,,,,,16226,,,,,,,14344,,,,,,,87899,,,,,,,,113003,
"Rani Durgavati Medical College, Banda",Uttar Pradesh,All India,MBBS,,,,,,18381,,,,,,,,,21568,508675,620436,629293,,,,15904,,,,,,,98484,,,,,,,113672,
"S.N. MEDICAL COLLEGE, AGRA",Uttar Pradesh,All India,MBBS,,,,,,10931,,418303,,,,,,,17692,,,,,,,7212,,,,,,,,104254,,,,,,79666,
"SUH Maulana Mahmood Hasan Medical College, Saharanpur",Uttar Pradesh,All India,MBBS,,,,,14577,,,,,,,,12698,,,,,,,,11368,,,,,,,,90223,,,,,,,117101,
"Santosh Dental College and Hospital, Ghaziabad",Uttar Pradesh,Deemed/Paid Seats Quota,BDS,,,,,,,,,,,,,,,,,,,,1191847,,,,,,,,,,,,,,,,,
"Santosh Medical College and Hospital, Ghaziabad",Uttar Pradesh,Deemed/Paid Seats Quota,MBBS,,,,,,,,,,,,,,,,,,,,672540,599861,,,,,,,,,,,,,,,,
"UNS AUTONOMOUS STATE MEDICAL COLLEGE, Jaunpur",Uttar Pradesh,All India,MBBS,,,,,,20432,,759811,,,,,,19687,,,,,,,,19305,,,,,,,112192,,,,,,,131998,
"Uttar Pradesh University of Medical Sciences, Saifai, Etawah",Uttar Pradesh,All India,MBBS,,,,,,12986,,,,,,,,,18675,,,,,,,,15633,,,,,,,125688,,,,,101873,,
"AIIMS, Rishikesh",Uttarakhand,Open Seat Quota,MBBS,,,,1200,,,,156031,,,,,1139,,,31509,,,,731,,,,,359798,,8393,,,,,,,19156,,,
"Government Doon Medical College, Dehradun",Uttarakhand,All India,MBBS,,,,,,12624,,,,,,,,12319,,435519,,,,,,7865,,,,,,,,123465,,,,,,113791,
"Government Medical College, Haridwar",Uttarakhand,All India,MBBS,,,,,,15771,,,,,,,,,22076,,,810446,462959,,,,17365,,,,,,,129699,,,,,,,158726
"Graphic Era Institute Of Medical Science, Dehradun",Uttarakhand,Deemed/Paid Seats Quota,MBBS,,,,,,,,,,,,,,,,,,,,551948,,,,,,,,,,,,,,,,,
"SOBAN SINGH JEENA GOVERNMENT INSTITUTE OF MEDICAL SCIENCE & RESEARCH, ALMORA",Uttarakhand,All India,MBBS,,,,,,19690,,,,,,,,18681,,,,,,,,,18062,,,,,,103369,,,,,,,128126,
"UTTARANCHAL FOUNDATION HOSPITAL TRUST MEDICAL COLLEGE, HALDWANI",Uttarakhand,All India,MBBS,,,,,11938,,,,,,,,,12438,,,,,,,9222,,,,,,,,,129129,,,,,113736,,
"Veer Chandra Singh Garhwali Government Institute of Medical Science & Research, Srinagar",Uttarakhand,All India,MBBS,,,,,,19401,,,844991,,,,,16600,,,,,,,,,19188,,,,,,100121,,,,,,,,160265
"AIIMS, Kalyani",West Bengal,Open Seat Quota,MBBS,,499636,,4033,,,,,,,,,,3445,,205767,314536,,,,2435,,,494797,,,,,20728,,716131,,,,56211,,
"BANKURA SAMMILANI MEDICAL COLLEGE, BANKURA",West Bengal,All India,MBBS,,,,,,,26156,,,1183849,,,,19283,,,873477,,,,,18299,,,,,,,106429,,,,,,,133582,
"BURDWAN MEDICAL COLLEGE, BURDWAN",West Bengal,All India,MBBS,960054,,,,,,,,,,,,,,22029,588038,,,,,,15811,21294,973680,,,,,109403,,,,,,,133517,
"Barasat Government Medical College & Hospital, Barasat",West Bengal,All India,MBBS,,,,,,19569,,,,,,,,21761,,509938,955164,,,,,19403,,,,,,107525,,,,,,,130198,,
"Burdwan Dental College & Hospital, Burdwan",West Bengal,All India,BDS,,,,,,,67669,,1288992,,,,,,59724,,,,,,,,53020,,,,,,,189900,,,,,,,236316
"CALCUTTA NATIONAL MEDICAL COLLEGE, KOLKATA",West Bengal,All India,MBBS,,,,,,12950,,517654,,,,,,,18181,,,,,,,11523,,,,,,,,132079,,,,,,130747,
"COLLEGE OF MEDICINE and JNM HOSPITAL, KALYANI",West Bengal,All India,MBBS,,,,,,18395,,,,,,,,18346,,620436,655297,,,,,17092,,,,,,91520,,,,,,,,134505,
"DR. R. AHMED DENTAL COLLEGE & HOSPITAL, KOLKATA",West Bengal,All India,BDS,,,,32965,,,,,,,,,,46568,,1091018,,,,,,,48673,,,,,,,182277,,,,,,,274177
"Deben Mahata Government Medical College & Hospital, Purulia",West Bengal,All India,MBBS,,,,,,,27298,851913,,,,,,,24071,,,,,,,22140,,,,,,,120701,,,,,,137246,,
"Diamond Harbour Government Medical College, Diamond Harbour",West Bengal,All India,MBBS,,,,,,20183,,,,,,,,,21607,,,,,,,18398,,,,,,,,134455,,,,,,137355,
"ESIC PGIMSR, Joka, Kolkata",West Bengal,All India,MBBS,,,,,,19540,,,,,,,,16956,,,,,,,,14136,,,,,,,,133069,,,,,,133663,
"Government Medical College & Hospital, Jalpaiguri",West Bengal,All India,MBBS,,,,,,23615,,,,,,,,,,,,,,,,22491,24272,,,,,,119844,,,,,,,146891,
"INSTITUTE OF POST GRADUATE MEDICAL EDUCATION & RESEARCH, KOLKATA",West Bengal,All India,MBBS,,,,,5990,,,,670020,,,,,5319,,162804,,,,,,3984,,,,,,,43433,,,,,,78128,,
"Jhargram Government Medical College and Hospital, Jhargram",West Bengal,All India,MBBS,,,,,,24011,,,,,,,,23516,,731206,,1074021,,,,23262,,,,,,,,134894,,,,79221,,,
"MALDA MEDICAL COLLEGE, MALDA",West Bengal,All India,MBBS,,,,,,21840,,,,,,,,21861,,,,,,,,,22779,,985806,,,,116747,,,,,,,140452,
"MEDICAL COLLEGE, KOLKATA",West Bengal,All India,MBBS,,,,,6322,,,,,,,,5217,,,110510,,,,,3427,,,,,,,,35651,,,,,,75664,,
"MIDNAPORE MEDICAL COLLEGE, MIDNAPUR",West Bengal,All India,MBBS,,1165851,,,,21496,,,1117786,,,,,,23237,,,,,,,,23116,,,,,,116051,,,,,,,,163366
Maharaja Jitendra Narayan Medical College and Hospital Coochbehar,West Bengal,All India,MBBS,,,,,,22826,,,,,,,,22682,,732741,,1015093,,,,22014,,,,,,,120609,,,,,,,153092,
"Murshidabad Medical College & Hospital, Murshidabad",West Bengal,All India,MBBS,,,,,,22637,,,,,,,,21475,,551245,,,,,,,23918,,,,,,118110,,,,,,137721,,
"NILRATAN SIRKAR MEDICAL COLLEGE, KOLKATA",West Bengal,All India,MBBS,,,,,9860,,,,,,,,9803,,,43198,,,,,,8074,,,,,,,,115319,,,,,,108576,
"NORTH BENGAL DENTAL COLLEGE, SUSHRUTNAGAR",West Bengal,All India,BDS,,,,,44996,,,,,,,,,53968,,,,,,,,47951,,,,,,,161709,,,,,,,,
"NORTH BENGAL MEDICAL COLLEGE, DARJEELING",West Bengal,All India,MBBS,,,,,,17506,,860883,,,,,,19151,,,,,,,,15431,,,,1095405,,,112364,,,1043751,,,,138314,
"Prafulla Chandra Sen Government Medical College & Hospital, Arambagh",West Bengal,All India,MBBS,,,,,,23443,,,,,,,,23000,,,,,,,,22655,,,,,,116418,,,,,,,,154733,
"R.G. KAR MEDICAL COLLEGE, KOLKATA",West Bengal,All India,MBBS,,,,,,15673,,,,,,,,,17873,333335,729205,,,,,,15973,,,,,,99260,,,,,,,124137,
RAMPURHAT GOVERNMENT MEDICAL COLLEGE RAMPURHAT,West Bengal,All India,MBBS,,,,,,22935,,,,,,,,22497,,799075,,,,,,,23931,1102787,,,,,118773,,,,,,,142053,
"Raiganj Government Medical College, Raiganj",West Bengal,All India,MBBS,1033883,,,,20730,,,,,,,,,22445,,,,,,,19054,,,,,,,,122718,,,,,,,158882,
"Sagar Dutta Medical College & Hospital, Kolkata",West Bengal,All India,MBBS,,,,,,,,,781048,,,,,,19252,,,,,,,14445,18947,,,,,,98479,,,,,,,,165708
"Sarat Chandra Chattopadhyay Government Medical College & Hospital, Uluberia",West Bengal,All India,MBBS,,,,,,24725,,967175,,,,,,23195,,,,,,,,21824,,,,,,,122781,,,,,,,157936,
"Tamralipto Government Medical College & Hospital, Tamluk",West Bengal,All India,MBBS,,,,,22340,,,,,,,,,23415,,,,,,,,21765,,,,,,,,135366,,,,,,159081,
