College Name,branch,District,Region,Gender,OC_BOYS,OC_GIRLS,SC_BOYS,SC_GIRLS,ST_BOYS,ST_GIRLS,BCA_BOYS,BCA_GIRLS,BCB_BOYS,BCB_GIRLS,BCC_BOYS,BCC_GIRLS,BCD_BOYS,BCD_GIRLS,BCE_BOYS,BCE_GIRLS,OC_EWS_BOYS,OC_EWS_GIRLS
ADARSH COLLEGE OF ENGINEERING,CIV,EG,GOLLAPROLU,COED,146103,146103,175237,175237,168197,168197,146103,146103,146103,146103,146103,146103,146103,146103,146103,146103, , 
ADARSH COLLEGE OF ENGINEERING,CSE,EG,GOLLAPROLU,COED,128861,128861,176504,177370,157250,157250,161249,172486,163789,163789,128861,128861,176374,177195,167062,167062,173286,136779
ADARSH COLLEGE OF ENGINEERING,ECE,EG,GOLLAPROLU,COED,161894,161894,174884,177676,161894,161894,161894,161894,161894,169552,161894,161894,161894,161894,161894,161894,113560,118267
ADARSH COLLEGE OF ENGINEERING,EEE,EG,GOLLAPROLU,COED, ,150417,164975,164975, ,150417, ,150417, ,150417, ,150417, ,150417, ,150417, , 
ADARSH COLLEGE OF ENGINEERING,MEC,EG,GOLLAPROLU,COED,152545,152545,154902,154902,152545,157155,152545,152545,152545,152545,152545,152545,156064,156064,152545,152545,166550, 
ADITYA COLLEGE OF ENGINEERING AND TECHNOLOGY,CIV,EG,PEDDAPURAM,COED,71458,71458,165515,175777,108103,121894,121512,175154,103308,173293,71458,121793,96634,96634,71458,71458,81009,81067
ADITYA COLLEGE OF ENGINEERING AND TECHNOLOGY,CSD,EG,PEDDAPURAM,COED,38871,38871,140467,160622,151805,156024,71005,71005,64627,66698,38871,38871,49803,56411,150056,150056,38653,41848
ADITYA COLLEGE OF ENGINEERING AND TECHNOLOGY,CSE,EG,PEDDAPURAM,COED,25298,25298,96256,134974,162100,162100,52238,52238,43130,43130,92163,103952,36237,36237,135949,135949,30016,28767
ADITYA COLLEGE OF ENGINEERING AND TECHNOLOGY,CSM,EG,PEDDAPURAM,COED,32023,32023,155838,173032,151318,165275,62296,71996,59902,64713,116275,116275,50679,50679,144644,144644,36444,35619
ADITYA COLLEGE OF ENGINEERING AND TECHNOLOGY,ECE,EG,PEDDAPURAM,COED,42426,45361,152577,171399,172849,172849,90140,90140,66335,75200,67761,99432,61898,61898,130991,163207,46455,46867
ADITYA COLLEGE OF ENGINEERING AND TECHNOLOGY,EEE,EG,PEDDAPURAM,COED,49158,49158,158140,158140,162896,162896,99964,99964,109687,109687,49158,49158,83745,83745,84722,84722,55707,55644
ADITYA COLLEGE OF ENGINEERING AND TECHNOLOGY,INF,EG,PEDDAPURAM,COED,37216,37216,152287,158393,154576,156260,84845,84845,60924,60924,140060,140060,59396,59396,131808,131808,41596,40279
ADITYA COLLEGE OF ENGINEERING AND TECHNOLOGY,MEC,EG,PEDDAPURAM,COED,65182,122918,176499,176499,159792,161231,131468,131468,100592,122918,65182,136129,108178,122918,142038,142038,84177,128039
ADITYA COLLEGE OF PHARMACY,PHD,EG,PEDDAPURAM,COED,80115,80115,121336,121336,126509,126509,80115,80115,80115,133398,80115,80115,80115,155852,80115,129682,94987, 
ADI KAVI NANNAYA UNIVERSITY COLLEGE OF ENGG.-SELF FINANCE,CIV,EG,RAJAHMUNDRY,COED,107746,171703,176873,176873,169855,171703,148777,171703,129395,171703,107746,171703,170736,171703,153026,171703,171428,172882
ADI KAVI NANNAYA UNIVERSITY COLLEGE OF ENGG.-SELF FINANCE,CSE,EG,RAJAHMUNDRY,COED,41808,41808,77207,77207,110043,110043,110559,110559,112886,112886,51640,51640,44549,84434,75803,75803,58836,47585
ADI KAVI NANNAYA UNIVERSITY COLLEGE OF ENGG.-SELF FINANCE,ECE,EG,RAJAHMUNDRY,COED,39968,39968,110237,110237,129384,129384,108925,168062,157734,157734,56048,56048,60525,107253,145834,145834,76888,71433
ADI KAVI NANNAYA UNIVERSITY COLLEGE OF ENGG.-SELF FINANCE,EIE,EG,RAJAHMUNDRY,COED,101020,101020,174514,174514,101020,130904,149468,149468,169478,169478,101020,129594,142882,158705,101020,101020,151777,151998
ADI KAVI NANNAYA UNIVERSITY COLLEGE OF ENGG.-SELF FINANCE,MEC,EG,RAJAHMUNDRY,COED,101368,101368,177045,177045,175316,175316,169572,169572,154389,171143,101368,101368,155682,155682,101368,101368,147022,139484
ADITYA PHARMACY COLLEGE,PHD,EG,PEDDAPURAM,COED,76005,105788,76005,105788,76005,105788,76005,105788,76005,105788,76005,105788,76005,105788,76005,105788, , 
B V CHALAMAIAH ENGINEERING COLLEGE,AIM,EG,ODALAREVU,COED,68839,68839,163892,176151,152821,163749,132734,132734,127028,150967,68839,68839,90093,105862,146316,146316,79663,95086
B V CHALAMAIAH ENGINEERING COLLEGE,CAD,EG,ODALAREVU,COED,67481,69874,177207,177207,170660,176801,148200,156752,133546,133546,67481,69874,164088,164088,79799,157673,81456,80460
B V CHALAMAIAH ENGINEERING COLLEGE,CIV,EG,ODALAREVU,COED,126892,150223,165043,174759,149670,153179,172334,172334,169524,169524,152757,152757,153377,153377,151162,171962,147923,167691
B V CHALAMAIAH ENGINEERING COLLEGE,CSE,EG,ODALAREVU,COED,56054,56054,155249,165172,153701,153701,91993,156579,131947,131947,77566,81066,107645,107645,85643,85643,69853,67433
B V CHALAMAIAH ENGINEERING COLLEGE,CSM,EG,ODALAREVU,COED,63316,63316,174346,174346,165324,165324,158651,158651,128800,131550,85114,85114,133539,133539,130701,130701,71840,84869
B V CHALAMAIAH ENGINEERING COLLEGE,ECE,EG,ODALAREVU,COED,82990,101257,177602,177602,170120,170120,154673,154673,141829,147379,103236,103236,111320,170237,148161,148161,94252,99703
B V CHALAMAIAH ENGINEERING COLLEGE,EEE,EG,ODALAREVU,COED,115620,115620,163324,163324,115777,122554,154618,160586,149011,155973,115620,134357,176136,176136,115620,115620,121281,152249
B V CHALAMAIAH ENGINEERING COLLEGE,INF,EG,ODALAREVU,COED,84411,120290,165770,165770,90018,120290,127210,141480,137017,172603,84411,120290,151813,163924,162605,162605,90946,89254
B V CHALAMAIAH ENGINEERING COLLEGE,MEC,EG,ODALAREVU,COED,126947,155185,161698,161698,170437,170437,175302,175302,153629,175639,126947,155185,168541,169962,141002,160988,173911,166162
BVC COLLEGE OF ENGINEERING,AID,EG,RAJAHMUNDRY,COED,75128,75128,177656,177656,88980,110640,173173,173173,175215,175215,135132,135132,168290,168290,151141,151141,111778,172491
BVC COLLEGE OF ENGINEERING,CSE,EG,RAJAHMUNDRY,COED,75707,75707,176173,177469,175195,175195,176121,176121,174986,174986,151144,151144,113716,150917,169820,169820,108909,136125
BVC COLLEGE OF ENGINEERING,CSM,EG,RAJAHMUNDRY,COED,78455,110361,173939,173939,163982,163982,174234,174234,166140,171880,78455,110361,141094,141094,166550,166550,128855,124109
BVC COLLEGE OF ENGINEERING,ECE,EG,RAJAHMUNDRY,COED,105760,137581,142802,164764,148322,159565,154341,169506,172640,172640,161862,161862,172274,172274,139053,174966,169490,163957
BVC COLLEGE OF ENGINEERING,INF,EG,RAJAHMUNDRY,COED,121784,149111,154444,154444,174655,174655,175730,175730,166924,166924,121784,149111,154445,172497,171986,171986,173308,147785
BONAM VENKATA CHALAMAIAH INST. OF TECH AND SCI.,AIM,EG,AMALAPURAM,COED,46093,46093,139668,145085,145668,149972,86799,121264,54011,54011,46093,46093,138956,138956,46093,46093,48138,48846
BONAM VENKATA CHALAMAIAH INST. OF TECH AND SCI.,CAD,EG,AMALAPURAM,COED,52009,52009,141849,141849,149870,149870,76399,76399,60827,66208,52009,120111,98215,98215,96648,96648,60583,60405
BONAM VENKATA CHALAMAIAH INST. OF TECH AND SCI.,CIV,EG,AMALAPURAM,COED,126466,126466,177041,177041,170816,176697,156955,169635,172946,172946,126466,126466,134042,167107,163506,163506,147726,132131
BONAM VENKATA CHALAMAIAH INST. OF TECH AND SCI.,CSE,EG,AMALAPURAM,COED,37462,37462,126781,126781,136069,159573,60339,60339,51647,51647,161409,161409,103772,154500,159310,159310,45623,45258
BONAM VENKATA CHALAMAIAH INST. OF TECH AND SCI.,ECE,EG,AMALAPURAM,COED,69316,69316,161335,161335,159317,159317,144232,145911,105812,108635,79221,79221,152595,152595,175224,175224,78269,82508
BONAM VENKATA CHALAMAIAH INST. OF TECH AND SCI.,EEE,EG,AMALAPURAM,COED,104895,154731,149663,162506,165232,165232,162166,162166,149123,155318,104895,154731,173910,177062,132229,154731,104845,116078
BONAM VENKATA CHALAMAIAH INST. OF TECH AND SCI.,INF,EG,AMALAPURAM,COED,72055,72055,161694,161694,160756,160756,130978,130978,93082,109201,161243,161243,78486,78486,124365,141723,71228,71043
CHAITANYA INST. OF SCI. AND TECHNOLOGY,AID,EG,KAKINADA,COED,142677,142677,176942,176942,142677,142677,142677,142677,145833,145833,142677,142677,158325,158325,142677,142677, , 
CHAITANYA INST. OF SCI. AND TECHNOLOGY,AIM,EG,KAKINADA,COED, , , ,117778, , , , , , , , ,153961,153961, , , , 
CHAITANYA INST. OF SCI. AND TECHNOLOGY,CSE,EG,KAKINADA,COED,140387,140387,173133,177632,175380,175380,173533,173533,154825,172393,157499,157499,172144,172144,172916,172916,173016,166832
CHAITANYA INST. OF SCI. AND TECHNOLOGY,ECE,EG,KAKINADA,COED,134603,134603,134603,134603,161514,161514,134603,134603,134603,134603,134603,134603,172821,172821,134603,134603, , 
GIET ENGINEERING COLLEGE,CSD,EG,RAJAHMUNDRY,COED,60948,60948,152535,165829,152845,163514,139040,139040,138243,138243,60948,60948,81486,81486,85131,85131,63537,54662
GIET ENGINEERING COLLEGE,CSE,EG,RAJAHMUNDRY,COED,60668,60668,165097,165510,170081,170081,126170,126170,101635,142146,97437,99981,84106,91563,174647,174647,69518,61536
GIET ENGINEERING COLLEGE,CSM,EG,RAJAHMUNDRY,COED,64867,64867,167268,167268,130982,157107,129790,129790,138350,153820,64867,64867,70178,70178,68266,68266,47032,49124
GIET ENGINEERING COLLEGE,ECE,EG,RAJAHMUNDRY,COED, ,53135,171228,177787,90349,145106,135193,135193,97764,160879, ,53135,91042,102188,151297,151297,73885,50097
GIET ENGINEERING COLLEGE,INF,EG,RAJAHMUNDRY,COED,82739,82739,169745,172117,177286,177286,169276,174123,151052,154619,82739,86157,89694,113972,108682,108682,88633,56284
GIET ENGINEERING COLLEGE,MEC,EG,RAJAHMUNDRY,COED,91022,91022,143288,171814,159616,159616,175927,175927,174611,174814,170001,170001,168458,173528,132309,158763,111161, 
IDEAL INSTITUTE OF TECHNOLOGY,CSE,EG,KAKINADA,COED,59107,59107,165928,176291,170932,177770,134684,144126,101953,101953,86256,86256,96463,96463,133901,156221,78991,78843
IDEAL INSTITUTE OF TECHNOLOGY,CSM,EG,KAKINADA,COED,73985,73985,174725,174725,90522,90522,124473,154040,118012,118012,104856,104856,113024,116708,135506,135506,80295,81446
IDEAL INSTITUTE OF TECHNOLOGY,ECE,EG,KAKINADA,COED,57918,57918,164698,173757,172577,172577,146176,146176,110188,110188,57918,57918,110671,115645,115840,115840,82387,85541
IDEAL INSTITUTE OF TECHNOLOGY,MEC,EG,KAKINADA,COED,113733,170543,169172,170543,143922,170543,160226,170543,170351,170543,113733,170543,161721,170543,113733,170543,133196,149140
INTERNATIONAL SCHOOL OF TECH AND SCI FOR WOMEN,AGR,EG,RAJAHMUNDRY,GIRLS, ,137018, ,137018, ,137018, ,137018, ,137018, , , ,137018, ,137018, , 
INTERNATIONAL SCHOOL OF TECH AND SCI FOR WOMEN,AIM,EG,RAJAHMUNDRY,GIRLS, ,155850, ,173801, ,155850, ,175646, ,176721, ,155850, ,157868, ,155850, ,166519
INTERNATIONAL SCHOOL OF TECH AND SCI FOR WOMEN,CAI,EG,RAJAHMUNDRY,GIRLS, ,140950, ,164620, ,142037, ,158505, ,176233, ,166943, ,168884, ,173144, ,160511
INTERNATIONAL SCHOOL OF TECH AND SCI FOR WOMEN,CSE,EG,RAJAHMUNDRY,GIRLS, ,91496, ,175331, ,177498, ,171979, ,174227, ,109785, ,131921, ,174865, ,151916
INTERNATIONAL SCHOOL OF TECH AND SCI FOR WOMEN,DS,EG,RAJAHMUNDRY,GIRLS, ,150739, ,175903, ,155957, ,173906, ,150739, , , ,173876, ,159469, ,154787
INTERNATIONAL SCHOOL OF TECH AND SCI FOR WOMEN,ECE,EG,RAJAHMUNDRY,GIRLS, ,135402, ,174564, ,160206, ,166655, ,174656, , , ,149181, ,135402, ,143420
INTERNATIONAL SCHOOL OF TECH AND SCI -OFF CAMPUS,AIM,EG,JANGAREDDYGUDEM,COED,142070,158739,170134,170134,172423,172423,169919,169919,145400,158739,142070,158739,142070,158739,142070,158739,172502,159058
INTERNATIONAL SCHOOL OF TECH AND SCI -OFF CAMPUS,CSE,EG,JANGAREDDYGUDEM,COED,151131,151131,177512,177512,151131,151131,151131,168224,151131,151131,151131,151131,170901,170901,151131,151131,149166, 
SCHOOL OF FOOD TECHNOLOGY JNTUK KAKINADA-SELF FINANCE,FDE,EG,KAKINADA,COED,67964,67964,119731,119731,129729,155669,172952,172952,120743,120743,67964,67964,111049,111049,125663,125663,96074,103437
SCHOOL OF PHARMACEUTICAL SCI. AND TECH.-SELF FINANCE,PHM,EG,KAKINADA,COED,176248,176248,176248,176248,176248,176248,176248,176248,176248,176248,176248,176248,176248,176248,176248,176248, , 
JNTUK COLLEGE OF ENGG. KAKINADA,CIV,EG,KAKINADA,COED,13331,13331,36359,36359,33306,45711,27393,27393,17509,27165,19669,19669,21200,22468,36127,36127,20441,21084
JNTUK COLLEGE OF ENGG. KAKINADA,CSE,EG,KAKINADA,COED,2039,2074,4169,4169,14985,14985,2039,2074,2039,2074,2039,2074,2039,2074,2039,2967,2593,1572
JNTUK COLLEGE OF ENGG. KAKINADA,ECE,EG,KAKINADA,COED,3414,3565,9204,9204,3414,17735,3414,3645,3414,3565,3704,3704,4111,4111,7462,7462,2458,2260
JNTUK COLLEGE OF ENGG. KAKINADA,EEE,EG,KAKINADA,COED,5330,5330,21342,23452,22741,22741,8940,11483,9031,9031,10648,10648,7009,8194,10969,13758,5955,5725
JNTUK COLLEGE OF ENGG. KAKINADA,MEC,EG,KAKINADA,COED,13200,13200,27641,37184,33216,56329,17472,26491,16237,40823,13200,13200,17877,27828,15402,15402,9091,28858
JNTUK COLLEGE OF ENGG. KAKINADA-SELF FINANCE,CHE,EG,KAKINADA,COED,32732,32732,98668,98668,166881,166881,61633,66574,63114,95205,32732,32732,44265,46145,32732,116365,47677,39372
JNTUK COLLEGE OF ENGG. KAKINADA-SELF FINANCE,PEE,EG,KAKINADA,COED,61232,70358,142767,152128,82683,145732,152945,152945,103718,123472,63162,101559,84958,89741,61232,112413,67874,89170
JNTUK COLLEGE OF ENGG. KAKINADA-SELF SUPPORTING,CSM,EG,KAKINADA,COED,4344,6097,14507,14507,67466,81849,6493,6493,5181,6097,4344,89711,4344,6097,4344,6097,5633,5171
KAKINADA INSTITUTE OF ENGG. AND TECHNOLOGY,AID,EG,KAKINADA,COED,124116,175724,174750,175724,167439,175724,124116,175724,176379,176379,124116,175724,176293,176293,124116,175724,169903,170062
KAKINADA INSTITUTE OF ENGG. AND TECHNOLOGY,CAI,EG,KAKINADA,COED,155698,155698,174268,174268,155698,155698,155698,155698,155698,155698,155698,155698,172409,172409,155698,155698,175350,169065
KAKINADA INSTITUTE OF ENGG. AND TECHNOLOGY,CSC,EG,KAKINADA,COED,132895,132895,144218,144218,132895,132895,132895,166895,132895,132895,132895,132895,152691,152691,132895,132895,162543,168044
KAKINADA INSTITUTE OF ENGG. AND TECHNOLOGY,CSD,EG,KAKINADA,COED,175446,175446,175446,175446,175446,175446,175446,175446,175446,175446,175446,175446,175446,175446,175446,175446,168379, 
KAKINADA INSTITUTE OF ENGG. AND TECHNOLOGY,CSM,EG,KAKINADA,COED,146475,175469,172869,175469,170303,175469,146475,175469,176726,176726,146475,175469,176358,176358,146475,175469,176985,160979
KAKINADA INSTITUTE OF ENGG. AND TECHNOLOGY,AID,EG,KAKINADA,COED,85843,119106,175187,175187,125907,177239,172857,172857,175366,175366,109536,119106,169662,173936,159321,166777,124375,139084
KAKINADA INSTITUTE OF ENGG. AND TECHNOLOGY,CAI,EG,KAKINADA,COED,86079,92592,170541,170681,149076,153846,150868,174296,155959,174223,99375,99375,168944,176670,175801,175801,136330,173302
KAKINADA INSTITUTE OF ENGG. AND TECHNOLOGY,CSC,EG,KAKINADA,COED,89558,89558,168175,170179,177686,177686,172250,174881,166604,166604,89558,89558,136101,136101,173499,173499,122888,159945
KAKINADA INSTITUTE OF ENGG. AND TECHNOLOGY,CSD,EG,KAKINADA,COED,118085,138427,153975,177456,158234,173730,164115,164115,173352,173352,118085,138427,147832,147832,142054,161548,156734,170740
KAKINADA INSTITUTE OF ENGG. AND TECHNOLOGY,CSM,EG,KAKINADA,COED,167479,167479,170960,170960,167479,167479,171531,173503,167479,170160,167479,167479,177179,177179,167479,167479,160659,156007
KAKINADA INST OF ENGG AND TECHNOLOGY FOR WOMEN,AID,EG,KAKINADA,GIRLS, ,129825, ,176498, ,169430, ,138801, ,172203, , , ,166022, ,158810, ,176150
KAKINADA INST OF ENGG AND TECHNOLOGY FOR WOMEN,CAI,EG,KAKINADA,GIRLS, ,170410, ,170410, ,170410, ,170410, ,172420, , , ,170410, ,170410, ,176421
KAKINADA INST OF ENGG AND TECHNOLOGY FOR WOMEN,CSM,EG,KAKINADA,GIRLS, ,124396, ,166187, ,142504, ,158930, ,149564, , , ,141544, ,124396, ,172840
KAKINADA INSTITUTE OF TECHNOLOGY SCIENCES,AIM,EG,RAMACHANDRAPURAM,COED, ,174324, ,174324,148232,174324, ,174324, ,174324, ,174324, ,174324, ,174324, , 
KAKINADA INSTITUTE OF TECHNOLOGY SCIENCES,CIV,EG,RAMACHANDRAPURAM,COED, , , , ,170720,170720, , , , , , , , , , , , 
KAKINADA INSTITUTE OF TECHNOLOGY SCIENCES,CSE,EG,RAMACHANDRAPURAM,COED,139261,139261,176679,176679,139261,170297,139261,139261,139261,155279,139261,139261,159900,159900,139261,139261, , 
KAKINADA INSTITUTE OF TECHNOLOGY SCIENCES,ECE,EG,RAMACHANDRAPURAM,COED,118590,118590,166676,168496,162179,162179,154201,154201,170872,170872,118590,118590,118590,171562,118590,118590,130718, 
KAKINADA INSTITUTE OF TECHNOLOGY AND SCIENCE,CIV,EG,DIVILI,COED,149191,149191,149191,165018,172050,172050,149191,149191,149191,149191,149191,149191,149191,149191,149191,149191, , 
KAKINADA INSTITUTE OF TECHNOLOGY AND SCIENCE,CSD,EG,DIVILI,COED, ,104631,164680,164680,143028,143028,167855,174794,157938,157938, ,104631,160011,160048,157465,157465,149417,167782
KAKINADA INSTITUTE OF TECHNOLOGY AND SCIENCE,CSE,EG,DIVILI,COED,108657,108657,163227,163227,160680,160680,173704,173704,133281,133281,108657,109119,154234,172011,127081,169119,159674,149060
KAKINADA INSTITUTE OF TECHNOLOGY AND SCIENCE,ECE,EG,DIVILI,COED,102445,105596,171546,171546,157470,170544,151770,171858,169267,169267,102445,105596,161069,161069,171152,171152,175619,166561
KAKINADA INSTITUTE OF TECHNOLOGY AND SCIENCE,EEE,EG,DIVILI,COED,119718,119718,119718,119718,119718,119718,172452,172452,119718,119718,119718,119718,119718,119718,119718,119718, , 
KAKINADA INSTITUTE OF TECHNOLOGY AND SCIENCE,MEC,EG,DIVILI,COED,156488,156488,164710,164710,156488,156488,156488,156488,156488,156488,156488,156488,156488,156488,156488,156488,161427,170434
LENORA COLLEGE OF ENGINEERING,CIV,EG,RAMPACHODAVARAM,COED,177255,177255,177255,177255,177255,177255,177255,177255,177255,177255,177255,177255,177255,177255,177255,177255, , 
LENORA COLLEGE OF ENGINEERING,CSE,EG,RAMPACHODAVARAM,COED,147210,147210,164570,164570,156034,156034,167574,167574,150708,150708,147210,147210,165933,174492,147210,147210,166591,132274
LENORA COLLEGE OF ENGINEERING,ECE,EG,RAMPACHODAVARAM,COED,82045,164208,149457,164208,161086,164208,82045,164208,153832,164208,82045,164208,82045,164208,82045,164208,171974, 
LENORA COLLEGE OF ENGINEERING,EEE,EG,RAMPACHODAVARAM,COED,174707,174707,174707,174707,174707,174707,174707,174707,174707,174707,174707,174707,174707,174707,174707,174707, , 
LENORA COLLEGE OF ENGINEERING,MEC,EG,RAMPACHODAVARAM,COED,161034,161034,175906,175906,161034,161034,161034,161034,161034,161034,161034,161034,161034,161034,161034,161034, , 
PRAGATI ENGINEERING COLLEGE,CAI,EG,PEDDAPURAM,COED,29246,29246,158345,160788,158575,173525,64568,64568,68732,68732,86779,86779,60402,60402,88931,128516,35324,32175
PRAGATI ENGINEERING COLLEGE,CIV,EG,PEDDAPURAM,COED,91293,91293,164544,177389,165475,165475,129709,148896,123343,123343,91293,152098,138179,138179,91293,91293,90447,93310
PRAGATI ENGINEERING COLLEGE,CSC,EG,PEDDAPURAM,COED,36883,36883,128490,128490,160482,161322,47570,65519,55757,56555,36883,36883,60701,60701,59590,93638,33992,34339
PRAGATI ENGINEERING COLLEGE,CSD,EG,PEDDAPURAM,COED,36294,36294,157959,158331,153613,165513,87488,87488,60951,60951,37439,37439,52198,52198,138593,138593,37401,34032
PRAGATI ENGINEERING COLLEGE,CSE,EG,PEDDAPURAM,COED,25332,25332,78730,88318,140742,163393,70486,70486,39684,39684,31736,45619,27018,28074,101052,153896,21765,22499
PRAGATI ENGINEERING COLLEGE,CSM,EG,PEDDAPURAM,COED,26568,26568,136444,136444,130190,147276,57263,58360,42045,42045,48893,48893,31317,35006,101438,101438,27919,32734
PRAGATI ENGINEERING COLLEGE,ECE,EG,PEDDAPURAM,COED,30816,41906,130484,151672,128802,176592,98998,98998,65196,65196,38886,69237,56810,73198,104243,111502,38802,36822
PRAGATI ENGINEERING COLLEGE,EEE,EG,PEDDAPURAM,COED,48462,48462,167712,167712,151261,151261,92091,117151,86323,86323,48462,48462,63662,72030,50073,103607,55067,55941
PRAGATI ENGINEERING COLLEGE,INF,EG,PEDDAPURAM,COED,37722,39045,137391,169994,143660,163433,69470,74741,68592,68592,37722,39045,44741,44741,95996,95996,34610,34451
PRAGATI ENGINEERING COLLEGE,MEC,EG,PEDDAPURAM,COED,78209,104052,166393,177145,177477,177477,117837,126711,118467,132467,78209,104052,103244,113088,78209,174559,91550,111795
DR PAUL RAJS ENGINEERING COLLEGE,CIV,EG,YETAPAKA,COED,161879,161879,161879,161879,161879,161879,161879,161879,161879,161879,161879,161879,172445,172445,161879,161879, , 
DR PAUL RAJS ENGINEERING COLLEGE,CSE,EG,YETAPAKA,COED,139498,139498,162749,162749,139498,139498,168534,168534,139498,139498,139498,139498,172333,172333,155758,155758, , 
DR PAUL RAJS ENGINEERING COLLEGE,ECE,EG,YETAPAKA,COED,113382,113382,164419,167269,177614,177614,113382,113382,152975,152975,113382,113382,113382,113382,113382,113382,152975, 
DR PAUL RAJS ENGINEERING COLLEGE,EEE,EG,YETAPAKA,COED,155306,155306,177407,177407,155306,155306,155306,155306,155306,155306,155306,155306,155306,155306,155306,155306, , 
DR PAUL RAJS ENGINEERING COLLEGE,MEC,EG,YETAPAKA,COED,152025,173950,152025,173950,152025,173950,152025,173950,152025,173950,152025,173950,152025,173950,152025,173950, , 
PYDAH COLL OF ENGINEERING,CAI,EG,KAKINADA,COED,90233,124789,165071,165071,98136,124789,158905,158905,140658,153806,90233,124789,145163,151114,149672,162567,160152,157392
PYDAH COLL OF ENGINEERING,CSE,EG,KAKINADA,COED,82562,86440,175432,176663,125851,174020,176310,176310,176009,176009,144909,144909,174531,174531,174943,174943,150358,158592
PYDAH COLL OF ENGINEERING,ECE,EG,KAKINADA,COED,123192,123192,176890,176890,167460,168177,174051,176096,171429,174248,167726,173394,173075,173075,154634,154634,175246,176239
PYDAH COLL OF ENGINEERING,MEC,EG,KAKINADA,COED,147965,147965,147965,147965,147965,147965,175660,175660,177076,177076,147965,147965,172487,172487,147965,147965, , 
RAJAMAHENDRI INST OF ENGG AND TECHNOLOGY,CSD,EG,RAJAHMUNDRY,COED,103446,103446,168659,176264,103446,103446,167273,167273,158890,158890,103446,103446,163014,163014,157985,157985,154446,124922
RAJAMAHENDRI INST OF ENGG AND TECHNOLOGY,CSE,EG,RAJAHMUNDRY,COED,95688,153666,177739,177739,140098,153666,175024,176386,176477,176477,135424,153666,172454,172454,173304,173304,130000,159864
RAJAMAHENDRI INST OF ENGG AND TECHNOLOGY,CSM,EG,RAJAHMUNDRY,COED,103249,103249,175697,175697,103249,105355,103249,103249,166906,175391,169311,169311,168261,168261,159576,159576,147143,115881
RAJAMAHENDRI INST OF ENGG AND TECHNOLOGY,ECE,EG,RAJAHMUNDRY,COED,112643,112643,173722,173722,124194,149096,167791,173472,164399,164399,112643,112643,157018,168507,173640,173640,158657,171238
SRINIVASA INST OF ENGG AND TECHNOLOGY,AIM,EG,CHEYYERU,COED,149174,151468,172060,172060,156005,170644,176929,176929,158267,173329,160543,160543,167096,176845,174907,176219,139363,134637
SRINIVASA INST OF ENGG AND TECHNOLOGY,CIV,EG,CHEYYERU,COED,166759,166759,166759,166759,166759,166759,166759,166759,166759,166759,166759,166759,166759,166759,166759,166759, , 
SRINIVASA INST OF ENGG AND TECHNOLOGY,CSE,EG,CHEYYERU,COED,90042,90042,165269,165269,164654,164654,172244,172244,161399,161399,158316,158316,174149,174149,130047,130047,125516,120600
SRINIVASA INST OF ENGG AND TECHNOLOGY,ECE,EG,CHEYYERU,COED,161667,175476,177338,177338,161667,175476,166483,175476,176320,176320,161667,175476,176332,176332,161667,175476,151029,150436
SRINIVASA INST OF ENGG AND TECHNOLOGY,MEC,EG,CHEYYERU,COED,150585,150585,152235,152235,150585,150585,150585,150585,150585,150585,150585,150585,150585,150585,150585,150585, , 
V.S.M COLLEGE OF ENGINEERING,CIV,EG,RAMACHANDRAPURAM,COED,134762,134762,134762,134762,134762,134762,134762,134762,166145,166145,134762,134762,134762,134762,134762,134762,167635, 
V.S.M COLLEGE OF ENGINEERING,CSD,EG,RAMACHANDRAPURAM,COED,111638,111638,144507,144507,146799,146799,146179,146179,146378,153660,111638,111638,159603,169964,111638,141972,144172,162156
V.S.M COLLEGE OF ENGINEERING,CSE,EG,RAMACHANDRAPURAM,COED,98142,98142,172114,172114,177256,177385,172707,172707,135304,144827,123319,141201,177317,177317,156137,162018,112560,112192
V.S.M COLLEGE OF ENGINEERING,CSM,EG,RAMACHANDRAPURAM,COED,87775,88507,173702,173702,126214,126214,153206,153206,126661,126661,96821,96821,144496,144496,127476,127476,126424,120467
V.S.M COLLEGE OF ENGINEERING,ECE,EG,RAMACHANDRAPURAM,COED,124722,150720,175814,177328,158058,176030,173918,175442,162077,167944,124722,168503,168519,174153,175001,175001,166095,152824
V.S.M COLLEGE OF ENGINEERING,EEE,EG,RAMACHANDRAPURAM,COED,127843,127843,127843,127843,127843,127843,127843,127843,127843,127843,127843,127843,166216,166216,127843,127843,157046, 
V.S.M COLLEGE OF ENGINEERING,INF,EG,RAMACHANDRAPURAM,COED,161044,161044,175800,175800,161044,161044,161044,171682,168943,171985,161044,161044,169894,169894,161271,161271,174307,170776
V.S.M COLLEGE OF ENGINEERING,MEC,EG,RAMACHANDRAPURAM,COED,117266,117266,126340,126340,117266,117266,117266,117266,173340,173340,117266,117266,117266,160015,117266,117266, , 
A.M.REDDY MEMORIAL COLL. OF ENGINEERING,AGR,GTR,NARSARAOPET,COED, ,149054, ,149054, ,149054, ,149054, ,149054, ,149054, ,149054, ,149054, , 
A.M.REDDY MEMORIAL COLL. OF ENGINEERING,CIV,GTR,NARSARAOPET,COED, , ,169585,169585,123743,123743, , , , , , , , , , , , 
A.M.REDDY MEMORIAL COLL. OF ENGINEERING,CS,GTR,NARSARAOPET,COED,150061,160199,176806,177782,150061,160199,155528,160199,167651,167651,150061,160199,170560,170560,150061,160199, ,153287
A.M.REDDY MEMORIAL COLL. OF ENGINEERING,CSE,GTR,NARSARAOPET,COED,105059,118839,176454,176454,133195,165540,170756,170756,176737,176737,174582,174582,176788,176788,125100,135904,127981,127577
A.M.REDDY MEMORIAL COLL. OF ENGINEERING,ECE,GTR,NARSARAOPET,COED,131634,131634,157352,177273,163679,163679,164966,164966,173369,173369,131634,131634,166614,177644,137119,137119, ,154637
A.M.REDDY MEMORIAL COLL. OF ENGINEERING,EEE,GTR,NARSARAOPET,COED, , ,161993,161993, , ,175226,175226, , , , , , , , , , 
DR.YSR COLLEGE OF ENGINEERING & TECHNOLOGY-SELF FINANCE,AIM,GTR,GUNTUR,COED,35348,35348,112911,112911,139175,139175,56151,56151,83182,151537,35348,35348,51514,51514,42213,84745,42868,47777
DR.YSR COLLEGE OF ENGINEERING & TECHNOLOGY-SELF FINANCE,CIV,GTR,GUNTUR,COED,98000,157659,157253,170108,158481,174118,162932,177012,169397,177821,164138,164138,164565,167146,102701,157659, , 
DR.YSR COLLEGE OF ENGINEERING & TECHNOLOGY-SELF FINANCE,CS,GTR,GUNTUR,COED,56125,56125,115737,119526,177660,177660,102460,102460,125113,125113,56125,124649,88067,94966,115696,115696,77126,79399
DR.YSR COLLEGE OF ENGINEERING & TECHNOLOGY-SELF FINANCE,CSE,GTR,GUNTUR,COED,38172,38172,65168,65168,39960,80154,50977,169574,90147,90147,38172,38172,38172,38172,50663,74208,51642,28667
DR.YSR COLLEGE OF ENGINEERING & TECHNOLOGY-SELF FINANCE,DS,GTR,GUNTUR,COED,56421,56421,104253,120512,173637,173637,78558,138238,107667,107667,162323,162323,75997,75997,105053,105053,74559,71576
DR.YSR COLLEGE OF ENGINEERING & TECHNOLOGY-SELF FINANCE,ECE,GTR,GUNTUR,COED,37983,37983,85730,136463,96525,96525,63769,63769,132231,132231,37983,37983,47541,92506,88126,91141,61832,57105
DR.YSR COLLEGE OF ENGINEERING & TECHNOLOGY-SELF FINANCE,EEE,GTR,GUNTUR,COED,78359,98811,148780,167784,139207,146095,145455,162250,168867,168867,78359,98811,134772,134772,126388,126388,143626,112501
DR.YSR COLLEGE OF ENGINEERING & TECHNOLOGY-SELF FINANCE,MEC,GTR,GUNTUR,COED,90271,90271,165825,170795,165882,165882,157933,173039,168581,168581,90271,161729,170534,170534,170688,170688,145670, 
BAPATLA COLLEGE OF PHARMACY,PHM,GTR,BAPATLA,COED,176641,176641,176641,176641,176641,176641,176641,176641,176641,176641,176641,176641,176641,176641,176641,176641, , 
BAPATLA ENGINEERING COLLEGE,CIV,GTR,BAPATLA,COED,102340,102340,176453,176819,167975,167975,151182,151254,155221,155221,131779,131779,147363,147363,169284,169284,109114,167656
BAPATLA ENGINEERING COLLEGE,CSC,GTR,BAPATLA,COED,49804,49804,153793,154681,125302,164372,93346,93346,54684,82525,49804,49804,83987,83987,115179,115179,48570,55177
BAPATLA ENGINEERING COLLEGE,CSD,GTR,BAPATLA,COED,42447,42447,121280,121280,134059,176747,68299,78910,131029,131029,42447,42447,65261,65261,86807,100919,42449,43472
BAPATLA ENGINEERING COLLEGE,CSE,GTR,BAPATLA,COED,40418,40418,88916,97198,133939,140002,54909,54909,66334,66334,51372,51372,63896,111475,59896,105254,50313,35240
BAPATLA ENGINEERING COLLEGE,CSM,GTR,BAPATLA,COED,37049,37049,103279,103279,126998,126998,91917,91917,65100,65100,166706,166706,51036,51265,113098,113098,35985,38143
BAPATLA ENGINEERING COLLEGE,ECE,GTR,BAPATLA,COED,44254,44254,127623,127623,164875,167556,156959,156959,148099,148099,62766,62766,83483,146630,92953,96453,64770,57598
BAPATLA ENGINEERING COLLEGE,EEE,GTR,BAPATLA,COED,72457,87373,161366,165409,162707,162707,154443,154443,168145,168145,72457,127046,168171,168171,162351,174649,141328,130912
BAPATLA ENGINEERING COLLEGE,INF,GTR,BAPATLA,COED,61945,75044,151639,151639,144066,144066,140458,174527,160230,160230,98807,98807,94137,94137,139467,139467,73128,99787
BAPATLA ENGINEERING COLLEGE,MEC,GTR,BAPATLA,COED,90754,90754,159411,159411,155305,160703,160902,160902,172721,172721,90754,90754,174351,174351,167410,167410,141917,139939
BAPATLA WOMENS ENGG COLLEGE,AIM,GTR,BAPATLA,GIRLS, ,55109, ,162178, ,165362, ,177064, ,170661, , , ,109613, ,55109, ,159011
BAPATLA WOMENS ENGG COLLEGE,CSE,GTR,BAPATLA,GIRLS, ,64265, ,145892, ,144360, ,157846, ,175090, ,126464, ,134505, ,140707, ,79606
BAPATLA WOMENS ENGG COLLEGE,ECE,GTR,BAPATLA,GIRLS, ,103473, ,167584, ,108525, ,138743, ,167291, ,154453, ,167503, ,175868, ,101670
CHALAPATHI INST OF ENGG AND TECHNOLOGY,CAI,GTR,GUNTUR,COED,71102,71102,161371,161652,134353,134353,91353,91353,152417,169636,123127,123127,131298,172367,129530,129530,76422,80859
CHALAPATHI INST OF ENGG AND TECHNOLOGY,CIT,GTR,GUNTUR,COED,104767,104767,174348,174348,177460,177460,162216,162216,151973,151973,104767,104767,158284,158284,146193,161464,111513,117978
CHALAPATHI INST OF ENGG AND TECHNOLOGY,CIV,GTR,GUNTUR,COED,126187,126187,165773,165773,169511,169511,126187,126187,126187,126187,126187,126187,126187,126187,126187,126187, , 
CHALAPATHI INST OF ENGG AND TECHNOLOGY,CSC,GTR,GUNTUR,COED,76319,134730,173420,173420,123771,167451,154586,158960,148288,148288,121363,134730,158418,158418,76319,134730,82093,90718
CHALAPATHI INST OF ENGG AND TECHNOLOGY,CSD,GTR,GUNTUR,COED,68200,68200,159098,164450,135514,167504,102451,102451,148482,154495,68200,119990,99453,139956,134660,143818,75425,83641
CHALAPATHI INST OF ENGG AND TECHNOLOGY,CSE,GTR,GUNTUR,COED,75710,76199,136562,147570,176442,176442,89966,89966,115358,137559,155006,155006,81629,105137,93646,117226,70054,67811
CHALAPATHI INST OF ENGG AND TECHNOLOGY,CSM,GTR,GUNTUR,COED,52096,66343,157686,176488,147023,159019,105391,105391,114773,134513,52096,83675,87586,87586,166894,166894,77195,76932
CHALAPATHI INST OF ENGG AND TECHNOLOGY,ECE,GTR,GUNTUR,COED,83847,131464,170622,170622,164136,170323,155164,167312,160060,173771,124069,148848,157712,157712,148647,148647,127776,123057
CHALAPATHI INST OF ENGG AND TECHNOLOGY,EEE,GTR,GUNTUR,COED, , ,174758,174758,173844,175433, , ,163951,163951, , ,169763,169763, , ,136807,172741
CHALAPATHI INST OF TECHNOLOGY,AIM,GTR,GUNTUR,COED,117613,117613,164499,164499,177136,177874,145277,159975,142192,142192,117613,117613,147260,147260,133705,133705,129229,126492
CHALAPATHI INST OF TECHNOLOGY,CAI,GTR,GUNTUR,COED,113206,113206,177368,177368,166932,166932,163264,172527,174091,176176,113206,133021,175823,175823,160216,160216,152714,139711
CHALAPATHI INST OF TECHNOLOGY,CIV,GTR,GUNTUR,COED,169993,169993,169993,172766,169993,169993,174588,174588,169993,169993,169993,169993,169993,169993,169993,169993,171832, 
CHALAPATHI INST OF TECHNOLOGY,CSC,GTR,GUNTUR,COED,146839,173319,168070,177067,146839,173319,146839,173319,176734,176734,146839,173319,146839,173319,172726,173319,128082,135274
CHALAPATHI INST OF TECHNOLOGY,CSD,GTR,GUNTUR,COED,121074,126017,171616,171616,158030,158030,176097,176097,175180,175180,149062,158735,173764,173764,172944,172944,157929,152958
CHALAPATHI INST OF TECHNOLOGY,CSE,GTR,GUNTUR,COED,122382,153058,176940,176940,177805,177805,174383,174383,173272,173272,151385,153058,172231,172231,168001,171748,158808,120522
CHALAPATHI INST OF TECHNOLOGY,ECE,GTR,GUNTUR,COED,97629,119113,164788,176383,176161,176161,174709,174709,176694,176694,97629,164137,174422,174422,161497,161497,144307,145723
CHALAPATHI INSTITUTE OF PHARMACEUTICAL SCI.,PHM,GTR,GUNTUR,COED,149909,149909,149909,149909,149909,149909,149909,149909,149909,149909,149909,149909,149909,149909,149909,149909, , 
ESWAR COLLEGE OF ENGINEERING,AGR,GTR,NARSARAOPET,COED, ,166820, ,166820, ,166820, ,166820, ,166820, ,166820, ,166820, ,166820, , 
ESWAR COLLEGE OF ENGINEERING,AUT,GTR,NARSARAOPET,COED,148963,148963,164697,164697,148963,148963,148963,148963,148963,148963,148963,148963,148963,148963,148963,148963, , 
ESWAR COLLEGE OF ENGINEERING,CAI,GTR,NARSARAOPET,COED,138712,138712,165551,170855,169332,174019,162947,162947,175307,175307,176846,176846,166644,166644,177557,177557,142557,145406
ESWAR COLLEGE OF ENGINEERING,CIV,GTR,NARSARAOPET,COED,159149,159149,159149,159149,159149,159149,159149,159149,159149,159149,159149,159149,159149,159149,159149,159149, , 
ESWAR COLLEGE OF ENGINEERING,CSE,GTR,NARSARAOPET,COED,101339,101339,163601,172386,155520,155520,171694,171694,175874,175874,144646,144646,177340,177340,162989,162989,138153,175705
ESWAR COLLEGE OF ENGINEERING,CSG,GTR,NARSARAOPET,COED,165539,165539,176241,176241,165539,165539,165539,165539,165539,165539,165539,165539,165539,165539,165539,165539, , 
ESWAR COLLEGE OF ENGINEERING,CSM,GTR,NARSARAOPET,COED,163260,163260,172757,172757,163260,163260,171677,171677,172481,172481,163260,163260,163260,163260,175161,175161,143580,169287
ESWAR COLLEGE OF ENGINEERING,ECE,GTR,NARSARAOPET,COED,114341,151617,177554,177554,166374,166374,171828,171828,152049,155821,114341,151617,153363,153363,176167,176167,159966, 
G V R AND S COLLEGE OF ENGG. AND TECHNOLOGY,AID,GTR,GUNTUR,COED,150159,150159,168388,168388,150159,150159,150159,150159,160296,160296,150159,150159,150159,150159,150159,150159,174870, 
G V R AND S COLLEGE OF ENGG. AND TECHNOLOGY,CSE,GTR,GUNTUR,COED,114383,119553,177103,177103,171337,171337,167623,167623,153948,158003,114383,119553,168556,168556,146151,146151,120771,129757
G V R AND S COLLEGE OF ENGG. AND TECHNOLOGY,CSM,GTR,GUNTUR,COED,115718,115718,175510,175510,115718,115718,122130,168953,115718,115718,115718,115718,115718,115718,168736,168736, , 
G V R AND S COLLEGE OF ENGG. AND TECHNOLOGY,ECE,GTR,GUNTUR,COED,130054,172592,177866,177866,130122,172592,130054,172592,130054,172592,130054,172592,130054,172592,130054,172592, , 
G V R AND S COLLEGE OF ENGG. AND TECHNOLOGY,MEC,GTR,GUNTUR,COED,137558,137558,137558,137558,142399,142399,137558,137558,137558,137558,137558,137558,137558,137558,137558,137558, , 
HINDU COLLEGE OF ENGINEERING AND TECHNOLOGY,AIM,GTR,GUNTUR,COED,144395,144395,156160,156160,144395,144395,156381,156381,144395,144395,144395,144395,147598,147598,144395,144395,154620, 
HINDU COLLEGE OF ENGINEERING AND TECHNOLOGY,CSE,GTR,GUNTUR,COED,158707,158707,174819,174819,158707,158707,158707,158707,163568,163568,158707,158707,158707,176674,168771,168771,150756,166675
HINDU COLLEGE OF ENGINEERING AND TECHNOLOGY,ECE,GTR,GUNTUR,COED,125838,132600,138301,164743,176627,176627,125838,138693,153275,153275,125838,132600,161581,161581,125838,132600,168947, 
JNTUK COLLEGE OF ENGINEERING NARSARAOPETA,CIV,GTR,NARSARAOPET,COED,66496,160876,162685,164727,166859,166859,124313,160876,137831,160876,66496,160876,98029,171539,97856,160876,154912,171164
JNTUK COLLEGE OF ENGINEERING NARSARAOPETA,CSE,GTR,NARSARAOPET,COED,24973,36774,54738,54738,69382,69382,29614,36774,40769,55841,78492,78492,24973,39414,24973,36774,31605,18286
JNTUK COLLEGE OF ENGINEERING NARSARAOPETA,ECE,GTR,NARSARAOPET,COED,26313,28606,65249,68197,57892,57892,54607,62901,26313,42361,26313,28606,47406,47406,36534,66129,48329,49061
JNTUK COLLEGE OF ENGINEERING NARSARAOPETA,EEE,GTR,NARSARAOPET,COED,57801,62387,177085,177085,139036,139036,136151,151638,168241,168241,159205,159205,83585,141789,116555,142734,79796,169496
JNTUK COLLEGE OF ENGINEERING NARSARAOPETA,MEC,GTR,NARSARAOPET,COED,73498,73498,177392,177392,113540,154190,171100,171100,147028,147028,73498,73498,142066,142066,158340,158340,148845,137625
KALLAM HARANADH REDDY INST OF TECH,CAD,GTR,GUNTUR,COED,85008,122588,172988,172988,177308,177308,173349,173349,166797,173747,85008,122588,159743,159743,124487,134327,103059,103918
KALLAM HARANADH REDDY INST OF TECH,CIV,GTR,GUNTUR,COED, ,158501,153539,158501,160373,160373,173852,173852,166467,166801, ,158501,154336,158501,171724,171724,171666,153810
KALLAM HARANADH REDDY INST OF TECH,CSE,GTR,GUNTUR,COED,80032,80032,153252,154676,159301,159301,159008,159008,118746,157086,147993,147993,143453,143453,96498,111578,86752,124641
KALLAM HARANADH REDDY INST OF TECH,CSM,GTR,GUNTUR,COED,63448,63448,158057,159522,157342,164824,131096,145223,173933,175873,63448,105781,98122,113333,108302,130549,78316,78334
KALLAM HARANADH REDDY INST OF TECH,ECE,GTR,GUNTUR,COED,72548,76264,136281,152100,165358,175163,124247,140848,129055,144675,72548,76264,121040,151657,134215,141620,101946,96660
KALLAM HARANADH REDDY INST OF TECH,EEE,GTR,GUNTUR,COED,129334,129334,156820,164590,129334,129334,153545,171178,176729,176729,129334,129334,129334,129334,129334,129334,153019, 
KALLAM HARANADH REDDY INST OF TECH,INF,GTR,GUNTUR,COED,109364,109364,162242,173960,165883,177816,167229,167229,145196,153064,140123,140123,169955,169955,126996,126996,128287,111340
KALLAM HARANADH REDDY INST OF TECH,MEC,GTR,GUNTUR,COED, ,130031,160867,160867,165620,165620,168887,168887,176381,176381, ,130031,167976,167976, ,130031,159770, 
KITS  AKSHAR INSTITUTE OF TECHNOLOGY,CSD,GTR,GUNTUR,COED,67768,68359,164597,174666,164296,164296,139953,169051,176103,176103,67768,141593,135215,136044,154967,154967,87711,89920
KITS  AKSHAR INSTITUTE OF TECHNOLOGY,CSE,GTR,GUNTUR,COED,85748,135411,177577,177577,159395,165355,152403,158857,172542,172542,169031,169031,159034,170039,125656,135411,141692,136145
KITS  AKSHAR INSTITUTE OF TECHNOLOGY,CSM,GTR,GUNTUR,COED,52915,62169,177252,177252,165934,165934,97232,103534,117458,117458,52915,62169,87713,87713,119999,119999,74754,68903
KITS  AKSHAR INSTITUTE OF TECHNOLOGY,ECE,GTR,GUNTUR,COED,96509,96509,136551,136749,169926,169926,143452,143452,155355,155355,96509,96509,163183,163183,127073,127073,114259,84255
KITS  AKSHAR INSTITUTE OF TECHNOLOGY,INF,GTR,GUNTUR,COED,94396,94396,175957,175957,94396,94396,131282,131282,136659,136659,94396,94396,172198,172198,129733,129733,131689,90075
KKR AND KSR INST OF TECHNOLOGY AND SCI,CSD,GTR,GUNTUR,COED,39210,39210,109175,110411,147759,147759,65422,65422,60090,63821,39210,166446,47710,48774,56660,56660,41340,35280
KKR AND KSR INST OF TECHNOLOGY AND SCI,CSE,GTR,GUNTUR,COED,34379,34379,106010,106010,157101,160781,66416,66416,68789,68789,147095,147095,75954,75954,52426,54952,36554,32058
KKR AND KSR INST OF TECHNOLOGY AND SCI,CSM,GTR,GUNTUR,COED,29026,29026,99372,99372,111150,114766,81979,81979,52790,53207,124363,124363,61445,61445,51877,51877,31419,31089
KKR AND KSR INST OF TECHNOLOGY AND SCI,ECE,GTR,GUNTUR,COED,43890,43890,134788,154697,175416,175416,68171,68171,115058,157852,54758,90191,71465,80190,60490,60490,49109,51884
KKR AND KSR INST OF TECHNOLOGY AND SCI,EEE,GTR,GUNTUR,COED,61956,61956,160192,160192,154796,154796,168614,168614,159168,170629,61956,61956,140785,140785,121339,121339,123460,111354
KKR AND KSR INST OF TECHNOLOGY AND SCI,INF,GTR,GUNTUR,COED,38166,38166,114742,118807,176611,176611,71212,96602,84172,84172,49165,49165,86950,86950,60454,60454,43037,41889
LOYOLA INSTITUTE OF TECHNOLOGY AND MGMT,CIV,GTR,SATTENAPALLY,COED,170054,170054,170054,170054,170054,170054,170054,170054,172108,172108,170054,170054,170054,170054,170054,170054, , 
LOYOLA INSTITUTE OF TECHNOLOGY AND MGMT,CSD,GTR,SATTENAPALLY,COED,119430,119430,176507,176507,148551,148551,151269,167721,119430,168824,171312,171312,119430,130680,119430,155992, , 
LOYOLA INSTITUTE OF TECHNOLOGY AND MGMT,CSE,GTR,SATTENAPALLY,COED,140730,140730,172887,177826,165588,165588,171988,174062,149574,154849,140730,140730,174111,174111,140730,140730,159675,149542
LOYOLA INSTITUTE OF TECHNOLOGY AND MGMT,CSM,GTR,SATTENAPALLY,COED,110078,110078,165777,165777,164580,164580,172151,172151,177569,177569,110078,110078,141401,144995,163074,163074,129159, 
LOYOLA INSTITUTE OF TECHNOLOGY AND MGMT,ECE,GTR,SATTENAPALLY,COED,98799,98799,177302,177302,162688,162688,149728,163810,162849,162849,98799,98799,168405,172817,152374,152374,147563,148627
M.A.M COLLEGE OF PHARMACY,PHM,GTR,NARSARAOPET,COED,177155,177155,177155,177155,177155,177155,177155,177155,177155,177155,177155,177155,177155,177155,177155,177155, , 
M A M WOMEN'S ENGINEERING COLLEGE,CAI,GTR,NARSARAOPET,GIRLS, ,138201, ,168322, ,140188, ,175488, ,173192, , , ,138201, ,156102, ,175058
M A M WOMEN'S ENGINEERING COLLEGE,CSE,GTR,NARSARAOPET,GIRLS, ,127808, ,175399, ,175667, ,175008, ,177700, , , ,169327, ,169961, ,171488
M A M WOMEN'S ENGINEERING COLLEGE,ECE,GTR,NARSARAOPET,GIRLS, ,165735, ,174193, ,165735, ,165735, ,165735, , , ,165735, ,165735, , 
MALINENI LAKSHMAIAH WOMENS ENGG. COLLEGE,AID,GTR,GUNTUR,GIRLS, ,97654, ,163237, ,102969, ,138795, ,171040, ,107874, ,123043, ,173105, ,105006
MALINENI LAKSHMAIAH WOMENS ENGG. COLLEGE,CSD,GTR,GUNTUR,GIRLS, ,95137, ,136093, ,107598, ,172168, ,158445, , , ,168611, ,141613, ,107984
MALINENI LAKSHMAIAH WOMENS ENGG. COLLEGE,CSE,GTR,GUNTUR,GIRLS, ,61878, ,160618, ,168695, ,173402, ,136414, ,90177, ,106833, ,116199, ,76506
MALINENI LAKSHMAIAH WOMENS ENGG. COLLEGE,CSM,GTR,GUNTUR,GIRLS, ,75726, ,177327, ,80410, ,143888, ,158358, ,138211, ,113337, ,163222, ,90465
MALINENI LAKSHMAIAH WOMENS ENGG. COLLEGE,ECE,GTR,GUNTUR,GIRLS, ,101821, ,171829, ,127352, ,174088, ,159855, ,129893, ,173149, ,142656, ,123853
MALINENI LAKSHMAIAH WOMENS ENGG. COLLEGE,EVT,GTR,GUNTUR,GIRLS, ,148336, ,159629, ,154379, ,157737, ,172824, ,172910, ,175005, ,174010, ,166254
MALINENI LAKSHMAIAH WOMENS ENGG. COLLEGE,INF,GTR,GUNTUR,GIRLS, ,110907, ,177418, ,120713, ,176201, ,126132, , , ,176115, ,173751, ,127226
SRI MITTAPALLI COLLEGE OF ENGINEERING,CAI,GTR,GUNTUR,COED,119667,119667,171815,173853,154199,154199,152464,175818,168161,171882,135926,135926,174371,174371,166326,166326,163664,151851
SRI MITTAPALLI COLLEGE OF ENGINEERING,CSD,GTR,GUNTUR,COED,126817,126817,175787,177532,177169,177755,176495,176495,173433,174056,159239,159239,176072,176072,167237,170564,167757,176071
SRI MITTAPALLI COLLEGE OF ENGINEERING,CSE,GTR,GUNTUR,COED,115182,123421,177013,177013,177271,177271,170092,171036,175602,176384,115182,171117,175497,175497,176227,176227,154982,156382
SRI MITTAPALLI COLLEGE OF ENGINEERING,ECE,GTR,GUNTUR,COED,117409,139250,177495,177495,168176,168176,163783,163783,170330,170330,168715,168715,162823,162823,145056,151296,144500,166087
SRI MITTAPALLI COLLEGE OF ENGINEERING,INF,GTR,GUNTUR,COED, ,156396,177683,177683, ,177201,146927,156396,156729,156729, ,156396,160475,171745,173403,173403,172735,150376
NEWTONS INST OF SCI AND TECH,CIV,GTR,MACHERLA,COED,76117,110340,76117,110340,76117,110340,76117,110340,76117,110340,76117,110340,76117,110340,76117,110340, , 
NEWTONS INST OF SCI AND TECH,CSE,GTR,MACHERLA,COED,165124,165124,177231,177231,177115,177115,165124,165124,172564,172564,165124,165124,169802,169802,165124,165124,79493, 
NEWTONS INST OF SCI AND TECH,ECE,GTR,MACHERLA,COED,177131,177131,177131,177131,177131,177131,177131,177131,177131,177131,177131,177131,177131,177131,177131,177131, , 
NEWTON INSTITUTE OF ENGINEERING,CSE,GTR,MACHERLA,COED,162974,177732,177400,177732,167381,177732,174437,177732,174092,177732,162974,177732,176847,177732,162974,177732,171675,125760
NEWTON INSTITUTE OF ENGINEERING,CSM,GTR,MACHERLA,COED,170517,173661,171505,174081,170517,174574,173722,173722,170517,173661,170517,173661,171612,173661,170517,173661,141238,149742
NEWTON INSTITUTE OF ENGINEERING,ECE,GTR,MACHERLA,COED,165936,165936,176720,176720,165936,165936,165936,165936,165936,165936,165936,165936,165936,165936,165936,165936, , 
NRI INSTT OF TECHNOLOGY,AIM,GTR,GUNTUR,COED,103098,103098,169587,176939,165211,171780,142165,142165,146707,172599,103098,103098,129106,174192,144347,144347,117392,126038
NRI INSTT OF TECHNOLOGY,CIV,GTR,GUNTUR,COED,133216,133216,173920,177474,160031,160031,133216,133216,133216,133216,133216,133216,133216,133216,133216,133216, ,153777
NRI INSTT OF TECHNOLOGY,CSD,GTR,GUNTUR,COED,114935,141173,177677,177677,115594,162252,163594,169717,174300,175925,114935,162926,147905,159367,162120,162120,126592,147917
NRI INSTT OF TECHNOLOGY,CSE,GTR,GUNTUR,COED,108608,108608,177107,177107,177407,177407,136160,143497,161829,161829,122129,122129,160888,166247,132081,173335,129552,136375
NRI INSTT OF TECHNOLOGY,ECE,GTR,GUNTUR,COED,106428,125406,173239,173239,174151,176700,174356,174356,158877,168150,150446,150446,171721,171721,121321,141232,140817,109302
NRI INSTT OF TECHNOLOGY,EVT,GTR,GUNTUR,COED,139945,139945,177183,177183,142964,142964,173097,173097,164523,164523,139945,139945,168341,168341,147753,147753,153813,166516
NRI INSTT OF TECHNOLOGY,INF,GTR,GUNTUR,COED,135599,135599,177763,177763,135599,164462,172851,172851,168506,168506,135599,135599,159392,159392,171139,171139,171733,137588
NIRMALA COLL. OF PHARM,PHD,GTR,MANGALAGIRI,COED,177810,177810,177810,177810,177810,177810,177810,177810,177810,177810,177810,177810,177810,177810,177810,177810, , 
NIRMALA COLL. OF PHARM,PHM,GTR,MANGALAGIRI,COED,133156,170590,133156,170590,133156,170590,133156,170590,133156,170590,133156,170590,133156,170590,133156,170590, , 
NARSARAOPETA ENGINEERING COLLEGE,CAI,GTR,NARSARAOPET,COED,78592,78592,164999,168401,175699,175699,170850,170850,135054,168352,164012,164012,174472,174472,135169,141881,90512,95334
NARSARAOPETA ENGINEERING COLLEGE,CIV,GTR,NARSARAOPET,COED, , ,164736,175959,176407,176407,177690,177690,167984,167984, , ,175809,175809,173768,173768, ,148611
NARSARAOPETA ENGINEERING COLLEGE,CSC,GTR,NARSARAOPET,COED,89409,89409,164380,164380,89409,132365,149173,149173,115771,175306,109940,109940,156568,156568,117371,130380,83728,89503
NARSARAOPETA ENGINEERING COLLEGE,CSD,GTR,NARSARAOPET,COED,61708,61708,157332,164330,162347,165031,135053,135456,147347,147347,61708,61708,132278,132278,78204,117450,80194,89201
NARSARAOPETA ENGINEERING COLLEGE,CSE,GTR,NARSARAOPET,COED,68909,68909,150813,161321,177490,177490,123660,138194,129966,166336,97242,169402,108219,115419,87751,90908,75740,78512
Aditya Pharmacy College, Surampalem,0,0,0,0,0,0,0,0,0,,,,,,,,,,,,
NARSARAOPETA ENGINEERING COLLEGE,ECE,GTR,NARSARAOPET,COED,83149,83149,177344,177344,177446,177446,175363,175363,173365,174940,108585,167167,158219,159037,134657,134657,121778,119654
NARSARAOPETA ENGINEERING COLLEGE,EEE,GTR,NARSARAOPET,COED, , ,177399,177399,176922,176922,161364,161364,170241,170241, , ,174470,174470,139550,172240,138687,130438
NARSARAOPETA ENGINEERING COLLEGE,INF,GTR,NARSARAOPET,COED,84591,84591,170518,172181,165177,165836,156916,163242,158996,172534,89642,89642,169070,169070,123483,129284,96968,98084
NARSARAOPETA ENGINEERING COLLEGE,MEC,GTR,NARSARAOPET,COED,159388,159388,175358,176562,172029,176463,161416,167724,177801,177801,169687,169687,162618,162618,159388,159388,169249,175835
N.V.R.COLLEGE OF ENGG TECHNOLOGY,CSD,GTR,TENALI,COED, , ,172934,172934, , , , , , , , , , , , , , 
N.V.R.COLLEGE OF ENGG TECHNOLOGY,CSE,GTR,TENALI,COED,142754,142754,174369,177294,165190,165190,169154,172064,168452,175149,142754,142754,172419,177806,173494,177523,174646, 
N.V.R.COLLEGE OF ENGG TECHNOLOGY,CSM,GTR,TENALI,COED,150976,150976,165438,177307,160993,160993,156234,177634,167529,167529,150976,150976,160901,160901,150976,150976, ,117099
PRIYADARSHINI INST OF TECH AND MGMT,AID,GTR,GUNTUR,COED,147833,147833,147833,175844,167549,167549,147833,147833,147833,147833,147833,147833,147833,147833,147833,147833, , 
PRIYADARSHINI INST OF TECH AND MGMT,CSE,GTR,GUNTUR,COED,145984,145984,175078,175078,175882,175882,177736,177736,172669,172669,167477,167477,177435,177435,145984,172346,150948,154804
PRIYADARSHINI INST OF TECH AND MGMT,ECE,GTR,GUNTUR,COED, ,136254,158337,158337,161266,161266, ,136254, ,136254, ,136254, ,136254, ,136254,173582, 
PRIYADARSHINI INST OF TECH AND MGMT,MEC,GTR,GUNTUR,COED, , ,177680,177680, , , , , , , , , , , , , , 
PRIYADARSHINI INST. OF TECHNOLOGY AND SCIENCES,AID,GTR,TENALI,COED,86174,86174,177708,177708,86174,86174,86174,86174,86174,86174,86174,86174,86174,86174,86174,86174, , 
PRIYADARSHINI INST. OF TECHNOLOGY AND SCIENCES,CSE,GTR,TENALI,COED,160654,160654,176689,176689,160654,160654,160654,160654,160654,160654,160654,160654,173419,173419,160654,160654, ,163780
PRIYADARSHINI INST. OF TECHNOLOGY AND SCIENCES,ECE,GTR,TENALI,COED,154955,154955,154955,154955,154955,154955,154955,154955,154955,154955,154955,154955,154955,154955,154955,154955, , 
PRIYADARSHINI INST. OF TECH AND SCIENCES FOR WOMEN,CSE,GTR,TENALI,GIRLS, ,137680, ,177425, ,159017, ,165932, ,177672, ,137680, ,177564, ,174380, ,131163
PRIYADARSHINI INST. OF TECH AND SCIENCES FOR WOMEN,ECE,GTR,TENALI,GIRLS, , , ,174027, ,175281, ,149342, , , , , ,140921, , , , 
R V INSTITUTE OF TECHNOLOGY,CSD,GTR,GUNTUR,COED,149951,150871,177191,177191,166422,175513,167201,167201,172948,173568,149951,150871,175725,175725,171762,171762,171715, 
R V INSTITUTE OF TECHNOLOGY,CSE,GTR,GUNTUR,COED,160116,166462,172081,174749,177251,177251,169033,169033,169612,171311,160116,166462,160116,171259,160116,166462,171711,174320
R V INSTITUTE OF TECHNOLOGY,CSM,GTR,GUNTUR,COED,101751,149199,177827,177827,163603,163603,176454,176454,170820,170820,101751,167013,169833,169833,140345,167052,150931,170036
R V INSTITUTE OF TECHNOLOGY,ECE,GTR,GUNTUR,COED,145328,145328,164951,164951,146912,146912,158887,158887,145328,151584,145328,145328,145328,145328,145328,145328,166079,151096
R V INSTITUTE OF TECHNOLOGY,EVT,GTR,GUNTUR,COED,156631,165163,175708,175708,156631,165163,156631,165163,156631,165163,156631,165163,156631,165163,156631,165163, , 
R V R AND J C COLLEGE OF ENGINEERING,CHE,GTR,GUNTUR,COED,56998,56998,160636,160636,132907,161437,60103,167059,129078,134188,56998,56998,80088,97829,75967,75967,74718,63226
R V R AND J C COLLEGE OF ENGINEERING,CIV,GTR,GUNTUR,COED,107432,107432,159353,162616,164013,164013,146013,164320,107432,136302,129708,129708,158318,164897,150990,150990,166067,158700
R V R AND J C COLLEGE OF ENGINEERING,CSB,GTR,GUNTUR,COED,19739,19739,72853,120558,123164,159525,60854,60854,43417,43417,19739,19739,36666,64399,30208,30208,14127,14286
R V R AND J C COLLEGE OF ENGINEERING,CSD,GTR,GUNTUR,COED,11209,18524,45156,53526,99428,99428,25240,25240,32146,32146,28233,34844,15502,18524,18883,19796,12084,10098
R V R AND J C COLLEGE OF ENGINEERING,CSE,GTR,GUNTUR,COED,9847,10143,27137,82017,61472,68093,12796,12796,20754,20754,19630,19630,10938,19609,10793,13588,10628,12834
R V R AND J C COLLEGE OF ENGINEERING,CSM,GTR,GUNTUR,COED,10609,13958,35953,35953,87579,127753,13309,13958,22565,30938,43630,43630,12679,13958,11855,15410,11040,16685
R V R AND J C COLLEGE OF ENGINEERING,CSO,GTR,GUNTUR,COED,15066,15066,51409,61995,120420,120420,63185,63185,47427,66522,15066,15066,34631,34631,33419,33419,14525,27308
R V R AND J C COLLEGE OF ENGINEERING,ECE,GTR,GUNTUR,COED,18260,28280,59510,59510,82386,94543,22525,28280,39686,39686,18260,92444,31284,31673,31372,31372,19685,29613
R V R AND J C COLLEGE OF ENGINEERING,EEE,GTR,GUNTUR,COED,53215,53215,111109,124159,163703,163883,80670,110316,88906,170190,81137,81137,78107,78107,53215,99128,58147,71510
R V R AND J C COLLEGE OF ENGINEERING,INF,GTR,GUNTUR,COED,13885,22121,62326,62326,108053,108053,34977,41414,47029,47029,13885,22121,30276,34349,31413,31413,16213,25800
R V R AND J C COLLEGE OF ENGINEERING,MEC,GTR,GUNTUR,COED,60982,144807,138939,156767,154892,154892,131426,144807,114277,144807,71300,144807,130166,160244,126061,144807,91409,99034
TIRUMALA ENGINEERING COLLEGE,CSE,GTR,NARSARAOPET,COED,82277,82277,154653,165615,177048,177048,113679,113679,167635,167635,92094,92094,171825,171825,102170,102170,85275,82880
TIRUMALA ENGINEERING COLLEGE,CSM,GTR,NARSARAOPET,COED,69686,69686,174652,177033,98612,98612,142825,167114,159371,159371,127481,146155,159698,159698,142090,142828,94956,92877
TIRUMALA ENGINEERING COLLEGE,ECE,GTR,NARSARAOPET,COED,89039,89039,171499,171499,155953,155953,169508,173169,155836,155836,115146,115146,174994,174994,142930,151118,114113,122394
TIRUMALA ENGINEERING COLLEGE,EEE,GTR,NARSARAOPET,COED,130332,130332,163090,175914,154808,154808,167735,167735,130332,130332,130332,130332,175623,175623,174641,174641,176735,171959
TIRUMALA ENGINEERING COLLEGE,INF,GTR,NARSARAOPET,COED,103592,110826,177504,177504,176333,176333,145192,151177,173573,173573,103592,110826,171577,171577,136207,136207,105076,89605
UNIVERSAL COLLEGE OF ENGG AND TECHNOLOGY,AIM,GTR,GUNTUR,COED,112040,112040,164197,165478,175364,175364,163219,163219,152434,160762,163143,163143,146039,146039,167179,172383,147240,142214
UNIVERSAL COLLEGE OF ENGG AND TECHNOLOGY,CSD,GTR,GUNTUR,COED, ,115354,176539,176539,170844,170844,176879,176879, ,167329, ,115354, ,171051,160817,160817,139598,148442
UNIVERSAL COLLEGE OF ENGG AND TECHNOLOGY,CSE,GTR,GUNTUR,COED,136130,136130,171490,171490,168422,176735,149449,175971,168306,168306,136130,136130,175848,175848,173734,173734,139798,148496
UNIVERSAL COLLEGE OF ENGG AND TECHNOLOGY,ECE,GTR,GUNTUR,COED,163033,163033,172984,176812,176745,176745,177776,177776,163033,163872,163033,163033,163033,163033,174202,174202,174110,166660
UNIVERSAL COLLEGE OF ENGG AND TECHNOLOGY,MEC,GTR,GUNTUR,COED,126698,126698,126698,126698,126698,126698,126698,126698,126698,126698,126698,126698,126698,126698,126698,126698, , 
VAGDEVI COLLEGE OF PHARMACY,PHM,GTR,GURAZALA,COED,176254,176254,176254,176254,176254,176254,176254,176254,176254,176254,176254,176254,176254,176254,176254,176254, , 
VIGNANS LARA INST. OF TECHNOLOGY AND SCI,CAI,GTR,VADLAMUDI,COED,26389,26389,81349,81349,117951,144648,48612,50427,41271,42915,98957,98957,44644,44644,45861,45861,29629,26911
VIGNANS LARA INST. OF TECHNOLOGY AND SCI,CIV,GTR,VADLAMUDI,COED,108920,108920,155010,155010,125540,125540,117873,117873,168788,168788,108920,108920,157685,171466,108920,169913,128834,148830
VIGNANS LARA INST. OF TECHNOLOGY AND SCI,CSD,GTR,VADLAMUDI,COED,31360,31360,81132,82365,165131,165131,46822,46822,45123,45123,31360,31360,41524,41524,42625,42625,32076,34653
VIGNANS LARA INST. OF TECHNOLOGY AND SCI,CSE,GTR,VADLAMUDI,COED,28287,28287,68018,68018,107678,107678,58493,58493,43456,43456,57904,70096,41434,41434,34464,42065,30871,20643
VIGNANS LARA INST. OF TECHNOLOGY AND SCI,CSM,GTR,VADLAMUDI,COED,17640,29051,68574,77003,136692,136692,44316,44316,37836,53436,75294,75294,42255,42255,40010,40387,25090,21367
VIGNANS LARA INST. OF TECHNOLOGY AND SCI,ECE,GTR,VADLAMUDI,COED,38390,38512,101383,101383,144162,164765,64338,79602,60191,60451,171128,171128,61910,74622,52180,52180,41844,34784
VIGNANS LARA INST. OF TECHNOLOGY AND SCI,EEE,GTR,VADLAMUDI,COED,71962,71962,142940,153141,143455,143455,127826,127826,136530,136530,71962,71962,160564,160564,79067,79067,67211,71275
VIGNANS LARA INST. OF TECHNOLOGY AND SCI,INF,GTR,VADLAMUDI,COED,35030,35030,80018,97722,136245,136245,57362,57362,46655,46655,35030,35030,42060,57832,49200,54530,27583,27496
VIGNANS LARA INST. OF TECHNOLOGY AND SCI,MEC,GTR,VADLAMUDI,COED,82692,83018,159575,159575,137010,158139,123061,123061,160195,160195,139820,139820,122942,142977,172195,172195,109885,155504
VIGNANS NIRULA INST OF TECH. AND SCI FOR WOMEN,CSD,GTR,GUNTUR,GIRLS, ,50148, ,145891, ,163213, ,83992, ,120394, ,74409, ,86813, ,93062, ,52899
VIGNANS NIRULA INST OF TECH. AND SCI FOR WOMEN,CSE,GTR,GUNTUR,GIRLS, ,47811, ,120045, ,167639, ,76752, ,142449, ,50063, ,69066, ,66337, ,49085
VIGNANS NIRULA INST OF TECH. AND SCI FOR WOMEN,CSM,GTR,GUNTUR,GIRLS, ,37276, ,158940, ,135399, ,81461, ,127864, ,56755, ,133324, ,142593, ,40398
VIGNANS NIRULA INST OF TECH. AND SCI FOR WOMEN,ECE,GTR,GUNTUR,GIRLS, ,74623, ,170519, ,156803, ,102287, ,160047, ,74623, ,79268, ,115864, ,70827
VIGNANS NIRULA INST OF TECH. AND SCI FOR WOMEN,EEE,GTR,GUNTUR,GIRLS, ,130315, ,159707, ,130315, ,130315, ,130315, , , ,130315, ,130315, ,127389
VIGNANS NIRULA INST OF TECH. AND SCI FOR WOMEN,INF,GTR,GUNTUR,GIRLS, ,80002, ,172461, ,173770, ,171467, ,168030, ,80002, ,110035, ,91194, ,89556
VELAGA NAGESWARA RAO COLL OF ENGINEERING,CSD,GTR,PONNUR,COED,165597,165597,165597,165597,165758,165758,165597,165597,165597,165597,165597,165597,165597,165597,165597,165597, , 
VELAGA NAGESWARA RAO COLL OF ENGINEERING,CSE,GTR,PONNUR,COED,146664,146664,159572,159572,158291,158291,146664,146664,146664,146664,146664,146664,146664,146664,146664,146664,166031, 
VIGNAN PHARMACY COLLEGE,PHD,GTR,VADLAMUDI,COED, ,135367, ,135367, ,135367, ,135367, ,135367, ,135367, ,135367, ,135367, , 
VIGNAN PHARMACY COLLEGE,PHM,GTR,VADLAMUDI,COED,44335,147623,44335,147623,44335,147623,44335,147623,44335,147623,44335,147623,44335,147623,44335,147623, , 
VARAPRASAD REDDY INST OF TECHNOLOGY,ECE,GTR,SATTENAPALLY,COED,73634,73634,171676,171676,73634,73634,73634,73634,73634,73634,73634,73634,73634,73634,73634,73634, , 
VARAPRASAD REDDY INST OF TECHNOLOGY,IOT,GTR,SATTENAPALLY,COED,48793,163671,48793,163671,48793,163671,48793,163671,48793,163671,48793,163671,48793,163671,48793,163671, , 
VASIREDDY VENKATADRI INST. OF TECHNOLOGY,AID,GTR,GUNTUR,COED,21387,21387,69822,69822,138449,140422,40357,40357,28619,28619,36913,36913,29558,29558,28677,34622,18689,22535
VASIREDDY VENKATADRI INST. OF TECHNOLOGY,CAI,GTR,GUNTUR,COED,22465,22465,68493,68493,135306,150201,33070,33427,37682,37682,22465,96245,29766,29766,29344,39303,20306,23190
VASIREDDY VENKATADRI INST. OF TECHNOLOGY,CIC,GTR,GUNTUR,COED,23746,23746,94354,94354,163702,174343,43353,44058,37705,40186,85861,85861,30422,32596,48274,48274,24859,25554
VASIREDDY VENKATADRI INST. OF TECHNOLOGY,CIV,GTR,GUNTUR,COED,89410,125908,151598,165447,159344,162280,170282,170282,160369,160369,89410,169498,167017,167017,174813,174813,154026,175686
VASIREDDY VENKATADRI INST. OF TECHNOLOGY,CSE,GTR,GUNTUR,COED,16317,16317,41776,41776,100170,100170,26281,32306,24215,25538,31619,31619,24176,26502,23492,23492,16739,12209
VASIREDDY VENKATADRI INST. OF TECHNOLOGY,CSM,GTR,GUNTUR,COED,17262,17262,57944,59588,150799,150799,29217,29217,26525,36072,78483,78483,22183,22398,28254,28254,18684,18368
VASIREDDY VENKATADRI INST. OF TECHNOLOGY,CSO,GTR,GUNTUR,COED,26416,26416,77137,85109,160098,160098,39642,111677,52108,52108,26416,108228,34569,44309,44502,44502,31399,23895
VASIREDDY VENKATADRI INST. OF TECHNOLOGY,ECE,GTR,GUNTUR,COED,20615,32562,63129,64119,128094,128094,50939,52663,56639,56639,20615,32562,32474,32562,37529,37529,28968,32662
VASIREDDY VENKATADRI INST. OF TECHNOLOGY,EEE,GTR,GUNTUR,COED,68252,68252,133857,145936,132073,165504,123357,145818,140689,159824,128472,132259,114194,114194,130659,130659,89793,109066
VASIREDDY VENKATADRI INST. OF TECHNOLOGY,INF,GTR,GUNTUR,COED,22798,25610,74880,74880,129590,155501,50128,66297,50510,50510,65924,65924,33029,33029,41274,41274,25917,22438
VASIREDDY VENKATADRI INST. OF TECHNOLOGY,MEC,GTR,GUNTUR,COED,103293,121293,161484,176851,172358,172358,139542,139542,170035,170035,103293,121293,150312,173833,143661,143661,163894,130826
ANDHRA LOYOLA INSTT OF ENGG AND TECHNOLOGY,CIV,KRI,VIJAYAWADA,COED,44051,114965,175880,175880,167438,170950,174788,174788,155862,155862,44051,114965,44051,150930,148528,148528,158392,172464
ANDHRA LOYOLA INSTT OF ENGG AND TECHNOLOGY,CSD,KRI,VIJAYAWADA,COED,45500,45500,109879,109879,103462,158680,93774,93774,72941,73729,130101,130101,84564,84564,124051,124051,85305,53154
ANDHRA LOYOLA INSTT OF ENGG AND TECHNOLOGY,CSE,KRI,VIJAYAWADA,COED,45798,79035,104088,104088,127524,144777,106634,106634,100756,116493,121570,121570,75958,79035,135330,135330,71328,83697
ANDHRA LOYOLA INSTT OF ENGG AND TECHNOLOGY,CSM,KRI,VIJAYAWADA,COED,40194,65286,97128,120754,162754,162754,69552,69552,64289,65286,40194,65286,56484,65286,140201,140201,45665,99480
ANDHRA LOYOLA INSTT OF ENGG AND TECHNOLOGY,ECE,KRI,VIJAYAWADA,COED,76101,76101,145204,158512,144953,165074,97144,97144,139300,139300,127420,127420,109635,109635,102937,127240,100846,66718
ANDHRA LOYOLA INSTT OF ENGG AND TECHNOLOGY,EEE,KRI,VIJAYAWADA,COED,81720,81720,167864,172738,116582,116582,144221,144221,102677,159119,81720,81720,123318,123318,146547,163317,127056,131064
ANDHRA LOYOLA INSTT OF ENGG AND TECHNOLOGY,INF,KRI,VIJAYAWADA,COED,69615,69615,120555,120555,125122,136988,111608,111608,129244,129244,69615,167084,111634,125748,115569,143998,86920,91639
ANDHRA LOYOLA INSTT OF ENGG AND TECHNOLOGY,MEC,KRI,VIJAYAWADA,COED, ,124609,173142,173142,159158,159158,175704,175704,169463,169463, ,124609,155726,175165,150655,162893, ,169858
AMRITA SAI INST. OF SCIENCE AND TECHNOLOGY,CBA,KRI,PARITALA,COED,122940,122940,149104,175345,122940,122940,153357,153357,160335,160335,122940,122940,174469,174469,169277,173784,128022,167046
AMRITA SAI INST. OF SCIENCE AND TECHNOLOGY,CIC,KRI,PARITALA,COED,103322,103322,163867,173413,103785,111085,132956,132956,147513,160311,120337,120337,162127,162127,151646,158641,110895,119129
AMRITA SAI INST. OF SCIENCE AND TECHNOLOGY,CIV,KRI,PARITALA,COED,135676,135676,170194,170194,173928,173928,164362,164362,135676,135676,135676,135676,135676,135676,135676,135676, , 
AMRITA SAI INST. OF SCIENCE AND TECHNOLOGY,CSD,KRI,PARITALA,COED,69085,133993,177386,177386,165337,165337,160162,160162,147266,147266,134773,134773,131770,133993,173343,173343,94748,146519
AMRITA SAI INST. OF SCIENCE AND TECHNOLOGY,CSE,KRI,PARITALA,COED,104715,112959,163981,163981,163453,163453,142667,142667,175381,175381,104715,146431,153060,159166,122299,122299,118830,127376
AMRITA SAI INST. OF SCIENCE AND TECHNOLOGY,CSM,KRI,PARITALA,COED,80003,93103,165912,168829,177365,177365,115812,115812,157436,157436,88717,93103,104662,104662,141293,148869,87342,128380
AMRITA SAI INST. OF SCIENCE AND TECHNOLOGY,ECA,KRI,PARITALA,COED,170405,170405,170405,170405,170405,170405,170405,170405,170405,170405,170405,170405,170405,170405,170405,170405,154008, 
AMRITA SAI INST. OF SCIENCE AND TECHNOLOGY,ECE,KRI,PARITALA,COED,119641,119641,168310,174253,164852,177265,167832,167832,174154,174154,174697,174697,150966,151909,176108,176108,142651,139595
AMRITA SAI INST. OF SCIENCE AND TECHNOLOGY,EEE,KRI,PARITALA,COED,130292,148576,130292,174545,130292,148576,171497,171497,168180,168180,130292,148576,158188,158188,160973,174180,155568, 
AMRITA SAI INST. OF SCIENCE AND TECHNOLOGY,EVT,KRI,PARITALA,COED,107485,107485,142651,142651,127850,127850,167756,167756,129575,139558,107485,107485,170458,170458,172031,172031,143286,134189
AMRITA SAI INST. OF SCIENCE AND TECHNOLOGY,MEC,KRI,PARITALA,COED, , ,177475,177475, , ,154854,154854,167115,167115, , , , , , , , 
DHANEKULA INST OF ENGG TECHNOLOGY,CIV,KRI,VIJAYAWADA,COED, ,95753,177170,177170,145868,146007,171525,171525,141836,173776, ,95753,153103,153103, ,95753,155129,173010
DHANEKULA INST OF ENGG TECHNOLOGY,CSD,KRI,VIJAYAWADA,COED,54323,55904,152923,152923,147373,147373,106050,106050,94621,94621,54323,70581,67425,67425,54323,78743,58666,60417
DHANEKULA INST OF ENGG TECHNOLOGY,CSE,KRI,VIJAYAWADA,COED,50582,50582,144915,144915,165917,171668,116340,175920,84075,117133,88728,160741,92879,92879,97482,105203,68565,92700
DHANEKULA INST OF ENGG TECHNOLOGY,CSM,KRI,VIJAYAWADA,COED,51874,51874,133013,134786,142357,162819,87663,104303,89283,90753,51874,51874,66360,68654,51874,62160,54848,57230
DHANEKULA INST OF ENGG TECHNOLOGY,ECE,KRI,VIJAYAWADA,COED,64187,64187,149974,159458,151366,158356,115893,128740,146534,166706,83785,83785,106272,106272,143785,155192,86755,81794
DHANEKULA INST OF ENGG TECHNOLOGY,EEE,KRI,VIJAYAWADA,COED, , ,161213,161213, ,158986,138275,138275,130822,154699, , ,150154,150154, ,170799,127939,112280
DHANEKULA INST OF ENGG TECHNOLOGY,EII,KRI,VIJAYAWADA,COED,114105,147790,165216,165814,171900,177583,114105,147790,146787,152262,114105,147790,114105,147790,144241,174123,124871,130456
DHANEKULA INST OF ENGG TECHNOLOGY,INF,KRI,VIJAYAWADA,COED,69544,69544,153471,153471,155226,158714,119775,127698,90169,90178,69544,90134,84559,93211,95593,95593,74861,65986
DHANEKULA INST OF ENGG TECHNOLOGY,MEC,KRI,VIJAYAWADA,COED,124733,124733,163665,177073,124733,124733,176989,176989,124733,124733,124733,124733,146413,146413,124733,149352,168333,173934
SRI CHAITANYA -DJR COLL OF ENGG AND TECH,CIV,KRI,VIJAYAWADA,COED, ,174310, ,174310, ,174310, ,174310, ,174310, ,174310, ,174310, ,174310, , 
SRI CHAITANYA -DJR COLL OF ENGG AND TECH,CSE,KRI,VIJAYAWADA,COED, , ,175653,175653,151532,151532, , , , , , , , , , ,161005, 
SESHADRI RAO GUDLAVALLERU ENGINEERING COLLEGE,AID,KRI,GUDLAVALLERU,COED,27414,27414,83433,96485,176933,176933,54309,54309,47501,47501,79258,79258,47357,74121,49523,55371,32346,31754
SESHADRI RAO GUDLAVALLERU ENGINEERING COLLEGE,CIV,KRI,GUDLAVALLERU,COED,83355,88587,140498,158215,139285,139285,176262,176262,170247,170247,88248,88587,152992,155904,152180,152180,110438,163928
SESHADRI RAO GUDLAVALLERU ENGINEERING COLLEGE,CSE,KRI,GUDLAVALLERU,COED,26245,26245,67602,86477,164550,165613,38555,38555,49533,49533,51831,51831,34301,34301,38154,38173,25040,27614
SESHADRI RAO GUDLAVALLERU ENGINEERING COLLEGE,CSM,KRI,GUDLAVALLERU,COED,22857,22857,82702,84134,175164,175164,46930,58876,44078,44078,104531,113157,33958,33958,52174,52174,29309,28408
SESHADRI RAO GUDLAVALLERU ENGINEERING COLLEGE,ECE,KRI,GUDLAVALLERU,COED,38839,44476,101854,116397,169915,173458,76587,76587,61595,61595,89757,89757,62619,89103,59679,119310,42567,53834
SESHADRI RAO GUDLAVALLERU ENGINEERING COLLEGE,EEE,KRI,GUDLAVALLERU,COED,71969,111493,157180,163155,151158,173353,106976,117705,137310,137310,71969,111493,129064,151727,140637,140637,132475,114180
SESHADRI RAO GUDLAVALLERU ENGINEERING COLLEGE,INF,KRI,GUDLAVALLERU,COED,39425,41489,118566,118732,126831,126831,64139,67810,64855,64855,137564,152164,67167,67167,57798,62634,42137,46249
SESHADRI RAO GUDLAVALLERU ENGINEERING COLLEGE,IOT,KRI,GUDLAVALLERU,COED,55123,55123,120510,124291,124987,124987,75670,100495,73545,75901,173330,173330,69330,105811,96377,96377,48285,49991
SESHADRI RAO GUDLAVALLERU ENGINEERING COLLEGE,MEC,KRI,GUDLAVALLERU,COED, ,147758,127138,163806,128597,147758,158511,158511,150973,150973,104228,147758,139320,147758,102261,147758,131541,157927
KRISHNA UNIVERSITY COLLEGE OF ENGG AND TECHNOLOGY-SELF FINAN,CSE,KRI,MACHILIPATNAM,COED,78623,78623,173444,173750,164107,165925,170696,170696,177538,177538,78623,78623,155308,155308,173436,173436,158939,125319
KRISHNA UNIVERSITY COLLEGE OF ENGG AND TECHNOLOGY-SELF FINAN,ECE,KRI,MACHILIPATNAM,COED,43887,145270,176581,176581,163557,177547,133746,145270,148092,169586,43887,145270,145523,145523,74872,162221,122307,131448
LAKIREDDY BALIREDDY COLLEGE OF ENGINEERING,AID,KRI,MYLAVARAM,COED,31198,31198,74933,74933,123808,155922,37358,60537,62845,62845,132196,132196,31246,31876,34058,40023,36140,28891
LAKIREDDY BALIREDDY COLLEGE OF ENGINEERING,ASE,KRI,MYLAVARAM,COED,39456,81929,114448,119754,39456,149129,89251,89251,93150,93150,54350,81929,85633,85633,81536,81929,69768,101253
LAKIREDDY BALIREDDY COLLEGE OF ENGINEERING,CIV,KRI,MYLAVARAM,COED,92097,92097,140342,140342,144298,151464,146260,159714,139613,139613,92097,92097,148459,148459,176647,176647,108856,124045
LAKIREDDY BALIREDDY COLLEGE OF ENGINEERING,CSE,KRI,MYLAVARAM,COED,32379,32379,67083,79687,121108,121108,40545,40545,57251,57251,35456,77491,45248,45248,53379,53379,34744,34204
LAKIREDDY BALIREDDY COLLEGE OF ENGINEERING,CSM,KRI,MYLAVARAM,COED,33609,33609,73518,78358,104589,159655,33609,33609,63311,63311,133759,133759,42737,65679,43281,44888,35483,26031
LAKIREDDY BALIREDDY COLLEGE OF ENGINEERING,ECE,KRI,MYLAVARAM,COED,38659,38659,88134,92698,107339,142914,63898,70745,68883,68883,43835,43835,46760,57901,58484,58484,43562,32972
LAKIREDDY BALIREDDY COLLEGE OF ENGINEERING,EEE,KRI,MYLAVARAM,COED,71797,87357,127723,127723,160188,160188,121202,121202,125049,125049,123068,123068,121239,134408,115172,136320,88254,92900
LAKIREDDY BALIREDDY COLLEGE OF ENGINEERING,INF,KRI,MYLAVARAM,COED,38876,40564,86556,96230,129792,160133,53482,67336,66049,66049,38876,154833,62952,73314,46490,86275,39624,31544
LAKIREDDY BALIREDDY COLLEGE OF ENGINEERING,MEC,KRI,MYLAVARAM,COED,82896,118320,139797,158099,145449,152159,140819,144520,140032,168312,82896,118320,105698,118320,82896,166334,122722,118817
LINGAYAS INST OF MGMT AND TECHNOLOGY,AID,KRI,VIJAYAWADA,COED,102496,102496,170609,170609,136014,136014,169516,169516,159986,170607,102496,113810,169044,169044,168967,168967,144862,168615
LINGAYAS INST OF MGMT AND TECHNOLOGY,AIM,KRI,VIJAYAWADA,COED,97500,97500,176742,177250,177187,177187,177351,177351,152807,158513,97500,97500,147549,147549,145233,166833,126740,149387
LINGAYAS INST OF MGMT AND TECHNOLOGY,CIV,KRI,VIJAYAWADA,COED,156988,156988,156988,156988,156988,156988,156988,156988,156988,156988,156988,156988,156988,156988,156988,156988, , 
LINGAYAS INST OF MGMT AND TECHNOLOGY,CSE,KRI,VIJAYAWADA,COED,101916,101916,177205,177205,176900,176900,153758,163130,173184,173184,101916,101916,127473,149837,148793,148793,167127,130519
LINGAYAS INST OF MGMT AND TECHNOLOGY,ECE,KRI,VIJAYAWADA,COED,107445,167525,177872,177872,159024,167525,171032,171032,169228,173178,107445,167525,168239,171585,146911,167525,141038,134867
DVR AND DR.HS MIC COLLEGE OF TECHNOLOGY,AID,KRI,KANCHIKACHERLA,COED,63007,83233,157175,157175,176109,176109,101634,102725,105613,116685,172468,172468,69097,109895,119721,119721,72552,81527
DVR AND DR.HS MIC COLLEGE OF TECHNOLOGY,AIM,KRI,KANCHIKACHERLA,COED,57197,57197,136480,136480,135578,143460,108687,108687,93426,99866,66658,66658,83710,84948,107440,109562,77622,74366
DVR AND DR.HS MIC COLLEGE OF TECHNOLOGY,CIV,KRI,KANCHIKACHERLA,COED,95059,95059,177260,177346,95059,95059,147919,147919,159677,159677,95059,95059,95059,172330,95059,138961,162787, 
DVR AND DR.HS MIC COLLEGE OF TECHNOLOGY,CSE,KRI,KANCHIKACHERLA,COED,49685,60034,112148,112148,152629,164217,103791,103791,77443,77443,114826,114826,79839,79839,95220,95220,56354,64071
DVR AND DR.HS MIC COLLEGE OF TECHNOLOGY,ECE,KRI,KANCHIKACHERLA,COED,69423,69423,145690,145690,171081,171081,127271,127271,141426,141426,69423,69423,84406,99775,109451,109451,94062,91684
DVR AND DR.HS MIC COLLEGE OF TECHNOLOGY,EEE,KRI,KANCHIKACHERLA,COED,95329,95329,168923,177454,167713,177364,167260,169157,172595,172595,95329,95329,160235,160235,170203,170203,137730,122937
DVR AND DR.HS MIC COLLEGE OF TECHNOLOGY,INF,KRI,KANCHIKACHERLA,COED,71249,96681,147531,152916,154906,154906,129672,129672,135672,135672,71249,96681,90301,96681,149146,149146,78915,87086
DVR AND DR.HS MIC COLLEGE OF TECHNOLOGY,MEC,KRI,KANCHIKACHERLA,COED,92858,139924,177803,177803,177790,177790,92858,173240,176258,176258,92858,139924,171878,171878,172850,172850,172752,142842
MANDAVA INSTITUTE OF ENGG AND TECHNOLOGY,CIV,KRI,JAGGAIAHPETA,COED,177452,177452,177452,177452,177452,177452,177452,177452,177452,177452,177452,177452,177452,177452,177452,177452, , 
MANDAVA INSTITUTE OF ENGG AND TECHNOLOGY,CSE,KRI,JAGGAIAHPETA,COED,124734,124734,165050,165050,156864,156864,124734,152881,166990,166990,124734,124734,153376,153376,124734,124734,142207, 
MANDAVA INSTITUTE OF ENGG AND TECHNOLOGY,CSM,KRI,JAGGAIAHPETA,COED,164605,164605,164605,164605,164605,164605,164605,164605,164605,164605,164605,164605,167879,167879,164605,164605,166043, 
MANDAVA INSTITUTE OF ENGG AND TECHNOLOGY,ECE,KRI,JAGGAIAHPETA,COED,135336,135336,167840,174934,135336,156002,177536,177536,135336,159100,158974,158974,155703,155703,135336,135336,111083, 
MANDAVA INSTITUTE OF ENGG AND TECHNOLOGY,MEC,KRI,JAGGAIAHPETA,COED,162341,162341,162341,162341,162341,162341,162341,162341,162341,162341,162341,162341,162341,162341,162341,162341, , 
M.V.R.COLL OF ENGINEERING AND TECHNOLOGY,AID,KRI,PARITALA,COED,124585,124585,176230,176230,176824,176824,168582,176175,170076,175241,155207,155207,172683,176912,172682,172682,155021,155183
M.V.R.COLL OF ENGINEERING AND TECHNOLOGY,CAI,KRI,PARITALA,COED,125173,125173,174303,177299,177550,177550,172874,173069,173491,173491,125173,153402,170080,170080,172279,174440,174595,175860
M.V.R.COLL OF ENGINEERING AND TECHNOLOGY,CIV,KRI,PARITALA,COED,128119,128119,173028,173028,154737,154737,128119,128119,175595,175595,128119,128119,175157,175157,128119,128119, , 
M.V.R.COLL OF ENGINEERING AND TECHNOLOGY,CSE,KRI,PARITALA,COED,90701,123632,151665,175754,167054,167054,155763,174389,170994,170994,109965,123632,156172,173207,175483,175483,131181,147654
M.V.R.COLL OF ENGINEERING AND TECHNOLOGY,ECE,KRI,PARITALA,COED,138460,138460,174862,177833,175050,175050,175399,175399,170838,170838,138460,149386,158031,158031,170812,170812,149696,141073
M.V.R.COLL OF ENGINEERING AND TECHNOLOGY,EEE,KRI,PARITALA,COED,155169,155169,170281,170281,155169,155169,155169,172980,155169,155169,155169,155169,155169,155169,155169,155169, ,140543
M.V.R.COLL OF ENGINEERING AND TECHNOLOGY,MEC,KRI,PARITALA,COED,132845,147463,176724,176724,132845,165294,152745,152745,175991,175991,156925,156925,146985,147463,132845,147463, , 
NRI INSTITUTE OF TECHNOLOGY,AIM,KRI,AGIRIPALLY,COED,49955,49955,142623,143954,177653,177653,78129,85410,96716,96716,66726,66726,76324,76324,79159,92057,62761,62061
NRI INSTITUTE OF TECHNOLOGY,CIV,KRI,AGIRIPALLY,COED,111804,111804,154534,164835,111804,172964,111804,111804,168494,168494,111804,111804,159659,159659,111804,174829,155133,174686
NRI INSTITUTE OF TECHNOLOGY,CSD,KRI,AGIRIPALLY,COED,56450,60131,160874,161555,158152,162068,114740,114740,115015,115015,63113,63113,75302,75454,113686,125645,68499,69846
NRI INSTITUTE OF TECHNOLOGY,CSE,KRI,AGIRIPALLY,COED,38398,38398,122054,122054,166969,177765,71739,71739,93131,93131,117803,172281,62276,62276,92576,92576,49854,58896
NRI INSTITUTE OF TECHNOLOGY,CSER,KRI,AGIRIPALLY,COED,82071,82071,169061,169061,177865,177865,154921,154921,130093,133061,82071,82071,159866,159866,82071,161172,89477,66102
NRI INSTITUTE OF TECHNOLOGY,CSM,KRI,AGIRIPALLY,COED,49469,49469,152858,152858,151531,159991,116998,116998,108670,108670,63430,64319,66276,66276,107847,107847,63301,59317
NRI INSTITUTE OF TECHNOLOGY,ECE,KRI,AGIRIPALLY,COED,57193,57193,130341,150008,164350,164350,110222,115338,101701,101701,57193,78147,82036,82036,127300,159167,73509,89385
NRI INSTITUTE OF TECHNOLOGY,EEE,KRI,AGIRIPALLY,COED, , ,175661,175661,177598,177598,139311,139311,140790,166513,105877,105877,167429,167429,115830,174414,111138,148738
NRI INSTITUTE OF TECHNOLOGY,INF,KRI,AGIRIPALLY,COED,63107,63107,147206,147206,136693,156818,120823,124747,114256,114256,63107,63107,83729,84863,127446,127446,73990,72366
NRI INSTITUTE OF TECHNOLOGY,MEC,KRI,AGIRIPALLY,COED,101432,101432,162377,162377,101432,165442,164005,172499,166476,166476,101432,101432,142617,142617,170657,170657,174992,158442
PALADUGU PARVATHI DEVI COLLEGE OF ENGG AND TECH,CSD,KRI,VIJAYAWADA,COED,15440,155846,176346,176346,154939,173922,163491,163491,158738,158738,15440,155846,15440,155846,15440,175919, , 
PALADUGU PARVATHI DEVI COLLEGE OF ENGG AND TECH,CSE,KRI,VIJAYAWADA,COED,125638,155307,176862,176862,125638,155307,172939,172939,173217,173217,125638,155307,168979,168979,142753,155307,158166,135915
PALADUGU PARVATHI DEVI COLLEGE OF ENGG AND TECH,CSM,KRI,VIJAYAWADA,COED,107162,107162,137646,137646,107162,107162,107162,107162,107162,107162,107162,107162,155793,155793,107162,107162, , 
PALADUGU PARVATHI DEVI COLLEGE OF ENGG AND TECH,ECE,KRI,VIJAYAWADA,COED,119055,119055,155800,155800,119055,119055,119055,119055,119055,119055,119055,119055,145265,145265,119055,119055,154125, 
PRASAD V POTLURI SIDDHARTHA INSTT OF TECHNOLOGY,CIV,KRI,VIJAYAWADA,COED,78806,78806,125784,143141,131354,131936,114024,114024,98089,169734,78806,125687,133991,133991,173565,173565,102532,155047
PRASAD V POTLURI SIDDHARTHA INSTT OF TECHNOLOGY,CSD,KRI,VIJAYAWADA,COED,17934,19484,47245,47245,77073,77073,21973,21973,35101,47216,17934,19484,25114,34109,24858,26804,18703,12191
PRASAD V POTLURI SIDDHARTHA INSTT OF TECHNOLOGY,CSE,KRI,VIJAYAWADA,COED,16133,16133,54474,54474,62335,62335,20686,20686,27081,27081,29556,29556,21317,21317,20380,20913,16586,10474
PRASAD V POTLURI SIDDHARTHA INSTT OF TECHNOLOGY,CSM,KRI,VIJAYAWADA,COED,16774,16774,37669,37669,77360,77360,17505,22188,16774,20682,16774,32932,19893,19893,24782,24782,19781,10839
PRASAD V POTLURI SIDDHARTHA INSTT OF TECHNOLOGY,ECE,KRI,VIJAYAWADA,COED,29536,29536,63899,63899,88946,117137,32473,32473,29536,29536,29536,37694,37888,37888,30665,57847,19272,18847
PRASAD V POTLURI SIDDHARTHA INSTT OF TECHNOLOGY,EEE,KRI,VIJAYAWADA,COED,60618,60618,110626,115350,162836,162836,87591,87591,66998,79529,132644,132644,89808,89808,76570,76570,49270,48597
PRASAD V POTLURI SIDDHARTHA INSTT OF TECHNOLOGY,INF,KRI,VIJAYAWADA,COED,26632,26632,62715,62715,105200,124574,28464,28464,35797,35797,50605,50605,31991,39249,35316,35452,28794,16962
PRASAD V POTLURI SIDDHARTHA INSTT OF TECHNOLOGY,MEC,KRI,VIJAYAWADA,COED,57698,96863,142684,173065,154427,160027,110601,156017,114326,114326,57698,96863,132873,132873,57698,131337,121977,117624
POTTI SRIRAMULU COLLEGE OF ENGG AND TECHNOLOGY,AID,KRI,VIJAYAWADA,COED,59906,59906,159764,177757,108320,156937,78420,86446,71125,151471,66623,66623,65712,65712,61047,61047,76352,90296
POTTI SRIRAMULU COLLEGE OF ENGG AND TECHNOLOGY,CAI,KRI,VIJAYAWADA,COED,64707,64707,149652,149982,157532,166404,140638,140638,143409,143409,65066,65066,91626,91626,96169,96169,75175,80634
POTTI SRIRAMULU COLLEGE OF ENGG AND TECHNOLOGY,CIC,KRI,VIJAYAWADA,COED,89631,103913,167769,167769,165484,174513,129846,132585,144405,144405,89631,103913,108069,108069,152299,152299,105176,101605
POTTI SRIRAMULU COLLEGE OF ENGG AND TECHNOLOGY,CSD,KRI,VIJAYAWADA,COED,54814,82286,158023,158023,119950,139355,121455,121455,124669,124669,54814,82286,92906,92906,79688,113923,74394,82407
POTTI SRIRAMULU COLLEGE OF ENGG AND TECHNOLOGY,CSE,KRI,VIJAYAWADA,COED,79513,79958,159978,177428,163907,173967,136789,136789,131463,131509,154084,154084,123154,128137,100287,146940,95883,103821
POTTI SRIRAMULU COLLEGE OF ENGG AND TECHNOLOGY,CSM,KRI,VIJAYAWADA,COED,53933,53933,121308,148344,163669,163669,98229,98229,108187,108340,53933,53933,77258,107945,76310,83695,71383,67803
POTTI SRIRAMULU COLLEGE OF ENGG AND TECHNOLOGY,CSO,KRI,VIJAYAWADA,COED,92315,92933,162319,176598,165978,165978,133224,157580,167611,167611,92315,92933,98747,103121,126203,167428,100232,99600
POTTI SRIRAMULU COLLEGE OF ENGG AND TECHNOLOGY,ECE,KRI,VIJAYAWADA,COED,92696,92696,165484,165484,161103,167110,123193,143462,174203,174203,92696,92696,140245,140245,116671,157601,108090,110577
POTTI SRIRAMULU COLLEGE OF ENGG AND TECHNOLOGY,EEE,KRI,VIJAYAWADA,COED,107376,107376,169404,169404,137865,173756,169441,175495,146573,155588,107376,124208,174869,174869,176135,176135,128104,159647
R.K.COLLEGE OF ENGINEERING,AIM,KRI,IBRAHIMPATNAM,COED,110179,110179,177228,177228,167145,175945,172066,172066,175643,175643,110179,171232,144064,166514,110179,171141,161123,176192
R.K.COLLEGE OF ENGINEERING,CIV,KRI,IBRAHIMPATNAM,COED, , ,123849,123849,147516,147516,174714,174714,175423,175423, , , , , , ,143395, 
R.K.COLLEGE OF ENGINEERING,CSD,KRI,IBRAHIMPATNAM,COED,119975,119975,177594,177594,176620,176620,175766,175766,161358,172020,129903,129903,142406,174302,151327,176464,131930,135225
R.K.COLLEGE OF ENGINEERING,CSE,KRI,IBRAHIMPATNAM,COED,83770,137049,174562,176505,177147,177147,175799,177630,166251,166251,158224,158224,169593,169593,171064,171064,175319,96426
R.K.COLLEGE OF ENGINEERING,ECE,KRI,IBRAHIMPATNAM,COED,100307,174516,165918,177167,131961,174516,172116,174516,175426,175426,161169,174516,152598,174516,126520,174516,132766,119844
R.K.COLLEGE OF ENGINEERING,EEE,KRI,IBRAHIMPATNAM,COED, , ,160087,160087, , ,148438,148438, , , , ,149345,149345, , , , 
SRI SARATHI INSTITUTE OF ENGG. AND TECHNOLOGY,AID,KRI,NUZVID,COED,147101,147101,147101,172142,147101,147101,171285,171285,147101,147101,147101,147101,147101,147101,147101,147101, , 
SRI SARATHI INSTITUTE OF ENGG. AND TECHNOLOGY,CSE,KRI,NUZVID,COED,127115,127115,165619,170658,165972,165972,171543,171543,172051,177625,175641,175641,175841,175841,175974,175974,170195,167647
SRI SARATHI INSTITUTE OF ENGG. AND TECHNOLOGY,ECE,KRI,NUZVID,COED,168870,168870,175867,175867,177621,177621,168870,168870,168870,168870,168870,168870,168870,168870,168870,168870, , 
SRI SARATHI INSTITUTE OF ENGG. AND TECHNOLOGY,EEE,KRI,NUZVID,COED, ,107433, ,107433, ,107433, ,107433, ,107433, ,107433, ,107433, ,107433, , 
SRI SIDDHAARTHA PHARM. COLLEGE,PHM,KRI,NUZVID,COED,145138,168039,145138,168039,145138,168039,145138,168039,145138,168039,145138,168039,145138,168039,145138,168039, , 
S R K INST. OF TECHNOLOGY,CIV,KRI,VIJAYAWADA,COED, , ,176897,176897,177585,177585,157579,157579,169908,169908, , ,161584,176210,167157,167157,169297, 
S R K INST. OF TECHNOLOGY,CSD,KRI,VIJAYAWADA,COED,74495,74495,150465,157420,162909,165808,115528,154394,124632,138738,113167,113167,112623,112623,138459,138459,96594,114621
S R K INST. OF TECHNOLOGY,CSE,KRI,VIJAYAWADA,COED,63661,63661,122933,122933,162780,165798,108296,108482,74019,145909,175216,175216,75191,75191,63661,63661,66237,46741
S R K INST. OF TECHNOLOGY,CSM,KRI,VIJAYAWADA,COED,80130,80130,156627,165062,162751,164851,119646,144274,110017,115926,80130,80130,86495,86495,94559,94559,99583,67366
S R K INST. OF TECHNOLOGY,ECE,KRI,VIJAYAWADA,COED,64407,64407,149682,152789,138478,144186,119976,119976,135661,140862,76717,76717,101040,101040,119236,119236,102820,81211
S R K INST. OF TECHNOLOGY,EEE,KRI,VIJAYAWADA,COED,146488,146488,173912,173912,177604,177604,174886,174886,169358,169358,146488,146488,148483,156075,157337,175170,151669,174598
S R K INST. OF TECHNOLOGY,EVT,KRI,VIJAYAWADA,COED,127069,127069,166103,166103,158450,158450,167242,167242,167527,167527,127069,127069,143333,143333,158996,166823,115946,164083
S R K INST. OF TECHNOLOGY,INF,KRI,VIJAYAWADA,COED,65729,65729,160036,172898,164239,172563,155712,155712,122264,137944,65729,88921,126983,126983,134648,134648,85012,100935
S R K INST. OF TECHNOLOGY,MEC,KRI,VIJAYAWADA,COED,165220,165220,168354,169436,176706,176706,165220,165220,168166,168383,165220,165220,165220,165220,165220,165220,153278,146577
SRI SUNFLOWER COLLEGE OF ENGG AND TECHNOLOGY,EEE,KRI,LANKAPALLI,COED,128447,128447,128447,128447,128447,128447,128447,128447,128447,128447,128447,128447,128447,128447,128447,128447, , 
SRI VASAVI INSTT OF ENGINEERING AND TECHNOLOGY,CIV,KRI,PEDANA,COED,108540,108540,159691,159691,108540,136925,108540,175758,174139,174139,108540,108540,172536,172536,108540,108540,148839, 
SRI VASAVI INSTT OF ENGINEERING AND TECHNOLOGY,CSE,KRI,PEDANA,COED,92476,92476,161372,163809,164986,164986,150386,150386,121388,127757,92476,92476,173129,173129,171150,171150,96341,87640
SRI VASAVI INSTT OF ENGINEERING AND TECHNOLOGY,CSM,KRI,PEDANA,COED,66357,66357,177561,177561,177440,177440,170060,170060,119582,151604,66642,66642,114877,120378,115489,167281,88151,90257
SRI VASAVI INSTT OF ENGINEERING AND TECHNOLOGY,ECE,KRI,PEDANA,COED,118801,118801,164740,177549,173386,173386,161194,161194,140290,141049,118801,118801,118801,168510,124842,148994,144029,98099
D M S S V H COLLEGE OF ENGINEERING,CSE,KRI,MACHILIPATNAM,COED, , ,122452,157448, , ,154017,154017, , , , , , , , , , 
D M S S V H COLLEGE OF ENGINEERING,ECE,KRI,MACHILIPATNAM,COED, ,76750, ,76750, ,76750, ,76750, ,76750, ,76750, ,76750, ,76750, , 
USHA RAMA COLL OF ENGG AND TECHNOLOGY,AID,KRI,TELAPROLU,COED,70200,70200,175827,175827,176761,176761,127422,155288,131427,145102,74058,74058,107606,107606,147068,147068,90764,87307
USHA RAMA COLL OF ENGG AND TECHNOLOGY,AIM,KRI,TELAPROLU,COED,70244,70244,164806,164806,164983,164983,131544,162883,122573,141225,70244,70244,101124,105372,70244,138140,85895,89408
USHA RAMA COLL OF ENGG AND TECHNOLOGY,CSE,KRI,TELAPROLU,COED,77539,77539,164474,177416,149016,149016,171133,171133,173060,173060,82740,92552,105662,144124,137019,151511,99666,93833
USHA RAMA COLL OF ENGG AND TECHNOLOGY,ECE,KRI,TELAPROLU,COED,102607,102607,177540,177540,163024,165986,168742,175324,149512,150046,107394,107394,150302,151747,153320,153320,130114,118620
USHA RAMA COLL OF ENGG AND TECHNOLOGY,EEE,KRI,TELAPROLU,COED,114297,171253,165684,171253,114297,171253,114297,171253,122594,171253,114297,171253,134307,171253,133569,171253,163427, 
USHA RAMA COLL OF ENGG AND TECHNOLOGY,INF,KRI,TELAPROLU,COED,90050,90050,164919,165653,90050,168143,167873,167873,138584,142215,90050,90050,107081,170985,164486,164486,97508,129411
USHA RAMA COLL OF ENGG AND TECHNOLOGY,MEC,KRI,TELAPROLU,COED, , ,168634,168634,176481,176481,171245,171693,163607,163607, ,141876, ,134636, , , , 
VIKAS COLLEGE OF ENGINEERING AND TECHNOLOGY,AGR,KRI,VIJAYAWADA,COED, ,131393, ,131393,175821,175821, ,131393, ,131393, ,131393, ,131393, ,131393, , 
VIKAS COLLEGE OF ENGINEERING AND TECHNOLOGY,CIV,KRI,VIJAYAWADA,COED,159424,159424,164811,164811,159424,159424,173439,173439,159424,159424,159424,159424,159424,159424,159424,159424, , 
VIKAS COLLEGE OF ENGINEERING AND TECHNOLOGY,CSD,KRI,VIJAYAWADA,COED,98938,117471,165166,174837,177818,177818,171134,171134,162232,162232,159440,159440,98938,173225,151053,151053,158018,140557
VIKAS COLLEGE OF ENGINEERING AND TECHNOLOGY,CSE,KRI,VIJAYAWADA,COED,108210,116247,157059,165897,177534,177534,168378,168378,175556,175556,108210,116247,161287,169336,171667,175580,168413,142694
VIKAS COLLEGE OF ENGINEERING AND TECHNOLOGY,CSM,KRI,VIJAYAWADA,COED,124542,141177,177363,177363,164838,173842,174525,174525,176137,176811,158830,158830,176583,176583,175688,177510,157396,159072
VIKAS COLLEGE OF ENGINEERING AND TECHNOLOGY,ECE,KRI,VIJAYAWADA,COED,90105,118021,158307,164799,176197,176197,131224,134053,140630,140630,90105,125187,169779,169779,90105,132564,138088, 
VIKAS COLLEGE OF ENGINEERING AND TECHNOLOGY,EEE,KRI,VIJAYAWADA,COED, , ,173614,173614, ,136041,137443,137443, , , , , , , , ,175318, 
VIKAS COLLEGE OF ENGINEERING AND TECHNOLOGY,MEC,KRI,VIJAYAWADA,COED, , ,174966,174966, , , , , , , , , , , , , , 
VIKAS GROUP OF INSTITUTIONS,CIV,KRI,VIJAYAWADA RURAL,COED,113667,113667,168217,168217,176731,176731,113667,113667,113667,113667,113667,113667,113667,113667,113667,113667, , 
VIKAS GROUP OF INSTITUTIONS,CSD,KRI,VIJAYAWADA RURAL,COED,118956,118956,118956,158077,165718,165718,118956,118956,152539,152539,118956,118956,152430,162666,118956,132489,101633,132486
VIKAS GROUP OF INSTITUTIONS,CSE,KRI,VIJAYAWADA RURAL,COED,122861,122861,172201,174256,175500,175500,176273,176273,174799,175152,122861,122861,175118,175118,170879,170879,173478,173209
VIKAS GROUP OF INSTITUTIONS,CSM,KRI,VIJAYAWADA RURAL,COED,45787,102247,168998,168998,177270,177270,156977,170717,142971,142971,45787,102247,157888,157888,168267,168267,158305,155841
VIKAS GROUP OF INSTITUTIONS,ECE,KRI,VIJAYAWADA RURAL,COED,127709,127709,162771,164219,171300,171300,155707,156283,173004,173004,127709,127709,174053,174053,127709,127709,112365,152302
VIKAS GROUP OF INSTITUTIONS,EEE,KRI,VIJAYAWADA RURAL,COED, , , , , , , , ,170525,170525, , ,168662,168662, , , , 
VIKAS GROUP OF INSTITUTIONS,MEC,KRI,VIJAYAWADA RURAL,COED, ,162491,175255,175255, ,162491, ,162491, ,162491, ,162491,154131,167092, ,162491, , 
SREE VAHINI INSTT OF SCIENCE AND TECHNOLOGY,CIV,KRI,TIRUVURU,COED,177189,177189,177189,177189,177189,177189,177189,177189,177189,177189,177189,177189,177189,177189,177189,177189, , 
SREE VAHINI INSTT OF SCIENCE AND TECHNOLOGY,CSD,KRI,TIRUVURU,COED,139927,157191,165486,174368,165435,166412,177088,177088,177845,177845,139927,157191,174035,174035,139927,160169,173334,176083
SREE VAHINI INSTT OF SCIENCE AND TECHNOLOGY,CSE,KRI,TIRUVURU,COED,103487,103487,158321,158321,143607,154422,153692,159068,177174,177174,103487,149764,172465,172465,170336,170336,172263,146735
SREE VAHINI INSTT OF SCIENCE AND TECHNOLOGY,CSM,KRI,TIRUVURU,COED,116569,116569,162326,163212,139008,139008,151209,160500,168630,168630,116569,156871,167908,167908,160057,160057,163052,158425
SREE VAHINI INSTT OF SCIENCE AND TECHNOLOGY,ECE,KRI,TIRUVURU,COED,138109,138109,177015,177015,176080,176080,150958,175672,173617,177022,177581,177581,177663,177663,138109,138109,168832,175244
SREE VAHINI INSTT OF SCIENCE AND TECHNOLOGY,EEE,KRI,TIRUVURU,COED,177710,177710,177710,177710,177710,177710,177710,177710,177710,177710,177710,177710,177710,177710,177710,177710, , 
SREE VAHINI INSTT OF SCIENCE AND TECHNOLOGY,MEC,KRI,TIRUVURU,COED,151105,151105,151105,151105,151105,151105,151105,151105,151105,151105,151105,151105,151105,151105,151105,151105, , 
VIJAYA INST. OF TECHNOLOGY FOR WOMEN,AIM,KRI,VIJAYAWADA,GIRLS, ,157256, ,172299, ,157256, ,162058, ,157256, ,157256, ,174401, ,174704, ,174942
VIJAYA INST. OF TECHNOLOGY FOR WOMEN,CSD,KRI,VIJAYAWADA,GIRLS, ,100853, ,165576, ,167538, ,109441, ,146134, ,146763, ,171751, ,150092, ,129125
VIJAYA INST. OF TECHNOLOGY FOR WOMEN,CSE,KRI,VIJAYAWADA,GIRLS, ,79615, ,177276, ,165957, ,175011, ,163700, ,120478, ,136658, ,173902, ,107274
VIJAYA INST. OF TECHNOLOGY FOR WOMEN,ECE,KRI,VIJAYAWADA,GIRLS, ,151662, ,177229, ,151662, ,151662, ,171156, , , ,169933, ,151662, ,173389
VIJAYA INST. OF TECHNOLOGY FOR WOMEN,INF,KRI,VIJAYAWADA,GIRLS, ,166585, ,169541, ,166585, ,166585, ,166585, , , ,168135, ,170550, ,136006
K V S R SIDDHARTHA COLLEGE OF PHARMACEUTICAL SCI.S,PHD,KRI,VIJAYAWADA,COED,111979,111979,111979,111979,111979,111979,111979,111979,111979,111979,111979,111979,111979,111979,111979,111979, , 
VKR VNB AND AGK ENGINEERING COLLEGE,AID,KRI,GUDIVADA,COED,132468,145991,143245,177306,169199,174011,148689,148689,171938,175692,132468,145991,141149,145991,132468,145991,162995, 
VKR VNB AND AGK ENGINEERING COLLEGE,CSE,KRI,GUDIVADA,COED,106318,106318,174530,176472,169603,173940,167775,172890,169521,169521,106318,106318,173053,173053,119184,142714,150256,125584
VKR VNB AND AGK ENGINEERING COLLEGE,CSM,KRI,GUDIVADA,COED, , , ,120468, , ,127137,127137, , , , , , , , ,158851,127930
VKR VNB AND AGK ENGINEERING COLLEGE,ECE,KRI,GUDIVADA,COED,127301,149088,176645,176645,127301,149088,140626,149088,158421,158421,127301,149088,172570,172991,127301,149088, ,150469
VKR VNB AND AGK ENGINEERING COLLEGE,MEC,KRI,GUDIVADA,COED, , ,166511,166511, , , , , , , , , , , , , , 
VALLABHANENI VENKATADRI INST OF PHARM SCIENCES,PHM,KRI,GUDLAVALLERU,COED,162667,162667,162667,162667,162667,162667,162667,162667,162667,162667,162667,162667,162667,162667,162667,162667, , 
ABR COLLEGE OF ENGG AND TECHNOLOGY,AGR,PKS,KANIGIRI,COED,156440,156440,156440,156440,156440,156440,156440,156440,156440,156440,156440,156440,156440,156440,156440,156440, , 
ABR COLLEGE OF ENGG AND TECHNOLOGY,CAI,PKS,KANIGIRI,COED,150829,151395,151965,151965,150829,151395,177124,177124,150829,151395,150829,151395,150829,167573,150829,151395, , 
ABR COLLEGE OF ENGG AND TECHNOLOGY,CIV,PKS,KANIGIRI,COED,173913,173913,173913,174270,173913,173913,173913,173913,173913,173913,173913,173913,173913,173913,173913,173913, , 
ABR COLLEGE OF ENGG AND TECHNOLOGY,CSD,PKS,KANIGIRI,COED,162744,162744,166265,166265,162744,162744,162744,162744,162744,162744,162744,162744,162744,162744,162744,162744, , 
ABR COLLEGE OF ENGG AND TECHNOLOGY,CSE,PKS,KANIGIRI,COED,157853,160171,177484,177484,157853,160171,157853,160171,164375,164375,157853,160171,157853,160171,157853,160171, , 
ABR COLLEGE OF ENGG AND TECHNOLOGY,ECE,PKS,KANIGIRI,COED,141829,162341,166191,168523,155030,162341,166110,166110,156921,162341,141829,162341,141829,162341,166505,166505, , 
ABR COLLEGE OF ENGG AND TECHNOLOGY,EEE,PKS,KANIGIRI,COED,159004,159004,159004,159004,159004,159004,159004,159004,159004,159004,159004,159004,159004,159004,159004,159004, , 
ABR COLLEGE OF ENGG AND TECHNOLOGY,MEC,PKS,KANIGIRI,COED,160370,160370,160370,160370,160370,160370,160370,160370,160370,160370,160370,160370,160370,160370,160370,160370, , 
ABR COLLEGE OF ENGG AND TECHNOLOGY,MIN,PKS,KANIGIRI,COED,176662,176662,176662,176662,176662,176662,176662,176662,176662,176662,176662,176662,176662,176662,176662,176662, , 
ST. ANNS COLLEGE OF ENGG. AND TECHNOLOGY,CIV,PKS,CHIRALA,COED,134448,134448,165109,175846,167195,167195,171999,171999,170489,170859,134448,134448,175186,175186,164493,171281,166251,167573
ST. ANNS COLLEGE OF ENGG. AND TECHNOLOGY,CSC,PKS,CHIRALA,COED,94166,94166,159441,171027,151324,170757,154109,174622,167065,167986,152857,152857,136565,136565,118038,118038,111066,114508
ST. ANNS COLLEGE OF ENGG. AND TECHNOLOGY,CSD,PKS,CHIRALA,COED,77752,77752,158145,158145,153189,154782,124385,134680,146080,146080,77752,77752,122037,122037,99516,141042,92390,104472
ST. ANNS COLLEGE OF ENGG. AND TECHNOLOGY,CSE,PKS,CHIRALA,COED,68011,68011,148106,148106,173546,173546,123077,133142,142139,142139,68011,147526,82723,87802,113468,113468,84352,82143
ST. ANNS COLLEGE OF ENGG. AND TECHNOLOGY,CSM,PKS,CHIRALA,COED,55546,55546,140789,140789,165321,165321,74956,126375,92734,92734,55546,110740,93662,129817,89973,89973,71278,95082
ST. ANNS COLLEGE OF ENGG. AND TECHNOLOGY,CSO,PKS,CHIRALA,COED,96087,96087,160084,176369,160029,160029,174528,174528,174817,176034,139465,139465,144802,144802,167746,167746,119494,125138
ST. ANNS COLLEGE OF ENGG. AND TECHNOLOGY,ECE,PKS,CHIRALA,COED,93590,93590,152414,161903,164772,164772,142373,151451,132601,132601,119631,119631,163172,174744,135729,135729,121752,124611
ST. ANNS COLLEGE OF ENGG. AND TECHNOLOGY,EEE,PKS,CHIRALA,COED,84740,122070,163014,167783,162944,176766,176693,176693,174476,174476,84740,122070,174604,174604,161782,161782,149162,140111
ST. ANNS COLLEGE OF ENGG. AND TECHNOLOGY,MEC,PKS,CHIRALA,COED,115467,115467,171915,171915,174116,174116,165291,167731,176529,176529,115467,115467,174736,174736,171233,173280,169550,171347
BELLAMKONDA INST OF TECHNOLOGY AND SCI,PHM,PKS,PODILI,COED,66311,66311,66311,66311,66311,66311,66311,66311,66311,66311,66311,66311,66311,66311,66311,66311, , 
BVSR ENGINEERING COLLEGE,CIV,PKS,CHIMAKURTHY,COED,109899,109899,109899,109899,109899,109899,109899,109899,109899,109899,109899,109899,109899,109899,109899,109899, , 
BVSR ENGINEERING COLLEGE,CSD,PKS,CHIMAKURTHY,COED,177374,177374,177666,177666,177374,177374,177374,177374,177374,177374,177374,177374,177374,177374,177374,177374,161785,153736
BVSR ENGINEERING COLLEGE,CSE,PKS,CHIMAKURTHY,COED,97148,99348,163511,163511,162933,162933,143080,172658,175273,175273,97148,99348,145565,175160,168723,168723,158105,175910
BVSR ENGINEERING COLLEGE,ECE,PKS,CHIMAKURTHY,COED, ,98378,176368,176368,168365,168365,172770,172770, ,98378, ,98378,130021,130021, ,98378, , 
VRS AND YRN COLLEGE OF ENGG. AND TECHNOLOGY,CSE,PKS,CHIRALA,COED,76590,147189,150908,162301,76590,147189,156633,156633,131264,147189,76590,147189,137569,147189,76590,147189,150681, 
VRS AND YRN COLLEGE OF ENGG. AND TECHNOLOGY,ECE,PKS,CHIRALA,COED,113921,162311,162649,162649,113921,162311,158639,162311,113921,162311,113921,162311,113921,162311,113921,162311,113511, 
VRS AND YRN COLLEGE OF ENGG. AND TECHNOLOGY,MEC,PKS,CHIRALA,COED,139787,139787,139787,139787,139787,139787,139787,139787,139787,139787,139787,139787,139787,139787,139787,139787, , 
CHIRALA ENGINEERING COLLEGE,CIV,PKS,CHIRALA,COED,146572,146572,146572,146572,146572,146572,146572,146572,146572,146572,146572,146572,146572,146572,146572,146572, , 
CHIRALA ENGINEERING COLLEGE,CSE,PKS,CHIRALA,COED,123035,125649,177035,177035,175502,175502,175666,175666,154212,154212,123035,125649,123035,151594,123035,125649,172137,151760
CHIRALA ENGINEERING COLLEGE,ECE,PKS,CHIRALA,COED, , ,177361,177361, , , , , , , , , , , , , , 
INDIRA INST OF TECHNOLOGY SCI,CAI,PKS,MARKAPUR,COED, ,132878, ,132878, ,132878, ,132878, ,132878, ,132878, ,132878, ,132878, , 
INDIRA INST OF TECHNOLOGY SCI,CSC,PKS,MARKAPUR,COED, ,155907, ,155907, ,155907, ,155907, ,155907, ,155907, ,155907, ,155907, , 
INDIRA INST OF TECHNOLOGY SCI,CSE,PKS,MARKAPUR,COED,150191,150191,150191,150191,160597,160597,150191,150191,150191,150191,150191,150191,150191,150191,150191,150191, , 
INDIRA INST OF TECHNOLOGY SCI,ECE,PKS,MARKAPUR,COED,116519,161725,116519,161725,116519,161725,116519,161725,116519,161725,116519,161725,116519,161725,116519,161725, , 
KRISHNA CHAITANYA INST OF TECHNOLOGY AND SCIENCES,AIM,PKS,MARKAPUR,COED,169192,169192,175337,175337,169192,169192,169192,169192,169192,169192,169192,169192,169192,169192,169192,169192, , 
KRISHNA CHAITANYA INST OF TECHNOLOGY AND SCIENCES,CAI,PKS,MARKAPUR,COED,107923,107923,162673,165377,166474,172466,142780,171859,162108,167669,107923,107923,175222,175222,136950,136950,166712,144938
KRISHNA CHAITANYA INST OF TECHNOLOGY AND SCIENCES,CIV,PKS,MARKAPUR,COED,42795,42795,42795,42795,42795,42795,42795,42795,42795,42795,42795,42795,42795,42795,42795,42795, , 
KRISHNA CHAITANYA INST OF TECHNOLOGY AND SCIENCES,CSE,PKS,MARKAPUR,COED,147046,147046,177791,177791,175590,175590,173875,173875,175979,175979,147046,147046,174291,174780,166518,173570,173577,173230
KRISHNA CHAITANYA INST OF TECHNOLOGY AND SCIENCES,CSM,PKS,MARKAPUR,COED,94081,94081,175533,175533,118716,118716,144635,144635,171730,171730,94081,94081,122931,139702,94081,142511,157000,133526
KRISHNA CHAITANYA INST OF TECHNOLOGY AND SCIENCES,ECE,PKS,MARKAPUR,COED,151274,151274,151274,161176,169568,169568,151274,171201,175757,175757,151274,151274,151274,151274,159353,159353,145879, 
MALINENI SUSEELAMMA WOMENS ENGG COLLEGE,CSE,PKS,SINGARAYAKONDA,GIRLS, ,153440, ,177843, ,161890, ,170881, ,153440, , , ,154937, ,153440, ,175453
PACE INSTITUTE OF TECHNOLOGY AND SCIENCES,AID,PKS,ONGOLE,COED,93389,93389,152477,153102,150870,151040,148931,148931,163272,163272,93399,140271,138575,140512,155615,155615,126385,117142
PACE INSTITUTE OF TECHNOLOGY AND SCIENCES,AIM,PKS,ONGOLE,COED,93416,93416,141553,149011,162826,162826,150960,156656,149410,168172,93416,93416,124303,143155,156715,156715,114605,110850
PACE INSTITUTE OF TECHNOLOGY AND SCIENCES,CIC,PKS,ONGOLE,COED,108787,113393,162037,165681,162948,164282,153542,153542,167633,176301,169557,169557,173616,173616,138273,167430,156105,145846
PACE INSTITUTE OF TECHNOLOGY AND SCIENCES,CIT,PKS,ONGOLE,COED,104058,125290,163786,163786,163322,163938,155541,173665,132778,158598,104058,125290,176177,176177,132896,172237,147704,147949
PACE INSTITUTE OF TECHNOLOGY AND SCIENCES,CIV,PKS,ONGOLE,COED,125375,126684,174404,174404,125375,141808,168472,168472,175782,175782,177094,177094,177580,177580,125375,168576,170648,168661
PACE INSTITUTE OF TECHNOLOGY AND SCIENCES,CSE,PKS,ONGOLE,COED,73455,73455,131318,132643,176699,176699,132753,132753,137512,155606,123075,123075,104623,104623,127925,127925,100657,104760
PACE INSTITUTE OF TECHNOLOGY AND SCIENCES,CSER,PKS,ONGOLE,COED,92286,144116,176971,176971,164844,164844,171806,171806,166987,175788,163804,163804,155342,164804,163653,177639,170541,174501
PACE INSTITUTE OF TECHNOLOGY AND SCIENCES,ECE,PKS,ONGOLE,COED,110435,110435,156236,159279,150814,152017,159460,162708,171904,174809,110435,111445,174601,174601,175075,175075,143857,144083
PACE INSTITUTE OF TECHNOLOGY AND SCIENCES,EEE,PKS,ONGOLE,COED, ,119401,165799,177138,175478,177797,169731,177427,171867,171867,172245,172245,175091,175091, ,164600,167839,157141
PACE INSTITUTE OF TECHNOLOGY AND SCIENCES,EVT,PKS,ONGOLE,COED,138466,138466,165738,175563,164299,177142,168883,171327,157561,174508,138466,138466,169524,177712,173910,173910,156594,167066
PACE INSTITUTE OF TECHNOLOGY AND SCIENCES,INF,PKS,ONGOLE,COED,97562,112561,164113,172397,164041,164041,155216,170691,176893,176893,97562,112561,170340,175634,144792,144792,136004,133269
PACE INSTITUTE OF TECHNOLOGY AND SCIENCES,MEC,PKS,ONGOLE,COED,157914,157914,174720,177333,170898,170898,171076,171076,167798,173360,157914,157914,173639,173639,157914,157914, , 
PRAKASAM ENGINEERING COLLEGE,CAI,PKS,KANDKUR,COED,103002,103002,153392,153392,156439,160207,123293,123293,168481,168481,103002,103002,173227,173227,139545,140815,159261,159819
PRAKASAM ENGINEERING COLLEGE,CIV,PKS,KANDKUR,COED,139060,139060,177589,177589,139060,175205,139060,139060,170400,170400,139060,139060,139060,139060,139060,139060, , 
PRAKASAM ENGINEERING COLLEGE,CSC,PKS,KANDKUR,COED,95096,111088,174664,174664,171458,171458,173363,173363,173163,173163,128403,128403,172524,172524,95096,137290,169671,168061
PRAKASAM ENGINEERING COLLEGE,CSE,PKS,KANDKUR,COED,100732,100732,147999,147999,174524,174524,153492,153492,159376,176508,112906,112906,172339,172339,149803,153070,155883,157168
PRAKASAM ENGINEERING COLLEGE,ECE,PKS,KANDKUR,COED,131441,131441,171180,177518,165181,165181,159318,168646,175665,176787,131441,131441,176759,176759,169300,175575,173832,173211
PRAKASAM ENGINEERING COLLEGE,EEE,PKS,KANDKUR,COED,176775,176775,176775,176775,177354,177354,176775,176775,177597,177597,176775,176775,176775,176775,176775,176775,131326,167967
PRAKASAM ENGINEERING COLLEGE,MEC,PKS,KANDKUR,COED,159229,159229,177749,177749,159229,159229,172447,172447,173449,173449,159229,159229,159229,171535,159229,159229, , 
QIS COLLEGE OF ENGG. AND TECHNOLOGY,AI,PKS,ONGOLE,COED,73300,73300,164125,164125,141333,162924,130060,144011,160646,160646,73300,73300,104314,104314,138217,138217,94515,100222
QIS COLLEGE OF ENGG. AND TECHNOLOGY,AID,PKS,ONGOLE,COED,86168,86168,171384,177264,177226,177226,155668,157606,166741,166741,86168,169252,168803,170511,149322,157820,103180,117158
QIS COLLEGE OF ENGG. AND TECHNOLOGY,CIC,PKS,ONGOLE,COED,114595,120366,176602,176602,118865,156462,177267,177267,169594,169972,114595,120366,176411,176411,154335,168567,142696,128437
QIS COLLEGE OF ENGG. AND TECHNOLOGY,CIT,PKS,ONGOLE,COED,119026,138247,177091,177091,149549,154432,168010,168010,153872,166848,170827,170827,171519,171519,119026,151263,131231,131626
QIS COLLEGE OF ENGG. AND TECHNOLOGY,CIV,PKS,ONGOLE,COED,155641,155641,172372,172372,155641,155641,175736,175736,155641,155641,155641,155641,174442,174442,155641,155641, , 
QIS COLLEGE OF ENGG. AND TECHNOLOGY,CSD,PKS,ONGOLE,COED,104828,104828,177809,177809,127973,132283,161505,172338,166826,166826,153074,153074,169651,169651,168721,170538,145934,128176
QIS COLLEGE OF ENGG. AND TECHNOLOGY,CSE,PKS,ONGOLE,COED,73374,73374,153632,153632,177366,177366,142150,154527,171367,171367,153739,153739,149373,150769,143652,149035,100700,115201
QIS COLLEGE OF ENGG. AND TECHNOLOGY,CSM,PKS,ONGOLE,COED,77891,77891,176549,176549,175871,175871,139073,139073,174471,174471,78112,124578,126929,173575,162163,162163,109970,109262
QIS COLLEGE OF ENGG. AND TECHNOLOGY,ECE,PKS,ONGOLE,COED,110388,110388,175207,177287,173713,177225,175412,175412,173467,173467,110388,166390,173031,173031,174540,174540,170556,167264
QIS COLLEGE OF ENGG. AND TECHNOLOGY,EEE,PKS,ONGOLE,COED,160009,160009,176166,176166,177535,177535,160009,160009,162401,162401,160009,160009,160009,160009,160009,160009,124454, 
QIS COLLEGE OF ENGG. AND TECHNOLOGY,INF,PKS,ONGOLE,COED,134298,134298,173328,173328,150909,164681,174551,174551,171975,171975,134298,134298,174786,174786,169017,169017,135837,130928
QIS COLLEGE OF ENGG. AND TECHNOLOGY,MEC,PKS,ONGOLE,COED,144475,168452,177068,177068,144475,168452,144475,168452,144475,168452,144475,168452,144475,168452,144475,168452, , 
QIS COLLEGE OF PHARMACY,PHD,PKS,ONGOLE,COED,145792,145792,145792,145792,145792,145792,145792,145792,145792,145792,145792,145792,145792,145792,145792,145792, , 
RISE KRISHNA SAI GANDHI GROUP OF INSTITUTIONS,CSD,PKS,ONGOLE,COED,110683,110683,165635,165635,164421,164421,122441,172262,171898,171898,149605,149605,167913,167913,147778,151525,132619,122292
RISE KRISHNA SAI GANDHI GROUP OF INSTITUTIONS,CSE,PKS,ONGOLE,COED,93964,104761,158239,162087,162049,166893,160025,160025,162122,162122,93964,104761,173094,173094,137726,157670,144432,130702
RISE KRISHNA SAI GANDHI GROUP OF INSTITUTIONS,ECE,PKS,ONGOLE,COED,119298,119298,175707,175707,177433,177433,176304,176304,171013,171013,164549,164549,161342,169363,151944,157493,153093,143540
RISE KRISHNA SAI PRAKASAM GROUP OF INSTITUTIONS,CIV,PKS,ONGOLE,COED,118619,118619,165811,165811,159267,159267,170676,170676,175569,175569,118619,146459,176048,176048,170530,170530,169231,143174
RISE KRISHNA SAI PRAKASAM GROUP OF INSTITUTIONS,CSD,PKS,ONGOLE,COED,60673,60673,125692,125692,139982,139982,107995,107995,145024,145024,60673,60673,69390,69390,147827,147827,94760,88910
RISE KRISHNA SAI PRAKASAM GROUP OF INSTITUTIONS,CSE,PKS,ONGOLE,COED,63189,63189,122991,122991,164790,164790,123976,123976,153306,153306,91932,91932,94382,94382,129340,129340,95720,99064
RISE KRISHNA SAI PRAKASAM GROUP OF INSTITUTIONS,CSM,PKS,ONGOLE,COED,29839,29839,61158,61158,164759,164759,49827,49827,53039,53039,29839,29839,53579,53579,58402,58402,49245,37001
RISE KRISHNA SAI PRAKASAM GROUP OF INSTITUTIONS,ECE,PKS,ONGOLE,COED,79342,79342,136315,136315,161686,161686,119615,119615,164839,164839,79342,79342,141001,141001,129910,149176,112247,111190
RISE KRISHNA SAI PRAKASAM GROUP OF INSTITUTIONS,EEE,PKS,ONGOLE,COED,124315,124315,177863,177863,170997,170997,172327,172327,177593,177593,124315,124315,143745,172475,124315,124315,162532,162357
RISE KRISHNA SAI PRAKASAM GROUP OF INSTITUTIONS,MEC,PKS,ONGOLE,COED,138927,150012,176949,177869,177288,177288,138927,170479,138927,150012,138927,150012,138927,150012,138927,150012,154758, 
DR SAMUEL GEORGE INSTITUTE OF ENGG. AND TECHNOLOGY,AIM,PKS,MARKAPUR,COED,176375,176375,176375,176375,176375,176375,176375,176375,176375,176375,176375,176375,176375,176375,176375,176375, , 
DR SAMUEL GEORGE INSTITUTE OF ENGG. AND TECHNOLOGY,CSE,PKS,MARKAPUR,COED,174623,174623,176955,176955,174623,174623,174623,175508,174623,174623,174623,174623,174623,174623,174623,174623, , 
DR SAMUEL GEORGE INSTITUTE OF ENGG. AND TECHNOLOGY,ECE,PKS,MARKAPUR,COED,176361,176361,176361,176361,176361,176361,176361,176361,176361,176361,176361,176361,176361,176361,176361,176361, , 
DR SAMUEL GEORGE INSTITUTE OF ENGG. AND TECHNOLOGY,EEE,PKS,MARKAPUR,COED, ,72727, ,72727, ,72727, ,72727, ,72727, ,72727, ,72727, ,72727, , 
ADITYA INSTITUTE OF TECHNOLOGY AND MGMT,CIV,SKL,TEKKALI,COED,83333,83333,111082,111082,95832,95832,113350,121691,148210,148896,83333,83333,103602,103602,109669,123387, ,173753
ADITYA INSTITUTE OF TECHNOLOGY AND MGMT,CSD,SKL,TEKKALI,COED,35269,35269,177457,177457,44124,45200,64007,67987,80668,86544,44678,44678,46549,46549,64344,64973,82062,64589
ADITYA INSTITUTE OF TECHNOLOGY AND MGMT,CSE,SKL,TEKKALI,COED,24017,24017,117616,137474,159617,159617,49742,49742,51095,51095,24431,24431,35155,35466,161999,163424,95710,51888
ADITYA INSTITUTE OF TECHNOLOGY AND MGMT,CSM,SKL,TEKKALI,COED,30251,30251,166386,172744,170949,170949,58869,58869,66472,66472,30251,30251,41439,42564,58294,58294,64271,59287
ADITYA INSTITUTE OF TECHNOLOGY AND MGMT,ECE,SKL,TEKKALI,COED,38536,38536,177021,177021,171266,171266,73315,73315,88590,108089,44259,44259,51441,51441,153600,153600,124925,118565
ADITYA INSTITUTE OF TECHNOLOGY AND MGMT,EEE,SKL,TEKKALI,COED,54189,54189,82323,82323,70783,72929,95979,95979,155661,155661,54189,67502,84657,86261,86932,86932,126641,149064
ADITYA INSTITUTE OF TECHNOLOGY AND MGMT,INF,SKL,TEKKALI,COED,39291,39291,158169,158169,55912,55912,72813,77185,103105,103105,122083,122083,54933,54933,73162,75776,142393,97953
ADITYA INSTITUTE OF TECHNOLOGY AND MGMT,MEC,SKL,TEKKALI,COED,69225,102816,167093,167093,177802,177802,102839,155756,149052,158167,82772,102816,87087,147851,100754,120171,151414,163378
COLLEGE OF ENGINEERING BR AMBEDKAR UNIV SELF FINANCE,CIV,SKL,SRIKAKULAM,COED,138521,138521,172248,172248,146264,146264,162867,173781,175836,175836,138521,138521,172304,172304,138521,138521, , 
COLLEGE OF ENGINEERING BR AMBEDKAR UNIV SELF FINANCE,CSE,SKL,SRIKAKULAM,COED,61121,61121,158910,158910,149246,149246,90974,90974,106922,139394,61121,61121,74638,81324,89789,89789,157045,93952
COLLEGE OF ENGINEERING BR AMBEDKAR UNIV SELF FINANCE,ECE,SKL,SRIKAKULAM,COED, ,46378,163176,165540,161356,162898,102710,112364,168960,168960, ,46378,106964,112023,95043,95043,148873,149771
COLLEGE OF ENGINEERING BR AMBEDKAR UNIV SELF FINANCE,EEE,SKL,SRIKAKULAM,COED,86394,86394,174768,175760,142133,142133,175706,175706,176911,176911,86394,86394,164114,164114,167622,167622,148564, 
COLLEGE OF ENGINEERING BR AMBEDKAR UNIV SELF FINANCE,MEC,SKL,SRIKAKULAM,COED,104674,116899,128329,128329,108049,116899,171187,173625,150817,169837,170064,170064,140288,171802,166733,166733, , 
G M R INSTITUTE OF TECHNOLOGY,CAD,SKL,RAJAM,COED,11221,11375,67552,85863,103596,152419,20241,20241,19165,19165,37478,37478,16826,16826,30574,30574,14698,16467
G M R INSTITUTE OF TECHNOLOGY,CIV,SKL,RAJAM,COED,49728,49728,143512,143512,161950,161950,78346,102781,87333,87614,49728,49728,53532,57168,85411,105692,101948,142319
G M R INSTITUTE OF TECHNOLOGY,CSE,SKL,RAJAM,COED,11908,13977,80256,88944,113454,113454,18282,18282,17894,25803,24432,100876,14155,15018,104180,104180,17684,16366
G M R INSTITUTE OF TECHNOLOGY,CSM,SKL,RAJAM,COED,9843,10753,76062,92916,133779,152642,22735,22735,19851,34854,9843,10753,15125,15708,70956,82058,18289,19326
G M R INSTITUTE OF TECHNOLOGY,ECE,SKL,RAJAM,COED,11515,13328,126292,126292,115714,172925,24252,29491,29853,30567,11515,15775,21861,21861,118095,118095,40613,32880
G M R INSTITUTE OF TECHNOLOGY,EEE,SKL,RAJAM,COED,30467,38611,154330,154330,163025,163025,57250,78343,58677,80977,35995,38611,37178,38611,58910,58910,70627,75319
G M R INSTITUTE OF TECHNOLOGY,INF,SKL,RAJAM,COED,14733,20512,93800,102231,159447,159447,43096,43096,27516,42907,17969,20512,23458,25638,100547,125301,29428,22331
G M R INSTITUTE OF TECHNOLOGY,MEC,SKL,RAJAM,COED,40986,52088,148558,148558,134167,134378,75794,115709,86430,123240,40986,56537,48524,57973,137602,137602,70180,90298
SRI SIVANI COLLEGE OF ENGINEERING,AIM,SKL,SRIKAKULAM,COED, ,88912,132335,170407,159328,159328,132859,161847,166874,166874, ,113932,159234,171461,148664,148664,140317, 
SRI SIVANI COLLEGE OF ENGINEERING,CIV,SKL,SRIKAKULAM,COED,139201,142308,168936,168936,139201,147849,158909,158909,167361,167361,139201,142308,161784,161784,139201,142308, , 
SRI SIVANI COLLEGE OF ENGINEERING,CSE,SKL,SRIKAKULAM,COED,89312,89312,174687,174687,170204,170204,119807,127758,149401,167446,98393,98393,137273,137273,138206,138206,161339,115424
SRI SIVANI COLLEGE OF ENGINEERING,ECE,SKL,SRIKAKULAM,COED,87724,87724,122406,122406,122422,149074,153023,175754,160107,168234,139850,139850,128956,128956,87724,116274, , 
SRI SIVANI COLLEGE OF ENGINEERING,EEE,SKL,SRIKAKULAM,COED, ,124232,176623,176623,137669,175997,155387,155387,141634,173117, ,124232,171226,174847,175089,175089, , 
SRI SIVANI COLLEGE OF ENGINEERING,MEC,SKL,SRIKAKULAM,COED,110418,110418,146941,158850,167173,167173,157951,162514,158773,158773,110418,110418,116132,159045,110418,110418, , 
SR VENKATESWARA COLL OF ENGINEERING,AIM,SKL,SRIKAKULAM,COED,116950,116950,161482,168929,134279,144423,174999,174999,136703,142669,116950,143608,155551,155551,153248,153248, , 
SR VENKATESWARA COLL OF ENGINEERING,CIV,SKL,SRIKAKULAM,COED,161014,161014,161014,171057,161014,161014,173141,173141,161014,161014,161014,161014,173817,173817,161014,161014, , 
SR VENKATESWARA COLL OF ENGINEERING,CSE,SKL,SRIKAKULAM,COED,73109,73109,171059,173811,176043,176043,145689,145689,167820,167820,85873,85873,127789,138599,142195,157708,153697,168706
SR VENKATESWARA COLL OF ENGINEERING,CSM,SKL,SRIKAKULAM,COED,103215,103215,134214,134214,116758,116758,153884,153884,109849,118860,103215,103215,153372,153372,127589,127589, , 
SR VENKATESWARA COLL OF ENGINEERING,ECE,SKL,SRIKAKULAM,COED,95344,95344,163694,163694,169097,169097,147292,174340,136985,168032,111145,111145,170132,170132,95344,163680,162950, 
SR VENKATESWARA COLL OF ENGINEERING,EEE,SKL,SRIKAKULAM,COED, , ,172596,172596,175082,175082, ,175936,168440,171569, , ,150004,174620,172620,172620, , 
SR VENKATESWARA COLL OF ENGINEERING,MEC,SKL,SRIKAKULAM,COED,157071,157071,157071,157071,157071,157071,172983,172983,157071,157071,157071,157071,157071,173937,157071,157071, , 
ANIL NEERUKONDA INSTITUTE OF TECHNOLOGY AND SCI,CHE,VSP,BHEEMUNIPATNAM,COED,47348,47348,172169,172169,86158,86158,81492,81492,100639,174459,47348,47348,53213,53213,150258,150258,60867,57352
ANIL NEERUKONDA INSTITUTE OF TECHNOLOGY AND SCI,CIV,VSP,BHEEMUNIPATNAM,COED,38344,63487,133669,169217,63801,94913,101362,128011,153264,153264,38344,63487,64509,105339,79375,107121,126139,113602
ANIL NEERUKONDA INSTITUTE OF TECHNOLOGY AND SCI,CSD,VSP,BHEEMUNIPATNAM,COED,11969,11969,68147,140008,99612,99612,38920,38920,31356,45868,11969,101404,18121,18121,101657,101657,19050,28471
ANIL NEERUKONDA INSTITUTE OF TECHNOLOGY AND SCI,CSE,VSP,BHEEMUNIPATNAM,COED,7658,9104,52021,61810,62666,105691,10916,12992,11035,12094,16251,16251,8992,10509,29934,31275,9177,17628
ANIL NEERUKONDA INSTITUTE OF TECHNOLOGY AND SCI,CSM,VSP,BHEEMUNIPATNAM,COED,9878,10602,80067,87154,176527,176527,30546,30546,17419,17909,9878,91896,12010,12218,65494,92998,12566,23937
ANIL NEERUKONDA INSTITUTE OF TECHNOLOGY AND SCI,ECE,VSP,BHEEMUNIPATNAM,COED,16881,16881,103817,103817,125759,125759,32352,32352,42338,51849,93917,93917,20710,21667,65869,65869,21483,37432
ANIL NEERUKONDA INSTITUTE OF TECHNOLOGY AND SCI,EEE,VSP,BHEEMUNIPATNAM,COED,30843,30843,177533,177533,147488,147488,64019,96944,140822,140822,148853,148853,54578,54578,137910,137910,72500,61716
ANIL NEERUKONDA INSTITUTE OF TECHNOLOGY AND SCI,INF,VSP,BHEEMUNIPATNAM,COED,14788,15177,157361,157361,154006,170006,39018,39018,42696,42696,65368,65368,28711,28711,91439,94139,26568,34978
ANIL NEERUKONDA INSTITUTE OF TECHNOLOGY AND SCI,MEC,VSP,BHEEMUNIPATNAM,COED,49372,118222,176804,176804,176082,176082,86583,118222,135188,145935,54903,134338,59934,139864,133056,147667,111044,106091
A U COLLEGE OF ENGG. VISAKHAPATNAM,BIO,VSP,VISAKHAPATNAM,COED,32107,40565,79807,79807,32107,40565,86784,86784,32107,40565,32107,40565,32107,40565,32107,40565,77310, 
A U COLLEGE OF ENGG. VISAKHAPATNAM,CHE,VSP,VISAKHAPATNAM,COED,16747,16747,55433,157119,56693,77171,30764,30764,33303,33303,16747,16747,21451,21451,67627,68084,31061,29859
A U COLLEGE OF ENGG. VISAKHAPATNAM,CIV,VSP,VISAKHAPATNAM,COED,18485,18485,37560,37560,33996,36815,24784,27647,31112,31112,88094,88094,18489,18489,23612,36892,22595,81891
A U COLLEGE OF ENGG. VISAKHAPATNAM,CSE,VSP,VISAKHAPATNAM,COED,2524,2544,4194,4194,4523,8075,2619,2619,2524,2544,2524,2544,2524,2544,2524,2544,1682,1920
A U COLLEGE OF ENGG. VISAKHAPATNAM,ECE,VSP,VISAKHAPATNAM,COED,3842,4760,12957,12957,13720,13720,3842,4760,3842,4760,4463,4760,3848,5833,4391,22276,4331,6352
A U COLLEGE OF ENGG. VISAKHAPATNAM,EEE,VSP,VISAKHAPATNAM,COED,7499,11204,25750,25750,25389,25389,11658,11658,11603,20787,7499,11204,9674,11451,17613,17613,9038,47663
A U COLLEGE OF ENGG. VISAKHAPATNAM,GIN,VSP,VISAKHAPATNAM,COED,26257,26257,58510,70759,73442,127171,44390,105142,53359,70747,26257,26257,33352,59130,100451,100451,85673,53707
A U COLLEGE OF ENGG. VISAKHAPATNAM,IST,VSP,VISAKHAPATNAM,COED,13284,13284,49422,98893,68012,68012,21302,27618,29211,96949,13284,13284,23395,23395,20878,34441,24040,43699
A U COLLEGE OF ENGG. VISAKHAPATNAM,MEC,VSP,VISAKHAPATNAM,COED,12665,30943,25376,38608,61645,61645,17166,30943,16341,30943,12665,30943,12665,41706,12665,30943,12043,21746
A U COLLEGE OF ENGG. VISAKHAPATNAM,MET,VSP,VISAKHAPATNAM,COED, ,25817,72289,117493,36704,57991,90346,90346,63281,63281, ,25817,40351,66542, ,25817,62256,42313
A U COLLEGE OF ENGG. VISAKHAPATNAM,NAM,VSP,VISAKHAPATNAM,COED,13196,13196,28205,91615,52615,101086,21458,21458,29532,29532,13196,13196,30285,30285,47703,47703,30712,18241
A U COLLEGE OF ENGG-SELF FINANCE VISAKHAPATNAM,INF,VSP,VISAKHAPATNAM,COED,7787,9129,33925,33925,20163,48052,11379,18341,9642,12577,7787,9129,7787,11067,11924,11924,9723,11981
AU COLLEGE OF ENGG. SCHOOL OF PHARMACY,PHM,VSP,VISAKHAPATNAM,COED,83872,83872,159611,159611,165786,165786,171720,171720,125653,125653,83872,83872,115717,117026,147953,147953,130481,167148
AU COLLEGE OF ENGG.SCHOOL OF PHARMACY-SELF FINANCE,PHD,VSP,VISAKHAPATNAM,COED,58907,157228,58907,157228,58907,157228,58907,157228,58907,157228,58907,157228,58907,157228,58907,157228, , 
A U COLLEGE OF ENGG FOR WOMEN-SELF FINANCE,CIV,VSP,VISAKHAPATNAM,GIRLS, ,68657, ,174157, ,161207, ,136090, ,175270, ,68657, ,84882, ,107384, ,134821
A U COLLEGE OF ENGG FOR WOMEN-SELF FINANCE,CSE,VSP,VISAKHAPATNAM,GIRLS, ,15475, ,35747, ,34982, ,20796, ,24796, ,28753, ,16084, ,19051, ,23038
A U COLLEGE OF ENGG FOR WOMEN-SELF FINANCE,ECE,VSP,VISAKHAPATNAM,GIRLS, ,30096, ,57018, ,124584, ,74758, ,55081, , , ,41248, ,47784, ,36151
A U COLLEGE OF ENGG FOR WOMEN-SELF FINANCE,EEE,VSP,VISAKHAPATNAM,GIRLS, ,73277, ,150226, ,93051, ,101478, ,87071, ,78794, ,90488, ,92680, ,100463
A U COLLEGE OF ENGG FOR WOMEN-SELF FINANCE,INF,VSP,VISAKHAPATNAM,GIRLS, ,24714, ,92397, ,94556, ,65758, ,87314, ,71618, ,41229, ,135408, ,46023
A U COLLEGE OF ENGG FOR WOMEN-SELF FINANCE,MEC,VSP,VISAKHAPATNAM,GIRLS, ,78374, ,165368, ,144181, ,145611, ,137464, , , ,131820, ,99258, ,161918
AVANTHI INSTITUTE OF ENGG. AND TECHNOLOGY,CSD,VSP,NARSIPATNAM,COED, , ,128823,133051,130914,138610,159534,162622,121970,175429, , ,130217,130217,156189,159401,137462,149535
AVANTHI INSTITUTE OF ENGG. AND TECHNOLOGY,CSE,VSP,NARSIPATNAM,COED,74420,74420,177730,177730,160420,169501,151517,151517,169497,169497,113690,113690,127423,127423,170314,170314,173798,139061
AVANTHI INSTITUTE OF ENGG. AND TECHNOLOGY,CSM,VSP,NARSIPATNAM,COED,49963,49963,124527,159786,125840,173657,162502,162502,129695,139293,122811,122811,119490,119490,49963,49963,112394,106962
AVANTHI INSTITUTE OF ENGG. AND TECHNOLOGY,ECE,VSP,NARSIPATNAM,COED,78027,78027,177258,177258,149799,149799,175677,175677,172128,172128,78027,133594,150726,150726,170430,170430,94794,68370
AVANTHI INSTITUTE OF ENGG. AND TECHNOLOGY,EEE,VSP,NARSIPATNAM,COED,71336,71336,162789,162789,71336,71336,150107,172045,174335,174335,176348,176348,171597,171597,153617,153617, , 
AVANTHI INSTITUTE OF ENGG. AND TECHNOLOGY,MEC,VSP,NARSIPATNAM,COED,154584,154584,154584,154584,154584,154584,154584,154584,169282,169282,160061,160061,172662,174080,172041,176810,161492, 
BABA INST OF TECH AND SCIENCES,AIM,VSP,VISAKHAPATNAM,COED,101208,101208,164522,164522,102072,102072,171887,171887,157996,157996,101208,101208,128399,134472,166403,166403,160878,130115
BABA INST OF TECH AND SCIENCES,CIV,VSP,VISAKHAPATNAM,COED,33095,139827,151684,151684,33095,168215,159808,159808,163555,163555,33095,139827,173992,173992,33095,139827, , 
BABA INST OF TECH AND SCIENCES,CS,VSP,VISAKHAPATNAM,COED, ,91670,149472,164536,142020,142020,170610,170610,158241,169781, ,91670,144201,174671,167083,167083,153969, 
BABA INST OF TECH AND SCIENCES,CSE,VSP,VISAKHAPATNAM,COED,97457,97457,176668,176668,157726,177434,175581,175581,176208,176208,97457,97457,110592,136021,173608,173608,136910,158763
BABA INST OF TECH AND SCIENCES,ECE,VSP,VISAKHAPATNAM,COED,86191,87189,165448,167730,114340,114340,143465,174036,144747,150793,126659,126659,148192,148192,139836,139836,175247,166329
BABA INST OF TECH AND SCIENCES,EEE,VSP,VISAKHAPATNAM,COED, , ,126099,126099,155743,173727,164381,164381,142176,142176, , ,174957,174957, , , , 
BABA INST OF TECH AND SCIENCES,MEC,VSP,VISAKHAPATNAM,COED,119000,119000,165965,165965,119000,138387,176810,176810,157674,168548,130203,130203,166646,166646,176403,176403, , 
BEHARA COLLEGE OF ENGINEERING AND TECHNOLOGY,CSD,VSP,VISAKHAPATNAM,COED,51457,83198,51457,83198,51457,83198,51457,83198,51457,83198,51457,83198,51457,83198,51457,83198, , 
BEHARA COLLEGE OF ENGINEERING AND TECHNOLOGY,CSE,VSP,VISAKHAPATNAM,COED,136007,136007,169458,175731,148925,174391,170600,170600,152572,172768,157149,157149,177268,177268,166956,170050, ,144344
BEHARA COLLEGE OF ENGINEERING AND TECHNOLOGY,ECE,VSP,VISAKHAPATNAM,COED,115497,132024,115497,132024,173808,173808,152871,167952,160412,160412,115497,132024,158770,175609,115497,132024, , 
BEHARA COLLEGE OF ENGINEERING AND TECHNOLOGY,MEC,VSP,VISAKHAPATNAM,COED,170258,170258,170258,170258,170258,170258,170258,170258,170258,170258,170258,170258,170258,170258,170258,170258, , 
CHAITANYA ENGINEERING COLLEGE,AID,VSP,VISAKHAPATNAM,COED,148847,148847,177437,177437,148847,148847,169719,169719,148847,148847,148847,148847,154114,154114,148847,148847,170825,162830
CHAITANYA ENGINEERING COLLEGE,CAI,VSP,VISAKHAPATNAM,COED,94003,94003,158593,177375,174795,174795,166949,166949,142481,142481,140589,140589,176017,176017,119690,171921,153156, 
CHAITANYA ENGINEERING COLLEGE,CIV,VSP,VISAKHAPATNAM,COED,99956,99956,99956,176330,149285,149285,99956,99956,99956,99956,99956,99956,99956,99956,99956,99956, , 
CHAITANYA ENGINEERING COLLEGE,CSE,VSP,VISAKHAPATNAM,COED,103186,103186,162453,162453,173008,173008,175834,175834,171553,172959,103186,103186,136684,166194,173342,173342,153215,152924
CHAITANYA ENGINEERING COLLEGE,CSM,VSP,VISAKHAPATNAM,COED,79769,92128,163837,163837,109615,109615,122236,145847,146715,170867,79769,92128,143211,143211,160889,160889,156898, 
CHAITANYA ENGINEERING COLLEGE,ECE,VSP,VISAKHAPATNAM,COED,86909,86909,163298,164793,138660,146994,173778,173778,172617,172617,86909,86909,128097,136590,158998,172052, , 
CHAITANYA ENGINEERING COLLEGE,EEE,VSP,VISAKHAPATNAM,COED, , ,156257,156257, , ,172986,172986,127249,161080, , , , , , , , 
CHAITANYA ENGINEERING COLLEGE,MEC,VSP,VISAKHAPATNAM,COED,114670,114670,162597,168476,154202,154202,160095,167505,148228,148228,114670,140142,169254,172259,153954,153954,147715, 
DADI INSTT. OF ENGINEERING AND TECHNOLOGY,CIV,VSP,ANAKAPALLE,COED,120118,120118,166566,166998,152064,159590,162978,162978,158074,158074,138956,138956,136695,161691,175097,175097, , 
DADI INSTT. OF ENGINEERING AND TECHNOLOGY,CSD,VSP,ANAKAPALLE,COED,83010,83010,105392,105392,86060,107534,125360,125360,164289,164289,83010,90107,104138,104138,113696,134858,155664,162768
DADI INSTT. OF ENGINEERING AND TECHNOLOGY,CSE,VSP,ANAKAPALLE,COED,62597,73844,174266,174266,177727,177727,157243,157243,175621,175621,73988,73988,84069,86116,154162,154162,123002,127616
DADI INSTT. OF ENGINEERING AND TECHNOLOGY,CSM,VSP,ANAKAPALLE,COED,83139,83139,148924,158436,107593,107593,153235,153235,171053,175526,83139,83139,100717,104082,147908,152740,145805,147808
DADI INSTT. OF ENGINEERING AND TECHNOLOGY,ECE,VSP,ANAKAPALLE,COED,53065,105558,100534,110360,98434,105558,123711,133170,143516,149890,90192,105558,101867,105558,128216,138399,173783,174058
DADI INSTT. OF ENGINEERING AND TECHNOLOGY,EEE,VSP,ANAKAPALLE,COED,116015,116015,140357,140357,119915,119915,159396,160893,149889,149889,116015,116015,137878,143156,116015,116015,86263, 
DR L BULLAYYA COLL EGE OF ENGINEERING,CIV,VSP,VISAKHAPATNAM,COED,43106,120386,168860,168860,122728,126442,168556,168556,146012,171869,43106,120386,156816,170088,43106,120386,162668, 
DR L BULLAYYA COLL EGE OF ENGINEERING,CSE,VSP,VISAKHAPATNAM,COED,48264,48264,145144,150076,140148,151964,117517,117517,147717,166840,48264,48264,73252,73252,78201,78201,78313,102432
DR L BULLAYYA COLL EGE OF ENGINEERING,ECE,VSP,VISAKHAPATNAM,COED,55044,60467,177733,177733,174299,174299,130300,130300,171722,171722,88559,97129,106654,108133,132596,132596,154645,111819
DR L BULLAYYA COLL EGE OF ENGINEERING,EEE,VSP,VISAKHAPATNAM,COED,70184,70184,164268,169538,70184,167681,150487,156125,161098,161098,70184,70184,171390,171390,145603,145603, , 
GONNA INST OF INFO TECHNOLOGY SCIENCES,CIV,VSP,VISAKHAPATNAM,COED,154696,154696,177623,177623,154696,154696,154696,154696,154696,154696,154696,154696,154696,154696,154696,154696, , 
GONNA INST OF INFO TECHNOLOGY SCIENCES,CSE,VSP,VISAKHAPATNAM,COED,129279,129279,177049,177049,157735,157735,144790,170734,161737,161737,129279,168244,175530,175530,137855,167901,176221, 
GONNA INST OF INFO TECHNOLOGY SCIENCES,ECE,VSP,VISAKHAPATNAM,COED,93137,105299,169540,169540,157669,157669,171501,171501,93137,144856,93137,105299,132738,173303,155268,155268, , 
GONNA INST OF INFO TECHNOLOGY SCIENCES,MEC,VSP,VISAKHAPATNAM,COED,130465,130465,145610,145610,130465,130465,170749,170749,175536,175536,130465,130465,166686,166686,130465,154432, , 
GAYATHRI VIDYA PARISHAD COLL. OF ENGINEERING,CHE,VSP,VISAKHAPATNAM,COED,43148,43148,131432,155891,145477,145477,47011,53546,81142,81142,43148,43148,71063,81788,117319,117319,53842,74283
GAYATHRI VIDYA PARISHAD COLL. OF ENGINEERING,CIV,VSP,VISAKHAPATNAM,COED,44897,46545,158803,158803,176123,176123,74356,125077,159760,159760,126739,126739,69789,69789,171915,171915,82228,80631
GAYATHRI VIDYA PARISHAD COLL. OF ENGINEERING,CSD,VSP,VISAKHAPATNAM,COED,4230,4662,31810,31810,55359,55359,8518,8518,7469,8926,4230,4662,5560,6587,8655,10101,4936,5103
GAYATHRI VIDYA PARISHAD COLL. OF ENGINEERING,CSE,VSP,VISAKHAPATNAM,COED,3838,4582,23703,24512,40092,40092,4601,4907,4143,4582,14935,14935,3838,4582,7580,7869,4693,3388
GAYATHRI VIDYA PARISHAD COLL. OF ENGINEERING,CSM,VSP,VISAKHAPATNAM,COED,4079,4079,25727,25727,49958,49958,4561,4561,5733,6261,4079,4079,4625,4625,7159,7159,4698,3574
GAYATHRI VIDYA PARISHAD COLL. OF ENGINEERING,ECE,VSP,VISAKHAPATNAM,COED,6787,7185,38015,63357,66815,66815,10076,10076,8712,13417,17284,17284,8398,8924,25539,42746,11835,20871
GAYATHRI VIDYA PARISHAD COLL. OF ENGINEERING,EEE,VSP,VISAKHAPATNAM,COED,23074,23074,120142,141064,53522,150617,33320,71424,38320,56046,23074,31613,24089,26169,94134,94134,52891,26179
GAYATHRI VIDYA PARISHAD COLL. OF ENGINEERING,INF,VSP,VISAKHAPATNAM,COED,6422,7250,48940,49921,140983,140983,9909,10136,10638,10638,6422,7250,12825,14097,24434,24434,9494,14632
GAYATHRI VIDYA PARISHAD COLL. OF ENGINEERING,MEC,VSP,VISAKHAPATNAM,COED,27664,40326,171510,171510,117563,177661,40032,74314,91053,133090,27664,40326,38560,83151,87358,87358,56759,78796
GAYATHRI VIDYA PARISHAD COLL. OF ENGINEERING,MRB,VSP,VISAKHAPATNAM,COED,38691,38691,151233,151233,174724,174724,63404,94116,74733,116119,59742,59742,69458,105334,75203,112273,80886,118152
G V P COLLEGE FOR DEGREE AND PG COURSES,CIV,VSP,VISAKHAPATNAM,COED,39321,39321,177835,177835,145779,145779,138540,138540,163161,163418,39321,39321,132303,150291,156949,156949,166628,155098
G V P COLLEGE FOR DEGREE AND PG COURSES,CSE,VSP,VISAKHAPATNAM,COED,42218,42218,161986,163855,166322,166322,49401,78848,73457,77403,87629,87629,54918,54918,114923,133042,63466,65271
G V P COLLEGE FOR DEGREE AND PG COURSES,CSM,VSP,VISAKHAPATNAM,COED,23508,23508,168016,168016,112636,120295,80069,80069,81410,81410,23508,23508,50787,50787,74763,144275,44422,33533
G V P COLLEGE FOR DEGREE AND PG COURSES,ECE,VSP,VISAKHAPATNAM,COED,23711,26618,177390,177390,162877,162877,83866,86259,97501,106441,88095,88095,62972,62972,85279,99560,68073,56111
G V P COLLEGE FOR DEGREE AND PG COURSES,MEC,VSP,VISAKHAPATNAM,COED,81890,89661,175323,175323,81890,94780,140768,168130,118676,141059,81890,96877,92482,148236,132843,132843,120294,131241
GAYATHRI VIDYA PARISHAD COLL OF ENGG FOR WOMEN,CSE,VSP,VISAKHAPATNAM,GIRLS, ,25199, ,94558, ,119749, ,40469, ,39921, ,67319, ,26506, ,58215, ,34954
GAYATHRI VIDYA PARISHAD COLL OF ENGG FOR WOMEN,CSM,VSP,VISAKHAPATNAM,GIRLS, ,26519, ,114279, ,111086, ,51556, ,43587, ,43080, ,31970, ,159928, ,35793
GAYATHRI VIDYA PARISHAD COLL OF ENGG FOR WOMEN,ECE,VSP,VISAKHAPATNAM,GIRLS, ,35367, ,137513, ,144035, ,65511, ,60239, ,35367, ,44319, ,145579, ,53032
GAYATHRI VIDYA PARISHAD COLL OF ENGG FOR WOMEN,EEE,VSP,VISAKHAPATNAM,GIRLS, ,59894, ,163321, ,88615, ,126692, ,91296, , , ,76729, ,83720, ,86494
GAYATHRI VIDYA PARISHAD COLL OF ENGG FOR WOMEN,INF,VSP,VISAKHAPATNAM,GIRLS, ,37675, ,118708, ,122760, ,57004, ,94050, ,46783, ,46179, ,132843, ,43436
N S RAJU INSTITUTE OF ENGG AND TECHNOLOGY,CSE,VSP,DAKAMARRI VILLAGE,COED,61538,73111,118694,126681,123385,133445,148434,170098,167096,167096,61538,73111,107782,123264,159076,159076,107317,82955
N S RAJU INSTITUTE OF ENGG AND TECHNOLOGY,CSM,VSP,DAKAMARRI VILLAGE,COED,70036,70036,144455,144455,134232,134232,176284,176284,128510,133288,87176,89601,123978,153190,139243,143449,119098,125171
N S RAJU INSTITUTE OF ENGG AND TECHNOLOGY,ECE,VSP,DAKAMARRI VILLAGE,COED,88251,88251,150178,169449,116744,169731,136073,175911,166653,170978,88251,172880,146218,174797,154478,154478,167155,98055
N S RAJU INSTITUTE OF ENGG AND TECHNOLOGY,EEE,VSP,DAKAMARRI VILLAGE,COED, , ,59523,121958, , , ,172929, , ,121660,121660, ,111685, , , , 
N S RAJU INSTITUTE OF ENGG AND TECHNOLOGY,MEC,VSP,DAKAMARRI VILLAGE,COED,90748,90748,90748,90748,90748,90748,157969,157969,90748,90748,90748,90748,162466,162466,140659,140659, , 
NADIMPALLI SATYANARAYANA RAJU INSTITUTE OF TECHNOLOGY,CIV,VSP,VISAKHAPATNAM,COED, ,97168,110302,146360,158605,158605,171518,171518,135139,135139, ,97168,106238,146174, ,141422,173789, 
NADIMPALLI SATYANARAYANA RAJU INSTITUTE OF TECHNOLOGY,CSD,VSP,VISAKHAPATNAM,COED,48312,48312,176659,176659,52249,67925,87221,87221,92358,98999,48312,48312,53750,53750,93398,93398,69970,56197
NADIMPALLI SATYANARAYANA RAJU INSTITUTE OF TECHNOLOGY,CSE,VSP,VISAKHAPATNAM,COED,47826,47826,170891,177486,165491,176903,75655,95093,111748,111748,125843,125843,54767,59380,154261,154261,67054,69704
NADIMPALLI SATYANARAYANA RAJU INSTITUTE OF TECHNOLOGY,CSM,VSP,VISAKHAPATNAM,COED,49785,49785,177528,177528,60864,60864,100138,101471,115321,115321,56605,56605,61253,63247,94568,162955,77148,73025
NADIMPALLI SATYANARAYANA RAJU INSTITUTE OF TECHNOLOGY,ECE,VSP,VISAKHAPATNAM,COED,52281,59993,172743,172743,69602,69602,108484,108484,118983,118983,52281,59993,68279,74945,93861,94307,88078,99661
NADIMPALLI SATYANARAYANA RAJU INSTITUTE OF TECHNOLOGY,EEE,VSP,VISAKHAPATNAM,COED,73702,73702,125217,175895,84701,168051,121485,134595,119921,119921,73702,73702,82867,90770,126918,126918,130980,140104
NADIMPALLI SATYANARAYANA RAJU INSTITUTE OF TECHNOLOGY,MEC,VSP,VISAKHAPATNAM,COED,75517,75517,90333,158573,98826,99747,131522,131522,156879,156879,90760,90760,98788,148220,132519,132519,152911,134706
RAGHU ENGINEERING COLLEGE,CIV,VSP,BHEEMUNIPATNAM,COED,71355,71355,163316,176359,163835,165873,114842,133907,166110,166110,71355,71355,106142,111345,114549,124126,121214,90713
RAGHU ENGINEERING COLLEGE,CSC,VSP,BHEEMUNIPATNAM,COED,31239,31239,137291,168050,107600,132973,69360,69360,88260,88260,31239,31239,50269,51370,75346,150757,58945,64901
RAGHU ENGINEERING COLLEGE,CSD,VSP,BHEEMUNIPATNAM,COED,37009,37009,168677,177622,163048,172272,65345,87885,85897,112078,37009,49928,49091,50221,172581,172581,58242,41334
RAGHU ENGINEERING COLLEGE,CSE,VSP,BHEEMUNIPATNAM,COED,32276,34835,153668,162213,172535,175551,57772,65010,69980,106208,171058,171058,38400,43190,172634,172634,48559,59548
RAGHU ENGINEERING COLLEGE,CSM,VSP,BHEEMUNIPATNAM,COED,36117,42691,157554,176146,163372,174239,55376,87584,71670,71670,36117,149787,40976,45986,173924,173924,47517,63309
RAGHU ENGINEERING COLLEGE,CSO,VSP,BHEEMUNIPATNAM,COED, , ,163481,163481,55163,163184,90494,90494,107349,107349,54656,54656,54522,60783,91018,91018,60164,45769
RAGHU ENGINEERING COLLEGE,ECE,VSP,BHEEMUNIPATNAM,COED,31030,31030,165395,165395,177709,177709,62518,99058,77319,77319,139463,139463,43921,50897,154915,158488,63961,65945
RAGHU ENGINEERING COLLEGE,EEE,VSP,BHEEMUNIPATNAM,COED, , ,171196,171196,73557,73557,92604,92604,126881,173535,62027,62027,67365,78814, ,157480,81837,66937
RAGHU ENGINEERING COLLEGE,MEC,VSP,BHEEMUNIPATNAM,COED,61674,101310,177135,177135,176717,176717,119693,159263,173226,173226,74059,101310,101924,146904,119139,119139,170149,157626
SANKETHIKA VIDYA PARISHAD ENGINEERING COLLEGE,AID,VSP,VISAKHAPATNAM,COED,134092,134092,171322,176162,141481,141481,173609,173609,161635,161635,134092,134092,153050,153050,146966,153770,149554,129473
SANKETHIKA VIDYA PARISHAD ENGINEERING COLLEGE,AIM,VSP,VISAKHAPATNAM,COED,94057,95938,170093,170093,94057,140013,159283,159283,167803,167803,122220,122220,148640,173448,162036,162036,158878, 
SANKETHIKA VIDYA PARISHAD ENGINEERING COLLEGE,CIV,VSP,VISAKHAPATNAM,COED,144231,144231,147097,147097,144231,144231,144231,144231,169462,170192,144231,144231,176805,176805,144231,160824, , 
SANKETHIKA VIDYA PARISHAD ENGINEERING COLLEGE,CSE,VSP,VISAKHAPATNAM,COED,77850,77850,176531,176531,93256,130099,172436,172436,170483,170483,77850,87564,123534,123669,131082,131082,145097,169450
SANKETHIKA VIDYA PARISHAD ENGINEERING COLLEGE,ECE,VSP,VISAKHAPATNAM,COED,85134,85134,173250,173280,175377,175377,148810,164439,146742,149899,112780,112780,163017,171713,145955,150508,167672,169991
SANKETHIKA VIDYA PARISHAD ENGINEERING COLLEGE,EEE,VSP,VISAKHAPATNAM,COED,116186,116186,177163,177163,160916,160916,152964,166676,163632,163632,116186,116186,173511,173511,160233,174418, , 
SANKETHIKA VIDYA PARISHAD ENGINEERING COLLEGE,MEC,VSP,VISAKHAPATNAM,COED,82853,162134,160408,162134,82853,162134,173630,173630,151480,166579,82853,162134,146328,172663,174915,174915, , 
SANKETHIKA VIDYA PARISHAD ENGINEERING COLLEGE-OFF CAMPUS,AI,VSP,VISAKHAPATNAM,COED,138959,138959,175445,176513,173316,173316,147060,166617,177109,177109,138959,138959,138959,169207,138959,138959, , 
SANKETHIKA VIDYA PARISHAD ENGINEERING COLLEGE-OFF CAMPUS,CSE,VSP,VISAKHAPATNAM,COED,99394,99394,164515,164515,148358,160260,169394,173870,154745,174226,99394,119780,172899,175735,166603,172759, ,111910
SANKETHIKA VIDYA PARISHAD ENGINEERING COLLEGE-OFF CAMPUS,ECE,VSP,VISAKHAPATNAM,COED,98966,126810,98966,126810,168743,170810,174018,174018,174102,174102,98966,126810,153336,166883,98966,126810, , 
SIMHADRI EDNL SOC GRP OF INSTNS,CSE,VSP,SABBAVARAM,COED, , ,134573,159497, , , ,168156, , , , ,119080,161621, , , , 
SIMHADRI EDNL SOC GRP OF INSTNS,ECE,VSP,SABBAVARAM,COED, , , , , , ,147256,147256, , , , ,161328,161328, , , , 
SIMHADRI EDNL SOC GRP OF INSTNS,EEE,VSP,SABBAVARAM,COED,146242,146242,146242,146242,146242,146242,146242,146242,146242,146242,146242,146242,146242,146242,146242,146242, , 
VIGNANS INSTT OF ENGINEERING FOR WOMEN,CAI,VSP,VISAKHAPATNAM,GIRLS, ,44867, ,164781, ,51420, ,64992, ,115480, ,44867, ,50995, ,106644, ,50064
VIGNANS INSTT OF ENGINEERING FOR WOMEN,CSC,VSP,VISAKHAPATNAM,GIRLS, ,32635, ,44267, ,84254, ,74588, ,116052, ,51886, ,48287, ,39435, ,48032
VIGNANS INSTT OF ENGINEERING FOR WOMEN,CSD,VSP,VISAKHAPATNAM,GIRLS, ,31612, ,153674, ,144036, ,83224, ,157051, , , ,38744, ,123557, ,53070
VIGNANS INSTT OF ENGINEERING FOR WOMEN,CSE,VSP,VISAKHAPATNAM,GIRLS, ,32533, ,141893, ,161378, ,68619, ,88578, ,86281, ,42712, ,88279, ,47800
VIGNANS INSTT OF ENGINEERING FOR WOMEN,CSM,VSP,VISAKHAPATNAM,GIRLS, ,35810, ,163353, ,150850, ,64705, ,114647, ,35810, ,46800, ,173925, ,64285
VIGNANS INSTT OF ENGINEERING FOR WOMEN,ECE,VSP,VISAKHAPATNAM,GIRLS, ,47616, ,164632, ,59703, ,101411, ,105096, ,89541, ,58732, ,78242, ,86177
VIGNANS INSTT OF ENGINEERING FOR WOMEN,EEE,VSP,VISAKHAPATNAM,GIRLS, ,67204, ,116685, ,74959, ,128157, ,129186, ,76819, ,110883, ,101466, ,126713
VIGNANS INSTT OF ENGINEERING FOR WOMEN,INF,VSP,VISAKHAPATNAM,GIRLS, ,31397, ,149832, ,175761, ,100742, ,141859, , , ,53968, ,64562, ,68866
VIGNANS INSTT OF ENGINEERING FOR WOMEN,MEC,VSP,VISAKHAPATNAM,GIRLS, ,67082, ,168120, ,174953, ,122342, ,156548, , , ,136858, ,67082, ,120092
VIGNANS INSTITUTE OF INFORMATION TECHNOLOGY,AID,VSP,VISAKHAPATNAM,COED,21250,21250,91592,127823,128845,132448,47337,47337,58225,58225,157192,157192,25420,26034,130344,130344,33761,27973
VIGNANS INSTITUTE OF INFORMATION TECHNOLOGY,CAI,VSP,VISAKHAPATNAM,COED,18512,21053,129685,129685,158310,158310,31214,41629,48154,48154,68822,68822,23085,23085,142777,142777,35430,23480
VIGNANS INSTITUTE OF INFORMATION TECHNOLOGY,CIV,VSP,VISAKHAPATNAM,COED,73651,73651,165819,169614,153605,153605,121961,121961,162840,175856,135219,135219,97069,143084,148629,148629,150033,140795
VIGNANS INSTITUTE OF INFORMATION TECHNOLOGY,CSC,VSP,VISAKHAPATNAM,COED,17294,17294,85438,115637,126137,175516,33349,36464,42187,42187,17294,17294,27897,27897,121291,121291,30657,26188
VIGNANS INSTITUTE OF INFORMATION TECHNOLOGY,CSD,VSP,VISAKHAPATNAM,COED,19134,19134,84687,86971,153926,167900,39938,39938,39003,39003,19134,46615,24320,25405,98315,98315,32850,20936
VIGNANS INSTITUTE OF INFORMATION TECHNOLOGY,CSE,VSP,VISAKHAPATNAM,COED,15152,15152,51726,87060,115599,117889,22531,22531,29577,29956,15152,15152,17606,17606,52983,57037,25234,25518
VIGNANS INSTITUTE OF INFORMATION TECHNOLOGY,ECE,VSP,VISAKHAPATNAM,COED,22929,23088,121200,121240,176438,177852,35903,35903,39870,39870,58289,58289,28931,28931,79581,79581,46257,40060
VIGNANS INSTITUTE OF INFORMATION TECHNOLOGY,ECM,VSP,VISAKHAPATNAM,COED,30190,30190,152238,152238,164475,164475,52930,52930,59644,133684,30190,30190,33239,33239,131737,131737,50379,56758
VIGNANS INSTITUTE OF INFORMATION TECHNOLOGY,EEE,VSP,VISAKHAPATNAM,COED,38757,38757,170302,173276,158028,158028,75432,97718,93003,93003,55914,55914,58480,58480,147757,147757,77155,76298
VIGNANS INSTITUTE OF INFORMATION TECHNOLOGY,INF,VSP,VISAKHAPATNAM,COED,19149,19149,149934,149934,141689,141689,37447,47979,58485,58485,25874,25874,33902,33902,157459,157459,48461,28531
VIGNANS INSTITUTE OF INFORMATION TECHNOLOGY,MEC,VSP,VISAKHAPATNAM,COED,52795,79761,174593,174593,177573,177573,112417,170354,133363,133363,175032,175032,75848,150668,160470,160470,129810,120931
VISWANATHA INST OF PHARM SCI,PHD,VSP,VISAKHAPATNAM,COED,123080,123080,123080,123080,123080,123080,123080,123080,123080,123080,123080,123080,123080,123080,123080,123080, , 
VISAKHA INST OF ENGG AND TECHNOLOGY,CIV,VSP,VISAKHAPATNAM,COED,86783,86783,86783,86783,157881,157881,151473,171695,158473,158473,86783,86783,155655,160377,86783,86783, , 
VISAKHA INST OF ENGG AND TECHNOLOGY,CSC,VSP,VISAKHAPATNAM,COED,75133,155546,124382,155546,85155,155546,141602,161911,159670,159670,75133,155546,124222,155546,75133,172672,122197,131065
VISAKHA INST OF ENGG AND TECHNOLOGY,CSD,VSP,VISAKHAPATNAM,COED,99288,99288,167508,167773,133201,167905,156119,171111,140444,140444,99288,99288,142964,175918,150296,150296,170933, 
VISAKHA INST OF ENGG AND TECHNOLOGY,CSE,VSP,VISAKHAPATNAM,COED,84898,84898,177451,177451,174633,174633,174752,174752,174851,174851,84898,92630,126284,150570,135775,151676,149755,148385
VISAKHA INST OF ENGG AND TECHNOLOGY,CSM,VSP,VISAKHAPATNAM,COED, ,67626,158148,158148,148521,148521,139750,155693,171090,171090, ,115872,150165,159104, ,121158, ,143437
VISAKHA INST OF ENGG AND TECHNOLOGY,ECE,VSP,VISAKHAPATNAM,COED,82237,82237,140336,140336,175019,175019,175921,175921,171052,174429,169797,169797,153071,170127,171333,171333, , 
VISAKHA INST OF ENGG AND TECHNOLOGY,EEE,VSP,VISAKHAPATNAM,COED, , ,159356,159356,162454,162454,149389,166482,176357,176357, , ,175963,175963, ,162208, , 
VISAKHA INST OF ENGG AND TECHNOLOGY,MEC,VSP,VISAKHAPATNAM,COED,143949,170840,143949,170840,165473,170840,171886,171886,174506,174506,143949,170840,156485,170840,143949,170840, , 
WELLFARE INST OF SCIENCE TECH AND MGMT,CIV,VSP,PINAGADI,COED,141683,151689,141683,165852,141683,151689,141683,151689,141683,151689,141683,151689,157549,157549,141683,151689, , 
WELLFARE INST OF SCIENCE TECH AND MGMT,CSE,VSP,PINAGADI,COED,103756,103756,159553,177139,108271,147190,103756,103756,130092,173339,103756,103756,126531,126531,159027,159027,153312,152130
WELLFARE INST OF SCIENCE TECH AND MGMT,ECE,VSP,PINAGADI,COED,125521,125521,163640,163640,145487,172736,169914,169914,145539,145539,125521,125521,148736,161355,148400,148400,145010,94910
WELLFARE INST OF SCIENCE TECH AND MGMT,EEE,VSP,PINAGADI,COED,130355,130355,177401,177401,177617,177617,173953,173953,175845,175845,130355,130355,174099,174145,148973,148973, , 
WELLFARE INST OF SCIENCE TECH AND MGMT,MEC,VSP,PINAGADI,COED,140661,155514,156054,161182,171664,171664,175605,175605,140661,155514,140661,155514,175142,175142,140661,155514, , 
AVANTHIS RESEARCH AND TECHNOLOGICAL ACADEMY,CSC,VZM,BHOGAPURAM,COED, ,81301,152540,152540,133562,146029,174306,174306,126760,137540,130421,130421,134099,134099,150951,153085,140053,171257
AVANTHIS RESEARCH AND TECHNOLOGICAL ACADEMY,CSE,VZM,BHOGAPURAM,COED,60371,60371,165141,165141,176927,176927,127567,143932,133542,146803,60371,60371,117606,117606,147931,147931,130502,106563
AVANTHIS RESEARCH AND TECHNOLOGICAL ACADEMY,CSM,VZM,BHOGAPURAM,COED,121284,121284,137873,149456,175930,177552,149768,149768,161854,173943,121284,121284,135728,135728,160499,160499,170866,173551
AVANTHIS RESEARCH AND TECHNOLOGICAL ACADEMY,ECE,VZM,BHOGAPURAM,COED,78671,89305,176701,176701,115105,121725,151139,166685,170445,172146,78671,89305,169485,171606,174610,175606,136176,141927
AVANTHIS RESEARCH AND TECHNOLOGICAL ACADEMY,EEE,VZM,BHOGAPURAM,COED, ,156314,170069,170069, ,156314,171909,171909, ,156314, ,156314,157082,157082, ,156314, , 
AVANTHIS RESEARCH AND TECHNOLOGICAL ACADEMY,MEC,VZM,BHOGAPURAM,COED,128274,128274,153325,153325,167862,167862,166169,166169,140219,169337,128274,128274,174600,174935,145435,145435, , 
AVANTHIS ST THERESSA INSTITUTE OF ENGG AND TECHNOLOGY,CSE,VZM,CHEEPURUPALLI,COED,95430,100429,164750,165758,134648,163666,175573,175573,174252,174252,95430,125976,160862,161296,173161,173161,145660,128316
AVANTHIS ST THERESSA INSTITUTE OF ENGG AND TECHNOLOGY,CSM,VZM,CHEEPURUPALLI,COED,112031,112031,129991,172387,176272,176272,133862,133862,156772,156772,112031,112031,162168,162168,112031,159745,167250, 
AVANTHIS ST THERESSA INSTITUTE OF ENGG AND TECHNOLOGY,ECE,VZM,CHEEPURUPALLI,COED,112179,123612,162123,174082,129421,174172,150148,175923,168784,170499,142236,142236,174989,174989,163874,163874, ,137714
AVANTHIS ST THERESSA INSTITUTE OF ENGG AND TECHNOLOGY,EEE,VZM,CHEEPURUPALLI,COED,98201,98201,131822,131822,98201,98201,153003,172775,98201,173050,98201,98201,123792,123792,98201,98201, , 
AVANTHIS ST THERESSA INSTITUTE OF ENGG AND TECHNOLOGY,MEC,VZM,CHEEPURUPALLI,COED,117763,117763,158693,158693,121727,175938,173666,173666,176156,176156,117763,117763,163674,163674,117763,117763, , 
AVANTHI INST. OF ENGINEERING AND TECHNOLOGY,CSD,VZM,BHOGAPURAM,COED, ,64605,99183,99183,99409,101623,81719,122012,141282,141282, ,64605,95308,95308, ,132780,137064,169130
AVANTHI INST. OF ENGINEERING AND TECHNOLOGY,CSE,VZM,BHOGAPURAM,COED,63362,63362,176795,176795,165512,165512,103755,103755,122341,130394,63362,63362,79047,82216,111420,111420,127188,149975
AVANTHI INST. OF ENGINEERING AND TECHNOLOGY,CSM,VZM,BHOGAPURAM,COED,76016,76016,176650,176650,122549,122549,127521,127521,162901,173547,76016,88443,95235,95235,134434,135248,168850,160604
AVANTHI INST. OF ENGINEERING AND TECHNOLOGY,ECE,VZM,BHOGAPURAM,COED,82894,82894,107771,107771,98557,107142,145898,145898,169790,169790,82894,82894,108205,108205,145445,147811,146451,156765
AVANTHI INST. OF ENGINEERING AND TECHNOLOGY,EEE,VZM,BHOGAPURAM,COED,99356,99356,127791,137413,127911,138425,155699,172684,128440,149695,99356,99356,122822,145230,169886,169886,173919, 
AVANTHI INST. OF ENGINEERING AND TECHNOLOGY,MEC,VZM,BHOGAPURAM,COED,116327,141230,120879,143423,133389,141230,171146,171146,159660,159660,116327,141230,145764,145764,116327,174711,124302, 
GOKUL GROUP OF INSTITUTIONS,CAI,VZM,BOBBILI,COED,145536,145536,145536,145536,145536,145536,145536,145536,145536,145536,145536,145536,145536,145536,145536,145536, , 
GOKUL GROUP OF INSTITUTIONS,CSD,VZM,BOBBILI,COED,97202,97202,140490,140490,97202,97202,97202,97202,97202,97202,97202,97202,97202,97202,97202,97202, , 
GOKUL GROUP OF INSTITUTIONS,CSE,VZM,BOBBILI,COED, , ,117870,117870, , ,171934,171934,169559,169559, , ,139996,139996, , , , 
GOKUL GROUP OF INSTITUTIONS,MEC,VZM,BOBBILI,COED,160465,160465,160465,160465,160465,160465,160465,160465,160465,160465,160465,160465,160465,160465,160465,160465, , 
JNTUK COLLEGE OF ENGINEERING VIZIANAGARAM,CIV,VZM,VIZIANAGARAM,COED,21917,21917,50306,50520,72762,72762,37078,46048,32595,58982,21917,21917,31439,77544,21917,21917,62292,62135
JNTUK COLLEGE OF ENGINEERING VIZIANAGARAM,CSE,VZM,VIZIANAGARAM,COED,7800,7800,25049,25049,21153,28542,9409,9409,7800,7800,29466,29466,7861,7861,14128,14128,14029,23851
JNTUK COLLEGE OF ENGINEERING VIZIANAGARAM,ECE,VZM,VIZIANAGARAM,COED,8474,8474,35182,35182,36811,48399,18233,18233,11822,18794,8474,8474,13673,13673,39363,39363,14981,12498
JNTUK COLLEGE OF ENGINEERING VIZIANAGARAM,EEE,VZM,VIZIANAGARAM,COED,15663,15663,55620,106149,79364,79364,56701,56701,61193,77909,59768,59768,51342,51342,44086,44086,51510,40366
JNTUK COLLEGE OF ENGINEERING VIZIANAGARAM,INF,VZM,VIZIANAGARAM,COED,17948,17948,61600,61600,49780,49780,23554,37303,22336,54442,17948,34468,17948,17948,43116,43116,35361,44792
JNTUK COLLEGE OF ENGINEERING VIZIANAGARAM,MEC,VZM,VIZIANAGARAM,COED,34867,34867,61919,141377,112993,137616,58504,81990,59137,71701,34867,135980,49644,54476,144996,144996,59135,115544
JNTUK COLLEGE OF ENGINEERING VIZIANAGARAM,MET,VZM,VIZIANAGARAM,COED, , ,154608,154608,42713,165041,119219,119219,117534,117534, , ,62582,72034,107190,107190,100682,84356
LENDI INST OF ENGG AND TECHNOLOGY,CIT,VZM,VIZIANAGARAM,COED,34051,34051,163798,176649,171913,171913,65122,65122,75416,75416,34051,34051,43916,47792,34051,66883,44118,53075
LENDI INST OF ENGG AND TECHNOLOGY,CSE,VZM,VIZIANAGARAM,COED,27370,27370,154549,154549,154652,169353,55261,55261,71301,112568,29328,30636,36238,36238,169579,169579,42985,46726
LENDI INST OF ENGG AND TECHNOLOGY,CSM,VZM,VIZIANAGARAM,COED,24597,24597,160346,176703,160883,176416,51226,62238,49077,65398,24597,24597,33196,33196,53082,53082,47053,39960
LENDI INST OF ENGG AND TECHNOLOGY,CSS,VZM,VIZIANAGARAM,COED,35208,35208,163373,163373,44582,44824,77524,104466,74309,74309,35208,35208,43393,45175,35208,82681,53530,66980
LENDI INST OF ENGG AND TECHNOLOGY,ECE,VZM,VIZIANAGARAM,COED,33753,33753,166305,176612,169477,173333,76354,80713,84950,84950,36702,36702,46849,48588,161253,161253,55929,50068
LENDI INST OF ENGG AND TECHNOLOGY,EEE,VZM,VIZIANAGARAM,COED,53204,53204,150795,165104,67251,67251,96160,96160,113413,113413,53204,63890,67391,67727,102554,102554,113323,104510
LENDI INST OF ENGG AND TECHNOLOGY,MEC,VZM,VIZIANAGARAM,COED,73520,73520,87316,89861,87398,121644,129140,137901,166977,166977,87593,87593,82857,109228,96568,131965,172695,149980
MAHARAJAHS COLLEGE PHARMACY,PHM,VZM,VIZIANAGARAM,COED,147944,172679,147944,172679,147944,172679,147944,172679,147944,172679,147944,172679,147944,172679,147944,172679, , 
MIRACLE EDNL SOC GROUP OF INSTNS,AID,VZM,BHOGAPURAM,COED,83647,83647,95978,113565,106797,106797,126076,126076,169239,169239,83647,83647,110226,110226,107359,134788,137124,106821
MIRACLE EDNL SOC GROUP OF INSTNS,CIV,VZM,BHOGAPURAM,COED,111526,111526,151607,151607,134835,134835,159895,172853,111526,148859,111526,111526,136826,144498,155832,155832, , 
MIRACLE EDNL SOC GROUP OF INSTNS,CSE,VZM,BHOGAPURAM,COED,65534,65534,177668,177668,85815,85815,96226,96226,163588,163588,73272,73272,87606,90259,97195,97195,125051,156469
MIRACLE EDNL SOC GROUP OF INSTNS,ECE,VZM,BHOGAPURAM,COED,70706,70706,159594,159594,93173,93173,130042,155595,167106,167106,83324,83324,90375,93162,130792,159054,174777,154438
MIRACLE EDNL SOC GROUP OF INSTNS,EEE,VZM,BHOGAPURAM,COED, , ,124217,130741,130802,130802,127436,127436,131735,131735, , ,114690,114690,114858,114858,168645,168558
MIRACLE EDNL SOC GROUP OF INSTNS,MEC,VZM,BHOGAPURAM,COED,122488,134001,140668,140668,128756,134001,147062,162468,130543,134001,122488,134001,132296,166619,122488,149588, , 
M V G R COLLEGE OF ENGINEERNG,CHE,VZM,VIZIANAGARAM,COED,50950,50950,176626,176626,62603,165505,91302,151492,129778,129778,50950,50950,64980,64980,92955,128897,104287,143295
M V G R COLLEGE OF ENGINEERNG,CIC,VZM,VIZIANAGARAM,COED,19744,19744,141236,141236,146279,146279,72309,72309,48816,82673,100195,100195,29014,29014,19744,111636,28679,38095
M V G R COLLEGE OF ENGINEERNG,CIT,VZM,VIZIANAGARAM,COED,22686,24644,130526,156394,158691,166027,51432,51432,36491,56231,147149,147149,29846,37734,122690,122690,33943,37521
M V G R COLLEGE OF ENGINEERNG,CIV,VZM,VIZIANAGARAM,COED,47505,50971,160737,162976,94037,94037,97702,132809,111635,117346,47505,50971,63995,76563,91556,91556,124735,76832
M V G R COLLEGE OF ENGINEERNG,CSD,VZM,VIZIANAGARAM,COED,11273,18769,75938,79324,94288,103053,35977,39533,26930,30123,11273,18769,21522,22461,90743,90743,18550,31087
M V G R COLLEGE OF ENGINEERNG,CSE,VZM,VIZIANAGARAM,COED,10134,10392,57767,57888,111711,111711,25727,25727,28362,28362,85375,85375,12651,14282,61453,61453,16478,17735
M V G R COLLEGE OF ENGINEERNG,CSM,VZM,VIZIANAGARAM,COED,10453,10453,85881,105533,150304,150304,28141,33621,26448,26448,10453,10453,17269,18301,54206,121696,17847,18310
M V G R COLLEGE OF ENGINEERNG,ECE,VZM,VIZIANAGARAM,COED,19208,19208,87414,105404,120786,143851,34717,34717,32586,37289,19208,114513,21445,21445,96811,96811,26561,25744
M V G R COLLEGE OF ENGINEERNG,EEE,VZM,VIZIANAGARAM,COED,32842,32842,106705,164207,155591,169428,65014,70480,89618,89618,33956,33956,44782,52317,74170,74170,94027,87254
M V G R COLLEGE OF ENGINEERNG,INF,VZM,VIZIANAGARAM,COED,20015,20015,120947,125386,152537,152537,49544,49544,52679,52679,20015,20434,24508,26207,119705,127803,34739,28535
M V G R COLLEGE OF ENGINEERNG,MEC,VZM,VIZIANAGARAM,COED,45213,62120,154559,166004,163386,163386,78229,169872,107934,137906,45213,62120,76740,80308,105902,105902,96743,142686
SATYA INST OF TECHNOLOGY AND MGMT,AID,VZM,VIZIANAGARAM,COED,98174,98174,175913,175913,138492,138492,143114,170498,128227,128227,120560,120560,129884,138841,98174,98174,168969,166283
SATYA INST OF TECHNOLOGY AND MGMT,CIV,VZM,VIZIANAGARAM,COED,135322,135322,173917,173917,175917,175917,135322,153393,143796,143796,135322,135322,173710,174537,135322,135322, , 
SATYA INST OF TECHNOLOGY AND MGMT,CSE,VZM,VIZIANAGARAM,COED,62457,64109,176887,176887,122726,122726,141398,141398,174526,174526,69401,69401,116207,121821,144402,168247,159212,149450
SATYA INST OF TECHNOLOGY AND MGMT,ECE,VZM,VIZIANAGARAM,COED, , ,85652,127724,121554,121554,119668,134556,133151,175162, , ,129923,129923, ,149020,158879,169697
SATYA INST OF TECHNOLOGY AND MGMT,EEE,VZM,VIZIANAGARAM,COED,100978,100978,166539,168109,140929,148536,144655,158041,138224,163312,100978,109408,167286,167286,155557,155557, , 
SATYA INST OF TECHNOLOGY AND MGMT,MEC,VZM,VIZIANAGARAM,COED,117674,117674,169551,169551,159482,159482,173452,173452,141088,158797,117674,117674,173399,173399,164559,164559, , 
BHIMAVARAM INST. OF ENGG. AND TECHNOLOGY,CSE,WG,BHIMAVARAM,COED,125128,156214,172797,172797,177742,177742,169347,175942,160274,160274,176414,176414,163108,163108,161760,161760,171104,175728
BHIMAVARAM INST. OF ENGG. AND TECHNOLOGY,CSM,WG,BHIMAVARAM,COED,4652,137955,175104,175104,131892,139782,175055,175055,166711,166711,154437,154437,140580,140580,4652,141976,143213,141109
BHIMAVARAM INST. OF ENGG. AND TECHNOLOGY,ECE,WG,BHIMAVARAM,COED,134705,134705,157153,157153,134705,134705,134705,134705,175690,175690,134705,134705,159621,159621,134705,134705,156924,157597
SIR C R R COLLEGE OF ENGINEERING,CAD,WG,ELURU,COED,52574,52574,163561,164116,153068,168000,140723,140723,87524,87524,52574,52574,72047,76947,106419,106419,60598,59082
SIR C R R COLLEGE OF ENGINEERING,CIV,WG,ELURU,COED,97285,120910,159329,163580,163997,163997,97285,120910,173970,173970,97285,153705,159852,159852,170266,170266,171529,145586
SIR C R R COLLEGE OF ENGINEERING,CSC,WG,ELURU,COED,48642,50130,147276,161577,159818,159818,167865,167865,90350,109012,48642,50130,85629,85629,108554,108554,80714,59431
SIR C R R COLLEGE OF ENGINEERING,CSE,WG,ELURU,COED,36420,36420,132401,132401,142597,142597,89943,109762,89595,89595,133694,133694,70455,70455,111959,111959,59202,47718
SIR C R R COLLEGE OF ENGINEERING,CSM,WG,ELURU,COED,43753,43753,137746,137746,140757,155191,59924,61381,49868,83449,79786,79786,79083,79083,103218,103218,48637,83042
SIR C R R COLLEGE OF ENGINEERING,ECE,WG,ELURU,COED,48079,48310,163715,163715,146098,172915,174305,174305,120264,120264,48079,155063,84029,84029,175797,175797,69113,69000
SIR C R R COLLEGE OF ENGINEERING,EEE,WG,ELURU,COED,91681,91681,175501,175501,167258,167258,174675,174675,158652,158652,91681,91681,152426,153317,157694,157694,122196,133858
SIR C R R COLLEGE OF ENGINEERING,INF,WG,ELURU,COED,60633,60633,167540,169912,165164,165417,121405,121405,116985,116985,174935,174935,86880,94335,120653,131480,79780,67486
SIR C R R COLLEGE OF ENGINEERING,MEC,WG,ELURU,COED,95046,95046,175615,176422,168544,168544,150709,150709,151152,159143,95046,95046,166226,166226,95046,153099,140876,145686
SIR C.R.REDDY COLLEGE OF PHARMACY,PHD,WG,ELURU,COED,133889,133889,133889,133889,133889,133889,133889,133889,133889,133889,133889,133889,133889,133889,133889,133889, , 
SIR C.R.REDDY COLLEGE OF PHARMACY,PHM,WG,ELURU,COED,159858,159858,159858,159858,159858,159858,159858,159858,159858,159858,159858,159858,159858,159858,159858,159858, , 
DNR COLLEGE OF ENGG AND TECH,AID,WG,BHIMAVARAM,COED,101294,101294,164959,177259,116910,164378,169739,169739,166657,166657,105071,105071,176017,176017,163675,163675,113439,98234
DNR COLLEGE OF ENGG AND TECH,CIV,WG,BHIMAVARAM,COED,138882,138882,161093,165848,162953,162953,166969,166969,176882,176882,138882,138882,176187,176187,161743,161743,142884,157339
DNR COLLEGE OF ENGG AND TECH,CSE,WG,BHIMAVARAM,COED,68656,68656,164408,165975,159520,173740,162513,167786,113760,113760,160631,160631,79385,151458,166210,166210,97273,84204
DNR COLLEGE OF ENGG AND TECH,CSM,WG,BHIMAVARAM,COED,117834,117834,169770,169770,117834,117834,140282,160691,136737,160487,117834,117834,134346,160606,142297,176225,110782,103126
DNR COLLEGE OF ENGG AND TECH,ECE,WG,BHIMAVARAM,COED,101222,101222,177470,177470,174949,174949,162603,163440,170521,170521,109589,133081,161553,161553,156090,156090,144763,121032
DNR COLLEGE OF ENGG AND TECH,EEE,WG,BHIMAVARAM,COED, , ,165383,165469, ,154917,149796,149796,173185,173185, , ,152753,159153, ,177238, ,149827
DNR COLLEGE OF ENGG AND TECH,INF,WG,BHIMAVARAM,COED,143111,143111,143111,165138,143111,143111,174184,174184,167648,174594,143111,168890,143111,166810,150561,150561,158913,110881
DNR COLLEGE OF ENGG AND TECH,MEC,WG,BHIMAVARAM,COED,100640,100640,159030,168108,135037,135037,100640,147178,131639,131639,100640,100640,100640,157333,141193,141193,166756,154354
ELURU COLLEGE OF ENGG AND TECHNOLOGY,AID,WG,ELURU,COED,93408,93408,166003,177168,176462,176462,157745,157745,132751,139349,93408,110677,118800,118800,161065,161065,131137,117570
ELURU COLLEGE OF ENGG AND TECHNOLOGY,CSD,WG,ELURU,COED,104231,104231,164306,167810,104231,104231,132243,162362,166235,166235,104231,130304,148461,170508,152018,171105,135368,144966
ELURU COLLEGE OF ENGG AND TECHNOLOGY,CSE,WG,ELURU,COED,85701,85701,154562,162752,160382,160382,155039,155039,118928,155819,95070,95070,116376,135364,163604,171372,109971,100409
ELURU COLLEGE OF ENGG AND TECHNOLOGY,ECE,WG,ELURU,COED,136108,136108,177224,177224,137420,176913,169942,169942,175633,176218,173971,173971,165920,165920,148734,152587,147839,134643
ELURU COLLEGE OF ENGG AND TECHNOLOGY,EEE,WG,ELURU,COED, , ,160113,160113,168362,168362, ,149347,161205,161205, , ,144686,144686,153107,153107, , 
ELURU COLLEGE OF ENGG AND TECHNOLOGY,MEC,WG,ELURU,COED, , ,173222,173222, , ,175687,175687, ,172221, , ,153162,153162, , ,173037, 
HELAPURI INST OF TECH AND SCIENCE,CIV,WG,ELURU,COED,166110,166800,166110,166800,166110,166800,166110,166800,166110,166800,166110,166800,166110,166800,166110,166800, , 
HELAPURI INST OF TECH AND SCIENCE,CSE,WG,ELURU,COED,103046,103383,177184,177855,174805,174805,154531,154531,175684,175684,103046,103383,175747,175747,103046,103383,172101,170934
HELAPURI INST OF TECH AND SCIENCE,CSM,WG,ELURU,COED,155830,155830,168420,168420,163020,163020,155830,155830,155830,155830,155830,155830,155830,155830,155830,155830,176455, 
HELAPURI INST OF TECH AND SCIENCE,ECE,WG,ELURU,COED, , ,177800,177800, ,114081,151221,151221, , ,172494,172494, , , , , , 
RAMACHANDRA COLLEGE OF ENGINEERING,AID,WG,ELURU,COED,49639,49639,106291,106291,128875,128875,97749,97749,72982,79063,139855,139855,64171,64171,110473,110473,68750,70839
RAMACHANDRA COLLEGE OF ENGINEERING,CIV,WG,ELURU,COED,89417,89417,151678,151678,165964,165964,133984,137505,145389,146855,89417,116232,107370,107370,150679,150679,107489,142005
RAMACHANDRA COLLEGE OF ENGINEERING,CSC,WG,ELURU,COED,56233,56233,142710,142710,142456,153184,95534,95717,85095,85095,56233,86097,67658,70568,102773,102773,71110,60348
RAMACHANDRA COLLEGE OF ENGINEERING,CSE,WG,ELURU,COED,46049,46049,94833,94833,163379,168935,91529,91529,71284,71284,64953,64953,81501,81501,71450,71450,54639,52365
RAMACHANDRA COLLEGE OF ENGINEERING,CSM,WG,ELURU,COED,47452,47452,113464,115704,130504,130504,92591,128891,82258,82258,52234,52234,67546,67676,87826,87826,60751,64184
RAMACHANDRA COLLEGE OF ENGINEERING,CSO,WG,ELURU,COED,65862,65862,151056,155660,152652,152652,114833,129387,97515,97955,78362,78362,84712,84712,144163,144163,78599,83305
RAMACHANDRA COLLEGE OF ENGINEERING,ECE,WG,ELURU,COED,62176,62176,151899,161869,154948,162183,120193,147913,102380,102380,62176,71253,80143,84206,173074,175321,76260,77549
RAMACHANDRA COLLEGE OF ENGINEERING,EEE,WG,ELURU,COED,83472,83472,162266,162558,164895,164895,157758,162612,110705,125606,83472,83472,91798,97471,113818,129939,97081,112735
RAMACHANDRA COLLEGE OF ENGINEERING,MEC,WG,ELURU,COED,77029,77029,176889,176889,174386,174386,150537,150537,128445,128445,89195,89195,168958,168958,168027,168027,112015,102102
SASI INSTITUTE OF TECHNOLOGY AND ENGINEERING,AIM,WG,TADEPALLIGUDEM,COED,43254,43254,141818,163080,137203,150099,73954,84481,97095,97095,95724,95724,62877,62877,130658,139821,49040,36241
SASI INSTITUTE OF TECHNOLOGY AND ENGINEERING,CIC,WG,TADEPALLIGUDEM,COED,53871,61970,156473,170042,58189,61970,106443,106443,105566,105566,53871,61970,87567,87567,117985,149557,55985,54624
SASI INSTITUTE OF TECHNOLOGY AND ENGINEERING,CIV,WG,TADEPALLIGUDEM,COED,93248,105423,173987,177266,177342,177342,120117,171056,142420,142420,93248,105423,154933,154933,93248,105423,116852,90990
SASI INSTITUTE OF TECHNOLOGY AND ENGINEERING,CSD,WG,TADEPALLIGUDEM,COED,49104,49104,149530,149530,161774,164936,81098,81098,86115,88941,49104,152627,76487,76487,86574,86574,47526,47307
SASI INSTITUTE OF TECHNOLOGY AND ENGINEERING,CSE,WG,TADEPALLIGUDEM,COED,27517,29928,135422,135422,163625,163625,154002,154002,68077,68077,118604,118604,58251,58676,128168,145629,39917,33109
SASI INSTITUTE OF TECHNOLOGY AND ENGINEERING,CSM,WG,TADEPALLIGUDEM,COED,41839,50796,171165,171165,144013,165981,92917,92917,101743,101743,49143,50796,75581,78677,84967,95921,46317,48037
SASI INSTITUTE OF TECHNOLOGY AND ENGINEERING,CST,WG,TADEPALLIGUDEM,COED,50867,50867,168319,168319,165398,165398,106152,106152,83137,83137,50867,50867,61752,61752,140443,140443,48568,46504
SASI INSTITUTE OF TECHNOLOGY AND ENGINEERING,ECE,WG,TADEPALLIGUDEM,COED,52852,57023,175271,175271,161337,161337,151881,151881,100880,122231,52852,57023,70809,70809,111841,111841,61205,59747
SASI INSTITUTE OF TECHNOLOGY AND ENGINEERING,ECT,WG,TADEPALLIGUDEM,COED,74875,74875,177089,177089,74875,74875,138245,161536,107373,107373,78467,78467,77315,88689,120199,138869,66755,73069
SASI INSTITUTE OF TECHNOLOGY AND ENGINEERING,EEE,WG,TADEPALLIGUDEM,COED,84650,84650,94896,175759,96677,96677,126785,126785,112149,163875,84650,84650,105197,105197,134101,134101,87707,100217
SASI INSTITUTE OF TECHNOLOGY AND ENGINEERING,INF,WG,TADEPALLIGUDEM,COED,49873,49873,165008,165008,173581,174855,139969,139969,87186,87186,99682,99682,65992,69783,128613,133660,55397,55687
SASI INSTITUTE OF TECHNOLOGY AND ENGINEERING,MEC,WG,TADEPALLIGUDEM,COED,87034,87034,177334,177334,87034,87034,161851,161851,101867,161811,87034,87034,141771,141771,126695,126695,127447,131909
SRI VISHNU COLLEGE OF PHARMACY,PHD,WG,BHIMAVARAM,COED,139913,139913,139913,139913,139913,139913,139913,139913,139913,139913,139913,139913,139913,139913,139913,139913, , 
SRI VISHNU COLLEGE OF PHARMACY,PHM,WG,BHIMAVARAM,COED,103318,159783,103318,159783,103318,159783,103318,159783,103318,159783,103318,159783,103318,159783,103318,159783, , 
S R K R ENGINEERING COLLEGE,AID,WG,BHIMAVARAM,COED,12872,12872,55456,63656,125307,161550,27447,27447,19163,19163,24730,24730,17784,17784,38190,38190,13257,11734
S R K R ENGINEERING COLLEGE,AIM,WG,BHIMAVARAM,COED,10150,10723,42401,45285,133994,153738,20246,24185,14580,18113,14371,22758,14694,14694,26513,32198,11508,10533
S R K R ENGINEERING COLLEGE,CIC,WG,BHIMAVARAM,COED,13570,13570,52763,76086,13729,13729,28287,36712,22203,22437,13570,13570,17893,17893,35581,38960,14704,15054
S R K R ENGINEERING COLLEGE,CIT,WG,BHIMAVARAM,COED,15396,15396,74124,105247,165098,167355,30372,33044,23964,23964,28924,28924,23252,23252,41097,41097,16380,16390
S R K R ENGINEERING COLLEGE,CIV,WG,BHIMAVARAM,COED,67574,74602,139446,158827,163532,164098,115906,115906,94235,102822,100906,100906,83464,89427,102084,123356,72339,82890
S R K R ENGINEERING COLLEGE,CSB,WG,BHIMAVARAM,COED,16860,16860,78058,78058,61141,138231,37260,37260,28714,28714,170453,170453,20184,26171,45680,61656,17738,15203
S R K R ENGINEERING COLLEGE,CSE,WG,BHIMAVARAM,COED,7822,8504,26524,30983,79794,79794,13430,14524,11478,11478,8844,19290,10518,10518,27094,27094,9119,8897
S R K R ENGINEERING COLLEGE,CSG,WG,BHIMAVARAM,COED,18416,18416,90326,92769,81524,96141,33379,36346,22843,28466,60419,60419,18416,21718,97507,97507,18455,16909
S R K R ENGINEERING COLLEGE,ECE,WG,BHIMAVARAM,COED,13886,14365,53261,61696,111329,111329,25507,25507,23382,30433,20919,20919,19322,19322,36542,43592,14278,17373
S R K R ENGINEERING COLLEGE,EEE,WG,BHIMAVARAM,COED,36793,36793,123426,123426,129519,156233,74860,74860,47504,47504,69344,69344,38478,72770,105819,105819,37425,41444
S R K R ENGINEERING COLLEGE,INF,WG,BHIMAVARAM,COED,13868,13868,67516,68569,153367,176754,39064,39064,23513,23513,15176,15176,21999,21999,42243,48402,14958,15250
S R K R ENGINEERING COLLEGE,MEC,WG,BHIMAVARAM,COED,45611,69172,135955,151685,120157,158159,85259,172687,75787,111724,45611,119221,59850,81662,91100,91100,68800,78514
SWARNANDHRA COLL. OF ENGG AND TECHNOLOGY,AID,WG,NARSAPURAM,COED,65613,65613,154123,154123,160110,162785,103465,103465,114733,158584,93764,93764,110370,117312,142857,142857,72928,79097
SWARNANDHRA COLL. OF ENGG AND TECHNOLOGY,AIM,WG,NARSAPURAM,COED,69639,69639,168891,168891,176792,176792,127396,133851,113227,115715,69639,148317,133548,133548,138581,138581,78118,78033
SWARNANDHRA COLL. OF ENGG AND TECHNOLOGY,CIV,WG,NARSAPURAM,COED,128996,145609,152498,152498,153352,155778,158942,169338,171541,175933,128996,145609,175123,175123,128996,145609,152469,138659
SWARNANDHRA COLL. OF ENGG AND TECHNOLOGY,CSC,WG,NARSAPURAM,COED,82257,82257,163509,163509,176955,176955,167211,167289,116075,129141,96840,96840,157035,157035,84675,84675,97233,87171
SWARNANDHRA COLL. OF ENGG AND TECHNOLOGY,CSD,WG,NARSAPURAM,COED,92034,108039,161808,175943,103782,109343,149222,149222,128519,136754,92034,150325,126175,151397,92034,108039,96908,91882
SWARNANDHRA COLL. OF ENGG AND TECHNOLOGY,CSE,WG,NARSAPURAM,COED,56472,56472,159801,164014,168913,174846,100738,117138,98993,103382,162271,162271,141457,141457,132673,132673,71838,71031
SWARNANDHRA COLL. OF ENGG AND TECHNOLOGY,CSEB,WG,NARSAPURAM,COED,111538,111538,118577,121781,120611,120611,139673,144512,141228,145030,111538,111538,130999,137028,111538,121448,116927,114864
SWARNANDHRA COLL. OF ENGG AND TECHNOLOGY,ECE,WG,NARSAPURAM,COED,89860,89860,177707,177707,164376,164376,173208,174413,151049,151049,89860,117286,162576,173344,133074,176501,123646,118900
SWARNANDHRA COLL. OF ENGG AND TECHNOLOGY,EEE,WG,NARSAPURAM,COED,123276,126719,131629,131629,132924,143575,173621,173621,157198,163910,123276,126719,153270,153270,123276,134688,126512,128457
SWARNANDHRA COLL. OF ENGG AND TECHNOLOGY,INF,WG,NARSAPURAM,COED,90152,104044,177747,177747,104690,107211,161273,167048,122222,122222,136979,136979,141616,141616,160679,160679,92963,90540
SWARNANDHRA COLL. OF ENGG AND TECHNOLOGY,MEC,WG,NARSAPURAM,COED,119384,138318,174930,177750,141235,149115,174150,174150,172344,173537,129728,138318,149169,174311,148593,148593,131527,154390
SWARNANDHRA COLL. OF ENGG AND TECHNOLOGY,RBT,WG,NARSAPURAM,COED,97315,97315,177329,177329,136542,136542,153391,162630,149458,149458,97315,97315,142270,174089,97315,155691,144538,156247
SHRI VISHNU ENGG. COLLEGE FOR WOMEN,CAD,WG,BHIMAVARAM,GIRLS, ,6864, ,39010, ,157094, ,15400, ,12934, ,19024, ,8466, ,20738, ,7193
SHRI VISHNU ENGG. COLLEGE FOR WOMEN,CIV,WG,BHIMAVARAM,GIRLS, ,43269, ,127841, ,128183, ,103310, ,78306, , , ,70490, ,143690, ,59729
SHRI VISHNU ENGG. COLLEGE FOR WOMEN,CSC,WG,BHIMAVARAM,GIRLS, ,8362, ,46238, ,157427, ,24090, ,14301, , , ,10440, ,26806, ,8935
SHRI VISHNU ENGG. COLLEGE FOR WOMEN,CSE,WG,BHIMAVARAM,GIRLS, ,4689, ,20519, ,67577, ,10033, ,7148, ,15374, ,6516, ,12902, ,4840
SHRI VISHNU ENGG. COLLEGE FOR WOMEN,CSM,WG,BHIMAVARAM,GIRLS, ,6080, ,31215, ,128052, ,14012, ,11150, , , ,8508, ,17449, ,6250
SHRI VISHNU ENGG. COLLEGE FOR WOMEN,ECE,WG,BHIMAVARAM,GIRLS, ,10501, ,87820, ,115356, ,22313, ,20677, ,30792, ,12687, ,48080, ,12031
SHRI VISHNU ENGG. COLLEGE FOR WOMEN,EEE,WG,BHIMAVARAM,GIRLS, ,23257, ,152289, ,43856, ,46809, ,28474, ,40337, ,34664, ,168779, ,26844
SHRI VISHNU ENGG. COLLEGE FOR WOMEN,INF,WG,BHIMAVARAM,GIRLS, ,11259, ,58151, ,165271, ,23494, ,17665, ,26903, ,15873, ,28847, ,11109
SHRI VISHNU ENGG. COLLEGE FOR WOMEN,MEC,WG,BHIMAVARAM,GIRLS, ,42094, ,164170, ,163226, ,104858, ,68561, , , ,65097, ,110557, ,48731
VISHNU GRP OF INSTNS - VISHNU INST OF TECHNOLOGY,CAD,WG,BHIMAVARAM,COED,8227,11037,44337,64724,89380,151427,14415,14743,15218,15218,26897,26897,14675,16095,51232,51232,9054,8905
VISHNU GRP OF INSTNS - VISHNU INST OF TECHNOLOGY,CIV,WG,BHIMAVARAM,COED,61589,61589,165260,165260,164365,164365,91937,91937,82524,91765,61589,61589,69733,94884,115539,115539,70428,67171
VISHNU GRP OF INSTNS - VISHNU INST OF TECHNOLOGY,CSB,WG,BHIMAVARAM,COED,11228,11228,58183,58183,98672,98672,13789,29653,18517,28557,24005,24005,13447,13447,54014,55740,13082,13536
VISHNU GRP OF INSTNS - VISHNU INST OF TECHNOLOGY,CSE,WG,BHIMAVARAM,COED,6114,7025,23865,48094,56317,81689,10319,14436,7344,8707,15169,22971,6643,9783,17051,24453,7433,7738
VISHNU GRP OF INSTNS - VISHNU INST OF TECHNOLOGY,CSM,WG,BHIMAVARAM,COED,7757,8319,30992,70078,116686,116686,11541,15371,10120,14762,17195,17195,7814,10745,10988,25651,8090,7193
VISHNU GRP OF INSTNS - VISHNU INST OF TECHNOLOGY,ECE,WG,BHIMAVARAM,COED,9416,16787,65244,65244,92503,126307,19221,25454,17874,22170,29571,29571,21694,21753,41669,41669,12240,12732
VISHNU GRP OF INSTNS - VISHNU INST OF TECHNOLOGY,EEE,WG,BHIMAVARAM,COED,23595,28516,149601,149601,148951,148951,51975,54458,39499,39499,57431,57431,38809,70949,23595,72487,28954,31367
VISHNU GRP OF INSTNS - VISHNU INST OF TECHNOLOGY,INF,WG,BHIMAVARAM,COED,15299,15299,64552,106636,170277,170277,43683,44743,21853,21853,17583,36318,17953,19026,51001,51001,13643,13583
VISHNU GRP OF INSTNS - VISHNU INST OF TECHNOLOGY,MEC,WG,BHIMAVARAM,COED,35528,68684,135270,164324,145620,145620,152786,152786,77008,100986,35528,68684,44853,103332,61865,135963,45522,31712
SRI VASAVI ENGINEERING COLLEGE,AIM,WG,TADEPALLIGUDEM,COED,23389,23389,96883,96883,140863,140863,53136,62235,36992,42259,23389,23389,27253,35517,64001,64001,23708,24471
SRI VASAVI ENGINEERING COLLEGE,CAI,WG,TADEPALLIGUDEM,COED,28749,28749,111682,129093,132340,132340,71686,71686,46600,47281,79940,79940,36993,36993,173487,173487,30057,29348
SRI VASAVI ENGINEERING COLLEGE,CIV,WG,TADEPALLIGUDEM,COED,86022,86022,176014,176014,154560,157312,173592,173592,120173,128166,86022,86022,167341,167341,86022,86022,109134,105018
SRI VASAVI ENGINEERING COLLEGE,CSD,WG,TADEPALLIGUDEM,COED,26267,26267,120165,120165,105650,120247,66891,66891,43460,43460,26267,26267,38438,38438,136848,141411,28265,33138
SRI VASAVI ENGINEERING COLLEGE,CSE,WG,TADEPALLIGUDEM,COED,21518,21518,74533,91935,154563,177877,38240,38240,32328,32328,25873,52296,25552,25657,109917,109917,20296,22181
SRI VASAVI ENGINEERING COLLEGE,CST,WG,TADEPALLIGUDEM,COED,25337,25337,108643,108643,127435,127435,50748,50748,48299,49606,81847,81847,32433,32433,26190,26190,27392,27904
SRI VASAVI ENGINEERING COLLEGE,ECE,WG,TADEPALLIGUDEM,COED,36915,36915,116257,149941,124636,134584,80974,121117,58269,58269,48114,48114,44455,73122,153508,162392,40468,40785
SRI VASAVI ENGINEERING COLLEGE,ECT,WG,TADEPALLIGUDEM,COED,43486,49787,143963,164726,162177,162177,118818,118818,66412,66412,43486,49787,58310,58310,43486,96165,44164,45771
SRI VASAVI ENGINEERING COLLEGE,EEE,WG,TADEPALLIGUDEM,COED,54145,54145,159933,176944,161013,164234,150352,150352,93234,125473,54145,54145,85512,85512,109501,144643,67233,75270
SRI VASAVI ENGINEERING COLLEGE,MEC,WG,TADEPALLIGUDEM,COED,91244,100998,151624,165137,164926,164926,149981,151910,111528,151057,116183,116183,163013,163013,170505,170505,104851,132708
WEST GODAVARI INSTT OF SCIENCE AND ENGINEERING,CSD,WG,NALLAJERLA,COED,136870,136870,176936,177553,176503,176503,174321,175051,173615,173615,136870,136870,157649,176413,155469,155469,159105,157823
WEST GODAVARI INSTT OF SCIENCE AND ENGINEERING,CSE,WG,NALLAJERLA,COED,110143,116621,173680,177435,159792,159792,167563,167563,174523,174523,110143,116621,163984,163984,110143,139987,140281,134988
WEST GODAVARI INSTT OF SCIENCE AND ENGINEERING,ECE,WG,NALLAJERLA,COED,117511,117511,177434,177819,169278,169278,159348,174591,125991,169166,131572,131572,172296,172296,133404,133404,143377,151660
WEST GODAVARI INSTT OF SCIENCE AND ENGINEERING,MEC,WG,NALLAJERLA,COED, , ,156611,156611,152442,152442, , ,176140,176140, , ,167350,167350, , ,157633,174030
ANANTHA LAKSHMI INST OF TECHNOLOGY AND SCI,CIV,ATP,ANANTAPURAMU,COED,165183,165183,165183,165183,168839,168839,165183,165183,165183,165183,165183,165183,165183,165183,165183,165183, , 
ANANTHA LAKSHMI INST OF TECHNOLOGY AND SCI,CSD,ATP,ANANTAPURAMU,COED,80540,80540,177159,177159,157727,157727,121779,130119,136116,136116,80540,80540,149426,149426,103572,103572,118844,123303
ANANTHA LAKSHMI INST OF TECHNOLOGY AND SCI,CSE,ATP,ANANTAPURAMU,COED,67528,67528,165058,165058,177556,177556,93956,93956,113537,113537,125971,125971,127999,127999,88101,105256,101901,100424
ANANTHA LAKSHMI INST OF TECHNOLOGY AND SCI,CSM,ATP,ANANTAPURAMU,COED,81564,97975,162887,176207,84965,119115,110712,123935,136767,150615,163051,163051,168164,168164,111280,111280,104587,108674
ANANTHA LAKSHMI INST OF TECHNOLOGY AND SCI,ECE,ATP,ANANTAPURAMU,COED,94873,94873,177773,177773,132069,170602,132012,132012,149525,149525,172192,172192,176908,176908,139066,144158,128267,127036
ANANTHA LAKSHMI INST OF TECHNOLOGY AND SCI,EEE,ATP,ANANTAPURAMU,COED,123927,144430,169716,169716,172806,172806,136342,144430,174863,175453,123927,144430,149039,149784,157067,157067,162218,166042
ANANTHA LAKSHMI INST OF TECHNOLOGY AND SCI,MEC,ATP,ANANTAPURAMU,COED,114031,158482,176475,176475,173371,173371,114031,158482,114031,158482,114031,158482,114031,158482,114031,158482, , 
BALAJI COLLEGE OF PHARMACY,PHD,ATP,ANANTAPURAMU,COED, ,159631, ,159631, ,159631, ,159631, ,159631, ,159631, ,159631, ,159631, , 
CHIRANJEEVI REDDY INST OF ENGG AND TECHNOLOGY FOR WOMEN,CSE,ATP,ANANTAPURAMU,GIRLS, ,124534, ,124534, ,124534, ,153458, ,164267, , , ,124534, ,124534, , 
SIR C.V RAMAN INST OF TECHNOLOGY SCIENCES,AIM,ATP,TADIPATRI,COED,116568,169686,144848,169686,176460,176460,162568,169686,116568,169686,116568,169686,177173,177173,137941,169686,136296,162148
SIR C.V RAMAN INST OF TECHNOLOGY SCIENCES,CSE,ATP,TADIPATRI,COED,138352,139508,177096,177096,177376,177376,174840,174840,174420,174420,138352,148725,154240,174122,138352,148329,172297, 
SIR C.V RAMAN INST OF TECHNOLOGY SCIENCES,ECE,ATP,TADIPATRI,COED,114788,114788,172474,172474,163198,163198,145779,145779,174774,174774,114788,114788,158127,174484,114788,114788, , 
GATES INSTITUTE OF TECHNOLOGY,CAI,ATP,GOOTY,COED,88576,88576,174395,175640,164910,164910,134590,142358,139825,144474,88576,88576,169201,169201,124897,133145,145933,157184
GATES INSTITUTE OF TECHNOLOGY,CIV,ATP,GOOTY,COED,159227,159227,170364,174969,172822,172822,160590,176279,175111,176299,159227,159227,170012,170012,159227,159227, , 
GATES INSTITUTE OF TECHNOLOGY,CSE,ATP,GOOTY,COED,71103,71103,174581,174581,172292,172292,100126,103243,124494,140266,130066,130066,138149,158991,101699,104892,139936,111505
GATES INSTITUTE OF TECHNOLOGY,ECE,ATP,GOOTY,COED,88875,88875,177010,177651,177726,177726,125602,127246,150073,150073,88875,135872,170973,174678,125445,136942,145910,159445
GATES INSTITUTE OF TECHNOLOGY,EEE,ATP,GOOTY,COED,105446,105446,173082,175440,157331,157331,145730,145730,175554,175554,105446,105446,174077,174077,148082,148082,172657, 
GATES INSTITUTE OF TECHNOLOGY,MEC,ATP,GOOTY,COED,139762,139762,139762,155674,162268,162268,139762,139762,149200,149200,139762,139762,139762,139762,139762,139762,153551, 
JNTUA COLLEGE OF ENGG. ANANTAPURAMU,CHE,ATP,ANANTAPURAMU,COED,71956,71956,162390,162390,148953,165013,159900,159900,116777,169359,71956,71956,74418,134246,94147,94147,77276,118327
JNTUA COLLEGE OF ENGG. ANANTAPURAMU,CIV,ATP,ANANTAPURAMU,COED,43852,48162,75172,75172,139791,139791,49465,53647,59494,59494,43852,48162,124178,124178,79922,79922,64874,103418
JNTUA COLLEGE OF ENGG. ANANTAPURAMU,CSE,ATP,ANANTAPURAMU,COED,8223,8223,14665,14665,31609,31609,8223,8223,8223,8223,27575,27575,8223,8223,9113,9113,6586,6646
JNTUA COLLEGE OF ENGG. ANANTAPURAMU,ECE,ATP,ANANTAPURAMU,COED,11081,11081,32291,32291,15413,27606,11081,11081,12008,13153,11081,23559,11081,11081,25891,25891,11809,11878
JNTUA COLLEGE OF ENGG. ANANTAPURAMU,EEE,ATP,ANANTAPURAMU,COED,28203,28203,37408,58905,38090,38090,28203,28203,31211,31211,28203,28203,28203,30725,60418,60418,30877,24419
JNTUA COLLEGE OF ENGG. ANANTAPURAMU,MEC,ATP,ANANTAPURAMU,COED,46387,46387,90917,107386,111800,111800,52157,83160,95376,95376,109217,109217,72281,150618,64546,131210,63029,125143
P.V.K.K. INSTITUTE OF TECHNOLOGY,CIV,ATP,ANANTAPURAMU,COED,159455,159455,177565,177565,176449,176449,174242,174242,174962,174962,159455,159455,169622,169622,159455,159455,143463, 
P.V.K.K. INSTITUTE OF TECHNOLOGY,CSE,ATP,ANANTAPURAMU,COED,73636,73636,167078,167078,160603,165999,129067,130124,128697,128697,156884,156884,171810,171810,104118,104118,141933,116635
P.V.K.K. INSTITUTE OF TECHNOLOGY,ECE,ATP,ANANTAPURAMU,COED,102536,102536,176934,176934,168427,177655,135134,143380,158965,168317,142439,142439,176478,176478,145153,145153,158033,172357
P.V.K.K. INSTITUTE OF TECHNOLOGY,EEE,ATP,ANANTAPURAMU,COED,128317,128317,174290,177664,160859,160859,169966,169966,173255,177171,170242,170242,161025,163935,175235,175235, , 
P.V.K.K. INSTITUTE OF TECHNOLOGY,MEC,ATP,ANANTAPURAMU,COED,173261,173261,173261,173261,173261,173261,176223,176223,173261,173261,173261,173261,173261,173261,173261,173261, , 
P.V.K.K. INSTITUTE OF TECHNOLOGY-OFF CAMPUS,CSE,ATP,ANANTAPURAMU,COED,113777,113777,175125,175125,164775,164775,157142,157142,155628,162639,113777,151029,154524,154524,156442,156442,175251,145685
P.V.K.K. INSTITUTE OF TECHNOLOGY-OFF CAMPUS,CSG,ATP,ANANTAPURAMU,COED,170860,170860,170860,177341,170860,170860,170860,170860,174718,174718,170860,170860,176130,176130,173312,173312,176054,147702
P.V.K.K. INSTITUTE OF TECHNOLOGY-OFF CAMPUS,CSM,ATP,ANANTAPURAMU,COED,106813,106813,175798,175798,148729,148729,142203,172967,146776,146776,117194,117194,128731,128731,109782,114709,173968,133843
P.V.K.K. INSTITUTE OF TECHNOLOGY-OFF CAMPUS,ECE,ATP,ANANTAPURAMU,COED,125363,125363,172053,174265,162827,173150,158620,158620,172641,172641,125363,125363,162448,173696,125363,151003,166324,176120
SRI KRISHNADEVARAYA UNIV.COLL.OF ENG.- SELF FINANCE,CIV,ATP,ANANTAPURAMU,COED,137518,137518,176807,177122,172796,175524,176377,176377,150922,150922,137518,137518,151493,151493,137518,137518, , 
SRI KRISHNADEVARAYA UNIV.COLL.OF ENG.- SELF FINANCE,CSE,ATP,ANANTAPURAMU,COED,59719,59719,98774,131645,71376,71891,59719,63410,83046,83046,59719,59719,108172,108172,59719,91254,59194,59297
SRI KRISHNADEVARAYA UNIV.COLL.OF ENG.- SELF FINANCE,ECE,ATP,ANANTAPURAMU,COED,82684,82684,116510,116510,108049,108049,82684,82684,82684,84927,113625,113625,82684,169298,107178,107178,167325,67941
SRI KRISHNADEVARAYA UNIV.COLL.OF ENG.- SELF FINANCE,EEE,ATP,ANANTAPURAMU,COED,88394,88394,162015,162015,156294,165023,171592,173479,165786,165947,88394,88394,173057,173057,156317,168949, , 
SRI KRISHNADEVARAYA UNIV.COLL.OF ENG.- SELF FINANCE,MEC,ATP,ANANTAPURAMU,COED,147620,147620,177562,177562,168604,168604,147620,147620,161167,161167,147620,147620,147620,147620,147620,147620, , 
SRINIVASA RAMANUJAN INST OF TECHNOLOGY,CIV,ATP,ANANTAPURAMU,COED,130135,130135,172607,172607,165810,175073,141874,141874,130135,150774,167323,167323,130135,176024,173848,173848,134243,147755
SRINIVASA RAMANUJAN INST OF TECHNOLOGY,CSE,ATP,ANANTAPURAMU,COED,47300,47300,136345,136345,136301,136301,60855,60855,74550,74550,167750,167750,85133,85133,51754,53223,63695,54465
SRINIVASA RAMANUJAN INST OF TECHNOLOGY,ECE,ATP,ANANTAPURAMU,COED,42582,46469,127009,129347,163519,163519,63629,65638,76481,76481,73444,80918,86774,87286,65004,65004,57382,55960
SRINIVASA RAMANUJAN INST OF TECHNOLOGY,EEE,ATP,ANANTAPURAMU,COED,95651,95651,172302,172302,95651,176983,146739,176625,121990,121990,95651,95651,169445,169445,130652,134269,110004,96572
SRINIVASA RAMANUJAN INST OF TECHNOLOGY,MEC,ATP,ANANTAPURAMU,COED,142880,142880,142880,142880,174538,174538,151101,153716,154452,154452,142880,142880,175877,175877,147015,147015, , 
SANSKRITHI SCHOOL OF ENGINEERING,CIV,ATP,PUTAPARTHI,COED,132158,132158,148447,148447,177544,177544,148391,177239,152369,152369,132158,132158,162535,174743,168075,173354,108593, 
SANSKRITHI SCHOOL OF ENGINEERING,CSE,ATP,PUTAPARTHI,COED,77915,77915,167200,167200,175437,175437,111942,117352,107833,107833,96041,96041,173190,173190,115935,115935,118616,89001
SANSKRITHI SCHOOL OF ENGINEERING,ECE,ATP,PUTAPARTHI,COED,79647,79647,157681,177277,122268,145987,120561,149603,134064,134064,79647,155918,144660,171276,170091,170091,132154,119508
SANSKRITHI SCHOOL OF ENGINEERING,EEE,ATP,PUTAPARTHI,COED,122839,122839,161042,165136,159199,159199,152457,174029,171440,171440,173772,173772,160605,160605,131353,131353,148982, 
SANSKRITHI SCHOOL OF ENGINEERING,MEC,ATP,PUTAPARTHI,COED,122285,122285,141769,141769,139126,173815,122285,122285,122285,122285,122285,122285,122285,122285,122285,122285,156065, 
SRI VENKATESWARA INST OF TECHNOLOGY,CIV,ATP,ANANTAPURAMU,COED,127646,127646,127646,127646,127646,127646,127646,127646,127646,127646,127646,127646,127646,127646,127646,127646, , 
SRI VENKATESWARA INST OF TECHNOLOGY,CSD,ATP,ANANTAPURAMU,COED, , ,174446,174446,177079,177079,157010,171854,175988,175988, , ,169878,174555, ,152770,130766,139019
SRI VENKATESWARA INST OF TECHNOLOGY,CSE,ATP,ANANTAPURAMU,COED,125931,125931,177758,177758,162175,162805,163914,163914,161720,161720,167891,167891,174586,174586,173673,175243,175991,172855
SRI VENKATESWARA INST OF TECHNOLOGY,CSM,ATP,ANANTAPURAMU,COED,140703,140703,160722,160722,161700,173550,161712,175558,171491,175334,140703,140703,154260,156855,172156,172156,159144,168501
SRI VENKATESWARA INST OF TECHNOLOGY,ECE,ATP,ANANTAPURAMU,COED,113316,113316,164633,172715,156858,160484,145520,174913,161604,176928,113316,113316,140687,155008,171119,172494,141843, 
SRI VENKATESWARA INST OF TECHNOLOGY,MEC,ATP,ANANTAPURAMU,COED,176634,176634,176634,176634,176634,176634,176634,176634,176634,176634,176634,176634,176634,176634,176634,176634, , 
TADIPATRI ENGG COLLEGE,CSD,ATP,TADIPATRI,COED,109155,141388,130700,141388,137804,141388,154122,174518,109155,141388,109155,141388,109155,141388,109155,141388, , 
TADIPATRI ENGG COLLEGE,CSE,ATP,TADIPATRI,COED,119636,119636,177864,177864,176566,176566,177072,177072,174177,174177,119636,119636,170921,174347,163039,163039,171647,144308
TADIPATRI ENGG COLLEGE,ECE,ATP,TADIPATRI,COED,114079,114079,177824,177824,176727,176727,168355,168355,173219,173219,114079,173206,175618,175618,147020,147020, , 
TADIPATRI ENGG COLLEGE,EEE,ATP,TADIPATRI,COED,150904,150904,150904,155452,162221,177804,150904,150904,150904,150904,150904,150904,150904,150904,150904,150904, , 
ADITYA COLLEGE OF ENGINEERING,AID,CTR,MADANAPALLE,COED,72650,72650,175881,176990,97871,98603,127584,127584,130835,150271,126529,142495,169251,169251,128234,128234,92504,97637
ADITYA COLLEGE OF ENGINEERING,CAI,CTR,MADANAPALLE,COED,61820,75253,176263,176263,79596,102354,104008,104008,113861,113861,61820,75253,118651,118651,90217,91857,114583,83933
ADITYA COLLEGE OF ENGINEERING,CIV,CTR,MADANAPALLE,COED, ,147787, ,147787,157096,157096, ,147787,160875,160875, ,147787, ,147787, ,147787, , 
ADITYA COLLEGE OF ENGINEERING,CSE,CTR,MADANAPALLE,COED,71971,71971,172600,176036,173232,173232,123124,140297,130939,130939,168285,168285,138097,138097,116089,116089,82734,98645
ADITYA COLLEGE OF ENGINEERING,ECE,CTR,MADANAPALLE,COED,137275,137275,176591,177764,159111,166659,142260,166750,166520,166520,137275,137275,172056,172056,171374,171374,133700,125179
ADITYA COLLEGE OF ENGINEERING,EEE,CTR,MADANAPALLE,COED,111772,111772,174754,174754,153967,153967,157762,166837,169626,176979,156258,156258,176145,176145,131309,131309,144121,173726
ANNAMACHARYA INST OF TECHNOLOGYAND SCIENCES,AID,CTR,TIRUPATHI,COED,70094,70094,177305,177305,147937,166435,79516,79516,103259,103259,91852,91852,107738,111075,142741,172642,71855,83513
ANNAMACHARYA INST OF TECHNOLOGYAND SCIENCES,AIM,CTR,TIRUPATHI,COED,55210,55210,156862,156862,168191,168191,90687,90687,96290,99370,87857,87857,88917,114991,127382,151496,65320,58469
ANNAMACHARYA INST OF TECHNOLOGYAND SCIENCES,CIC,CTR,TIRUPATHI,COED,68089,68089,173501,174432,169757,177222,146926,146926,105214,113149,68089,117080,114203,124012,68089,68089,77187,79004
ANNAMACHARYA INST OF TECHNOLOGYAND SCIENCES,CIT,CTR,TIRUPATHI,COED,89909,94856,176951,176951,112885,112885,121453,132984,135315,168897,122246,122246,131263,149843,143483,174980,113840,100909
ANNAMACHARYA INST OF TECHNOLOGYAND SCIENCES,CIV,CTR,TIRUPATHI,COED,135572,135572,177621,177621,170131,170131,150630,150630,174086,174086,135572,135572,146851,173861,135572,135572,150642,167186
ANNAMACHARYA INST OF TECHNOLOGYAND SCIENCES,CSD,CTR,TIRUPATHI,COED,56445,56445,172427,172427,175121,175121,90539,90539,97834,97834,56445,57851,110784,111641,137642,163670,87953,89551
ANNAMACHARYA INST OF TECHNOLOGYAND SCIENCES,CSE,CTR,TIRUPATHI,COED,64116,64116,165901,165901,162915,175634,86160,98635,85406,85406,77893,77893,92533,94739,109416,124010,68177,65303
ANNAMACHARYA INST OF TECHNOLOGYAND SCIENCES,ECE,CTR,TIRUPATHI,COED,55943,55943,143572,165116,163565,165565,101361,101361,100704,140692,85991,109180,113894,113894,119369,167641,71679,63475
ANNAMACHARYA INST OF TECHNOLOGYAND SCIENCES,EEE,CTR,TIRUPATHI,COED,106801,106801,169901,176753,165922,165922,166739,166739,172184,172184,106801,106801,167494,173059,168591,168591,126971,152136
ANNAMACHARYA INST OF TECHNOLOGYAND SCIENCES,MEC,CTR,TIRUPATHI,COED,161940,161940,177331,177331,174835,174835,161940,161940,161940,167918,161940,161940,170463,170463,161940,161940,172615,173506
CHADALAWADA RAMANAMMA ENGG. COLLEGE,CAI,CTR,TIRUPATHI,COED,137066,137066,176765,176765,154491,154491,170562,176224,176343,176343,137066,137066,145566,155272,168218,168218,171984,171263
CHADALAWADA RAMANAMMA ENGG. COLLEGE,CSD,CTR,TIRUPATHI,COED,140573,140573,175386,175386,140573,140573,172482,172482,167731,167731,140573,140573,149812,167512,148651,148651,149653,155185
CHADALAWADA RAMANAMMA ENGG. COLLEGE,CSE,CTR,TIRUPATHI,COED,120960,120960,165066,177844,163823,164677,122609,154384,169384,169384,150030,150030,134734,139135,169467,169467,142901,135100
CHADALAWADA RAMANAMMA ENGG. COLLEGE,CSM,CTR,TIRUPATHI,COED,120405,128700,177075,177075,145019,174304,173310,173310,170685,176371,137363,137363,168395,168395,169718,169718,168469,153201
CHADALAWADA RAMANAMMA ENGG. COLLEGE,ECE,CTR,TIRUPATHI,COED,106391,106391,177297,177297,147120,147120,168363,170370,172488,172488,106391,106391,174520,174520,148310,172799,145318,162853
CHADALAWADA RAMANAMMA ENGG. COLLEGE,EEE,CTR,TIRUPATHI,COED,148041,148041,175944,175944,167594,171184,171247,175965,174326,174326,148041,148041,154181,154181,148041,176817,139189, 
GOLDEN VALLEY INTEGRATED CAMPUS,CSE,CTR,MADANAPALLE,COED,140880,140880,145731,170947,140880,165572,172401,174539,170026,170026,140880,140880,175648,175648,172437,172437,143537,147706
GOLDEN VALLEY INTEGRATED CAMPUS,ECE,CTR,MADANAPALLE,COED,117311,117311,117311,117311,117311,117311,117311,117311,172234,172234,117311,117311,117311,117311,117311,117311,163413, 
JNTUA COLLEGE OF ENGINEERING. KALIKIRI,CIV,CTR,KALIKIRI,COED,68715,83950,163499,163499,164636,164636,176828,176828,165909,168649,158397,158397,169456,169456,98915,98915,84603,136280
JNTUA COLLEGE OF ENGINEERING. KALIKIRI,CSE,CTR,KALIKIRI,COED,12738,12738,31794,31794,42281,42281,15036,15036,23009,23009,12738,12738,19645,19645,12799,17102,14088,14318
JNTUA COLLEGE OF ENGINEERING. KALIKIRI,ECE,CTR,KALIKIRI,COED,18086,18086,59547,59547,55477,55477,34001,47179,51372,51372,38553,38553,26536,52995,39201,39201,26197,21529
JNTUA COLLEGE OF ENGINEERING. KALIKIRI,EEE,CTR,KALIKIRI,COED,58709,58709,122430,122430,99835,99835,145916,145916,89918,143706,72927,72927,91650,91650,90791,172913,59451,67255
JNTUA COLLEGE OF ENGINEERING. KALIKIRI,FDT,CTR,KALIKIRI,COED,103662,103662,163100,163100,140125,140125,123478,123478,174730,174730,103662,134455,174748,174748,103662,128133,135709,122262
JNTUA COLLEGE OF ENGINEERING. KALIKIRI,MEC,CTR,KALIKIRI,COED,134767,146780,151376,167226,134767,162706,134767,177084,167169,167169,157134,157134,172975,172975,157303,176474,145475, 
KMM INST OF TECHNOLOGY AND SCIENCE,CAI,CTR,TIRUPATHI,COED,134577,171861,169326,171861,134577,171861,166231,176070,134577,171861,134577,171861,166387,171861,173177,173177, , 
KMM INST OF TECHNOLOGY AND SCIENCE,CSD,CTR,TIRUPATHI,COED, ,91277, ,91277, ,91277, ,91277, ,91277, ,91277, ,91277, ,91277, ,167722
KMM INST OF TECHNOLOGY AND SCIENCE,CSE,CTR,TIRUPATHI,COED,134194,134194,176844,177820,141879,176427,176648,176648,173421,173421,173559,173559,171738,171738,134194,162691,172136,171092
KMM INST OF TECHNOLOGY AND SCIENCE,ECE,CTR,TIRUPATHI,COED, ,120591,169380,169380,162455,162455,168408,168408,151827,151827,171050,171050,160852,160852, ,168700,119960,174046
KMM INST OF TECHNOLOGY AND SCIENCE,EEE,CTR,TIRUPATHI,COED,97397,97397,97397,97397,97397,97397,97397,97397,97397,97397,97397,97397,97397,97397,97397,97397, , 
KUPPAM ENGINEERING COLLEGE,CIV,CTR,KUPPAM,COED,159204,159204,164714,164714,159204,159204,159204,159204,159204,159204,159204,159204,159204,159204,159204,159204, , 
KUPPAM ENGINEERING COLLEGE,CSD,CTR,KUPPAM,COED,41771,175947,131112,175947,81376,175947,144501,175947,174437,175947,41771,175947,174063,175947,41771,175947,146162,152904
KUPPAM ENGINEERING COLLEGE,CSE,CTR,KUPPAM,COED,99570,99570,177315,177315,120207,120207,123416,136416,156222,156222,132862,132862,168134,171331,146194,146194,171610,138968
KUPPAM ENGINEERING COLLEGE,CSM,CTR,KUPPAM,COED,103100,103100,159428,159428,166086,170040,157407,157407,160958,160958,103100,103100,175236,175236,145993,145993,134798,153082
KUPPAM ENGINEERING COLLEGE,ECE,CTR,KUPPAM,COED,120197,120197,171848,171848,168054,168054,168334,168334,176623,176623,120197,175825,163795,175320,161736,161736,170133,139401
KUPPAM ENGINEERING COLLEGE,EEE,CTR,KUPPAM,COED,111531,121124,111531,170675,175746,175746,146549,146549,161034,163761,111531,121124,171633,171633,111531,121124,135883, 
KUPPAM ENGINEERING COLLEGE,MEC,CTR,KUPPAM,COED,137924,137924,177311,177311,137924,137924,164422,164422,137924,137924,137924,137924,137924,137924,137924,137924, , 
MADANAPALLY INSTITUTE OF TECHNOLOGY AND SCI,CAI,CTR,MADANAPALLE,COED,26835,26835,118193,143355,125312,162657,44735,47412,41980,41980,60136,60136,60285,60285,43657,46962,31066,31048
MADANAPALLY INSTITUTE OF TECHNOLOGY AND SCI,CIV,CTR,MADANAPALLE,COED,85007,94011,177352,177352,162113,162113,152791,152791,172525,172525,173986,173986,106809,107544,148080,148080,124539,146919
MADANAPALLY INSTITUTE OF TECHNOLOGY AND SCI,CSC,CTR,MADANAPALLE,COED,33213,33213,142727,164468,141137,165499,49025,58866,49682,49870,64398,64398,71592,73673,56978,60794,36628,35756
MADANAPALLY INSTITUTE OF TECHNOLOGY AND SCI,CSD,CTR,MADANAPALLE,COED,30691,30691,137357,137357,165701,177137,45776,49454,49000,49000,54980,78883,62088,62088,51792,51792,34353,34412
MADANAPALLY INSTITUTE OF TECHNOLOGY AND SCI,CSE,CTR,MADANAPALLE,COED,19661,23162,99811,104160,99982,99982,42492,54819,36306,44523,120317,120317,40591,40591,34669,43879,24688,24969
MADANAPALLY INSTITUTE OF TECHNOLOGY AND SCI,CSM,CTR,MADANAPALLE,COED,19535,19895,91568,113544,147359,149746,37292,37292,35766,35766,86993,86993,41011,41011,29274,29274,23978,22044
MADANAPALLY INSTITUTE OF TECHNOLOGY AND SCI,CST,CTR,MADANAPALLE,COED,40149,40149,164348,176963,177473,177473,60410,72895,56060,56060,69785,80933,75809,78074,72185,72185,44162,43609
MADANAPALLY INSTITUTE OF TECHNOLOGY AND SCI,ECE,CTR,MADANAPALLE,COED,33363,35543,116564,116564,145338,154742,44892,56268,58898,58898,168790,168790,80945,80945,70044,70044,35267,36389
MADANAPALLY INSTITUTE OF TECHNOLOGY AND SCI,EEE,CTR,MADANAPALLE,COED,56824,56824,167164,167164,176905,176905,90592,90592,140507,151410,56824,80603,100634,100634,95146,171644,69136,64232
MADANAPALLY INSTITUTE OF TECHNOLOGY AND SCI,MEC,CTR,MADANAPALLE,COED,103698,164483,176948,176948,110429,176991,107928,164483,161072,164483,103698,164483,128087,164483,103698,164483,123263,158112
MJR COLLEGE OF ENGG AND TECHNOLOGY,CAI,CTR,PILER,COED,128476,128476,165711,167296,144196,144196,159474,159474,162107,162107,128476,128476,174214,174214,170309,170309,150751,148370
MJR COLLEGE OF ENGG AND TECHNOLOGY,CIV,CTR,PILER,COED,152198,152198,152198,152198,152198,152198,152198,152198,152198,152198,152198,152198,152198,152198,152198,172651, , 
MJR COLLEGE OF ENGG AND TECHNOLOGY,CSC,CTR,PILER,COED,89971,89971,166912,174196,170496,170496,168169,177004,175512,177200,89971,89971,172126,172126,172703,172703,159340,167449
MJR COLLEGE OF ENGG AND TECHNOLOGY,CSE,CTR,PILER,COED,117721,132174,177319,177319,177467,177467,134842,134842,170995,170995,171137,171137,170310,170519,117721,172946,150242,161038
MJR COLLEGE OF ENGG AND TECHNOLOGY,ECE,CTR,PILER,COED,129407,129407,176328,176328,160841,160841,164627,173112,176312,176312,140571,140571,171364,171364,172229,173024,161531, 
MJR COLLEGE OF ENGG AND TECHNOLOGY,EEE,CTR,PILER,COED,153949,153949,165663,173899,165991,165991,176868,176868,153949,165605,153949,153949,153949,153949,153949,153949, , 
MOTHER THERESA INST OF ENGG AND TECH,AID,CTR,PALAMNER,COED,76791,76791,158626,162712,168637,168637,116918,119943,146300,151186,76791,76791,147268,158709,153987,153987,112403,85601
MOTHER THERESA INST OF ENGG AND TECH,CAI,CTR,PALAMNER,COED,73095,73095,177397,177397,164715,169058,110474,110474,130604,173687,73095,73095,135561,135561,101027,134980,102639,108559
MOTHER THERESA INST OF ENGG AND TECH,CIV,CTR,PALAMNER,COED,175061,175061,175061,175061,175061,175061,175061,175780,175061,175061,175061,175061,175061,175061,175061,175061,168531, 
MOTHER THERESA INST OF ENGG AND TECH,CSD,CTR,PALAMNER,COED,92689,92689,176596,177185,171650,177853,112250,112250,153020,153020,92689,103773,163210,163210,166491,166491,114471,114910
MOTHER THERESA INST OF ENGG AND TECH,CSE,CTR,PALAMNER,COED,70113,70113,155825,155825,150962,163112,99150,99150,137138,151550,131001,131001,176803,176803,124036,130912,91323,100565
MOTHER THERESA INST OF ENGG AND TECH,ECE,CTR,PALAMNER,COED,92401,92401,175206,177558,175737,175737,133977,133977,173895,173895,166996,166996,169028,169028,172583,172583,114335,119212
MOTHER THERESA INST OF ENGG AND TECH,EEE,CTR,PALAMNER,COED,126310,126310,170185,170185,154368,154368,158770,158770,173544,173544,126310,126310,149090,161076,152270,156378,156437,131855
SIDDHARTH INSTITUTE OF ENGG. AND TECHNOLOGY,CAD,CTR,PUTTUR,COED,70932,89454,174240,175291,153817,153817,139197,139197,114298,114298,113327,131300,127494,134281,176415,176415,89157,87997
SIDDHARTH INSTITUTE OF ENGG. AND TECHNOLOGY,CAI,CTR,PUTTUR,COED,22992,41553,139149,164224,165624,165624,106226,106226,75767,122159,69695,69695,58022,77462,122894,122894,47837,99656
SIDDHARTH INSTITUTE OF ENGG. AND TECHNOLOGY,CCC,CTR,PUTTUR,COED,104119,104119,164294,164294,177126,177126,130150,150926,144389,153119,104119,104119,174023,174023,127636,127636,124077,134330
SIDDHARTH INSTITUTE OF ENGG. AND TECHNOLOGY,CIA,CTR,PUTTUR,COED,80125,84082,169233,174003,92375,92375,140640,140640,144265,144265,80125,84082,169002,169002,94073,110354,93664,134972
SIDDHARTH INSTITUTE OF ENGG. AND TECHNOLOGY,CIC,CTR,PUTTUR,COED,92127,92127,173238,173238,95711,97053,117058,117058,129158,129158,92127,148916,141203,141203,139706,141192,98608,106059
SIDDHARTH INSTITUTE OF ENGG. AND TECHNOLOGY,CIT,CTR,PUTTUR,COED,83011,83011,162394,172561,177828,177828,131470,137676,116118,171707,83011,83011,116033,116033,147503,147503,94094,123883
SIDDHARTH INSTITUTE OF ENGG. AND TECHNOLOGY,CIV,CTR,PUTTUR,COED,163128,163128,177197,177526,177348,177348,163128,163128,168980,168980,163128,163128,163128,163128,163128,163128, , 
SIDDHARTH INSTITUTE OF ENGG. AND TECHNOLOGY,CSE,CTR,PUTTUR,COED,53922,53922,126872,152942,159032,171753,96860,116281,109993,109993,64860,68512,68559,124387,76715,83858,63510,64745
SIDDHARTH INSTITUTE OF ENGG. AND TECHNOLOGY,CSM,CTR,PUTTUR,COED,56844,61357,176172,176461,176767,177868,91989,91989,97314,139685,102626,120278,117848,121419,136510,140455,74295,89597
SIDDHARTH INSTITUTE OF ENGG. AND TECHNOLOGY,ECE,CTR,PUTTUR,COED,84778,84778,164385,167025,174185,174185,169988,169988,134698,173845,84778,110253,146962,148186,169578,169578,113359,93694
SIDDHARTH INSTITUTE OF ENGG. AND TECHNOLOGY,EEE,CTR,PUTTUR,COED,146740,146740,176992,177811,177220,177220,155136,171824,171199,176857,146740,175548,174061,174061,175928,175928,156722,122738
SIDDHARTH INSTITUTE OF ENGG. AND TECHNOLOGY,MEC,CTR,PUTTUR,COED,137392,159383,177481,177481,177837,177837,174087,174087,174153,174153,137392,159383,175904,175904,137392,159383,166654, 
SIDDARTHA EDNL ACADEMY GRP OF INSTNS,CAI,CTR,TIRUPATHI,COED,114393,114393,176523,176813,114393,123110,159642,172119,166507,174500,114393,114393,175655,175655,155196,155196,135154,133193
SIDDARTHA EDNL ACADEMY GRP OF INSTNS,CSE,CTR,TIRUPATHI,COED,120259,120259,164640,177766,165846,176485,172666,174825,174381,174381,120259,120259,152569,172779,147387,172756,152105,133153
SIDDARTHA EDNL ACADEMY GRP OF INSTNS,CSM,CTR,TIRUPATHI,COED,166144,166144,166144,166144,172021,172021,166144,166144,166144,166144,166144,166144,175202,175202,167790,169068,157880,147282
SIDDARTHA EDNL ACADEMY GRP OF INSTNS,ECE,CTR,TIRUPATHI,COED,155868,157512,175876,175876,168852,168852,174733,174733,172827,172827,155868,157512,170268,170268,155868,157512,144262,149882
SIDDARTHA EDNL ACADEMY GRP OF INSTNS,EEE,CTR,TIRUPATHI,COED,139442,139442,173927,173927,139442,139442,139442,139442,170774,170774,139442,139442,139442,139442,139442,139442, ,167300
SIDDARTHA EDNL ACADEMY GRP OF INSTNS,MEC,CTR,TIRUPATHI,COED,149928,149928,149928,149928,149928,149928,149928,149928,149928,149928,149928,149928,149928,149928,149928,149928, , 
SREE RAMA ENGINEERING COLLEGE,AID,CTR,TIRUPATHI,COED,91160,91160,165089,170285,91160,165904,157061,157795,166947,169417,91160,91160,140887,140887,116411,116411,101851,116563
SREE RAMA ENGINEERING COLLEGE,CIV,CTR,TIRUPATHI,COED,169387,169387,174000,175387,169387,174496,169387,169387,169387,169387,169387,169387,169387,169387,169387,169387,141847, 
SREE RAMA ENGINEERING COLLEGE,CSE,CTR,TIRUPATHI,COED,95445,102647,174108,177493,171874,175771,147196,172416,161874,168842,135925,145036,159619,162864,172267,173382,109863,116838
SREE RAMA ENGINEERING COLLEGE,ECE,CTR,TIRUPATHI,COED,100426,100426,177217,177715,176884,176884,154962,168146,176081,176081,100426,143203,172675,172675,173202,173202,128066,118481
SREE RAMA ENGINEERING COLLEGE,EEE,CTR,TIRUPATHI,COED,136585,156032,176867,176867,146511,156032,175094,175094,158161,159050,136585,156032,168622,168622,171419,171419,172207,162625
SREE RAMA ENGINEERING COLLEGE,MEC,CTR,TIRUPATHI,COED,152139,152139,152139,152139,152139,152139,152139,152139,152139,152139,152139,152139,152139,152139,152139,152139, , 
SRINIVASA INSTITUTE OF TECHNOLOGY AND MANG STUDIES,CAI,CTR,CHITTOOR,COED,125546,126729,177829,177829,149308,170154,158141,158141,175744,175744,153847,153847,171710,175459,173061,173061,161410,158526
SRINIVASA INSTITUTE OF TECHNOLOGY AND MANG STUDIES,CSD,CTR,CHITTOOR,COED,134546,134546,172111,172111,173636,173636,174685,174685,174977,174977,134546,151086,170260,170260,155630,155630,166441,153765
SRINIVASA INSTITUTE OF TECHNOLOGY AND MANG STUDIES,CSE,CTR,CHITTOOR,COED,110041,169260,164417,169727,165672,175952,175686,175686,175496,175865,154367,169260,161118,174444,157545,169260,145004,126551
SRINIVASA INSTITUTE OF TECHNOLOGY AND MANG STUDIES,CSM,CTR,CHITTOOR,COED,163578,168552,177808,177808,176605,176605,163592,170739,176855,176855,163578,168552,176297,176297,170248,170248,166537,140051
SRINIVASA INSTITUTE OF TECHNOLOGY AND MANG STUDIES,ECE,CTR,CHITTOOR,COED,117127,129904,177011,177647,144119,144119,169560,169560,168369,174417,167960,167960,173481,173481,173791,173791,159519,161775
SRINIVASA INSTITUTE OF TECHNOLOGY AND MANG STUDIES,EEE,CTR,CHITTOOR,COED, , ,164545,173320, , , , , , , , , , , , , , 
SRINIVASA INSTITUTE OF TECHNOLOGY AND MANG STUDIES,MEC,CTR,CHITTOOR,COED,91120,169135,177530,177530,91120,169135,91120,169135,91120,169135,91120,169135,91120,169135,91120,169135, , 
SRI VENKATESWARA COLL OF ENGINEERING,CIV,CTR,TIRUPATHI,COED,100852,100852,158896,163338,152682,152682,137287,172540,117526,119964,136772,136772,161058,161058,158769,158769,158194,134111
SRI VENKATESWARA COLL OF ENGINEERING,CSC,CTR,TIRUPATHI,COED,30660,43278,106604,108055,108590,148513,39742,43278,51697,55124,30660,43278,45671,46326,122411,122411,43220,29480
SRI VENKATESWARA COLL OF ENGINEERING,CSD,CTR,TIRUPATHI,COED,39324,39324,102927,102927,153756,153756,39324,39324,40200,40200,39324,39324,39324,42522,55554,55554,39341,25674
SRI VENKATESWARA COLL OF ENGINEERING,CSE,CTR,TIRUPATHI,COED,32275,32275,66418,66418,97790,110036,32275,36163,38031,38031,34255,96531,39903,86939,32275,46203,38416,22418
SRI VENKATESWARA COLL OF ENGINEERING,CSM,CTR,TIRUPATHI,COED,30827,30827,89468,113171,149149,149149,36144,50040,37412,39170,101428,101428,44768,44768,80202,80202,35405,25191
SRI VENKATESWARA COLL OF ENGINEERING,ECE,CTR,TIRUPATHI,COED,40574,42590,109745,151000,133615,155065,59042,60664,64451,71391,47595,52854,80139,80139,67585,75478,47358,40089
SRI VENKATESWARA COLL OF ENGINEERING,EEE,CTR,TIRUPATHI,COED,81267,127288,164215,164215,166696,170594,155352,155352,172630,172630,105202,127288,135748,160028,114072,127288,105325,111102
SRI VENKATESWARA COLL OF ENGINEERING,INF,CTR,TIRUPATHI,COED,49901,55092,127935,131491,176976,176976,76875,76875,75324,75324,49901,129751,55973,103700,96129,96129,55695,42570
SRI VENKATESWARA COLL OF ENGINEERING,MEC,CTR,TIRUPATHI,COED,107976,151611,176798,176798,177861,177861,168101,168101,173066,173441,147035,151611,173785,173785,155163,155566,155581,143029
SRI VENKATESWARA COLLEGE OF PHARMACY,PHD,CTR,CHITTOOR,COED,168024,168024,168024,168024,168024,168024,168024,168024,168024,168024,168024,168024,168024,168024,168024,168024, , 
SRI VENKATESWARA COLLEGE OF ENGG. AND TECHNOLOGY,CAI,CTR,CHITTOOR,COED,85135,85135,177248,177248,164379,176171,130953,130953,176010,176010,85135,175895,171691,171691,141307,176199,113724,121690
SRI VENKATESWARA COLLEGE OF ENGG. AND TECHNOLOGY,CIV,CTR,CHITTOOR,COED,160568,160568,177459,177459,160568,160568,160568,160568,169364,169364,160568,160568,160568,160568,160568,166879, , 
SRI VENKATESWARA COLLEGE OF ENGG. AND TECHNOLOGY,CSB,CTR,CHITTOOR,COED,145189,168304,152076,168304,145189,168304,159249,173203,158549,173707,145189,168304,155458,168304,166106,168304,153730,172951
SRI VENKATESWARA COLLEGE OF ENGG. AND TECHNOLOGY,CSC,CTR,CHITTOOR,COED,75129,75129,177517,177517,102684,102684,122418,136173,139024,155626,85232,85232,146056,167995,139376,139376,98504,95125
SRI VENKATESWARA COLLEGE OF ENGG. AND TECHNOLOGY,CSD,CTR,CHITTOOR,COED,86850,86850,176843,176843,124926,144388,161711,161711,172606,172606,113267,113267,174737,174737,153743,153743,116528,114152
SRI VENKATESWARA COLLEGE OF ENGG. AND TECHNOLOGY,CSE,CTR,CHITTOOR,COED,79990,79990,174438,176678,160388,160388,134035,145293,175607,175607,102661,102661,168084,168084,173216,173216,94479,101459
SRI VENKATESWARA COLLEGE OF ENGG. AND TECHNOLOGY,CSM,CTR,CHITTOOR,COED,66978,66978,164882,167776,150576,150576,134989,140277,175576,175576,66978,66978,171527,171527,106693,126914,105656,90720
SRI VENKATESWARA COLLEGE OF ENGG. AND TECHNOLOGY,CSO,CTR,CHITTOOR,COED,167176,167176,167667,167667,167176,167176,167176,171249,167176,167176,167176,167176,167176,167176,167176,167176,170634,125471
SRI VENKATESWARA COLLEGE OF ENGG. AND TECHNOLOGY,ECE,CTR,CHITTOOR,COED,103860,155961,174491,176399,173054,177241,174379,175217,169029,176323,174663,174663,176656,176656,174676,174676,144012,103256
SRI VENKATESWARA COLLEGE OF ENGG. AND TECHNOLOGY,EEE,CTR,CHITTOOR,COED,103020,103020,138876,150383,103020,103020,124355,124355,103020,103020,103020,103020,171596,171596,103020,103020,134758, 
SRI VENKATESWARA COLLEGE OF ENGG. AND TECHNOLOGY,INF,CTR,CHITTOOR,COED,134000,150608,162958,162958,177023,177023,170492,170492,168240,169060,134000,150608,175546,175546,135512,169905,163776,175418
SRI VENKATESWARA COLLEGE OF ENGG. AND TECHNOLOGY,MEC,CTR,CHITTOOR,COED,173109,173109,173109,173109,173109,173109,173109,173109,173109,173109,173109,173109,173109,173109,173109,173109, , 
S.V COLLEGE OF ENGINEERING,AID,CTR,PUTTUR,COED,142817,142817,142817,142817,142817,142817,142817,142817,142817,142817,142817,142817,142817,142817,142817,142817, , 
S.V COLLEGE OF ENGINEERING,CSE,CTR,PUTTUR,COED,177209,177209,177209,177209,177209,177209,177209,177209,177209,177209,177209,177209,177209,177209,177209,177209, , 
S.V COLLEGE OF ENGINEERING,ECE,CTR,PUTTUR,COED,174841,174841,174841,174841,174841,174841,174841,174841,174841,174841,174841,174841,174841,174841,174841,174841, , 
SRI VENKATESA PERUMAL COLLEGE OF ENGG. AND TECH,CAI,CTR,PUTTUR,COED,117433,119941,177752,177752,143085,156778,149463,149463,175514,175514,117433,119941,167457,167457,160936,160936,154256,155167
SRI VENKATESA PERUMAL COLLEGE OF ENGG. AND TECH,CSD,CTR,PUTTUR,COED,97735,119160,167758,167758,142293,167322,152891,171947,174712,176058,97735,167377,169091,174887,144565,144565,169534,145762
SRI VENKATESA PERUMAL COLLEGE OF ENGG. AND TECH,CSE,CTR,PUTTUR,COED,121411,121411,171192,176746,165126,176576,125118,134018,168242,170486,124883,124883,149783,168518,169015,172771,138101,129079
SRI VENKATESA PERUMAL COLLEGE OF ENGG. AND TECH,CSM,CTR,PUTTUR,COED,103578,103578,173523,177783,166846,166846,176257,176257,169473,169642,103578,103578,176250,176250,174871,175136,153759,138694
SRI VENKATESA PERUMAL COLLEGE OF ENGG. AND TECH,ECE,CTR,PUTTUR,COED,106676,110006,177212,177212,171835,171835,169484,172829,159541,159541,106676,130855,175053,176450,169349,170408,176026,156341
SRI VENKATESA PERUMAL COLLEGE OF ENGG. AND TECH,EEE,CTR,PUTTUR,COED,126143,126143,176489,176489,176256,176256,148716,148716,126143,126143,126143,126143,126143,126143,126143,126143,157316, 
SRI VENKATESA PERUMAL COLLEGE OF ENGG. AND TECH,MEC,CTR,PUTTUR,COED,93442,93442,158133,158133,170487,170487,93442,167464,156816,156816,93442,93442,170224,170224,93442,93442, , 
S V U COLLEGE OF ENGG. TIRUPATHI,CHE,CTR,TIRUPATHI,COED,93321,93321,150970,150970,164854,164854,130263,167945,170679,170679,93321,93321,137076,150219,148976,148976,89596,75742
S V U COLLEGE OF ENGG. TIRUPATHI,CIV,CTR,TIRUPATHI,COED,48291,69786,94165,94165,86815,86815,65491,86509,126417,146340,48291,69786,90021,90021,105713,116056,105159,59200
S V U COLLEGE OF ENGG. TIRUPATHI,CSE,CTR,TIRUPATHI,COED,6300,7810,12983,12983,6300,7810,6300,7810,6300,7810,6300,7810,6710,7810,9696,32750,7342,8296
S V U COLLEGE OF ENGG. TIRUPATHI,ECE,CTR,TIRUPATHI,COED,9367,9447,19025,19025,38869,38869,9745,12261,11820,11820,36293,36293,11672,11672,16634,16634,7212,7172
S V U COLLEGE OF ENGG. TIRUPATHI,EEE,CTR,TIRUPATHI,COED,17743,20391,39600,41260,72165,72165,23294,32667,21126,26759,17743,20391,34166,34166,55981,55981,19808,31445
S V U COLLEGE OF ENGG. TIRUPATHI,MEC,CTR,TIRUPATHI,COED,48137,48137,111849,111849,108110,119498,113357,113357,112954,112954,48137,101490,89362,137429,142314,142314,76809,116914
S V U COLLEGE OF ENGG. -SELF SUPPORTING-TIRUPATHI,CSE,CTR,TIRUPATHI,COED,89716,108195,174490,174490,89716,131076,169455,170145,131985,131985,89716,108195,89716,136158,89716,108195,153864,129984
VEMU INSTITUTE OF TECHNOLOGY,CAI,CTR,CHITTOOR,COED,51649,51649,114656,114656,131789,131789,67382,67382,102121,102121,51649,51649,81633,81633,57583,79716,60510,63552
VEMU INSTITUTE OF TECHNOLOGY,CIT,CTR,CHITTOOR,COED,91974,91974,164319,164319,160992,164446,114481,131765,126306,126795,91974,91974,170795,170795,117117,151172,101731,102088
VEMU INSTITUTE OF TECHNOLOGY,CIV,CTR,CHITTOOR,COED,134104,134104,165710,165710,155787,177269,175861,175861,175141,175141,134104,156316,171338,171338,134104,134104,143225,170011
VEMU INSTITUTE OF TECHNOLOGY,CSE,CTR,CHITTOOR,COED,63468,63468,162146,162146,165870,165870,88388,99210,123821,123821,118293,118293,150390,150390,145647,145647,86077,82166
VEMU INSTITUTE OF TECHNOLOGY,CSM,CTR,CHITTOOR,COED,67828,67828,163285,163975,168002,168002,107153,107153,121626,121626,107483,107483,104556,104556,130663,147002,91928,91916
VEMU INSTITUTE OF TECHNOLOGY,ECE,CTR,CHITTOOR,COED,84897,84897,162530,164524,161119,162859,117919,117919,114231,135573,90204,90204,161340,168797,157572,158919,106873,119409
VEMU INSTITUTE OF TECHNOLOGY,EEE,CTR,CHITTOOR,COED,126496,170348,165083,174142,158302,173666,139959,170348,173067,173067,126496,170348,174850,174850,174801,174801,148070,166402
VEMU INSTITUTE OF TECHNOLOGY,MEC,CTR,CHITTOOR,COED,176468,176468,176468,176468,176468,176468,176468,176468,176468,176468,176468,176468,176468,176468,176468,176468,149184,166453
VISWAM ENGINEERING COLLEGE,AID,CTR,MADANAPALLE,COED,81394,81394,162115,176993,168739,168739,106101,106358,138408,138477,81394,81394,154041,154041,150696,150696,92669,112818
VISWAM ENGINEERING COLLEGE,CIV,CTR,MADANAPALLE,COED,146203,146203,152602,152602,147730,163234,176160,176160,146203,146203,146203,146203,146203,146203,146203,146203, ,173588
VISWAM ENGINEERING COLLEGE,CS,CTR,MADANAPALLE,COED,102079,136584,136884,158404,126190,157269,147896,147896,154770,175048,157898,157898,155376,155376,174325,174325,149058,124568
VISWAM ENGINEERING COLLEGE,CSE,CTR,MADANAPALLE,COED,78217,82644,164448,177784,166763,166763,110698,110698,123710,159984,168885,168885,171796,171796,108278,130207,102314,107507
VISWAM ENGINEERING COLLEGE,CST,CTR,MADANAPALLE,COED,117791,117791,117791,129196,142372,149287,152377,152377,167249,167249,117791,117791,170912,176708,152567,162297,126453,125272
VISWAM ENGINEERING COLLEGE,ECE,CTR,MADANAPALLE,COED,107122,107122,173027,173027,165302,165302,153147,153155,148418,166921,107122,152588,176558,176558,176069,176069,139193,127837
VISWAM ENGINEERING COLLEGE,EEE,CTR,MADANAPALLE,COED,141037,141037,165014,171447,168022,168022,149857,169840,172575,175257,141037,141037,160994,169246,146525,161985,174726,171604
VISWAM ENGINEERING COLLEGE,MEC,CTR,MADANAPALLE,COED,155919,174354,174216,174354,155919,174354,175293,175293,170618,174853,158174,174354,155919,174354,155919,174354,169112, 
VIJAYAM INSTITUTE OF TECHNOLOGY,AID,CTR,CHITTOOR,COED,176029,176029,176607,176607,176029,176029,176029,176029,176029,176029,176029,176029,176029,176029,176029,176029,156994,149327
VIJAYAM INSTITUTE OF TECHNOLOGY,CSE,CTR,CHITTOOR,COED,156275,156275,173929,173929,156275,156275,168912,168912,173359,174938,156275,156275,170184,173152,156275,156275,141877,158607
VIJAYAM INSTITUTE OF TECHNOLOGY,ECE,CTR,CHITTOOR,COED, ,135442,168268,168268, ,135442,175888,175888, ,135442, ,135442, ,135442, ,135442, , 
ANNAMACHARYA INST OF TECH AND SCI,AID,KDP,KADAPA,COED,80400,80400,177555,177555,108064,124875,138257,175756,173769,173769,119969,119969,173181,173181,128089,128089,121323,134288
ANNAMACHARYA INST OF TECH AND SCI,CIV,KDP,KADAPA,COED,146526,173047,148957,173047,168569,173047,152039,173047,146526,173047,146526,173047,146526,173047,146526,173047,168199,170103
ANNAMACHARYA INST OF TECH AND SCI,CSE,KDP,KADAPA,COED,70931,102652,163503,172907,175620,175620,142891,148376,168847,168847,74369,147184,171129,171129,86294,102652,98152,139270
ANNAMACHARYA INST OF TECH AND SCI,CSM,KDP,KADAPA,COED,77245,82510,176277,176277,165075,165075,143503,154687,156676,156676,91719,141758,149365,149365,124146,128685,129059,92682
ANNAMACHARYA INST OF TECH AND SCI,ECE,KDP,KADAPA,COED,88770,104234,176095,177687,173336,173336,170270,170270,174403,174403,137703,137703,173915,173915,160439,172930,116588,167799
ANNAMACHARYA INST OF TECH AND SCI,EEE,KDP,KADAPA,COED,102078,164709,102078,175662,102078,164709,158218,164709,134227,164709,102078,164709,159159,164709,148109,164709, , 
ANNAMACHARYA INST OF TECH AND SCI,MEC,KDP,KADAPA,COED, ,136137,163361,163361, ,136137, ,136137, ,136137, ,136137, ,136137,166239,166239,125894,155505
ACHARYA COLLEGE OF ENGINEERING,CSE,KDP,BADVEL,COED,137665,137665,137665,137665,137665,137665,137665,137665,137665,137665,137665,137665,137665,137665,137665,137665, , 
ACHARYA COLLEGE OF ENGINEERING,ECE,KDP,BADVEL,COED,135257,137857,135257,137857,135257,137857,135257,137857,135257,137857,135257,137857,135257,137857,135257,137857, , 
BHASKAR  INSTITUTE  OF TECHNOLOGY & SCIENCE,AI,KDP,RAYACHOTY,COED,83215,95812,175047,175047,166533,166533,83215,95812,140079,140079,83215,95812,83215,95812,83215,95812,149717, 
BHASKAR  INSTITUTE  OF TECHNOLOGY & SCIENCE,CSE,KDP,RAYACHOTY,COED,156096,156096,165879,165879,158895,158895,168527,168527,174706,174706,156096,156096,156096,156096,169710,171229, , 
CHAITANYA BHARATHI INSTITUTE OF TECHNOLOGY,CAI,KDP,PALLAVOLU,COED,125404,156898,177570,177570,126940,156898,154707,156898,174067,174067,137211,156898,173699,173699,149789,157862,163637,123824
CHAITANYA BHARATHI INSTITUTE OF TECHNOLOGY,CIV,KDP,PALLAVOLU,COED,147410,147410,176269,176269,174179,174179,147410,147410,147410,147410,147410,147410,147410,147410,168946,168946, , 
CHAITANYA BHARATHI INSTITUTE OF TECHNOLOGY,CSE,KDP,PALLAVOLU,COED,119009,135115,176164,176164,165223,165223,170821,170821,175344,175344,166527,166527,126297,141105,142983,142983,168110,172996
CHAITANYA BHARATHI INSTITUTE OF TECHNOLOGY,CSM,KDP,PALLAVOLU,COED,77596,77596,165771,165771,157074,157074,125480,125480,122597,173866,117547,117547,117605,150412,80189,80189,112966,114629
CHAITANYA BHARATHI INSTITUTE OF TECHNOLOGY,ECE,KDP,PALLAVOLU,COED,93148,93148,177371,177371,136290,136290,170366,170366,167405,167405,148216,148216,162800,162800,128254,138901,150527,143665
CHAITANYA BHARATHI INSTITUTE OF TECHNOLOGY,EEE,KDP,PALLAVOLU,COED,132272,132272,164424,164424,132272,132272,156610,156610,169141,169141,132272,132272,146163,146163,145599,145599, ,144439
CHAITANYA BHARATHI INSTITUTE OF TECHNOLOGY,MEC,KDP,PALLAVOLU,COED, ,150893, ,150893, ,150893, ,150893, ,150893, ,150893, ,150893, ,150893, , 
GOUTHAMI INST OF TECHNOLOGY MGMT FOR WOMEN,CSE,KDP,PRODDATUR,GIRLS, ,126163, ,174065, ,155092, ,126163, ,172392, , , ,157037, ,158682, ,173624
GOUTHAMI INST OF TECHNOLOGY MGMT FOR WOMEN,CSM,KDP,PRODDATUR,GIRLS, ,148462, ,153621, ,157446, ,170801, ,148462, , , ,152965, ,148462, ,139318
GOUTHAMI INST OF TECHNOLOGY MGMT FOR WOMEN,ECE,KDP,PRODDATUR,GIRLS, ,106796, ,162388, ,177426, ,174517, ,175414, , , ,171548, ,126293, ,145554
GOUTHAMI INST OF TECHNOLOGY MGMT FOR WOMEN,EEE,KDP,PRODDATUR,GIRLS, ,164189, ,164189, ,164189, ,164189, ,164189, , , ,164189, ,164189, , 
JNTUA COLLEGE OF ENGG PULIVENDULA,CIV,KDP,PULIVENDULA,COED,83135,83135,144306,144306,117588,157989,144214,146661,150979,161772,98527,98527,174566,174566,171452,171452,136016,131195
JNTUA COLLEGE OF ENGG PULIVENDULA,CSE,KDP,PULIVENDULA,COED,14043,14043,31835,34235,46126,46126,18956,18956,21058,41867,14043,14043,24198,24198,15170,21104,10403,13592
JNTUA COLLEGE OF ENGG PULIVENDULA,ECE,KDP,PULIVENDULA,COED,17722,19931,39390,39390,36028,60087,23320,23320,61062,61062,17722,45324,24188,47543,31921,31921,16355,15223
JNTUA COLLEGE OF ENGG PULIVENDULA,EEE,KDP,PULIVENDULA,COED,63865,63865,115120,127177,128319,128319,63865,79646,77716,93101,90589,90589,63865,63865,63865,84453,49212,88743
JNTUA COLLEGE OF ENGG PULIVENDULA,MEC,KDP,PULIVENDULA,COED,125174,125174,165421,165421,125174,177492,143600,169721,158419,160275,125174,125174,164301,164301,175721,175721,104227,141250
KANDULA LAKSHUMMA MEMORIAL COLLEGE OF ENGG FOR WOMEN,AID,KDP,KADAPA,GIRLS, ,154772, ,154772, ,154772, ,154772, ,154772, , , ,154772, ,154772, ,157538
KANDULA LAKSHUMMA MEMORIAL COLLEGE OF ENGG FOR WOMEN,AIM,KDP,KADAPA,GIRLS, ,127593, ,173017, ,143834, ,176483, ,165838, , , ,127593, ,160195, ,170987
KANDULA LAKSHUMMA MEMORIAL COLLEGE OF ENGG FOR WOMEN,CSE,KDP,KADAPA,GIRLS, ,126538, ,175095, ,138325, ,174669, ,170684, , , ,174310, ,146047, ,153549
KANDULA LAKSHUMMA MEMORIAL COLLEGE OF ENGG FOR WOMEN,ECE,KDP,KADAPA,GIRLS, ,175221, ,177318, ,175221, ,175221, ,175221, , , ,175221, ,175221, ,172858
KANDULA OBUL REDDY MEMORIAL COLL. OF ENGG.,AID,KDP,KADAPA,COED,57112,139616,177132,177132,57112,139616,57112,139616,57112,139616,57112,139616,57112,139616,160855,160855, ,157958
KANDULA OBUL REDDY MEMORIAL COLL. OF ENGG.,AIM,KDP,KADAPA,COED,173081,173081,173081,173081,173081,173081,173081,173081,173081,173081,173081,173081,173081,173081,173081,173081,174548, 
KANDULA OBUL REDDY MEMORIAL COLL. OF ENGG.,CSE,KDP,KADAPA,COED,108011,108011,174213,174213,177219,177219,170815,170815,175143,175143,108011,108011,176214,176214,171361,173337,155567,147545
KANDULA OBUL REDDY MEMORIAL COLL. OF ENGG.,ECE,KDP,KADAPA,COED,136206,136206,165429,165429,165886,165886,170537,170537,136206,144286,136206,136206,136206,136206,147168,147168,137668,148023
K S R M COLLEGE OF ENGINEERING,AIM,KDP,KADAPA,COED,55263,55263,137875,142163,117914,117914,80709,80709,92018,92511,55263,144192,109239,126922,92521,92521,67455,62327
K S R M COLLEGE OF ENGINEERING,CIV,KDP,KADAPA,COED,145321,169909,176876,176876,150969,169909,170259,170259,145321,169909,145321,169909,153801,169909,145321,169909,155162,156273
K S R M COLLEGE OF ENGINEERING,CSD,KDP,KADAPA,COED,60455,60455,173949,173949,177350,177350,112034,112034,103311,142378,60455,158344,106659,135755,104149,104149,67990,76646
K S R M COLLEGE OF ENGINEERING,CSE,KDP,KADAPA,COED,66838,66838,127597,139547,164971,177862,88887,95760,129311,129311,81885,81885,108574,108574,66838,92526,71802,63925
K S R M COLLEGE OF ENGINEERING,CSM,KDP,KADAPA,COED,60967,60967,164278,164278,177529,177529,90827,90827,105717,128294,60967,60967,67320,67320,93734,133842,69941,74097
K S R M COLLEGE OF ENGINEERING,ECE,KDP,KADAPA,COED,70401,70401,151230,151230,177025,177025,102873,109830,115983,133667,70401,133335,118069,118069,108775,108775,85387,81457
K S R M COLLEGE OF ENGINEERING,EEE,KDP,KADAPA,COED,97815,97815,149811,165959,176517,176517,172894,172894,162274,172572,97815,97815,137089,172795,169569,169569,149532,151380
K S R M COLLEGE OF ENGINEERING,MEC,KDP,KADAPA,COED,143039,147154,175834,175834,156895,163029,162855,162855,168259,168259,143039,147154,143039,147154,168338,171839, , 
NIRMALA COLLEGE OF PHARMACY,PHM,KDP,KADAPA,COED,165658,165658,165658,165658,165658,165658,165658,165658,165658,165658,165658,165658,165658,165658,165658,165658, , 
SRI ANNAMACHARYA INSTITUTE OF TECHNOLOGY AND SCIENCE,CSD,KDP,RAJAMPETA,COED, ,110042, ,110042, ,110042, ,110042, ,110042, ,110042, ,110042, ,110042,126188, 
SRI ANNAMACHARYA INSTITUTE OF TECHNOLOGY AND SCIENCE,CSE,KDP,RAJAMPETA,COED,131074,131074,154021,154021,158921,158921,131074,131074,131074,131074,131074,131074,131074,131074,131074,131074, , 
SRI ANNAMACHARYA INSTITUTE OF TECHNOLOGY AND SCIENCE,CSM,KDP,RAJAMPETA,COED, , , , ,170631,170631, , , , , , ,95443,95443, , , ,134182
SRI ANNAMACHARYA INSTITUTE OF TECHNOLOGY AND SCIENCE,ECE,KDP,RAJAMPETA,COED, ,60543, ,60543, ,60543,153017,153017, ,60543, ,60543, ,60543, ,176743, , 
SAI RAJESWARI INSTITUTE OF TECHNOLOGY,CIV,KDP,PRODDATUR,COED, , ,164031,164031, , , , , , , , , , , , , , 
SAI RAJESWARI INSTITUTE OF TECHNOLOGY,CSE,KDP,PRODDATUR,COED,120101,120101,177789,177789,177527,177527,171692,171692,176138,177102,168225,174683,172635,174631,147618,147618,161937,156415
SAI RAJESWARI INSTITUTE OF TECHNOLOGY,CSM,KDP,PRODDATUR,COED,114357,114357,177038,177038,161267,161267,168525,168525,176148,176148,114357,114357,152213,152213,114357,114357,144940,168402
SAI RAJESWARI INSTITUTE OF TECHNOLOGY,ECE,KDP,PRODDATUR,COED,139231,166198,175025,177637,175948,175948,158192,172251,176688,176688,139231,166198,170758,170758,151564,166198,163205,172519
SAI RAJESWARI INSTITUTE OF TECHNOLOGY,EEE,KDP,PRODDATUR,COED,141057,141057,141057,141057,141057,141057,141057,141057,141057,141057,141057,141057,141057,141057,141057,141057, , 
SRI SAI INSTITUTE OF TECHNOLOGY. AND SCI.,CSE,KDP,RAYCHOTI,COED,121578,162835,146885,174424,158855,162835,173612,173612,168992,168992,160600,162835,168474,168474,170288,170288,172835,170397
SRI SAI INSTITUTE OF TECHNOLOGY. AND SCI.,ECE,KDP,RAYCHOTI,COED,139742,139742,173372,173372,139742,152538,171011,171011,171176,171176,139742,139742,159838,159838,148821,148821,174287, 
SRI SAI INSTITUTE OF TECHNOLOGY. AND SCI.,MEC,KDP,RAYCHOTI,COED,143334,143334,143334,143334,143334,143334,143334,143334,143334,143334,143334,143334,143334,143334,143334,143334, , 
SRINIVASA INST OF TECHNOLOGY  AND SCIENCE,AIM,KDP,KADAPA,COED,123833,123833,177673,177673,123833,123833,123833,123833,123833,123833,123833,123833,123833,123833,123833,123833, , 
SRINIVASA INST OF TECHNOLOGY  AND SCIENCE,CSE,KDP,KADAPA,COED,175594,175594,177605,177605,175594,175594,175594,175594,175594,175594,175594,175594,175594,175594,175594,175594,170037,151692
SRINIVASA INST OF TECHNOLOGY  AND SCIENCE,ECE,KDP,KADAPA,COED,138499,138499,138499,138499,138499,138499,138499,138499,138499,138499,138499,138499,138499,138499,138499,138499, , 
SRI VENKATESWARA COLLEGE OF ENGINEERING,CSE,KDP,KADAPA,COED,139206,139206,175898,175898,166147,166147,173517,173693,168105,168105,141476,141476,150456,168332,140609,140766,172209,166405
SRI VENKATESWARA COLLEGE OF ENGINEERING,CSM,KDP,KADAPA,COED,97143,97143,164024,164024,164572,164572,142902,142902,122488,148481,163248,163248,169161,169161,169211,169211,139722,118729
SRI VENKATESWARA COLLEGE OF ENGINEERING,ECE,KDP,KADAPA,COED,143443,143443,143443,143443,143443,143443,175519,175519,143443,143443,143443,143443,143443,143443,150317,150317, , 
SRI VENKATESWARA INST. OF SCIENCE AND TECHNOLOGY,CSE,KDP,KADAPA,COED,90602,90602,90602,90602,90602,90602,90602,160503,90602,90602,90602,90602,90602,90602,140987,140987,156146, 
SRI VENKATESWARA INST. OF SCIENCE AND TECHNOLOGY,ECE,KDP,KADAPA,COED,164126,164126,164126,164126,164126,164126,164126,164126,164126,164126,164126,164126,164126,164126,164126,164126, , 
VAAGDEVI INSTITUTE OF TECHNOLOGY. AND SCI.,CSE,KDP,PRODDATUR,COED,148356,148356,165440,166484,148356,148356,177014,177014,166445,166445,148356,148356,148356,166424,151415,151415,174078,176132
VAAGDEVI INSTITUTE OF TECHNOLOGY. AND SCI.,ECE,KDP,PRODDATUR,COED,133950,136856,175354,175354,133950,136856,133950,136856,173167,173167,133950,136856,133950,136856,133950,136856, , 
YGVU YSR ENGINEERING COLLEGE,CIV,KDP,PRODDATUR,COED, , ,137938,165301,177406,177406, , ,169114,169114,143767,143767,166984,166984, , , , 
YGVU YSR ENGINEERING COLLEGE,CSE,KDP,PRODDATUR,COED,79207,79207,109125,109125,128525,128525,115112,115112,124161,124161,79207,79207,136489,136489,79207,136314,116945,35973
YGVU YSR ENGINEERING COLLEGE,ECE,KDP,PRODDATUR,COED,96490,96490,144692,144692,150730,150730,143861,143861,173260,173260,151965,151965,146337,175572,141464,141464,35342,44220
YGVU YSR ENGINEERING COLLEGE,EEE,KDP,PRODDATUR,COED,57718,75406,165239,172354,107722,107722,158416,158416,57718,75406,57718,75406,57718,75406,57718,75406, , 
YGVU YSR ENGINEERING COLLEGE,MEC,KDP,PRODDATUR,COED,155425,155425,175842,175842,165923,165923,155425,155425,155425,161919,155425,155425,155425,165039,155425,155425, , 
YGVU YSR ENGINEERING COLLEGE,MMT,KDP,PRODDATUR,COED,173083,173083,173083,173083,173083,173083,173083,173083,173083,173083,173083,173083,173083,173083,173083,173083, , 
ASHOKA WOMEN'S ENGINEERING COLLEGE,CAI,KNL,KURNOOL,GIRLS, ,75063, ,175219, ,100099, ,112186, ,129016, ,171432, ,175113, ,115173, ,134254
ASHOKA WOMEN'S ENGINEERING COLLEGE,CIV,KNL,KURNOOL,GIRLS, ,114872, ,137986, ,145107, ,157110, ,152525, , , ,114872, ,114872, , 
ASHOKA WOMEN'S ENGINEERING COLLEGE,CSE,KNL,KURNOOL,GIRLS, ,63532, ,174126, ,175167, ,97208, ,121733, ,140725, ,168628, ,106695, ,110801
ASHOKA WOMEN'S ENGINEERING COLLEGE,ECE,KNL,KURNOOL,GIRLS, ,93253, ,177320, ,134072, ,127849, ,176894, ,125609, ,169301, ,138789, ,167430
ASHOKA WOMEN'S ENGINEERING COLLEGE,EEE,KNL,KURNOOL,GIRLS, ,128672, ,138817, ,128672, ,169713, ,175425, ,151711, ,128672, ,161511, ,159712
ASHOKA WOMEN'S ENGINEERING COLLEGE-OFF CAMPUS,CIV,KNL,CHINNATEKURU VILLAGE,GIRLS, ,146748, ,146748, ,158615, ,158745, ,166915, , , ,157587, ,146748, , 
ASHOKA WOMEN'S ENGINEERING COLLEGE-OFF CAMPUS,CSE,KNL,CHINNATEKURU VILLAGE,GIRLS, ,68669, ,147425, ,172697, ,78834, ,93255, ,166985, ,136835, ,91110, ,94557
ASHOKA WOMEN'S ENGINEERING COLLEGE-OFF CAMPUS,ECE,KNL,CHINNATEKURU VILLAGE,GIRLS, ,83653, ,176303, ,174569, ,120789, ,136439, ,140632, ,158577, ,121219, ,155472
ASHOKA WOMEN'S ENGINEERING COLLEGE-OFF CAMPUS,EEE,KNL,CHINNATEKURU VILLAGE,GIRLS, , , ,165779, ,113735, ,141883, ,151140, , , ,168707, ,174194, ,102108
SVR ENGINEERING COLLEGE,CAI,KNL,NANDYAL,COED,109212,109212,176134,176134,136886,146838,174916,174916,163419,167501,121802,121802,155731,155731,150992,153404,141233,148085
SVR ENGINEERING COLLEGE,CIV,KNL,NANDYAL,COED,170188,170188,175430,175430,170188,170188,170188,170188,170188,170188,170188,170188,170188,170188,170188,170188, , 
SVR ENGINEERING COLLEGE,CSE,KNL,NANDYAL,COED,104185,104185,177362,177851,161972,161972,157491,160350,171124,176739,174353,174353,175557,175557,137704,166596,157963,163452
SVR ENGINEERING COLLEGE,ECE,KNL,NANDYAL,COED,97417,138904,176906,176906,168409,172798,176102,176102,171408,171408,97417,138904,175340,175340,174872,174872,168233,144466
SVR ENGINEERING COLLEGE,EEE,KNL,NANDYAL,COED,70374,70374,157456,157456,70374,70374,158272,158272,70374,70374,70374,70374,70374,70374,70374,70374, , 
SVR ENGINEERING COLLEGE,MEC,KNL,NANDYAL,COED,144693,158759,172266,172266,144693,158759,144693,158759,144693,158759,144693,158759,144693,158759,144693,158759, , 
BHEEMA INST OF TECHNOLOGY AND SCI,CSE,KNL,ADONI,COED,120906,120906,177814,177814,120906,120906,175393,175393,176966,176966,120906,120906,174474,174474,170176,170752, ,170604
BHEEMA INST OF TECHNOLOGY AND SCI,CSM,KNL,ADONI,COED,131555,131555,141046,141046,158611,158611,131555,131555,131555,131555,131555,131555,131555,131555,131555,131555, , 
BHEEMA INST OF TECHNOLOGY AND SCI,ECE,KNL,ADONI,COED, ,104399, ,156875, ,104399, ,104399, ,104399, ,104399, ,104399, ,104399, , 
BRINDAVAN INST OF TECHNOLOGY AND SCI,CSE,KNL,KURNOOL,COED,171889,171889,177566,177566,171889,171889,172733,172733,171889,174487,171889,171889,171889,171889,176559,176559,134750, 
G PULLA REDDY ENGINEERING. COLLEGE,CIV,KNL,KURNOOL,COED,87039,87039,153334,165607,150488,162042,120808,127628,124257,168128,109736,143371,169809,169809,100827,151682,138629,170992
G PULLA REDDY ENGINEERING. COLLEGE,CSD,KNL,KURNOOL,COED,18511,18511,72578,75208,119717,170800,26552,26899,28597,28597,73245,73245,24705,28593,33669,33669,21846,16016
G PULLA REDDY ENGINEERING. COLLEGE,CSE,KNL,KURNOOL,COED,13380,13424,62903,62903,78101,91096,17203,17765,24856,24856,16792,87293,18296,18811,21684,21684,15605,18874
G PULLA REDDY ENGINEERING. COLLEGE,CSM,KNL,KURNOOL,COED,14007,14007,62069,78981,120282,135944,21496,21496,22638,22638,68001,68001,20709,22946,22020,24661,21139,14703
G PULLA REDDY ENGINEERING. COLLEGE,ECE,KNL,KURNOOL,COED,16261,23235,72142,72142,125270,125270,27008,27008,27252,27252,120937,120937,24797,29777,26099,87500,25391,20002
G PULLA REDDY ENGINEERING. COLLEGE,EEE,KNL,KURNOOL,COED,48842,48842,135860,135860,169148,169148,82906,82906,87014,120905,48842,167260,125885,125885,67075,67075,144681,103458
G PULLA REDDY ENGINEERING. COLLEGE,MEC,KNL,KURNOOL,COED,84818,84818,140416,159274,156991,163582,136362,150413,152365,168410,145260,145260,167803,172568,148935,148935,150882,172015
ST.JOHNS COLLEGE OF PHARM SCI,PHD,KNL,YEMMIGANOOR,COED,144379,144379,144379,144379,144379,144379,144379,144379,144379,144379,144379,144379,144379,144379,144379,144379, , 
ST. JOHNS COLLEGE OF ENGG. AND TECHNOLOGY,CAI,KNL,YEMMIGANOOR,COED,94619,94619,173237,173237,132436,132436,140732,156731,140352,145587,94619,158530,162425,162425,107791,166294,158047,122898
ST. JOHNS COLLEGE OF ENGG. AND TECHNOLOGY,CIV,KNL,YEMMIGANOOR,COED, , , ,148495, ,175374,159686,159686,128870,128870, , , , , , , , 
ST. JOHNS COLLEGE OF ENGG. AND TECHNOLOGY,CSD,KNL,YEMMIGANOOR,COED,131025,131025,158455,172483,158964,158964,152831,166138,163465,163465,131025,131025,170128,171345,173827,175194, , 
ST. JOHNS COLLEGE OF ENGG. AND TECHNOLOGY,CSE,KNL,YEMMIGANOOR,COED,84250,84250,165833,165833,177777,177777,136197,160320,132113,132113,157711,157711,157751,172291,130364,130364,174280,138806
ST. JOHNS COLLEGE OF ENGG. AND TECHNOLOGY,ECE,KNL,YEMMIGANOOR,COED,135715,135715,177396,177718,174295,174295,176077,176077,174875,174875,176603,176603,174387,174550,176644,176644,175361, 
ST. JOHNS COLLEGE OF ENGG. AND TECHNOLOGY,EEE,KNL,YEMMIGANOOR,COED,115744,115744,163633,163633,124437,124437,150380,150380,160021,160021,115744,115744,115744,115744,172411,172411, , 
ST. JOHNS COLLEGE OF ENGG. AND TECHNOLOGY,MEC,KNL,YEMMIGANOOR,COED,153735,153735,177771,177771,156589,156589,153735,153735,153735,153735,153735,153735,153735,153735,153735,153735, , 
DR.K V SUBBA REDDY INST OF PHARMACY,PHM,KNL,KURNOOL,COED,163602,163602,163602,163602,163602,163602,163602,163602,163602,163602,163602,163602,163602,163602,163602,163602, , 
DR.K.V.SUBBA REDDY INST. OF TECHNOLOGY,AI,KNL,KURNOOL,COED,93023,103784,176762,176762,164596,164596,137180,168761,156256,156256,93023,172313,167304,167304,129534,129534,151402,155715
DR.K.V.SUBBA REDDY INST. OF TECHNOLOGY,CIV,KNL,KURNOOL,COED, , ,177144,177144, ,169077,146868,154520,163276,174842, , ,169778,169778,155227,155227, , 
DR.K.V.SUBBA REDDY INST. OF TECHNOLOGY,CSD,KNL,KURNOOL,COED,80831,116862,173891,177624,162690,162690,141265,141265,152142,152142,80831,116862,152442,157535,122563,122563,117703,143480
DR.K.V.SUBBA REDDY INST. OF TECHNOLOGY,CSE,KNL,KURNOOL,COED,82175,96570,163613,170328,177058,177058,118454,118454,125671,173803,83946,164927,109657,136412,112603,117143,120875,141061
DR.K.V.SUBBA REDDY INST. OF TECHNOLOGY,CSM,KNL,KURNOOL,COED,70117,70117,175961,175961,79572,79572,147716,168181,151264,167938,142868,142868,117826,128032,70117,136520,127137,146871
DR.K.V.SUBBA REDDY INST. OF TECHNOLOGY,ECE,KNL,KURNOOL,COED,74826,102527,177471,177825,175902,175902,138473,151574,151587,170274,155396,155396,156625,158683,138049,141948,173113,151844
DR.K.V.SUBBA REDDY INST. OF TECHNOLOGY,EEE,KNL,KURNOOL,COED,110325,110325,173969,174826,152055,173752,160006,160006,162607,174267,110325,110325,153479,155310,173540,173540,142162, 
DR.K.V.SUBBA REDDY INST. OF TECHNOLOGY,MEC,KNL,KURNOOL,COED,131129,131129,138322,153403,131129,131129,166577,166577,174346,174346,131129,131129,131129,131129,158520,158520, , 
G.PULLAIAH COLL. OF ENGG. AND TECHNOLOGY,CAI,KNL,KURNOOL,COED,45651,45651,111513,111513,177856,177856,49691,52893,66778,66778,127341,127341,84483,87517,51631,83727,53459,44567
G.PULLAIAH COLL. OF ENGG. AND TECHNOLOGY,CIV,KNL,KURNOOL,COED,83757,83757,159281,174069,159158,159158,138218,140535,166366,166366,83757,83757,123850,161582,172278,172278,155799, 
G.PULLAIAH COLL. OF ENGG. AND TECHNOLOGY,CSE,KNL,KURNOOL,COED,39763,39763,95075,95427,176409,176409,52820,52820,53972,53972,76282,86882,79563,79563,48901,48901,49933,44060
G.PULLAIAH COLL. OF ENGG. AND TECHNOLOGY,ECE,KNL,KURNOOL,COED,38846,44886,112736,125615,123383,127918,61860,70034,70737,77687,38846,44886,91120,91120,52828,57494,66382,70686
G.PULLAIAH COLL. OF ENGG. AND TECHNOLOGY,EEE,KNL,KURNOOL,COED,72197,72197,162364,176423,158209,159495,155718,155718,101184,116295,72197,72197,172026,172026,84425,134474,151466,125652
G.PULLAIAH COLL. OF ENGG. AND TECHNOLOGY,MEC,KNL,KURNOOL,COED,86580,86580,171536,171536,86580,172380,138556,141540,170638,170638,86580,86580,86580,170665,135927,135927, , 
RAVINDRA COLLEGE OF ENGG FOR WOMEN,CSE,KNL,KURNOOL,GIRLS, ,60715, ,177300, ,142127, ,92807, ,123666, ,146314, ,169143, ,103009, ,129069
RAVINDRA COLLEGE OF ENGG FOR WOMEN,ECE,KNL,KURNOOL,GIRLS, ,72744, ,164571, ,94408, ,115531, ,124996, ,145598, ,151664, ,92545, ,131588
RAJIV GANDHI MEMORIAL COLLEGE OF ENGG. AND TECH.,CIV,KNL,NANDYAL,COED,123412,123412,171971,171971,177030,177030,142119,173080,158508,158508,123412,123412,167408,167408,174535,174535, , 
RAJIV GANDHI MEMORIAL COLLEGE OF ENGG. AND TECH.,CSC,KNL,NANDYAL,COED,45616,45616,167243,167243,138750,168397,75821,75821,93038,93038,45616,45616,99816,117948,66153,86610,54295,52383
RAJIV GANDHI MEMORIAL COLLEGE OF ENGG. AND TECH.,CSD,KNL,NANDYAL,COED,44236,44236,156657,156657,156505,165363,61557,123284,77704,78684,155984,155984,98661,98661,71044,80826,53447,56832
RAJIV GANDHI MEMORIAL COLLEGE OF ENGG. AND TECH.,CSE,KNL,NANDYAL,COED,38870,42035,126282,133988,157511,157511,57971,109188,68918,68918,96837,167755,77014,77014,46418,49541,48226,38036
RAJIV GANDHI MEMORIAL COLLEGE OF ENGG. AND TECH.,CSM,KNL,NANDYAL,COED,33179,47082,147934,177652,161480,176538,65219,69171,70132,71234,144554,144554,71409,71409,54999,78890,43647,43701
RAJIV GANDHI MEMORIAL COLLEGE OF ENGG. AND TECH.,ECE,KNL,NANDYAL,COED,39971,39971,148076,148076,164084,164084,71700,144906,88236,88236,62711,62711,96497,135435,64757,71538,48320,55412
RAJIV GANDHI MEMORIAL COLLEGE OF ENGG. AND TECH.,EEE,KNL,NANDYAL,COED,87968,87968,177798,177798,164100,177017,159476,166634,162820,162820,173127,173127,115649,157671,122103,122103,113174,141161
RAJIV GANDHI MEMORIAL COLLEGE OF ENGG. AND TECH.,MEC,KNL,NANDYAL,COED,118006,129885,177566,177566,171717,171717,171999,171999,174978,174978,118006,129885,175878,175878,136398,174068,173782, 
RAYALASEEMA UNIVERSITY COLLEGE OF ENGG-SELF FINANCE,AI,KNL,KURNOOL,COED,141532,141532,177160,177160,161991,161991,158903,158903,169606,174605,141532,141532,175465,175465,141532,174608,170055, 
RAYALASEEMA UNIVERSITY COLLEGE OF ENGG-SELF FINANCE,CIV,KNL,KURNOOL,COED,141408,164018,177029,177029,141408,164018,141408,164018,141408,164018,141408,164018,141408,164018,141408,164018, , 
RAYALASEEMA UNIVERSITY COLLEGE OF ENGG-SELF FINANCE,CSE,KNL,KURNOOL,COED,85025,85025,171680,175722,167575,167575,170832,170832,174345,174345,139431,139431,166608,169779,130072,163368,139168,170809
RAYALASEEMA UNIVERSITY COLLEGE OF ENGG-SELF FINANCE,ECE,KNL,KURNOOL,COED,84270,84270,165173,165173,106006,155077,161910,164652,144151,172505,114139,114139,136353,166521,132313,132313,124805,109248
RAYALASEEMA UNIVERSITY COLLEGE OF ENGG-SELF FINANCE,MEC,KNL,KURNOOL,COED,155388,155388,155388,155388,155388,155388,155388,155388,155388,155388,155388,155388,155388,155388,155388,155388, , 
SANTHIRAM ENGINEERING COLLEGE,CSD,KNL,NANDYAL,COED,90285,90285,177345,177345,108557,137958,125336,125336,159581,171480,90285,90285,152086,158959,162173,162173,130469,131378
SANTHIRAM ENGINEERING COLLEGE,CSE,KNL,NANDYAL,COED,72576,116030,161343,177233,169632,169632,95641,116030,133005,133005,102668,122758,114120,130988,94929,133189,105227,101026
SANTHIRAM ENGINEERING COLLEGE,CSM,KNL,NANDYAL,COED,80085,80085,171687,171687,175612,175612,119751,143853,154670,154670,80085,80085,176295,176295,98523,141510,121946,125538
SANTHIRAM ENGINEERING COLLEGE,ECE,KNL,NANDYAL,COED,83277,83277,176410,176528,172826,174833,146979,146979,173262,173262,142830,142830,158046,158046,105764,154548,109702,118130
ANDHRA ENGINEERING COLLEGE,AIM,NLR,ATMAKUR N,COED,110336,117166,177560,177560,158279,165292,169331,169331,155380,169019,110336,157605,168865,168865,159736,159736,169798,154538
ANDHRA ENGINEERING COLLEGE,CSE,NLR,ATMAKUR N,COED,89459,99360,162647,162647,165726,165726,167070,167070,168683,168683,89459,99360,169575,171955,104041,116431,157223,172900
ANDHRA ENGINEERING COLLEGE,ECE,NLR,ATMAKUR N,COED,99136,130360,177834,177834,177671,177671,170914,173282,174770,174770,99136,130360,151354,151354,120242,130360,168306,142334
DAMISETTY BALA SURESH INST OF TECHNOLOGY,CAI,NLR,KAVALI,COED,92272,126335,177247,177247,92272,126335,92272,126335,92272,126335,92272,126335,92272,126335,92272,126335,171030, 
DAMISETTY BALA SURESH INST OF TECHNOLOGY,CSE,NLR,KAVALI,COED,112182,129601,177857,177857,161190,161190,160059,160059,125242,129601,112182,129601,112182,129601,112182,129601, , 
DAMISETTY BALA SURESH INST OF TECHNOLOGY,ECE,NLR,KAVALI,COED,171034,171034,171034,171034,177838,177838,171034,171034,171034,171034,171034,171034,171034,171034,171034,171034, , 
DAMISETTY BALA SURESH INST OF TECHNOLOGY,EEE,NLR,KAVALI,COED,50478,50478,50478,50478,50478,50478,50478,50478,50478,50478,50478,50478,50478,50478,50478,50478, , 
GOKULA KRISHNA COLLEGE OF ENGINEERING,CSE,NLR,SULLURPET,COED,137366,150925,175591,175591,163893,163893,144752,167571,167896,167896,176388,176388,167502,172008,168019,168019,169315,137566
GOKULA KRISHNA COLLEGE OF ENGINEERING,ECE,NLR,SULLURPET,COED, , ,172769,176491,177544,177544,177785,177785,174958,174958, , ,176074,176074, , ,137459, 
GOKULA KRISHNA COLLEGE OF ENGINEERING,MEC,NLR,SULLURPET,COED,159897,159897,159897,159897,159897,159897,159897,159897,159897,159897,159897,159897,159897,159897,159897,159897, , 
GEETHANJALI INST OF SCIENCE AND TECHNOLOGY,AID,NLR,NELLORE,COED,66087,66087,172364,172364,168264,168264,103134,103134,115094,115094,66087,138410,109718,152032,66087,67920,85525,82517
GEETHANJALI INST OF SCIENCE AND TECHNOLOGY,CIV,NLR,NELLORE,COED,130697,130697,160051,160051,130697,130697,159713,159713,130697,174309,130697,130697,130697,130697,162729,162729, ,173539
GEETHANJALI INST OF SCIENCE AND TECHNOLOGY,CSE,NLR,NELLORE,COED,67419,67419,157790,157871,161362,177511,114772,117317,136732,136732,111566,111566,167899,167899,94253,107426,94861,95461
GEETHANJALI INST OF SCIENCE AND TECHNOLOGY,CSM,NLR,NELLORE,COED,50723,50723,166812,166812,144190,165215,113866,113866,75159,86270,147648,147648,131277,131277,68494,68494,84197,76833
GEETHANJALI INST OF SCIENCE AND TECHNOLOGY,ECE,NLR,NELLORE,COED,77866,77866,162181,175789,166804,177768,127418,127418,130129,130129,77866,77866,140818,158831,155445,155445,107474,109550
GEETHANJALI INST OF SCIENCE AND TECHNOLOGY,EEE,NLR,NELLORE,COED,65570,67616,176565,176565,164141,164141,173307,173307,170936,170936,65570,67616,128240,128240,138094,163079,120052,171091
GEETHANJALI INST OF SCIENCE AND TECHNOLOGY,MEC,NLR,NELLORE,COED, , ,176243,176243,174626,174626,123822,160014,173632,173632, , ,175808,175808,156412,156412,120957,170047
NARAYANA ENGINEERING COLLEGE,CAI,NLR,NELLORE,COED,29352,29352,97691,161657,99883,117544,46424,46424,55641,55641,29352,137996,64785,64785,29352,31534,37139,39439
NARAYANA ENGINEERING COLLEGE,CIV,NLR,NELLORE,COED,72148,72148,152433,167000,125704,125704,149017,149017,177323,177323,72148,110981,119428,119428,129174,129174, , 
NARAYANA ENGINEERING COLLEGE,CSD,NLR,NELLORE,COED,37539,37539,107922,115671,113627,113627,54864,64927,56740,56740,37539,37539,81742,81742,82042,82042,41120,41165
NARAYANA ENGINEERING COLLEGE,CSE,NLR,NELLORE,COED,28948,28948,92435,96011,163343,174716,50194,50194,55291,55291,86519,86519,54096,54096,46033,52533,40962,37254
NARAYANA ENGINEERING COLLEGE,CSM,NLR,NELLORE,COED,22517,22517,69159,69159,132726,132726,44266,44266,33078,33078,76171,76171,41764,41764,35395,35395,29329,26769
NARAYANA ENGINEERING COLLEGE,ECA,NLR,NELLORE,COED, , ,148629,155870,164694,164694,104704,104704,132866,132866, , ,142052,142052,101079,101079,95569,85817
NARAYANA ENGINEERING COLLEGE,ECE,NLR,NELLORE,COED,49655,49655,113629,113629,173682,173682,72741,72741,73934,73934,134976,134976,85181,89621,69548,69548,60361,60803
NARAYANA ENGINEERING COLLEGE,EEE,NLR,NELLORE,COED,80985,80985,148081,148081,154984,156510,108955,171359,155189,155189,80985,80985,132804,142471,121627,124914,110898,98291
NARAYANA ENGINEERING COLLEGE,EVT,NLR,NELLORE,COED,63497,63497,131435,153481,135317,155064,84899,84899,91066,101113,63497,63497,115546,134572,71364,71364,74020,65910
NARAYANA ENGINEERING COLLEGE,MEC,NLR,NELLORE,COED,111926,144725,166854,166854,111926,161207,170690,170690,166307,166307,111926,144725,111926,144725,111926,144725,174965, 
NBKR INSTITUTE OF SCI. AND TECHNOLOGY,AID,NLR,VIDYANAGAR,COED,54990,54990,130373,130373,130862,130862,85982,85982,110318,119652,54990,54990,82936,83461,80947,104223,74757,62351
NBKR INSTITUTE OF SCI. AND TECHNOLOGY,CIV,NLR,VIDYANAGAR,COED,137324,137324,176958,176958,137324,171862,163593,163593,149020,149020,137324,137324,147763,147763,137324,137324, ,164671
NBKR INSTITUTE OF SCI. AND TECHNOLOGY,CSE,NLR,VIDYANAGAR,COED,52733,52733,127952,128033,173655,173655,91867,128186,122868,122868,78469,78469,96508,96508,128611,128611,76075,95352
NBKR INSTITUTE OF SCI. AND TECHNOLOGY,ECE,NLR,VIDYANAGAR,COED,71305,73645,148283,155416,175720,175720,134687,134687,151826,168594,124729,124729,130815,130815,136175,144858,101890,92278
NBKR INSTITUTE OF SCI. AND TECHNOLOGY,EEE,NLR,VIDYANAGAR,COED,103058,103058,165970,176713,173689,173689,159427,174245,168325,168325,103058,103058,176685,176685,142790,154474,169030,111318
NBKR INSTITUTE OF SCI. AND TECHNOLOGY,MEC,NLR,VIDYANAGAR,COED,125344,168460,172165,172165,177253,177253,161765,168460,150018,168460,125344,168460,156593,168460,167095,168460, , 
NARAYANA ENGINEERING COLLEGE,CIV,NLR,GUDUR,COED,158042,158042,175428,175428,172714,172714,158042,158042,173962,173962,158042,158042,158042,158042,158042,158042, , 
NARAYANA ENGINEERING COLLEGE,CSE,NLR,GUDUR,COED,58647,58647,137583,138165,144205,153244,96955,96955,121273,121273,58647,150473,93104,93104,101360,101360,81970,78608
NARAYANA ENGINEERING COLLEGE,CSM,NLR,GUDUR,COED,51141,51141,125109,125109,159845,159845,82651,82651,78649,78649,51141,51141,69336,69336,65762,92820,52193,56020
NARAYANA ENGINEERING COLLEGE,ECA,NLR,GUDUR,COED,130273,130273,165255,171267,162316,162316,162757,162757,152066,171020,130273,130273,172083,172083,171418,171418,119016,102265
NARAYANA ENGINEERING COLLEGE,ECE,NLR,GUDUR,COED,72078,72078,145359,157004,148587,164970,129843,129843,128982,128982,109075,109075,98462,98678,133782,137024,100914,84854
NARAYANA ENGINEERING COLLEGE,EEE,NLR,GUDUR,COED, , ,169946,173233,138821,138821,138376,169098,157968,175133, , ,141939,149396,127496,127496,145043,137519
NARAYANA ENGINEERING COLLEGE,EVT,NLR,GUDUR,COED,87654,87654,162534,177404,164891,164891,152835,152835,177235,177235,87654,135431,118250,135686,129891,142210,110380,107182
NARAYANA ENGINEERING COLLEGE,MEC,NLR,GUDUR,COED,108491,108491,151253,152385,108491,162285,170668,173049,140248,170863,157501,157501,157437,157437,135178,153204, , 
PRIYADARSHINI INST OF TECHNOLOGY,CSE,NLR,NELLORE,COED, , ,176981,176981, , , , , ,170126, , , , , ,169659, , 
PRIYADARSHINI COLL OF ENGG. AND TECHNOLOGY,CSE,NLR,NELLORE,COED,114023,114023,177309,177309,114023,114023,114023,114023,114023,114023,114023,114023,114023,114023,114023,114023, , 
PRIYADARSHINI COLL OF ENGG. AND TECHNOLOGY,EEE,NLR,NELLORE,COED,103507,103507,103507,103507,103507,103507,103507,103507,103507,103507,103507,103507,103507,103507,103507,103507, , 
PRIYADARSHINI COLL OF ENGG. AND TECHNOLOGY,MEC,NLR,NELLORE,COED, ,104878, ,104878, ,104878, ,104878, ,104878, ,104878, ,104878, ,104878, , 
RAMIREDDY SUBBA RAMIREDDY ENGG COLLEGE,AID,NLR,NELLORE,COED,115485,115485,142110,142110,173579,173579,120187,120187,130906,156553,115485,115485,151969,151969,132962,132962,171594,167202
RAMIREDDY SUBBA RAMIREDDY ENGG COLLEGE,CIV,NLR,NELLORE,COED,86313,110982,147912,154415,148286,161716,155602,160462,171804,171804,86313,110982,161414,161414,151456,173755,173880, 
RAMIREDDY SUBBA RAMIREDDY ENGG COLLEGE,CSE,NLR,NELLORE,COED,111455,111455,148903,148903,166498,172270,172084,172084,173921,173921,169510,170010,168766,170747,173224,173905,172075,155676
RAMIREDDY SUBBA RAMIREDDY ENGG COLLEGE,ECE,NLR,NELLORE,COED,111924,111924,133872,133872,154658,154658,167867,171495,169849,169849,130112,130112,168965,168965,141246,141246,158553,167257
RAMIREDDY SUBBA RAMIREDDY ENGG COLLEGE,EEE,NLR,NELLORE,COED,107155,107155,153318,153318,155727,155727,142953,142953,167568,169412,107155,107155,154064,169920,144664,144664,168327, 
AUDHISANKARA COLLEGE OF ENGG. AND TECHNOLOGY,AID,NLR,GUDUR,COED,124835,124835,173351,176486,169898,169898,159759,173412,169483,169483,124835,124835,173788,173788,175026,175026,173560,170729
AUDHISANKARA COLLEGE OF ENGG. AND TECHNOLOGY,CAI,NLR,GUDUR,COED,176092,176092,176536,176536,176931,176931,176396,176396,176202,176202,176092,176092,176092,176092,176092,176092,172508,168431
AUDHISANKARA COLLEGE OF ENGG. AND TECHNOLOGY,CIV,NLR,GUDUR,COED,151744,176466,174573,176466,151744,176466,151744,176466,151744,176466,151744,176466,151744,176466,151744,176466, , 
AUDHISANKARA COLLEGE OF ENGG. AND TECHNOLOGY,CSD,NLR,GUDUR,COED,177188,177188,177188,177188,177188,177188,177188,177188,177188,177188,177188,177188,177188,177188,177188,177188,159503,173549
AUDHISANKARA COLLEGE OF ENGG. AND TECHNOLOGY,CSE,NLR,GUDUR,COED,122895,122895,176185,177735,177780,177780,173978,175203,175472,175472,137705,163816,174866,176204,175410,175410,176901,174991
AUDHISANKARA COLLEGE OF ENGG. AND TECHNOLOGY,CSM,NLR,GUDUR,COED,171826,171826,171826,173029,177472,177472,171826,172999,171826,171826,171826,171826,171826,171826,171826,171826,125669,96125
AUDHISANKARA COLLEGE OF ENGG. AND TECHNOLOGY,ECE,NLR,GUDUR,COED,142068,142068,177642,177642,142068,159198,172877,174853,161199,161199,142068,142068,167874,167874,171595,171595,167178,166622
AUDHISANKARA COLLEGE OF ENGG. AND TECHNOLOGY,EEE,NLR,GUDUR,COED,140942,140942,164270,164270,140942,140942,140942,140942,140942,140942,140942,140942,140942,140942,140942,140942, , 
AUDHISANKARA COLLEGE OF ENGG. AND TECHNOLOGY,MEC,NLR,GUDUR,COED,65098,65098,164707,164707,65098,65098,65098,65098,65098,65098,65098,65098,65098,65098,65098,65098, , 
SREE VENKATESWARA COLL OF ENGG,AID,NLR,NORTH RAJU PALEM,COED,114134,167357,174894,177343,170645,170645,169057,169796,176372,176372,114134,167357,170869,170869,166219,167357,173519,174956
SREE VENKATESWARA COLL OF ENGG,CAI,NLR,NORTH RAJU PALEM,COED,133371,133371,173482,173482,133371,133371,176006,176006,166495,166495,133371,133371,166926,166926,170422,170422,115877,144575
SREE VENKATESWARA COLL OF ENGG,CSE,NLR,NORTH RAJU PALEM,COED,120026,120026,177479,177479,177682,177682,177738,177738,176400,176400,120026,142827,175980,175980,170882,172040,169945,176510
SREE VENKATESWARA COLL OF ENGG,CSM,NLR,NORTH RAJU PALEM,COED,118959,118959,173840,174699,176247,176247,169888,169888,151453,151453,118959,118959,146249,173438,139519,166112,151554,129503
SREE VENKATESWARA COLL OF ENGG,ECE,NLR,NORTH RAJU PALEM,COED,103358,113705,165278,165278,159007,159007,167997,167997,173571,173571,103358,175544,175234,176772,166955,172516,166589,170942
SREE VENKATESWARA COLL OF ENGG,EVT,NLR,NORTH RAJU PALEM,COED,122953,122953,177065,177065,122953,122953,122953,122953,122953,122953,122953,122953,122953,122953,122953,122953, , 
P B R VISVODAYA INSTITUTE OF TECHNOLOGY AND SCI.,AIM,NLR,KAVALI,COED,107589,107589,177799,177799,167529,167529,174585,175039,172594,172594,175984,175984,174114,174114,170861,172818,153786,155250
P B R VISVODAYA INSTITUTE OF TECHNOLOGY AND SCI.,CAI,NLR,KAVALI,COED,89994,89994,176615,176615,177097,177097,154460,166674,172553,173473,96358,153383,167517,167517,123360,144346,146749,146757
P B R VISVODAYA INSTITUTE OF TECHNOLOGY AND SCI.,CSE,NLR,KAVALI,COED,85020,85020,165939,171175,173313,176965,146414,146414,175693,175693,137635,145401,150348,150348,176680,176680,119956,122278
P B R VISVODAYA INSTITUTE OF TECHNOLOGY AND SCI.,CSO,NLR,KAVALI,COED,131346,131346,177519,177519,169075,175383,169491,172678,174798,175462,131346,131346,175819,175819,166791,171207,166531,167006
P B R VISVODAYA INSTITUTE OF TECHNOLOGY AND SCI.,ECE,NLR,KAVALI,COED,84147,84147,128935,128935,139611,177177,140328,140328,145537,147936,114261,114261,118706,118706,171235,171235,125434,129620
P B R VISVODAYA INSTITUTE OF TECHNOLOGY AND SCI.,EEE,NLR,KAVALI,COED,135836,165687,161835,176511,159288,165687,160375,166714,167761,177009,135836,165687,168687,168687,175072,175072, , 
P B R VISVODAYA INSTITUTE OF TECHNOLOGY AND SCI.,MEC,NLR,KAVALI,COED,163799,163799,173981,173981,163799,163799,163799,169808,163799,163799,163799,163799,163799,163799,163799,163799, , 
BHARATIYA ENGG SCI. &TECH INNOVATION UNIVERSITY,AI,ATP,ANANTAPUR,COED,140893,168528,146120,168528,140893,168528,140893,168528,140893,168528,140893,168528,140893,168528,158999,168528, , 
BHARATIYA ENGG SCI. &TECH INNOVATION UNIVERSITY,AI,ATP,ANANTAPUR,COED,126508,126508,146120,158899,126508,126508,136531,169923,126895,126895,126508,126508,152449,152449,160742,160742, , 
BHARATIYA ENGG SCI. &TECH INNOVATION UNIVERSITY,CS,ATP,ANANTAPUR,COED, , , ,136248, , , ,150298,143747,143747, , , , , , , , 
BHARATIYA ENGG SCI. &TECH INNOVATION UNIVERSITY,CS,ATP,ANANTAPUR,COED, ,160771, ,160771, ,160771, ,160771, ,160771, ,160771, ,160771, ,160771, , 
BHARATIYA ENGG SCI. &TECH INNOVATION UNIVERSITY,CSE,ATP,ANANTAPUR,COED,166221,166221,173178,173178,166221,166221,166221,166221,166221,166221,166221,166221,166221,166221,166221,166221, , 
BHARATIYA ENGG SCI. &TECH INNOVATION UNIVERSITY,CSE,ATP,ANANTAPUR,COED, ,73704,150222,150222, ,73704,173014,173014,171132,171132, ,73704,153094,153094, ,73704, , 
BHARATIYA ENGG SCI. &TECH INNOVATION UNIVERSITY,DS,ATP,ANANTAPUR,COED,141209,141209,141209,141209,141209,141209,170722,170722,141209,141209,141209,141209,141209,141209,141209,141209, , 
BHARATIYA ENGG SCI. &TECH INNOVATION UNIVERSITY,DS,ATP,ANANTAPUR,COED, , , , ,140122,140122,149965,149965, , , , , , , , , , 
COLLEGE OF AGRICULTURAL ENGINEERING,AGR,ATP,MADAKASIRA,COED,138532,138532,175896,175896,138532,138532,149367,171995,167716,167716,138532,138532,138532,138532,138532,138532, , 
APOLLO UNIVERSITY,CAD,CTR,CHITTOOR,COED,59280,59280,165378,165378,155174,155174,95132,95132,148044,148044,59280,59280,74053,74053,114544,114544, , 
APOLLO UNIVERSITY,CAD,CTR,CHITTOOR,COED,19527,19527,72035,105492,120217,167216,28133,28133,60395,60395,19527,19527,27729,36266,19527,67257, , 
APOLLO UNIVERSITY,CSC,CTR,CHITTOOR,COED,22722,38082,168926,168926,71682,71682,153582,153582,61094,121684,77147,77147,53455,53455,39727,39727, , 
APOLLO UNIVERSITY,CSC,CTR,CHITTOOR,COED,16397,16397,60415,60415,16397,16397,16397,16397,16397,16397,77147,77147,16397,48192,127681,127681, , 
APOLLO UNIVERSITY,CSE,CTR,CHITTOOR,COED,50152,64376,158703,163611,133104,133104,99987,140941,156990,156990,50152,64376,50152,65882,106746,106746, , 
APOLLO UNIVERSITY,CSE,CTR,CHITTOOR,COED,27161,27161,78749,78749,75955,75955,27161,27161,27161,27161,27161,46197,27161,27161,27161,27161, , 
APOLLO UNIVERSITY,CSM,CTR,CHITTOOR,COED,29013,31724,147572,147572,116771,116771,169709,169709,52126,52126,29013,31724,43601,59183,57277,57277, , 
APOLLO UNIVERSITY,CSM,CTR,CHITTOOR,COED,12281,12281,80255,101527,121543,121543,22717,22717,65422,65422,12281,12281,13298,27772,57277,57277, , 
SVVU COLLEGE OF DAIRY TECHNOLOGY,BDT,CTR,TIRUPATHI,COED,136488,147911,152042,152042,139371,147911,136488,147911,156594,156594,136488,147911,136488,147911,136488,147911, , 
SVVU COLLEGE OF DAIRY TECHNOLOGY,BDT,CTR,TIRUPATHI,COED,86577,108802,86577,108802,106270,108802,86577,108802,86577,121312,86577,108802,154997,154997,127272,127272, , 
MOHAN BABU UNIVERSITY,CIV,CTR,RANGAMPETA,COED,136596,136596,170482,170482,176768,176768,176732,176732,136596,161157,136596,136596,136596,136596,136596,136596, , 
MOHAN BABU UNIVERSITY,CIV,CTR,RANGAMPETA,COED,115259,115259,144864,144864,115259,172803,115259,115259,150903,161157,115259,115259,115259,115259,115259,115259, , 
MOHAN BABU UNIVERSITY,CSC,CTR,RANGAMPETA,COED,21382,21553,112092,154424,137488,137488,77236,77236,63089,82200,22711,22711,71185,71185,76358,76358, , 
MOHAN BABU UNIVERSITY,CSC,CTR,RANGAMPETA,COED,28155,28155,126394,126394,28155,136213,29520,29520,28155,47162,28155,28155,40159,42034,28155,28155, , 
MOHAN BABU UNIVERSITY,CSD,CTR,RANGAMPETA,COED,34938,41450,166873,176356,124304,124304,83260,83260,52132,106514,34938,41450,55025,69872,81750,81750, , 
MOHAN BABU UNIVERSITY,CSD,CTR,RANGAMPETA,COED,23551,24263,155226,155226,107715,141505,34925,38000,39194,39194,23551,24263,68736,68736,40796,40796, , 
MOHAN BABU UNIVERSITY,CSE,CTR,RANGAMPETA,COED,29216,29216,171627,171627,162807,168948,69854,107343,110545,120714,82949,82949,45034,51425,69153,94092, , 
MOHAN BABU UNIVERSITY,CSE,CTR,RANGAMPETA,COED,22719,22719,83249,83249,71892,122186,28712,34242,29083,29083,89625,89625,39895,39895,23153,45507, , 
MOHAN BABU UNIVERSITY,CSM,CTR,RANGAMPETA,COED,30510,36984,156432,161413,157246,157246,66036,120677,148363,148363,35812,70293,69677,125495,83329,92812, , 
MOHAN BABU UNIVERSITY,CSM,CTR,RANGAMPETA,COED,17840,27277,136243,136243,114454,155701,27950,35511,31070,31070,53372,53372,57044,62780,24026,34330, , 
MOHAN BABU UNIVERSITY,ECE,CTR,RANGAMPETA,COED,44160,61891,163764,163764,172062,172062,68163,94763,64443,89066,44160,61891,94014,102924,101610,101610, , 
MOHAN BABU UNIVERSITY,ECE,CTR,RANGAMPETA,COED,25086,25086,66237,93473,84817,92432,45132,45132,33684,33684,25086,80335,67299,67299,25086,75877, , 
MOHAN BABU UNIVERSITY,EEE,CTR,RANGAMPETA,COED,76558,114698,173267,173267,167327,167327,158507,158507,110299,114698,76558,114698,94144,167793,76558,126444, , 
MOHAN BABU UNIVERSITY,EEE,CTR,RANGAMPETA,COED, ,63539,152021,171503,175822,175822,139507,139507,176476,176476, ,63539,139578,167793,137215,137215, , 
MOHAN BABU UNIVERSITY,EIE,CTR,RANGAMPETA,COED,108506,108506,162281,176755,108506,145672,108506,108506,138030,149992,108506,108506,129500,129500,172728,172728, , 
MOHAN BABU UNIVERSITY,EIE,CTR,RANGAMPETA,COED,98179,98179,164723,164723,98179,98179,139906,146442,98179,98179,98179,98179,98179,98179,98179,173623, , 
MOHAN BABU UNIVERSITY,INF,CTR,RANGAMPETA,COED,46218,46218,125241,146397,116383,116383,173146,173146,104089,104089,46218,46218,81578,118182,46218,162416, , 
MOHAN BABU UNIVERSITY,INF,CTR,RANGAMPETA,COED,32052,47212,159995,159995,32052,64310,80729,80729,58859,58859,32052,47212,32052,59242,92704,92704, , 
MOHAN BABU UNIVERSITY,MEC,CTR,RANGAMPETA,COED,91431,91431,169426,169426,91431,91431,147616,147616,91431,111706,91431,91431,91431,106953,91431,91431, , 
MOHAN BABU UNIVERSITY,MEC,CTR,RANGAMPETA,COED,53182,53182,175298,175298,120691,120691,172269,172269,86598,86598,53182,99269,148140,148140,53182,150788, , 
SCHOOL OF ENGG. TECH. SPMVV - SELF FINANCE,CSE,CTR,TIRUPATHI,GIRLS, ,49591, ,73640, ,165529, ,59291, ,49591, , , ,63862, ,56326, ,32894
SCHOOL OF ENGG. TECH. SPMVV - SELF FINANCE,CSE,CTR,TIRUPATHI,GIRLS, ,17427, ,52508, ,70416, ,22492, ,30397, , , ,32493, ,45657, ,49767
SCHOOL OF ENGG. TECH. SPMVV - SELF FINANCE,ECE,CTR,TIRUPATHI,GIRLS, ,51811, ,104611, ,69685, ,72180, ,96132, ,127014, ,65414, ,120466, ,70896
SCHOOL OF ENGG. TECH. SPMVV - SELF FINANCE,ECE,CTR,TIRUPATHI,GIRLS, ,36108, ,63717, ,51813, ,46035, ,53964, ,39235, ,56229, ,85539, ,51186
SCHOOL OF ENGG. TECH. SPMVV - SELF FINANCE,EEE,CTR,TIRUPATHI,GIRLS, ,79869, ,118334, ,146366, ,135648, ,157412, , , ,104084, ,152126, ,95799
SCHOOL OF ENGG. TECH. SPMVV - SELF FINANCE,EEE,CTR,TIRUPATHI,GIRLS, ,83525, ,101996, ,141391, ,115745, ,107549, ,91226, ,119881, ,83525, ,77414
SCHOOL OF ENGG. TECH. SPMVV - SELF FINANCE,MEC,CTR,TIRUPATHI,GIRLS, ,152860, ,152860, ,164011, ,152860, ,152860, , , ,152860, ,152860, , 
SCHOOL OF ENGG. TECH. SPMVV - SELF FINANCE,MEC,CTR,TIRUPATHI,GIRLS, ,123869, ,172421, ,123869, ,123869, ,123869, , , ,123869, ,123869, , 
ADITYA  UNIVERSITY,AGR,EG,SURAMPALEM,COED,130564,130564,165388,165388,140508,169762,139359,140577,130564,130564,130564,130564,147857,147857,160847,160847, , 
ADITYA  UNIVERSITY,AGR,EG,SURAMPALEM,COED,136960,136960,136960,136960,136960,136960,136960,136960,136960,136960,136960,136960,136960,150284,136960,136960, , 
ADITYA  UNIVERSITY,AIM,EG,SURAMPALEM,COED,16111,16111,83681,95026,155205,155205,33497,33497,27689,27960,38142,46687,22754,25163,49442,49442, , 
ADITYA  UNIVERSITY,AIM,EG,SURAMPALEM,COED,30690,38807,172676,172676,101494,103701,79126,140662,98695,98695,127164,127164,124997,124997,130966,130966, , 
ADITYA  UNIVERSITY,CIV,EG,SURAMPALEM,COED,60483,60483,158952,158952,121617,163994,85522,112070,99520,99520,60483,60483,90802,90802,60483,93093, , 
ADITYA  UNIVERSITY,CIV,EG,SURAMPALEM,COED,168107,168107,170339,175437,168107,168107,168107,168107,168107,168107,168107,168107,168107,168107,168107,168107, , 
ADITYA  UNIVERSITY,CSD,EG,SURAMPALEM,COED,15932,15932,80829,80829,165461,165461,32005,36952,23407,23407,15932,60880,20606,21071,29386,44025, , 
ADITYA  UNIVERSITY,CSD,EG,SURAMPALEM,COED,23835,55414,138347,138347,105857,105857,66969,85391,90491,90491,23835,55414,91410,116006,99435,99435, , 
ADITYA  UNIVERSITY,CSE,EG,SURAMPALEM,COED,10116,10116,46756,46756,116197,177603,18866,20367,16822,16822,15480,25954,14763,17338,26902,34779, , 
ADITYA  UNIVERSITY,CSE,EG,SURAMPALEM,COED,18788,21657,106655,140908,168559,168559,54927,67282,65725,65725,34687,34687,40268,52860,69763,119704, , 
ADITYA  UNIVERSITY,ECE,EG,SURAMPALEM,COED,19417,19417,84889,99554,150181,150181,41792,43475,33508,34574,53620,53620,24757,27057,87290,125679, , 
ADITYA  UNIVERSITY,ECE,EG,SURAMPALEM,COED,46638,76748,167692,167692,164295,164295,120181,120181,157104,157104,46638,76748,119658,167080,91262,91262, , 
ADITYA  UNIVERSITY,EEE,EG,SURAMPALEM,COED,30175,30175,112750,144203,92946,92946,30175,36172,56055,174766,30175,42841,48125,48125,79278,79278, , 
ADITYA  UNIVERSITY,EEE,EG,SURAMPALEM,COED,95244,95244,146576,162642,132206,132206,95244,95244,95244,95244,95244,95244,95244,95244,95244,95244, , 
ADITYA  UNIVERSITY,INF,EG,SURAMPALEM,COED,17905,17905,104171,104171,135495,135495,44543,44543,31084,31084,17905,17905,23319,23319,29226,39766, , 
ADITYA  UNIVERSITY,INF,EG,SURAMPALEM,COED,49518,49518,102104,158898,103374,103374,159297,159297,132129,132129,87626,87626,56107,95628,49518,49518, , 
ADITYA  UNIVERSITY,MEC,EG,SURAMPALEM,COED,43067,150098,94904,150098,118264,156814,100751,168475,78192,150098,43067,150098,69194,150098,167180,167180, , 
ADITYA  UNIVERSITY,MEC,EG,SURAMPALEM,COED,24119,150098,148965,153792,135941,150098,50773,150098,77347,150098,24119,150098,172340,172340,47040,150098, , 
ADITYA  UNIVERSITY,MIN,EG,SURAMPALEM,COED,69110,69110,70622,159494,147050,165094,127898,127898,86342,86342,69110,69110,166077,174900,69110,69110, , 
ADITYA  UNIVERSITY,MIN,EG,SURAMPALEM,COED,137760,176953,162611,176953,137760,176953,137760,176953,137820,176953,137760,176953,137760,176953,137760,176953, , 
ADITYA  UNIVERSITY,PET,EG,SURAMPALEM,COED,69156,69156,163817,163817,69156,77902,141828,141828,161428,161428,131249,131249,150812,150812,69156,69156, , 
ADITYA  UNIVERSITY,PET,EG,SURAMPALEM,COED,49370,49370,175582,175582,49370,49370,141828,141828,156689,156689,49370,49370,110234,110234,49370,49370, , 
GODAVARI GLOBAL UNIVERSITY,AGR,EG,RAJAHMUNDRY,COED,142598,142598,157016,159157,166735,166735,142598,142598,176367,176367,142598,142598,150359,150359,145026,145026, , 
GODAVARI GLOBAL UNIVERSITY,AGR,EG,RAJAHMUNDRY,COED,142598,142598,174975,174975,142598,142598,142598,142598,142598,142598,142598,142598,150359,150359,142598,142598, , 
GODAVARI GLOBAL UNIVERSITY,AUT,EG,RAJAHMUNDRY,COED,102546,123450,146967,146967,102546,123450,162613,162613,175022,175022,102546,123450,169259,175420,102546,166183, , 
GODAVARI GLOBAL UNIVERSITY,AUT,EG,RAJAHMUNDRY,COED,128524,150292,128524,150292,128524,150292,128524,150292,162610,162610,128524,150292,128524,150292,128524,150292, , 
GODAVARI GLOBAL UNIVERSITY,CIV,EG,RAJAHMUNDRY,COED,78161,102972,173179,177629,126724,177579,147614,156559,144719,173735,78161,102972,139030,139030,78161,172377, , 
GODAVARI GLOBAL UNIVERSITY,CIV,EG,RAJAHMUNDRY,COED,84258,84258,133973,165567,84258,84258,142152,142152,91835,146115,84258,95928,122984,149301,112847,172377, , 
GODAVARI GLOBAL UNIVERSITY,CSC,EG,RAJAHMUNDRY,COED,41476,41476,133027,148213,130588,162402,80013,86230,82741,82741,48806,48806,53440,68629,41476,140320, , 
GODAVARI GLOBAL UNIVERSITY,CSC,EG,RAJAHMUNDRY,COED,98778,98778,161300,161300,161303,161303,98778,98778,98778,109576,98778,98778,147820,170784,98778,98778, , 
GODAVARI GLOBAL UNIVERSITY,CSD,EG,RAJAHMUNDRY,COED,47598,47598,164452,173406,165545,165545,80497,151825,96770,96770,47598,47598,66854,68815,113332,132846, , 
GODAVARI GLOBAL UNIVERSITY,CSD,EG,RAJAHMUNDRY,COED,94895,94895,177638,177638,94895,94895,131260,135449,97189,163045,103264,103264,94895,94895,115466,115466, , 
GODAVARI GLOBAL UNIVERSITY,CSE,EG,RAJAHMUNDRY,COED,42076,42076,132487,177402,177701,177701,73032,84432,73479,74011,171978,171978,53846,57863,142766,142766, , 
GODAVARI GLOBAL UNIVERSITY,CSE,EG,RAJAHMUNDRY,COED,107470,175016,176534,176534,157259,175016,168273,175016,163842,175016,107470,175016,171530,175016,120568,175016, , 
GODAVARI GLOBAL UNIVERSITY,CSM,EG,RAJAHMUNDRY,COED,41799,43389,165042,167938,161539,177466,99029,116241,93731,94911,41989,43389,58824,67948,113403,130167, , 
GODAVARI GLOBAL UNIVERSITY,CSM,EG,RAJAHMUNDRY,COED,147532,152067,174921,174921,176666,176666,150638,152067,147532,152067,147532,152067,147532,152067,147532,152067, , 
GODAVARI GLOBAL UNIVERSITY,ECE,EG,RAJAHMUNDRY,COED,47993,47993,170764,170764,156391,156391,89529,136282,84569,94271,47993,139998,66793,66793,125809,128397, , 
GODAVARI GLOBAL UNIVERSITY,ECE,EG,RAJAHMUNDRY,COED,54201,54201,177705,177705,173346,177620,60862,97813,87772,95912,103905,103905,61369,61369,140743,140743, , 
GODAVARI GLOBAL UNIVERSITY,EEE,EG,RAJAHMUNDRY,COED,80395,104154,139345,167507,112846,176835,170126,170126,134937,152970,95394,104154,119211,170918,162957,166886, , 
GODAVARI GLOBAL UNIVERSITY,EEE,EG,RAJAHMUNDRY,COED,83892,127274,125630,127274,127230,139637,102643,140898,130427,158499,95394,127274,118091,127274,103969,127274, , 
GODAVARI GLOBAL UNIVERSITY,MEC,EG,RAJAHMUNDRY,COED,95829,95829,162201,162606,157655,157655,144436,144436,123761,123761,95829,95829,138991,142493,156098,156098, , 
GODAVARI GLOBAL UNIVERSITY,MEC,EG,RAJAHMUNDRY,COED,82974,101724,131218,156523,82974,101724,133385,133385,138384,138384,82974,101724,133684,133684,134265,134265, , 
GODAVARI GLOBAL UNIVERSITY,MIN,EG,RAJAHMUNDRY,COED,145841,145841,152304,152304,145841,145841,160917,160917,145841,145841,145841,145841,145841,145841,145841,145841, , 
GODAVARI GLOBAL UNIVERSITY,MIN,EG,RAJAHMUNDRY,COED,171507,171507,171507,171507,171507,171507,171507,171507,171507,171507,171507,171507,171507,171507,171507,171507, , 
Dr. N T R COLLEGE OF AGRICULTURAL ENGINEERING,AGR,GTR,BAPATLA,COED,108243,108243,170526,170526,108243,154102,133248,133248,130147,130147,148197,148197,108243,108243,146538,146538,177081,149372
Dr. N T R COLLEGE OF FOOD SCIENCE AND TECHNOLOGY,FDT,GTR,BAPATLA,COED,142954,142954,163762,163762,142954,142954,177724,177724,142954,142954,142954,142954,142954,169712,142954,142954,121267, 
S R M UNIVERSITY AP,CIV,GTR,AMARAVATHI,COED,8224,8224,8224,8224,8224,8224,8224,11404,24182,24182,8224,8224,19241,19241,8224,29984, , 
S R M UNIVERSITY AP,CIV,GTR,AMARAVATHI,COED,21726,21726,21726,21726,21726,21726,21726,21726,21726,21726,21726,21726,21726,21726,21726,21726, , 
S R M UNIVERSITY AP,CSE,GTR,AMARAVATHI,COED,3822,4190,18658,20700,38943,52693,6064,8785,5915,7189,15983,15983,5328,5328,6628,11013, , 
S R M UNIVERSITY AP,CSE,GTR,AMARAVATHI,COED,7232,7898,29424,73006,56989,56989,8741,11569,8343,12810,25057,25057,9046,9046,8477,28211, , 
S R M UNIVERSITY AP,ECE,GTR,AMARAVATHI,COED,3032,5439,15773,15773,19306,19306,6696,8277,3032,8357,24209,24209,4647,6674,3032,5439, , 
S R M UNIVERSITY AP,ECE,GTR,AMARAVATHI,COED,6650,8975,23908,32179,52047,52047,6650,8975,6650,8975,24209,24209,6650,8975,8964,8975, , 
S R M UNIVERSITY AP,EEE,GTR,AMARAVATHI,COED,5068,5068,26442,26442,5068,5068,5068,17366,14569,14569,5068,5068,9032,15709,5068,5068, , 
S R M UNIVERSITY AP,EEE,GTR,AMARAVATHI,COED,8083,8083,8083,8083,8083,8083,8083,8083,8083,8083,8083,8083,9032,9032,8083,8083, , 
S R M UNIVERSITY AP,MEC,GTR,AMARAVATHI,COED,5825,5825,28255,28255,5825,74646,30821,30821,7804,7804,5825,5825,5825,31313,5825,5825, , 
S R M UNIVERSITY AP,MEC,GTR,AMARAVATHI,COED,5094,14110,28255,28255,5094,14110,5094,14110,16357,16357,5094,14110,5094,14110,5094,14110, , 
VIT-AP UNIVERSITY,CBC,GTR,AMARAVATHI,COED,3958,4239,25780,25780,50534,50534,7978,7978,3958,8280,3958,4239,5022,5022,3958,4239, , 
VIT-AP UNIVERSITY,CBC,GTR,AMARAVATHI,COED,5922,7464,5922,31655,5922,7464,13549,13549,7896,7896,5922,7464,5922,7464,11001,11001, , 
VIT-AP UNIVERSITY,CDA,GTR,AMARAVATHI,COED,3498,3676,21331,21842,49130,49130,8731,8731,6698,7309,3498,3676,4356,5623,9202,10152, , 
VIT-AP UNIVERSITY,CDA,GTR,AMARAVATHI,COED,5498,7230,27841,29590,42997,42997,10317,14515,6549,7230,5498,7230,10199,10199,15828,15828, , 
VIT-AP UNIVERSITY,CSB,GTR,AMARAVATHI,COED,4716,5799,27402,29046,62736,62736,8171,9759,7356,7406,4716,5799,6403,6527,12380,12380, , 
VIT-AP UNIVERSITY,CSB,GTR,AMARAVATHI,COED,8452,9310,41221,41221,54942,82533,10416,20806,11341,11341,26087,26087,8452,9310,15732,20485, , 
VIT-AP UNIVERSITY,CSC,GTR,AMARAVATHI,COED,3898,3898,22628,22628,49805,60200,7110,7110,5864,6556,3898,3898,4118,6041,8765,8765, , 
VIT-AP UNIVERSITY,CSC,GTR,AMARAVATHI,COED,6973,6973,22750,25387,6973,6973,7952,7952,8190,8190,6973,6973,8410,10493,6973,17703, , 
VIT-AP UNIVERSITY,CSE,GTR,AMARAVATHI,COED,3418,3678,18074,18074,32694,32694,4255,4359,5538,5538,7131,7857,3418,3678,7265,7265, , 
VIT-AP UNIVERSITY,CSE,GTR,AMARAVATHI,COED,6750,6750,23509,26315,36832,37265,6750,6750,7231,7231,18655,18655,6750,6834,6750,7508, , 
VIT-AP UNIVERSITY,CSM,GTR,AMARAVATHI,COED,3759,3759,19604,20398,47925,56619,7704,7706,6319,8934,7046,7046,4138,4646,8531,8531, , 
VIT-AP UNIVERSITY,CSM,GTR,AMARAVATHI,COED,6579,7220,27915,27915,38313,38313,9188,9939,7561,7561,6579,20453,8590,8834,7225,7225, , 
VIT-AP UNIVERSITY,CSW,GTR,AMARAVATHI,COED,4013,4213,22042,22042,64041,64041,9084,9084,6856,6856,4013,4213,4443,4443,12449,12449, , 
VIT-AP UNIVERSITY,CSW,GTR,AMARAVATHI,COED,7291,8972,37532,37532,7291,60391,7291,8972,8317,8972,7291,8972,7291,8972,11075,11075, , 
VIT-AP UNIVERSITY,ECE,GTR,AMARAVATHI,COED,4524,4524,24517,24517,14690,14690,4524,4524,6881,6881,4524,4524,4524,5121,4524,11014, , 
VIT-AP UNIVERSITY,ECE,GTR,AMARAVATHI,COED,3413,5852,9593,24244,28285,28285,6346,6346,4879,8386,3413,5852,6909,6909,3413,5852, , 
VIT-AP UNIVERSITY,ECES,GTR,AMARAVATHI,COED,3628,3628,3628,3628,3628,140550,3628,11828,3628,3628,3628,3628,3628,3628,15148,15148, , 
VIT-AP UNIVERSITY,ECES,GTR,AMARAVATHI,COED,6545,9073,6545,9073,6545,9073,6545,9073,6545,9073,6545,9073,11674,11674,15148,15148, , 
VIT-AP UNIVERSITY,ECV,GTR,AMARAVATHI,COED,4491,4792,15956,27052,51507,51507,6279,6279,8560,8560,4491,4792,6521,7866,10625,10625, , 
VIT-AP UNIVERSITY,ECV,GTR,AMARAVATHI,COED,6863,6863,30450,30450,6863,112699,12865,12865,6863,19321,6863,6863,12255,13058,6863,6863, , 
VIT-AP UNIVERSITY,MAD,GTR,AMARAVATHI,COED,8471,12061,49618,49618,8471,12061,8471,32227,12938,12938,8471,12061,8471,12061,8471,12061, , 
VIT-AP UNIVERSITY,MAD,GTR,AMARAVATHI,COED,6152,6152,49618,56761,6152,6152,19674,19674,6152,6152,6152,6152,24995,24995,6152,6152, , 
VIT-AP UNIVERSITY,MEC,GTR,AMARAVATHI,COED,7913,10927,82172,82172,45419,45419,7913,10927,21026,24527,12076,87653,7913,23299,7913,10927, , 
VIT-AP UNIVERSITY,MEC,GTR,AMARAVATHI,COED,11990,36536,128706,128706,136819,136819,11990,72279,19832,36536,11990,87653,30501,36536,11990,36536, , 
VIT-AP UNIVERSITY,MRB,GTR,AMARAVATHI,COED,7531,9802,32771,44410,177093,177093,7531,9802,7531,9802,7531,9802,7531,9802,18721,18721, , 
VIT-AP UNIVERSITY,MRB,GTR,AMARAVATHI,COED,17858,23195,123402,123402,17858,23195,17858,23195,17858,23195,17858,23195,17858,23195,18721,23195, , 
VIT-AP UNIVERSITY-5 YEAR INTEGRATED MTECH,CSE,GTR,AMARAVATHI,COED,5604,5986,28368,32209,55697,55697,15233,15233,8740,10155,5604,26810,7326,7326,12348,22108, , 
VIT-AP UNIVERSITY-5 YEAR INTEGRATED MTECH,CSE,GTR,AMARAVATHI,COED,9803,9803,25618,38405,29043,72467,10074,16983,9803,19235,9803,9803,18447,18447,15035,16078, , 
VIT-AP UNIVERSITY-5 YEAR INTEGRATED MTECH,SWE,GTR,AMARAVATHI,COED,10547,10547,57911,57911,109152,115039,30278,30278,19065,22195,32364,32364,13343,13343,15581,62221, , 
VIT-AP UNIVERSITY-5 YEAR INTEGRATED MTECH,SWE,GTR,AMARAVATHI,COED,14100,14100,81668,88195,131413,131413,15204,46554,16547,89931,14100,14100,25656,25656,20810,30540, , 
ANNAMACHARYA  UNIVERSITY,AID,KDP,RAJAMPETA,COED,73127,145769,162797,162797,143839,155845,108630,145769,152536,171348,73127,145769,171598,171598,81442,176631, , 
ANNAMACHARYA  UNIVERSITY,AID,KDP,RAJAMPETA,COED,40939,40939,120277,120277,135812,159917,60377,60377,72601,72601,40939,67665,94680,94680,71624,71624, , 
ANNAMACHARYA  UNIVERSITY,AIM,KDP,RAJAMPETA,COED,117313,128737,177740,177740,154192,160298,166359,166359,136036,136036,117313,128737,148555,148555,117313,128737, , 
ANNAMACHARYA  UNIVERSITY,AIM,KDP,RAJAMPETA,COED,39362,39362,159137,159137,168986,168986,71623,91312,71028,104246,60169,60169,60985,60985,58366,76341, , 
ANNAMACHARYA  UNIVERSITY,CAI,KDP,RAJAMPETA,COED,99304,99304,177542,177542,99304,133986,99304,99304,99304,99304,99304,99304,99304,99304,120143,120143, , 
ANNAMACHARYA  UNIVERSITY,CAI,KDP,RAJAMPETA,COED,39181,39181,142184,162317,133219,133219,66591,66591,72240,72240,39181,39181,78109,78109,62348,62348, , 
ANNAMACHARYA  UNIVERSITY,CIC,KDP,RAJAMPETA,COED,132453,132453,165523,165523,132453,132453,165080,165080,132453,137127,132453,132453,132453,132453,132453,147367, , 
ANNAMACHARYA  UNIVERSITY,CIC,KDP,RAJAMPETA,COED,48172,48172,54537,54808,55805,55805,95813,95813,80204,86423,48172,48172,95245,95245,105878,105878, , 
ANNAMACHARYA  UNIVERSITY,CIV,KDP,RAJAMPETA,COED,176016,176016,177597,177597,176016,176016,176016,176016,176763,176763,176016,176016,176016,176016,176016,176016, , 
ANNAMACHARYA  UNIVERSITY,CIV,KDP,RAJAMPETA,COED,123762,123762,156685,156685,164068,164068,148899,148899,167039,167039,152088,152088,151749,151749,123762,166340, , 
ANNAMACHARYA  UNIVERSITY,CSD,KDP,RAJAMPETA,COED,82179,109412,177438,177438,160151,160151,82179,109412,168962,168962,82179,109412,161088,161088,82179,109412, , 
ANNAMACHARYA  UNIVERSITY,CSD,KDP,RAJAMPETA,COED,38505,38505,154949,177401,154919,154919,75851,81784,57750,60056,38505,38505,75396,75396,63099,75292, , 
ANNAMACHARYA  UNIVERSITY,CSE,KDP,RAJAMPETA,COED,76259,107676,177387,177387,163304,175153,145430,145430,144890,172586,98728,107676,161637,166558,143182,143182, , 
ANNAMACHARYA  UNIVERSITY,CSE,KDP,RAJAMPETA,COED,33151,33151,118073,118073,122892,149945,38631,38631,77172,77172,33151,45379,41290,77515,48611,48611, , 
ANNAMACHARYA  UNIVERSITY,CSM,KDP,RAJAMPETA,COED,63997,91218,134209,134209,125390,136614,136075,136075,113647,168730,63997,91218,125306,125306,63997,119468, , 
ANNAMACHARYA  UNIVERSITY,CSM,KDP,RAJAMPETA,COED,27248,29598,143533,143533,109790,109790,33324,44428,43977,51746,39088,39088,30908,58948,27248,33248, , 
ANNAMACHARYA  UNIVERSITY,ECE,KDP,RAJAMPETA,COED,65656,117473,176616,176616,148110,148110,173023,173023,102196,117473,65656,117473,92330,118020,77130,117473, , 
ANNAMACHARYA  UNIVERSITY,ECE,KDP,RAJAMPETA,COED,32412,33652,122287,129928,146310,148381,50659,55918,66007,66007,32412,33652,62026,62026,72911,75210, , 
ANNAMACHARYA  UNIVERSITY,EEE,KDP,RAJAMPETA,COED,45827,49198,165421,173862,177158,177158,116631,116631,120889,153567,45827,134177,151387,158424,138949,151442, , 
ANNAMACHARYA  UNIVERSITY,EEE,KDP,RAJAMPETA,COED,65617,65617,144845,150546,151204,177234,110759,140727,143038,143038,65617,134177,118351,118351,131197,131197, , 
ANNAMACHARYA  UNIVERSITY,MEC,KDP,RAJAMPETA,COED,173139,173139,174283,174283,173139,173139,173139,173139,173761,173761,177326,177326,175009,175009,173139,173139, , 
ANNAMACHARYA  UNIVERSITY,MEC,KDP,RAJAMPETA,COED,70907,133655,163584,163584,91816,133655,115905,133655,170909,170909,70907,133655,124902,155123,111275,133655, , 
COLLEGE OF FOOD SCIENCE AND TECHNOLOGY,FDT,KDP,PULIVENDULA,COED,88895,88895,88895,88895,88895,164398,88895,88895,88895,88895,88895,88895,88895,88895,88895,88895, , 
DR.YSR ARCHITECTURE AND FINE ARTS UNIVERSITY,GDT,KDP,KADAPA,COED,126517,126517,126517,126517,126517,126517,126517,126517,126517,126517,126517,126517,126517,126517,126517,126517, , 
DR.YSR ARCHITECTURE AND FINE ARTS UNIVERSITY,GDT,KDP,KADAPA,COED,166705,166705,166705,166705,166705,166705,166705,166705,166705,166705,166705,166705,166705,166705,166705,166705, , 
CENTURION UNIVERSITY OF TECHNOLOGY & MANAGEMENT,CIC,VZM,TEKKALI,COED,58524,58524,62732,67331,164307,164307,76803,76803,73905,86212,58524,58524,62291,65952,58524,58524, , 
CENTURION UNIVERSITY OF TECHNOLOGY & MANAGEMENT,CIC,VZM,TEKKALI,COED,29096,29096,29096,29096,29096,29096,29096,29096,149422,149422,29096,29096,29096,67084,76477,112715, , 
CENTURION UNIVERSITY OF TECHNOLOGY & MANAGEMENT,CN,VZM,TEKKALI,COED,59372,59372,69823,89964,59372,73707,85965,144775,136581,136581,59372,59372,66414,95183,59372,59372, , 
CENTURION UNIVERSITY OF TECHNOLOGY & MANAGEMENT,CN,VZM,TEKKALI,COED, ,115361,76889,115361, ,115361,134154,134154,97854,115361, ,115361,87463,115361, ,115361, , 
CENTURION UNIVERSITY OF TECHNOLOGY & MANAGEMENT,CSBS,VZM,TEKKALI,COED,70869,70869,104833,104833,104064,104064,70869,101350,70869,108453,70869,70869,104988,104988,94569,94569, , 
CENTURION UNIVERSITY OF TECHNOLOGY & MANAGEMENT,CSBS,VZM,TEKKALI,COED,84711,84711,84711,115934,84711,84711,84711,107636,122217,159165,125376,125376,84711,84711,131540,131540, , 
CENTURION UNIVERSITY OF TECHNOLOGY & MANAGEMENT,CSD,VZM,TEKKALI,COED,49408,49408,150762,150762,56987,56987,49408,85117,49408,49408,49408,49408,51097,51097,49408,49408, , 
CENTURION UNIVERSITY OF TECHNOLOGY & MANAGEMENT,CSD,VZM,TEKKALI,COED,21454,21454,30658,30658,94916,169126,108960,108960,68156,68156,21454,21454,21454,47279,21454,21454, , 
CENTURION UNIVERSITY OF TECHNOLOGY & MANAGEMENT,CSM,VZM,TEKKALI,COED,30595,30595,164662,164662,43439,43439,30595,99281,127178,127178,30595,30595,30595,40868,68092,77726, , 
CENTURION UNIVERSITY OF TECHNOLOGY & MANAGEMENT,CSM,VZM,TEKKALI,COED,94821,94821,94821,94821,94821,94821,94821,99736,127774,127774,94821,94821,98464,98464,94821,94821, , 
CENTURION UNIVERSITY OF TECHNOLOGY & MANAGEMENT,CSW,VZM,TEKKALI,COED,46852,51373,46852,139796,46852,51373,96844,155175,117972,117972,46852,51373,77084,77084,96255,96255, , 
CENTURION UNIVERSITY OF TECHNOLOGY & MANAGEMENT,CSW,VZM,TEKKALI,COED,135563,135563,163790,163790,135563,135563,171471,171471,135563,135563,135563,135563,135563,135563,135563,135563, , 
CENTURION UNIVERSITY OF TECHNOLOGY & MANAGEMENT,EBM,VZM,TEKKALI,COED,83886,90237,83886,92800,83886,90237,83886,147806,95810,95810,83886,90237,175905,175905,83886,90237, , 
CENTURION UNIVERSITY OF TECHNOLOGY & MANAGEMENT,EBM,VZM,TEKKALI,COED,74609,125875,118444,125875,136632,136632,74609,125875,74609,125875,74609,125875,74609,168609,123522,125875, , 
CENTURION UNIVERSITY OF TECHNOLOGY & MANAGEMENT,ECE,VZM,TEKKALI,COED,18339,58048,165315,165315,18339,58048,18339,58048,150832,150832,18339,68365,53159,58048,46659,58048, , 
CENTURION UNIVERSITY OF TECHNOLOGY & MANAGEMENT,ECE,VZM,TEKKALI,COED,77167,77167,77167,77167,77167,77167,77167,77167,176039,176039,77167,77167,77167,77167,98987,98987, , 
CENTURION UNIVERSITY OF TECHNOLOGY & MANAGEMENT,EII,VZM,TEKKALI,COED,111525,111525,138877,170362,111525,168141,134158,134158,152061,152061,111525,111525,132522,132522,111525,111525, , 
CENTURION UNIVERSITY OF TECHNOLOGY & MANAGEMENT,EII,VZM,TEKKALI,COED,106699,106699,106699,106699,106699,106699,134158,134158,106699,161426,106699,106699,133144,133144,106699,106699, , 
CENTURION UNIVERSITY OF TECHNOLOGY & MANAGEMENT,MAU,VZM,TEKKALI,COED,55422,120972,55422,120972,55422,120972,55422,120972,161062,161062,55422,120972,55422,120972,55422,120972, , 
CENTURION UNIVERSITY OF TECHNOLOGY & MANAGEMENT,MAU,VZM,TEKKALI,COED,152280,152280,152280,152280,152280,152280,152280,152280,161062,161062,152280,152280,152280,152280,152280,152280, , 
CENTURION UNIVERSITY OF TECHNOLOGY & MANAGEMENT,MEC,VZM,TEKKALI,COED, ,101069,102853,102853,88392,101069,135641,135641,154207,175369, ,101069,111913,141351,138267,138267, , 
CENTURION UNIVERSITY OF TECHNOLOGY & MANAGEMENT,MEC,VZM,TEKKALI,COED,95607,101069,121872,121872,130598,130598,132617,140084,95607,101069,95607,101069,95607,141994,95607,101069, , 
CENTURION UNIVERSITY OF TECHNOLOGY & MANAGEMENT,MII,VZM,TEKKALI,COED,170168,170168,170168,170168,170168,170168,170168,170168,170168,170168,170168,170168,170168,170168,170168,170168, , 
CENTURION UNIVERSITY OF TECHNOLOGY & MANAGEMENT,MMM,VZM,TEKKALI,COED,143610,143610,143610,143610,143610,143610,143610,143610,143610,143610,143610,143610,143610,143610,143610,143610, , 
CENTURION UNIVERSITY OF TECHNOLOGY & MANAGEMENT,MMM,VZM,TEKKALI,COED,160598,160598,160598,160598,160598,160598,160598,160598,160598,160598,160598,160598,160598,160598,160598,160598, , 
