Institute,Program,Seat_Type,Gender,Round,Predicted_Closing_Rank_2026
Institute_1,Electrical,OPEN,Gender-Neutral,1,183353
Institute_1,Electrical,OPEN,Gender-Neutral,2,183291
Institute_1,Electrical,OPEN,Gender-Neutral,3,183230
Institute_1,Electrical,OPEN,Gender-Neutral,4,183168
Institute_1,Electrical,OPEN,Gender-Neutral,5,183106
Institute_1,Electrical,OPEN,Gender-Neutral,6,183044
Institute_1,Electrical,OPEN,Female-only (including Supernumerary),1,183055
Institute_1,Electrical,OPEN,Female-only (including Supernumerary),2,182994
Institute_1,Electrical,OPEN,Female-only (including Supernumerary),3,182932
Institute_1,Electrical,OPEN,Female-only (including Supernumerary),4,182870
Institute_1,Electrical,OPEN,Female-only (including Supernumerary),5,182808
Institute_1,Electrical,OPEN,Female-only (including Supernumerary),6,182746
Institute_1,Electrical,EWS,Gender-Neutral,1,131446
Institute_1,Electrical,EWS,Gender-Neutral,2,131384
Institute_1,Electrical,EWS,Gender-Neutral,3,131322
Institute_1,Electrical,EWS,Gender-Neutral,4,131261
Institute_1,Electrical,EWS,Gender-Neutral,5,131199
Institute_1,Electrical,EWS,Gender-Neutral,6,131137
Institute_1,Electrical,EWS,Female-only (including Supernumerary),1,131148
Institute_1,Electrical,EWS,Female-only (including Supernumerary),2,131086
Institute_1,Electrical,EWS,Female-only (including Supernumerary),3,131025
Institute_1,Electrical,EWS,Female-only (including Supernumerary),4,130963
Institute_1,Electrical,EWS,Female-only (including Supernumerary),5,130901
Institute_1,Electrical,EWS,Female-only (including Supernumerary),6,130839
Institute_1,Electrical,OBC-NCL,Gender-Neutral,1,157400
Institute_1,Electrical,OBC-NCL,Gender-Neutral,2,157338
Institute_1,Electrical,OBC-NCL,Gender-Neutral,3,157276
Institute_1,Electrical,OBC-NCL,Gender-Neutral,4,157214
Institute_1,Electrical,OBC-NCL,Gender-Neutral,5,157152
Institute_1,Electrical,OBC-NCL,Gender-Neutral,6,157090
Institute_1,Electrical,OBC-NCL,Female-only (including Supernumerary),1,157102
Institute_1,Electrical,OBC-NCL,Female-only (including Supernumerary),2,157040
Institute_1,Electrical,OBC-NCL,Female-only (including Supernumerary),3,156978
Institute_1,Electrical,OBC-NCL,Female-only (including Supernumerary),4,156916
Institute_1,Electrical,OBC-NCL,Female-only (including Supernumerary),5,156855
Institute_1,Electrical,OBC-NCL,Female-only (including Supernumerary),6,156793
Institute_1,Electrical,SC,Gender-Neutral,1,209307
Institute_1,Electrical,SC,Gender-Neutral,2,209245
Institute_1,Electrical,SC,Gender-Neutral,3,209183
Institute_1,Electrical,SC,Gender-Neutral,4,209121
Institute_1,Electrical,SC,Gender-Neutral,5,209059
Institute_1,Electrical,SC,Gender-Neutral,6,208998
Institute_1,Electrical,SC,Female-only (including Supernumerary),1,209009
Institute_1,Electrical,SC,Female-only (including Supernumerary),2,208947
Institute_1,Electrical,SC,Female-only (including Supernumerary),3,208885
Institute_1,Electrical,SC,Female-only (including Supernumerary),4,208824
Institute_1,Electrical,SC,Female-only (including Supernumerary),5,208762
Institute_1,Electrical,SC,Female-only (including Supernumerary),6,208700
Institute_1,Electrical,ST,Gender-Neutral,1,235260
Institute_1,Electrical,ST,Gender-Neutral,2,235199
Institute_1,Electrical,ST,Gender-Neutral,3,235137
Institute_1,Electrical,ST,Gender-Neutral,4,235075
Institute_1,Electrical,ST,Gender-Neutral,5,235013
Institute_1,Electrical,ST,Gender-Neutral,6,234951
Institute_1,Electrical,ST,Female-only (including Supernumerary),1,234963
Institute_1,Electrical,ST,Female-only (including Supernumerary),2,234901
Institute_1,Electrical,ST,Female-only (including Supernumerary),3,234839
Institute_1,Electrical,ST,Female-only (including Supernumerary),4,234777
Institute_1,Electrical,ST,Female-only (including Supernumerary),5,234715
Institute_1,Electrical,ST,Female-only (including Supernumerary),6,234653
Institute_1,Mechanical,OPEN,Gender-Neutral,1,176416
Institute_1,Mechanical,OPEN,Gender-Neutral,2,176354
Institute_1,Mechanical,OPEN,Gender-Neutral,3,176292
Institute_1,Mechanical,OPEN,Gender-Neutral,4,176230
Institute_1,Mechanical,OPEN,Gender-Neutral,5,176168
Institute_1,Mechanical,OPEN,Gender-Neutral,6,176107
Institute_1,Mechanical,OPEN,Female-only (including Supernumerary),1,176118
Institute_1,Mechanical,OPEN,Female-only (including Supernumerary),2,176056
Institute_1,Mechanical,OPEN,Female-only (including Supernumerary),3,175994
Institute_1,Mechanical,OPEN,Female-only (including Supernumerary),4,175932
Institute_1,Mechanical,OPEN,Female-only (including Supernumerary),5,175871
Institute_1,Mechanical,OPEN,Female-only (including Supernumerary),6,175809
Institute_1,Mechanical,EWS,Gender-Neutral,1,124509
Institute_1,Mechanical,EWS,Gender-Neutral,2,124447
Institute_1,Mechanical,EWS,Gender-Neutral,3,124385
Institute_1,Mechanical,EWS,Gender-Neutral,4,124323
Institute_1,Mechanical,EWS,Gender-Neutral,5,124261
Institute_1,Mechanical,EWS,Gender-Neutral,6,124199
Institute_1,Mechanical,EWS,Female-only (including Supernumerary),1,124211
Institute_1,Mechanical,EWS,Female-only (including Supernumerary),2,124149
Institute_1,Mechanical,EWS,Female-only (including Supernumerary),3,124087
Institute_1,Mechanical,EWS,Female-only (including Supernumerary),4,124025
Institute_1,Mechanical,EWS,Female-only (including Supernumerary),5,123963
Institute_1,Mechanical,EWS,Female-only (including Supernumerary),6,123902
Institute_1,Mechanical,OBC-NCL,Gender-Neutral,1,150462
Institute_1,Mechanical,OBC-NCL,Gender-Neutral,2,150400
Institute_1,Mechanical,OBC-NCL,Gender-Neutral,3,150338
Institute_1,Mechanical,OBC-NCL,Gender-Neutral,4,150277
Institute_1,Mechanical,OBC-NCL,Gender-Neutral,5,150215
Institute_1,Mechanical,OBC-NCL,Gender-Neutral,6,150153
Institute_1,Mechanical,OBC-NCL,Female-only (including Supernumerary),1,150164
Institute_1,Mechanical,OBC-NCL,Female-only (including Supernumerary),2,150103
Institute_1,Mechanical,OBC-NCL,Female-only (including Supernumerary),3,150041
Institute_1,Mechanical,OBC-NCL,Female-only (including Supernumerary),4,149979
Institute_1,Mechanical,OBC-NCL,Female-only (including Supernumerary),5,149917
Institute_1,Mechanical,OBC-NCL,Female-only (including Supernumerary),6,149855
Institute_1,Mechanical,SC,Gender-Neutral,1,202369
Institute_1,Mechanical,SC,Gender-Neutral,2,202307
Institute_1,Mechanical,SC,Gender-Neutral,3,202246
Institute_1,Mechanical,SC,Gender-Neutral,4,202184
Institute_1,Mechanical,SC,Gender-Neutral,5,202122
Institute_1,Mechanical,SC,Gender-Neutral,6,202060
Institute_1,Mechanical,SC,Female-only (including Supernumerary),1,202072
Institute_1,Mechanical,SC,Female-only (including Supernumerary),2,202010
Institute_1,Mechanical,SC,Female-only (including Supernumerary),3,201948
Institute_1,Mechanical,SC,Female-only (including Supernumerary),4,201886
Institute_1,Mechanical,SC,Female-only (including Supernumerary),5,201824
Institute_1,Mechanical,SC,Female-only (including Supernumerary),6,201762
Institute_1,Mechanical,ST,Gender-Neutral,1,228323
Institute_1,Mechanical,ST,Gender-Neutral,2,228261
Institute_1,Mechanical,ST,Gender-Neutral,3,228199
Institute_1,Mechanical,ST,Gender-Neutral,4,228137
Institute_1,Mechanical,ST,Gender-Neutral,5,228076
Institute_1,Mechanical,ST,Gender-Neutral,6,228014
Institute_1,Mechanical,ST,Female-only (including Supernumerary),1,228025
Institute_1,Mechanical,ST,Female-only (including Supernumerary),2,227963
Institute_1,Mechanical,ST,Female-only (including Supernumerary),3,227901
Institute_1,Mechanical,ST,Female-only (including Supernumerary),4,227840
Institute_1,Mechanical,ST,Female-only (including Supernumerary),5,227778
Institute_1,Mechanical,ST,Female-only (including Supernumerary),6,227716
Institute_1,Electronics,OPEN,Gender-Neutral,1,179884
Institute_1,Electronics,OPEN,Gender-Neutral,2,179823
Institute_1,Electronics,OPEN,Gender-Neutral,3,179761
Institute_1,Electronics,OPEN,Gender-Neutral,4,179699
Institute_1,Electronics,OPEN,Gender-Neutral,5,179637
Institute_1,Electronics,OPEN,Gender-Neutral,6,179575
Institute_1,Electronics,OPEN,Female-only (including Supernumerary),1,179587
Institute_1,Electronics,OPEN,Female-only (including Supernumerary),2,179525
Institute_1,Electronics,OPEN,Female-only (including Supernumerary),3,179463
Institute_1,Electronics,OPEN,Female-only (including Supernumerary),4,179401
Institute_1,Electronics,OPEN,Female-only (including Supernumerary),5,179339
Institute_1,Electronics,OPEN,Female-only (including Supernumerary),6,179278
Institute_1,Electronics,EWS,Gender-Neutral,1,127977
Institute_1,Electronics,EWS,Gender-Neutral,2,127915
Institute_1,Electronics,EWS,Gender-Neutral,3,127854
Institute_1,Electronics,EWS,Gender-Neutral,4,127792
Institute_1,Electronics,EWS,Gender-Neutral,5,127730
Institute_1,Electronics,EWS,Gender-Neutral,6,127668
Institute_1,Electronics,EWS,Female-only (including Supernumerary),1,127680
Institute_1,Electronics,EWS,Female-only (including Supernumerary),2,127618
Institute_1,Electronics,EWS,Female-only (including Supernumerary),3,127556
Institute_1,Electronics,EWS,Female-only (including Supernumerary),4,127494
Institute_1,Electronics,EWS,Female-only (including Supernumerary),5,127432
Institute_1,Electronics,EWS,Female-only (including Supernumerary),6,127370
Institute_1,Electronics,OBC-NCL,Gender-Neutral,1,153931
Institute_1,Electronics,OBC-NCL,Gender-Neutral,2,153869
Institute_1,Electronics,OBC-NCL,Gender-Neutral,3,153807
Institute_1,Electronics,OBC-NCL,Gender-Neutral,4,153745
Institute_1,Electronics,OBC-NCL,Gender-Neutral,5,153684
Institute_1,Electronics,OBC-NCL,Gender-Neutral,6,153622
Institute_1,Electronics,OBC-NCL,Female-only (including Supernumerary),1,153633
Institute_1,Electronics,OBC-NCL,Female-only (including Supernumerary),2,153571
Institute_1,Electronics,OBC-NCL,Female-only (including Supernumerary),3,153509
Institute_1,Electronics,OBC-NCL,Female-only (including Supernumerary),4,153448
Institute_1,Electronics,OBC-NCL,Female-only (including Supernumerary),5,153386
Institute_1,Electronics,OBC-NCL,Female-only (including Supernumerary),6,153324
Institute_1,Electronics,SC,Gender-Neutral,1,205838
Institute_1,Electronics,SC,Gender-Neutral,2,205776
Institute_1,Electronics,SC,Gender-Neutral,3,205714
Institute_1,Electronics,SC,Gender-Neutral,4,205653
Institute_1,Electronics,SC,Gender-Neutral,5,205591
Institute_1,Electronics,SC,Gender-Neutral,6,205529
Institute_1,Electronics,SC,Female-only (including Supernumerary),1,205540
Institute_1,Electronics,SC,Female-only (including Supernumerary),2,205478
Institute_1,Electronics,SC,Female-only (including Supernumerary),3,205417
Institute_1,Electronics,SC,Female-only (including Supernumerary),4,205355
Institute_1,Electronics,SC,Female-only (including Supernumerary),5,205293
Institute_1,Electronics,SC,Female-only (including Supernumerary),6,205231
Institute_1,Electronics,ST,Gender-Neutral,1,231792
Institute_1,Electronics,ST,Gender-Neutral,2,231730
Institute_1,Electronics,ST,Gender-Neutral,3,231668
Institute_1,Electronics,ST,Gender-Neutral,4,231606
Institute_1,Electronics,ST,Gender-Neutral,5,231544
Institute_1,Electronics,ST,Gender-Neutral,6,231482
Institute_1,Electronics,ST,Female-only (including Supernumerary),1,231494
Institute_1,Electronics,ST,Female-only (including Supernumerary),2,231432
Institute_1,Electronics,ST,Female-only (including Supernumerary),3,231370
Institute_1,Electronics,ST,Female-only (including Supernumerary),4,231308
Institute_1,Electronics,ST,Female-only (including Supernumerary),5,231247
Institute_1,Electronics,ST,Female-only (including Supernumerary),6,231185
Institute_2,Electrical,OPEN,Gender-Neutral,1,178727
Institute_2,Electrical,OPEN,Gender-Neutral,2,178665
Institute_2,Electrical,OPEN,Gender-Neutral,3,178603
Institute_2,Electrical,OPEN,Gender-Neutral,4,178541
Institute_2,Electrical,OPEN,Gender-Neutral,5,178480
Institute_2,Electrical,OPEN,Gender-Neutral,6,178418
Institute_2,Electrical,OPEN,Female-only (including Supernumerary),1,178429
Institute_2,Electrical,OPEN,Female-only (including Supernumerary),2,178367
Institute_2,Electrical,OPEN,Female-only (including Supernumerary),3,178305
Institute_2,Electrical,OPEN,Female-only (including Supernumerary),4,178244
Institute_2,Electrical,OPEN,Female-only (including Supernumerary),5,178182
Institute_2,Electrical,OPEN,Female-only (including Supernumerary),6,178120
Institute_2,Electrical,EWS,Gender-Neutral,1,126820
Institute_2,Electrical,EWS,Gender-Neutral,2,126758
Institute_2,Electrical,EWS,Gender-Neutral,3,126696
Institute_2,Electrical,EWS,Gender-Neutral,4,126634
Institute_2,Electrical,EWS,Gender-Neutral,5,126572
Institute_2,Electrical,EWS,Gender-Neutral,6,126511
Institute_2,Electrical,EWS,Female-only (including Supernumerary),1,126522
Institute_2,Electrical,EWS,Female-only (including Supernumerary),2,126460
Institute_2,Electrical,EWS,Female-only (including Supernumerary),3,126398
Institute_2,Electrical,EWS,Female-only (including Supernumerary),4,126336
Institute_2,Electrical,EWS,Female-only (including Supernumerary),5,126275
Institute_2,Electrical,EWS,Female-only (including Supernumerary),6,126213
Institute_2,Electrical,OBC-NCL,Gender-Neutral,1,152773
Institute_2,Electrical,OBC-NCL,Gender-Neutral,2,152711
Institute_2,Electrical,OBC-NCL,Gender-Neutral,3,152650
Institute_2,Electrical,OBC-NCL,Gender-Neutral,4,152588
Institute_2,Electrical,OBC-NCL,Gender-Neutral,5,152526
Institute_2,Electrical,OBC-NCL,Gender-Neutral,6,152464
Institute_2,Electrical,OBC-NCL,Female-only (including Supernumerary),1,152476
Institute_2,Electrical,OBC-NCL,Female-only (including Supernumerary),2,152414
Institute_2,Electrical,OBC-NCL,Female-only (including Supernumerary),3,152352
Institute_2,Electrical,OBC-NCL,Female-only (including Supernumerary),4,152290
Institute_2,Electrical,OBC-NCL,Female-only (including Supernumerary),5,152228
Institute_2,Electrical,OBC-NCL,Female-only (including Supernumerary),6,152166
Institute_2,Electrical,SC,Gender-Neutral,1,204681
Institute_2,Electrical,SC,Gender-Neutral,2,204619
Institute_2,Electrical,SC,Gender-Neutral,3,204557
Institute_2,Electrical,SC,Gender-Neutral,4,204495
Institute_2,Electrical,SC,Gender-Neutral,5,204433
Institute_2,Electrical,SC,Gender-Neutral,6,204371
Institute_2,Electrical,SC,Female-only (including Supernumerary),1,204383
Institute_2,Electrical,SC,Female-only (including Supernumerary),2,204321
Institute_2,Electrical,SC,Female-only (including Supernumerary),3,204259
Institute_2,Electrical,SC,Female-only (including Supernumerary),4,204197
Institute_2,Electrical,SC,Female-only (including Supernumerary),5,204135
Institute_2,Electrical,SC,Female-only (including Supernumerary),6,204074
Institute_2,Electrical,ST,Gender-Neutral,1,230634
Institute_2,Electrical,ST,Gender-Neutral,2,230572
Institute_2,Electrical,ST,Gender-Neutral,3,230510
Institute_2,Electrical,ST,Gender-Neutral,4,230449
Institute_2,Electrical,ST,Gender-Neutral,5,230387
Institute_2,Electrical,ST,Gender-Neutral,6,230325
Institute_2,Electrical,ST,Female-only (including Supernumerary),1,230336
Institute_2,Electrical,ST,Female-only (including Supernumerary),2,230274
Institute_2,Electrical,ST,Female-only (including Supernumerary),3,230213
Institute_2,Electrical,ST,Female-only (including Supernumerary),4,230151
Institute_2,Electrical,ST,Female-only (including Supernumerary),5,230089
Institute_2,Electrical,ST,Female-only (including Supernumerary),6,230027
Institute_2,Electronics,OPEN,Gender-Neutral,1,175258
Institute_2,Electronics,OPEN,Gender-Neutral,2,175196
Institute_2,Electronics,OPEN,Gender-Neutral,3,175135
Institute_2,Electronics,OPEN,Gender-Neutral,4,175073
Institute_2,Electronics,OPEN,Gender-Neutral,5,175011
Institute_2,Electronics,OPEN,Gender-Neutral,6,174949
Institute_2,Electronics,OPEN,Female-only (including Supernumerary),1,174960
Institute_2,Electronics,OPEN,Female-only (including Supernumerary),2,174899
Institute_2,Electronics,OPEN,Female-only (including Supernumerary),3,174837
Institute_2,Electronics,OPEN,Female-only (including Supernumerary),4,174775
Institute_2,Electronics,OPEN,Female-only (including Supernumerary),5,174713
Institute_2,Electronics,OPEN,Female-only (including Supernumerary),6,174651
Institute_2,Electronics,EWS,Gender-Neutral,1,123351
Institute_2,Electronics,EWS,Gender-Neutral,2,123289
Institute_2,Electronics,EWS,Gender-Neutral,3,123227
Institute_2,Electronics,EWS,Gender-Neutral,4,123165
Institute_2,Electronics,EWS,Gender-Neutral,5,123104
Institute_2,Electronics,EWS,Gender-Neutral,6,123042
Institute_2,Electronics,EWS,Female-only (including Supernumerary),1,123053
Institute_2,Electronics,EWS,Female-only (including Supernumerary),2,122991
Institute_2,Electronics,EWS,Female-only (including Supernumerary),3,122930
Institute_2,Electronics,EWS,Female-only (including Supernumerary),4,122868
Institute_2,Electronics,EWS,Female-only (including Supernumerary),5,122806
Institute_2,Electronics,EWS,Female-only (including Supernumerary),6,122744
Institute_2,Electronics,OBC-NCL,Gender-Neutral,1,149305
Institute_2,Electronics,OBC-NCL,Gender-Neutral,2,149243
Institute_2,Electronics,OBC-NCL,Gender-Neutral,3,149181
Institute_2,Electronics,OBC-NCL,Gender-Neutral,4,149119
Institute_2,Electronics,OBC-NCL,Gender-Neutral,5,149057
Institute_2,Electronics,OBC-NCL,Gender-Neutral,6,148995
Institute_2,Electronics,OBC-NCL,Female-only (including Supernumerary),1,149007
Institute_2,Electronics,OBC-NCL,Female-only (including Supernumerary),2,148945
Institute_2,Electronics,OBC-NCL,Female-only (including Supernumerary),3,148883
Institute_2,Electronics,OBC-NCL,Female-only (including Supernumerary),4,148821
Institute_2,Electronics,OBC-NCL,Female-only (including Supernumerary),5,148759
Institute_2,Electronics,OBC-NCL,Female-only (including Supernumerary),6,148698
Institute_2,Electronics,SC,Gender-Neutral,1,201212
Institute_2,Electronics,SC,Gender-Neutral,2,201150
Institute_2,Electronics,SC,Gender-Neutral,3,201088
Institute_2,Electronics,SC,Gender-Neutral,4,201026
Institute_2,Electronics,SC,Gender-Neutral,5,200964
Institute_2,Electronics,SC,Gender-Neutral,6,200903
Institute_2,Electronics,SC,Female-only (including Supernumerary),1,200914
Institute_2,Electronics,SC,Female-only (including Supernumerary),2,200852
Institute_2,Electronics,SC,Female-only (including Supernumerary),3,200790
Institute_2,Electronics,SC,Female-only (including Supernumerary),4,200728
Institute_2,Electronics,SC,Female-only (including Supernumerary),5,200667
Institute_2,Electronics,SC,Female-only (including Supernumerary),6,200605
Institute_2,Electronics,ST,Gender-Neutral,1,227165
Institute_2,Electronics,ST,Gender-Neutral,2,227104
Institute_2,Electronics,ST,Gender-Neutral,3,227042
Institute_2,Electronics,ST,Gender-Neutral,4,226980
Institute_2,Electronics,ST,Gender-Neutral,5,226918
Institute_2,Electronics,ST,Gender-Neutral,6,226856
Institute_2,Electronics,ST,Female-only (including Supernumerary),1,226868
Institute_2,Electronics,ST,Female-only (including Supernumerary),2,226806
Institute_2,Electronics,ST,Female-only (including Supernumerary),3,226744
Institute_2,Electronics,ST,Female-only (including Supernumerary),4,226682
Institute_2,Electronics,ST,Female-only (including Supernumerary),5,226620
Institute_2,Electronics,ST,Female-only (including Supernumerary),6,226558
Institute_2,Computer Science,OPEN,Gender-Neutral,1,182196
Institute_2,Computer Science,OPEN,Gender-Neutral,2,182134
Institute_2,Computer Science,OPEN,Gender-Neutral,3,182072
Institute_2,Computer Science,OPEN,Gender-Neutral,4,182010
Institute_2,Computer Science,OPEN,Gender-Neutral,5,181948
Institute_2,Computer Science,OPEN,Gender-Neutral,6,181886
Institute_2,Computer Science,OPEN,Female-only (including Supernumerary),1,181898
Institute_2,Computer Science,OPEN,Female-only (including Supernumerary),2,181836
Institute_2,Computer Science,OPEN,Female-only (including Supernumerary),3,181774
Institute_2,Computer Science,OPEN,Female-only (including Supernumerary),4,181712
Institute_2,Computer Science,OPEN,Female-only (including Supernumerary),5,181651
Institute_2,Computer Science,OPEN,Female-only (including Supernumerary),6,181589
Institute_2,Computer Science,EWS,Gender-Neutral,1,130288
Institute_2,Computer Science,EWS,Gender-Neutral,2,130227
Institute_2,Computer Science,EWS,Gender-Neutral,3,130165
Institute_2,Computer Science,EWS,Gender-Neutral,4,130103
Institute_2,Computer Science,EWS,Gender-Neutral,5,130041
Institute_2,Computer Science,EWS,Gender-Neutral,6,129979
Institute_2,Computer Science,EWS,Female-only (including Supernumerary),1,129991
Institute_2,Computer Science,EWS,Female-only (including Supernumerary),2,129929
Institute_2,Computer Science,EWS,Female-only (including Supernumerary),3,129867
Institute_2,Computer Science,EWS,Female-only (including Supernumerary),4,129805
Institute_2,Computer Science,EWS,Female-only (including Supernumerary),5,129743
Institute_2,Computer Science,EWS,Female-only (including Supernumerary),6,129682
Institute_2,Computer Science,OBC-NCL,Gender-Neutral,1,156242
Institute_2,Computer Science,OBC-NCL,Gender-Neutral,2,156180
Institute_2,Computer Science,OBC-NCL,Gender-Neutral,3,156118
Institute_2,Computer Science,OBC-NCL,Gender-Neutral,4,156057
Institute_2,Computer Science,OBC-NCL,Gender-Neutral,5,155995
Institute_2,Computer Science,OBC-NCL,Gender-Neutral,6,155933
Institute_2,Computer Science,OBC-NCL,Female-only (including Supernumerary),1,155944
Institute_2,Computer Science,OBC-NCL,Female-only (including Supernumerary),2,155882
Institute_2,Computer Science,OBC-NCL,Female-only (including Supernumerary),3,155821
Institute_2,Computer Science,OBC-NCL,Female-only (including Supernumerary),4,155759
Institute_2,Computer Science,OBC-NCL,Female-only (including Supernumerary),5,155697
Institute_2,Computer Science,OBC-NCL,Female-only (including Supernumerary),6,155635
Institute_2,Computer Science,SC,Gender-Neutral,1,208149
Institute_2,Computer Science,SC,Gender-Neutral,2,208087
Institute_2,Computer Science,SC,Gender-Neutral,3,208026
Institute_2,Computer Science,SC,Gender-Neutral,4,207964
Institute_2,Computer Science,SC,Gender-Neutral,5,207902
Institute_2,Computer Science,SC,Gender-Neutral,6,207840
Institute_2,Computer Science,SC,Female-only (including Supernumerary),1,207851
Institute_2,Computer Science,SC,Female-only (including Supernumerary),2,207790
Institute_2,Computer Science,SC,Female-only (including Supernumerary),3,207728
Institute_2,Computer Science,SC,Female-only (including Supernumerary),4,207666
Institute_2,Computer Science,SC,Female-only (including Supernumerary),5,207604
Institute_2,Computer Science,SC,Female-only (including Supernumerary),6,207542
Institute_2,Computer Science,ST,Gender-Neutral,1,234103
Institute_2,Computer Science,ST,Gender-Neutral,2,234041
Institute_2,Computer Science,ST,Gender-Neutral,3,233979
Institute_2,Computer Science,ST,Gender-Neutral,4,233917
Institute_2,Computer Science,ST,Gender-Neutral,5,233855
Institute_2,Computer Science,ST,Gender-Neutral,6,233794
Institute_2,Computer Science,ST,Female-only (including Supernumerary),1,233805
Institute_2,Computer Science,ST,Female-only (including Supernumerary),2,233743
Institute_2,Computer Science,ST,Female-only (including Supernumerary),3,233681
Institute_2,Computer Science,ST,Female-only (including Supernumerary),4,233620
Institute_2,Computer Science,ST,Female-only (including Supernumerary),5,233558
Institute_2,Computer Science,ST,Female-only (including Supernumerary),6,233496
Institute_3,Computer Science,OPEN,Gender-Neutral,1,185959
Institute_3,Computer Science,OPEN,Gender-Neutral,2,185897
Institute_3,Computer Science,OPEN,Gender-Neutral,3,185836
Institute_3,Computer Science,OPEN,Gender-Neutral,4,185774
Institute_3,Computer Science,OPEN,Gender-Neutral,5,185712
Institute_3,Computer Science,OPEN,Gender-Neutral,6,185650
Institute_3,Computer Science,OPEN,Female-only (including Supernumerary),1,185662
Institute_3,Computer Science,OPEN,Female-only (including Supernumerary),2,185600
Institute_3,Computer Science,OPEN,Female-only (including Supernumerary),3,185538
Institute_3,Computer Science,OPEN,Female-only (including Supernumerary),4,185476
Institute_3,Computer Science,OPEN,Female-only (including Supernumerary),5,185414
Institute_3,Computer Science,OPEN,Female-only (including Supernumerary),6,185352
Institute_3,Computer Science,EWS,Gender-Neutral,1,134052
Institute_3,Computer Science,EWS,Gender-Neutral,2,133990
Institute_3,Computer Science,EWS,Gender-Neutral,3,133928
Institute_3,Computer Science,EWS,Gender-Neutral,4,133867
Institute_3,Computer Science,EWS,Gender-Neutral,5,133805
Institute_3,Computer Science,EWS,Gender-Neutral,6,133743
Institute_3,Computer Science,EWS,Female-only (including Supernumerary),1,133754
Institute_3,Computer Science,EWS,Female-only (including Supernumerary),2,133692
Institute_3,Computer Science,EWS,Female-only (including Supernumerary),3,133631
Institute_3,Computer Science,EWS,Female-only (including Supernumerary),4,133569
Institute_3,Computer Science,EWS,Female-only (including Supernumerary),5,133507
Institute_3,Computer Science,EWS,Female-only (including Supernumerary),6,133445
Institute_3,Computer Science,OBC-NCL,Gender-Neutral,1,160006
Institute_3,Computer Science,OBC-NCL,Gender-Neutral,2,159944
Institute_3,Computer Science,OBC-NCL,Gender-Neutral,3,159882
Institute_3,Computer Science,OBC-NCL,Gender-Neutral,4,159820
Institute_3,Computer Science,OBC-NCL,Gender-Neutral,5,159758
Institute_3,Computer Science,OBC-NCL,Gender-Neutral,6,159697
Institute_3,Computer Science,OBC-NCL,Female-only (including Supernumerary),1,159708
Institute_3,Computer Science,OBC-NCL,Female-only (including Supernumerary),2,159646
Institute_3,Computer Science,OBC-NCL,Female-only (including Supernumerary),3,159584
Institute_3,Computer Science,OBC-NCL,Female-only (including Supernumerary),4,159522
Institute_3,Computer Science,OBC-NCL,Female-only (including Supernumerary),5,159461
Institute_3,Computer Science,OBC-NCL,Female-only (including Supernumerary),6,159399
Institute_3,Computer Science,SC,Gender-Neutral,1,211913
Institute_3,Computer Science,SC,Gender-Neutral,2,211851
Institute_3,Computer Science,SC,Gender-Neutral,3,211789
Institute_3,Computer Science,SC,Gender-Neutral,4,211727
Institute_3,Computer Science,SC,Gender-Neutral,5,211666
Institute_3,Computer Science,SC,Gender-Neutral,6,211604
Institute_3,Computer Science,SC,Female-only (including Supernumerary),1,211615
Institute_3,Computer Science,SC,Female-only (including Supernumerary),2,211553
Institute_3,Computer Science,SC,Female-only (including Supernumerary),3,211491
Institute_3,Computer Science,SC,Female-only (including Supernumerary),4,211430
Institute_3,Computer Science,SC,Female-only (including Supernumerary),5,211368
Institute_3,Computer Science,SC,Female-only (including Supernumerary),6,211306
Institute_3,Computer Science,ST,Gender-Neutral,1,237866
Institute_3,Computer Science,ST,Gender-Neutral,2,237805
Institute_3,Computer Science,ST,Gender-Neutral,3,237743
Institute_3,Computer Science,ST,Gender-Neutral,4,237681
Institute_3,Computer Science,ST,Gender-Neutral,5,237619
Institute_3,Computer Science,ST,Gender-Neutral,6,237557
Institute_3,Computer Science,ST,Female-only (including Supernumerary),1,237569
Institute_3,Computer Science,ST,Female-only (including Supernumerary),2,237507
Institute_3,Computer Science,ST,Female-only (including Supernumerary),3,237445
Institute_3,Computer Science,ST,Female-only (including Supernumerary),4,237383
Institute_3,Computer Science,ST,Female-only (including Supernumerary),5,237321
Institute_3,Computer Science,ST,Female-only (including Supernumerary),6,237260
Institute_3,Electrical,OPEN,Gender-Neutral,1,182491
Institute_3,Electrical,OPEN,Gender-Neutral,2,182429
Institute_3,Electrical,OPEN,Gender-Neutral,3,182367
Institute_3,Electrical,OPEN,Gender-Neutral,4,182305
Institute_3,Electrical,OPEN,Gender-Neutral,5,182243
Institute_3,Electrical,OPEN,Gender-Neutral,6,182181
Institute_3,Electrical,OPEN,Female-only (including Supernumerary),1,182193
Institute_3,Electrical,OPEN,Female-only (including Supernumerary),2,182131
Institute_3,Electrical,OPEN,Female-only (including Supernumerary),3,182069
Institute_3,Electrical,OPEN,Female-only (including Supernumerary),4,182007
Institute_3,Electrical,OPEN,Female-only (including Supernumerary),5,181945
Institute_3,Electrical,OPEN,Female-only (including Supernumerary),6,181884
Institute_3,Electrical,EWS,Gender-Neutral,1,130583
Institute_3,Electrical,EWS,Gender-Neutral,2,130522
Institute_3,Electrical,EWS,Gender-Neutral,3,130460
Institute_3,Electrical,EWS,Gender-Neutral,4,130398
Institute_3,Electrical,EWS,Gender-Neutral,5,130336
Institute_3,Electrical,EWS,Gender-Neutral,6,130274
Institute_3,Electrical,EWS,Female-only (including Supernumerary),1,130286
Institute_3,Electrical,EWS,Female-only (including Supernumerary),2,130224
Institute_3,Electrical,EWS,Female-only (including Supernumerary),3,130162
Institute_3,Electrical,EWS,Female-only (including Supernumerary),4,130100
Institute_3,Electrical,EWS,Female-only (including Supernumerary),5,130038
Institute_3,Electrical,EWS,Female-only (including Supernumerary),6,129976
Institute_3,Electrical,OBC-NCL,Gender-Neutral,1,156537
Institute_3,Electrical,OBC-NCL,Gender-Neutral,2,156475
Institute_3,Electrical,OBC-NCL,Gender-Neutral,3,156413
Institute_3,Electrical,OBC-NCL,Gender-Neutral,4,156351
Institute_3,Electrical,OBC-NCL,Gender-Neutral,5,156290
Institute_3,Electrical,OBC-NCL,Gender-Neutral,6,156228
Institute_3,Electrical,OBC-NCL,Female-only (including Supernumerary),1,156239
Institute_3,Electrical,OBC-NCL,Female-only (including Supernumerary),2,156177
Institute_3,Electrical,OBC-NCL,Female-only (including Supernumerary),3,156115
Institute_3,Electrical,OBC-NCL,Female-only (including Supernumerary),4,156054
Institute_3,Electrical,OBC-NCL,Female-only (including Supernumerary),5,155992
Institute_3,Electrical,OBC-NCL,Female-only (including Supernumerary),6,155930
Institute_3,Electrical,SC,Gender-Neutral,1,208444
Institute_3,Electrical,SC,Gender-Neutral,2,208382
Institute_3,Electrical,SC,Gender-Neutral,3,208320
Institute_3,Electrical,SC,Gender-Neutral,4,208259
Institute_3,Electrical,SC,Gender-Neutral,5,208197
Institute_3,Electrical,SC,Gender-Neutral,6,208135
Institute_3,Electrical,SC,Female-only (including Supernumerary),1,208146
Institute_3,Electrical,SC,Female-only (including Supernumerary),2,208085
Institute_3,Electrical,SC,Female-only (including Supernumerary),3,208023
Institute_3,Electrical,SC,Female-only (including Supernumerary),4,207961
Institute_3,Electrical,SC,Female-only (including Supernumerary),5,207899
Institute_3,Electrical,SC,Female-only (including Supernumerary),6,207837
Institute_3,Electrical,ST,Gender-Neutral,1,234398
Institute_3,Electrical,ST,Gender-Neutral,2,234336
Institute_3,Electrical,ST,Gender-Neutral,3,234274
Institute_3,Electrical,ST,Gender-Neutral,4,234212
Institute_3,Electrical,ST,Gender-Neutral,5,234150
Institute_3,Electrical,ST,Gender-Neutral,6,234089
Institute_3,Electrical,ST,Female-only (including Supernumerary),1,234100
Institute_3,Electrical,ST,Female-only (including Supernumerary),2,234038
Institute_3,Electrical,ST,Female-only (including Supernumerary),3,233976
Institute_3,Electrical,ST,Female-only (including Supernumerary),4,233914
Institute_3,Electrical,ST,Female-only (including Supernumerary),5,233853
Institute_3,Electrical,ST,Female-only (including Supernumerary),6,233791
Institute_4,Civil,OPEN,Gender-Neutral,1,179062
Institute_4,Civil,OPEN,Gender-Neutral,2,179000
Institute_4,Civil,OPEN,Gender-Neutral,3,178938
Institute_4,Civil,OPEN,Gender-Neutral,4,178876
Institute_4,Civil,OPEN,Gender-Neutral,5,178814
Institute_4,Civil,OPEN,Gender-Neutral,6,178752
Institute_4,Civil,OPEN,Female-only (including Supernumerary),1,178764
Institute_4,Civil,OPEN,Female-only (including Supernumerary),2,178702
Institute_4,Civil,OPEN,Female-only (including Supernumerary),3,178640
Institute_4,Civil,OPEN,Female-only (including Supernumerary),4,178578
Institute_4,Civil,OPEN,Female-only (including Supernumerary),5,178517
Institute_4,Civil,OPEN,Female-only (including Supernumerary),6,178455
Institute_4,Civil,EWS,Gender-Neutral,1,127154
Institute_4,Civil,EWS,Gender-Neutral,2,127093
Institute_4,Civil,EWS,Gender-Neutral,3,127031
Institute_4,Civil,EWS,Gender-Neutral,4,126969
Institute_4,Civil,EWS,Gender-Neutral,5,126907
Institute_4,Civil,EWS,Gender-Neutral,6,126845
Institute_4,Civil,EWS,Female-only (including Supernumerary),1,126857
Institute_4,Civil,EWS,Female-only (including Supernumerary),2,126795
Institute_4,Civil,EWS,Female-only (including Supernumerary),3,126733
Institute_4,Civil,EWS,Female-only (including Supernumerary),4,126671
Institute_4,Civil,EWS,Female-only (including Supernumerary),5,126609
Institute_4,Civil,EWS,Female-only (including Supernumerary),6,126548
Institute_4,Civil,OBC-NCL,Gender-Neutral,1,153108
Institute_4,Civil,OBC-NCL,Gender-Neutral,2,153046
Institute_4,Civil,OBC-NCL,Gender-Neutral,3,152984
Institute_4,Civil,OBC-NCL,Gender-Neutral,4,152923
Institute_4,Civil,OBC-NCL,Gender-Neutral,5,152861
Institute_4,Civil,OBC-NCL,Gender-Neutral,6,152799
Institute_4,Civil,OBC-NCL,Female-only (including Supernumerary),1,152810
Institute_4,Civil,OBC-NCL,Female-only (including Supernumerary),2,152748
Institute_4,Civil,OBC-NCL,Female-only (including Supernumerary),3,152687
Institute_4,Civil,OBC-NCL,Female-only (including Supernumerary),4,152625
Institute_4,Civil,OBC-NCL,Female-only (including Supernumerary),5,152563
Institute_4,Civil,OBC-NCL,Female-only (including Supernumerary),6,152501
Institute_4,Civil,SC,Gender-Neutral,1,205015
Institute_4,Civil,SC,Gender-Neutral,2,204953
Institute_4,Civil,SC,Gender-Neutral,3,204892
Institute_4,Civil,SC,Gender-Neutral,4,204830
Institute_4,Civil,SC,Gender-Neutral,5,204768
Institute_4,Civil,SC,Gender-Neutral,6,204706
Institute_4,Civil,SC,Female-only (including Supernumerary),1,204717
Institute_4,Civil,SC,Female-only (including Supernumerary),2,204656
Institute_4,Civil,SC,Female-only (including Supernumerary),3,204594
Institute_4,Civil,SC,Female-only (including Supernumerary),4,204532
Institute_4,Civil,SC,Female-only (including Supernumerary),5,204470
Institute_4,Civil,SC,Female-only (including Supernumerary),6,204408
Institute_4,Civil,ST,Gender-Neutral,1,230969
Institute_4,Civil,ST,Gender-Neutral,2,230907
Institute_4,Civil,ST,Gender-Neutral,3,230845
Institute_4,Civil,ST,Gender-Neutral,4,230783
Institute_4,Civil,ST,Gender-Neutral,5,230722
Institute_4,Civil,ST,Gender-Neutral,6,230660
Institute_4,Civil,ST,Female-only (including Supernumerary),1,230671
Institute_4,Civil,ST,Female-only (including Supernumerary),2,230609
Institute_4,Civil,ST,Female-only (including Supernumerary),3,230547
Institute_4,Civil,ST,Female-only (including Supernumerary),4,230486
Institute_4,Civil,ST,Female-only (including Supernumerary),5,230424
Institute_4,Civil,ST,Female-only (including Supernumerary),6,230362
Institute_4,Computer Science,OPEN,Gender-Neutral,1,175593
Institute_4,Computer Science,OPEN,Gender-Neutral,2,175531
Institute_4,Computer Science,OPEN,Gender-Neutral,3,175469
Institute_4,Computer Science,OPEN,Gender-Neutral,4,175407
Institute_4,Computer Science,OPEN,Gender-Neutral,5,175346
Institute_4,Computer Science,OPEN,Gender-Neutral,6,175284
Institute_4,Computer Science,OPEN,Female-only (including Supernumerary),1,175295
Institute_4,Computer Science,OPEN,Female-only (including Supernumerary),2,175233
Institute_4,Computer Science,OPEN,Female-only (including Supernumerary),3,175171
Institute_4,Computer Science,OPEN,Female-only (including Supernumerary),4,175110
Institute_4,Computer Science,OPEN,Female-only (including Supernumerary),5,175048
Institute_4,Computer Science,OPEN,Female-only (including Supernumerary),6,174986
Institute_4,Computer Science,EWS,Gender-Neutral,1,123686
Institute_4,Computer Science,EWS,Gender-Neutral,2,123624
Institute_4,Computer Science,EWS,Gender-Neutral,3,123562
Institute_4,Computer Science,EWS,Gender-Neutral,4,123500
Institute_4,Computer Science,EWS,Gender-Neutral,5,123438
Institute_4,Computer Science,EWS,Gender-Neutral,6,123377
Institute_4,Computer Science,EWS,Female-only (including Supernumerary),1,123388
Institute_4,Computer Science,EWS,Female-only (including Supernumerary),2,123326
Institute_4,Computer Science,EWS,Female-only (including Supernumerary),3,123264
Institute_4,Computer Science,EWS,Female-only (including Supernumerary),4,123202
Institute_4,Computer Science,EWS,Female-only (including Supernumerary),5,123141
Institute_4,Computer Science,EWS,Female-only (including Supernumerary),6,123079
Institute_4,Computer Science,OBC-NCL,Gender-Neutral,1,149639
Institute_4,Computer Science,OBC-NCL,Gender-Neutral,2,149578
Institute_4,Computer Science,OBC-NCL,Gender-Neutral,3,149516
Institute_4,Computer Science,OBC-NCL,Gender-Neutral,4,149454
Institute_4,Computer Science,OBC-NCL,Gender-Neutral,5,149392
Institute_4,Computer Science,OBC-NCL,Gender-Neutral,6,149330
Institute_4,Computer Science,OBC-NCL,Female-only (including Supernumerary),1,149342
Institute_4,Computer Science,OBC-NCL,Female-only (including Supernumerary),2,149280
Institute_4,Computer Science,OBC-NCL,Female-only (including Supernumerary),3,149218
Institute_4,Computer Science,OBC-NCL,Female-only (including Supernumerary),4,149156
Institute_4,Computer Science,OBC-NCL,Female-only (including Supernumerary),5,149094
Institute_4,Computer Science,OBC-NCL,Female-only (including Supernumerary),6,149032
Institute_4,Computer Science,SC,Gender-Neutral,1,201547
Institute_4,Computer Science,SC,Gender-Neutral,2,201485
Institute_4,Computer Science,SC,Gender-Neutral,3,201423
Institute_4,Computer Science,SC,Gender-Neutral,4,201361
Institute_4,Computer Science,SC,Gender-Neutral,5,201299
Institute_4,Computer Science,SC,Gender-Neutral,6,201237
Institute_4,Computer Science,SC,Female-only (including Supernumerary),1,201249
Institute_4,Computer Science,SC,Female-only (including Supernumerary),2,201187
Institute_4,Computer Science,SC,Female-only (including Supernumerary),3,201125
Institute_4,Computer Science,SC,Female-only (including Supernumerary),4,201063
Institute_4,Computer Science,SC,Female-only (including Supernumerary),5,201001
Institute_4,Computer Science,SC,Female-only (including Supernumerary),6,200940
Institute_4,Computer Science,ST,Gender-Neutral,1,227500
Institute_4,Computer Science,ST,Gender-Neutral,2,227438
Institute_4,Computer Science,ST,Gender-Neutral,3,227376
Institute_4,Computer Science,ST,Gender-Neutral,4,227315
Institute_4,Computer Science,ST,Gender-Neutral,5,227253
Institute_4,Computer Science,ST,Gender-Neutral,6,227191
Institute_4,Computer Science,ST,Female-only (including Supernumerary),1,227202
Institute_4,Computer Science,ST,Female-only (including Supernumerary),2,227140
Institute_4,Computer Science,ST,Female-only (including Supernumerary),3,227079
Institute_4,Computer Science,ST,Female-only (including Supernumerary),4,227017
Institute_4,Computer Science,ST,Female-only (including Supernumerary),5,226955
Institute_4,Computer Science,ST,Female-only (including Supernumerary),6,226893
Institute_4,Mechanical,OPEN,Gender-Neutral,1,165187
Institute_4,Mechanical,OPEN,Gender-Neutral,2,165125
Institute_4,Mechanical,OPEN,Gender-Neutral,3,165063
Institute_4,Mechanical,OPEN,Gender-Neutral,4,165001
Institute_4,Mechanical,OPEN,Gender-Neutral,5,164939
Institute_4,Mechanical,OPEN,Gender-Neutral,6,164878
Institute_4,Mechanical,OPEN,Female-only (including Supernumerary),1,164889
Institute_4,Mechanical,OPEN,Female-only (including Supernumerary),2,164827
Institute_4,Mechanical,OPEN,Female-only (including Supernumerary),3,164765
Institute_4,Mechanical,OPEN,Female-only (including Supernumerary),4,164703
Institute_4,Mechanical,OPEN,Female-only (including Supernumerary),5,164642
Institute_4,Mechanical,OPEN,Female-only (including Supernumerary),6,164580
Institute_4,Mechanical,EWS,Gender-Neutral,1,113280
Institute_4,Mechanical,EWS,Gender-Neutral,2,113218
Institute_4,Mechanical,EWS,Gender-Neutral,3,113156
Institute_4,Mechanical,EWS,Gender-Neutral,4,113094
Institute_4,Mechanical,EWS,Gender-Neutral,5,113032
Institute_4,Mechanical,EWS,Gender-Neutral,6,112970
Institute_4,Mechanical,EWS,Female-only (including Supernumerary),1,112982
Institute_4,Mechanical,EWS,Female-only (including Supernumerary),2,112920
Institute_4,Mechanical,EWS,Female-only (including Supernumerary),3,112858
Institute_4,Mechanical,EWS,Female-only (including Supernumerary),4,112796
Institute_4,Mechanical,EWS,Female-only (including Supernumerary),5,112734
Institute_4,Mechanical,EWS,Female-only (including Supernumerary),6,112673
Institute_4,Mechanical,OBC-NCL,Gender-Neutral,1,139233
Institute_4,Mechanical,OBC-NCL,Gender-Neutral,2,139171
Institute_4,Mechanical,OBC-NCL,Gender-Neutral,3,139109
Institute_4,Mechanical,OBC-NCL,Gender-Neutral,4,139048
Institute_4,Mechanical,OBC-NCL,Gender-Neutral,5,138986
Institute_4,Mechanical,OBC-NCL,Gender-Neutral,6,138924
Institute_4,Mechanical,OBC-NCL,Female-only (including Supernumerary),1,138935
Institute_4,Mechanical,OBC-NCL,Female-only (including Supernumerary),2,138873
Institute_4,Mechanical,OBC-NCL,Female-only (including Supernumerary),3,138812
Institute_4,Mechanical,OBC-NCL,Female-only (including Supernumerary),4,138750
Institute_4,Mechanical,OBC-NCL,Female-only (including Supernumerary),5,138688
Institute_4,Mechanical,OBC-NCL,Female-only (including Supernumerary),6,138626
Institute_4,Mechanical,SC,Gender-Neutral,1,191140
Institute_4,Mechanical,SC,Gender-Neutral,2,191078
Institute_4,Mechanical,SC,Gender-Neutral,3,191017
Institute_4,Mechanical,SC,Gender-Neutral,4,190955
Institute_4,Mechanical,SC,Gender-Neutral,5,190893
Institute_4,Mechanical,SC,Gender-Neutral,6,190831
Institute_4,Mechanical,SC,Female-only (including Supernumerary),1,190843
Institute_4,Mechanical,SC,Female-only (including Supernumerary),2,190781
Institute_4,Mechanical,SC,Female-only (including Supernumerary),3,190719
Institute_4,Mechanical,SC,Female-only (including Supernumerary),4,190657
Institute_4,Mechanical,SC,Female-only (including Supernumerary),5,190595
Institute_4,Mechanical,SC,Female-only (including Supernumerary),6,190533
Institute_4,Mechanical,ST,Gender-Neutral,1,217094
Institute_4,Mechanical,ST,Gender-Neutral,2,217032
Institute_4,Mechanical,ST,Gender-Neutral,3,216970
Institute_4,Mechanical,ST,Gender-Neutral,4,216908
Institute_4,Mechanical,ST,Gender-Neutral,5,216847
Institute_4,Mechanical,ST,Gender-Neutral,6,216785
Institute_4,Mechanical,ST,Female-only (including Supernumerary),1,216796
Institute_4,Mechanical,ST,Female-only (including Supernumerary),2,216734
Institute_4,Mechanical,ST,Female-only (including Supernumerary),3,216672
Institute_4,Mechanical,ST,Female-only (including Supernumerary),4,216611
Institute_4,Mechanical,ST,Female-only (including Supernumerary),5,216549
Institute_4,Mechanical,ST,Female-only (including Supernumerary),6,216487
Institute_5,Civil,OPEN,Gender-Neutral,1,181417
Institute_5,Civil,OPEN,Gender-Neutral,2,181355
Institute_5,Civil,OPEN,Gender-Neutral,3,181293
Institute_5,Civil,OPEN,Gender-Neutral,4,181231
Institute_5,Civil,OPEN,Gender-Neutral,5,181169
Institute_5,Civil,OPEN,Gender-Neutral,6,181107
Institute_5,Civil,OPEN,Female-only (including Supernumerary),1,181119
Institute_5,Civil,OPEN,Female-only (including Supernumerary),2,181057
Institute_5,Civil,OPEN,Female-only (including Supernumerary),3,180995
Institute_5,Civil,OPEN,Female-only (including Supernumerary),4,180933
Institute_5,Civil,OPEN,Female-only (including Supernumerary),5,180872
Institute_5,Civil,OPEN,Female-only (including Supernumerary),6,180810
Institute_5,Civil,EWS,Gender-Neutral,1,129509
Institute_5,Civil,EWS,Gender-Neutral,2,129448
Institute_5,Civil,EWS,Gender-Neutral,3,129386
Institute_5,Civil,EWS,Gender-Neutral,4,129324
Institute_5,Civil,EWS,Gender-Neutral,5,129262
Institute_5,Civil,EWS,Gender-Neutral,6,129200
Institute_5,Civil,EWS,Female-only (including Supernumerary),1,129212
Institute_5,Civil,EWS,Female-only (including Supernumerary),2,129150
Institute_5,Civil,EWS,Female-only (including Supernumerary),3,129088
Institute_5,Civil,EWS,Female-only (including Supernumerary),4,129026
Institute_5,Civil,EWS,Female-only (including Supernumerary),5,128964
Institute_5,Civil,EWS,Female-only (including Supernumerary),6,128903
Institute_5,Civil,OBC-NCL,Gender-Neutral,1,155463
Institute_5,Civil,OBC-NCL,Gender-Neutral,2,155401
Institute_5,Civil,OBC-NCL,Gender-Neutral,3,155339
Institute_5,Civil,OBC-NCL,Gender-Neutral,4,155278
Institute_5,Civil,OBC-NCL,Gender-Neutral,5,155216
Institute_5,Civil,OBC-NCL,Gender-Neutral,6,155154
Institute_5,Civil,OBC-NCL,Female-only (including Supernumerary),1,155165
Institute_5,Civil,OBC-NCL,Female-only (including Supernumerary),2,155103
Institute_5,Civil,OBC-NCL,Female-only (including Supernumerary),3,155042
Institute_5,Civil,OBC-NCL,Female-only (including Supernumerary),4,154980
Institute_5,Civil,OBC-NCL,Female-only (including Supernumerary),5,154918
Institute_5,Civil,OBC-NCL,Female-only (including Supernumerary),6,154856
Institute_5,Civil,SC,Gender-Neutral,1,207370
Institute_5,Civil,SC,Gender-Neutral,2,207308
Institute_5,Civil,SC,Gender-Neutral,3,207247
Institute_5,Civil,SC,Gender-Neutral,4,207185
Institute_5,Civil,SC,Gender-Neutral,5,207123
Institute_5,Civil,SC,Gender-Neutral,6,207061
Institute_5,Civil,SC,Female-only (including Supernumerary),1,207072
Institute_5,Civil,SC,Female-only (including Supernumerary),2,207011
Institute_5,Civil,SC,Female-only (including Supernumerary),3,206949
Institute_5,Civil,SC,Female-only (including Supernumerary),4,206887
Institute_5,Civil,SC,Female-only (including Supernumerary),5,206825
Institute_5,Civil,SC,Female-only (including Supernumerary),6,206763
Institute_5,Civil,ST,Gender-Neutral,1,233324
Institute_5,Civil,ST,Gender-Neutral,2,233262
Institute_5,Civil,ST,Gender-Neutral,3,233200
Institute_5,Civil,ST,Gender-Neutral,4,233138
Institute_5,Civil,ST,Gender-Neutral,5,233076
Institute_5,Civil,ST,Gender-Neutral,6,233015
Institute_5,Civil,ST,Female-only (including Supernumerary),1,233026
Institute_5,Civil,ST,Female-only (including Supernumerary),2,232964
Institute_5,Civil,ST,Female-only (including Supernumerary),3,232902
Institute_5,Civil,ST,Female-only (including Supernumerary),4,232841
Institute_5,Civil,ST,Female-only (including Supernumerary),5,232779
Institute_5,Civil,ST,Female-only (including Supernumerary),6,232717
Institute_5,Electronics,OPEN,Gender-Neutral,1,171010
Institute_5,Electronics,OPEN,Gender-Neutral,2,170949
Institute_5,Electronics,OPEN,Gender-Neutral,3,170887
Institute_5,Electronics,OPEN,Gender-Neutral,4,170825
Institute_5,Electronics,OPEN,Gender-Neutral,5,170763
Institute_5,Electronics,OPEN,Gender-Neutral,6,170701
Institute_5,Electronics,OPEN,Female-only (including Supernumerary),1,170713
Institute_5,Electronics,OPEN,Female-only (including Supernumerary),2,170651
Institute_5,Electronics,OPEN,Female-only (including Supernumerary),3,170589
Institute_5,Electronics,OPEN,Female-only (including Supernumerary),4,170527
Institute_5,Electronics,OPEN,Female-only (including Supernumerary),5,170465
Institute_5,Electronics,OPEN,Female-only (including Supernumerary),6,170403
Institute_5,Electronics,EWS,Gender-Neutral,1,119103
Institute_5,Electronics,EWS,Gender-Neutral,2,119041
Institute_5,Electronics,EWS,Gender-Neutral,3,118980
Institute_5,Electronics,EWS,Gender-Neutral,4,118918
Institute_5,Electronics,EWS,Gender-Neutral,5,118856
Institute_5,Electronics,EWS,Gender-Neutral,6,118794
Institute_5,Electronics,EWS,Female-only (including Supernumerary),1,118805
Institute_5,Electronics,EWS,Female-only (including Supernumerary),2,118744
Institute_5,Electronics,EWS,Female-only (including Supernumerary),3,118682
Institute_5,Electronics,EWS,Female-only (including Supernumerary),4,118620
Institute_5,Electronics,EWS,Female-only (including Supernumerary),5,118558
Institute_5,Electronics,EWS,Female-only (including Supernumerary),6,118496
Institute_5,Electronics,OBC-NCL,Gender-Neutral,1,145057
Institute_5,Electronics,OBC-NCL,Gender-Neutral,2,144995
Institute_5,Electronics,OBC-NCL,Gender-Neutral,3,144933
Institute_5,Electronics,OBC-NCL,Gender-Neutral,4,144871
Institute_5,Electronics,OBC-NCL,Gender-Neutral,5,144810
Institute_5,Electronics,OBC-NCL,Gender-Neutral,6,144748
Institute_5,Electronics,OBC-NCL,Female-only (including Supernumerary),1,144759
Institute_5,Electronics,OBC-NCL,Female-only (including Supernumerary),2,144697
Institute_5,Electronics,OBC-NCL,Female-only (including Supernumerary),3,144635
Institute_5,Electronics,OBC-NCL,Female-only (including Supernumerary),4,144574
Institute_5,Electronics,OBC-NCL,Female-only (including Supernumerary),5,144512
Institute_5,Electronics,OBC-NCL,Female-only (including Supernumerary),6,144450
Institute_5,Electronics,SC,Gender-Neutral,1,196964
Institute_5,Electronics,SC,Gender-Neutral,2,196902
Institute_5,Electronics,SC,Gender-Neutral,3,196840
Institute_5,Electronics,SC,Gender-Neutral,4,196779
Institute_5,Electronics,SC,Gender-Neutral,5,196717
Institute_5,Electronics,SC,Gender-Neutral,6,196655
Institute_5,Electronics,SC,Female-only (including Supernumerary),1,196666
Institute_5,Electronics,SC,Female-only (including Supernumerary),2,196604
Institute_5,Electronics,SC,Female-only (including Supernumerary),3,196543
Institute_5,Electronics,SC,Female-only (including Supernumerary),4,196481
Institute_5,Electronics,SC,Female-only (including Supernumerary),5,196419
Institute_5,Electronics,SC,Female-only (including Supernumerary),6,196357
Institute_5,Electronics,ST,Gender-Neutral,1,222918
Institute_5,Electronics,ST,Gender-Neutral,2,222856
Institute_5,Electronics,ST,Gender-Neutral,3,222794
Institute_5,Electronics,ST,Gender-Neutral,4,222732
Institute_5,Electronics,ST,Gender-Neutral,5,222670
Institute_5,Electronics,ST,Gender-Neutral,6,222608
Institute_5,Electronics,ST,Female-only (including Supernumerary),1,222620
Institute_5,Electronics,ST,Female-only (including Supernumerary),2,222558
Institute_5,Electronics,ST,Female-only (including Supernumerary),3,222496
Institute_5,Electronics,ST,Female-only (including Supernumerary),4,222434
Institute_5,Electronics,ST,Female-only (including Supernumerary),5,222372
Institute_5,Electronics,ST,Female-only (including Supernumerary),6,222311
Institute_5,Chemical,OPEN,Gender-Neutral,1,184885
Institute_5,Chemical,OPEN,Gender-Neutral,2,184824
Institute_5,Chemical,OPEN,Gender-Neutral,3,184762
Institute_5,Chemical,OPEN,Gender-Neutral,4,184700
Institute_5,Chemical,OPEN,Gender-Neutral,5,184638
Institute_5,Chemical,OPEN,Gender-Neutral,6,184576
Institute_5,Chemical,OPEN,Female-only (including Supernumerary),1,184588
Institute_5,Chemical,OPEN,Female-only (including Supernumerary),2,184526
Institute_5,Chemical,OPEN,Female-only (including Supernumerary),3,184464
Institute_5,Chemical,OPEN,Female-only (including Supernumerary),4,184402
Institute_5,Chemical,OPEN,Female-only (including Supernumerary),5,184340
Institute_5,Chemical,OPEN,Female-only (including Supernumerary),6,184278
Institute_5,Chemical,EWS,Gender-Neutral,1,132978
Institute_5,Chemical,EWS,Gender-Neutral,2,132916
Institute_5,Chemical,EWS,Gender-Neutral,3,132855
Institute_5,Chemical,EWS,Gender-Neutral,4,132793
Institute_5,Chemical,EWS,Gender-Neutral,5,132731
Institute_5,Chemical,EWS,Gender-Neutral,6,132669
Institute_5,Chemical,EWS,Female-only (including Supernumerary),1,132680
Institute_5,Chemical,EWS,Female-only (including Supernumerary),2,132619
Institute_5,Chemical,EWS,Female-only (including Supernumerary),3,132557
Institute_5,Chemical,EWS,Female-only (including Supernumerary),4,132495
Institute_5,Chemical,EWS,Female-only (including Supernumerary),5,132433
Institute_5,Chemical,EWS,Female-only (including Supernumerary),6,132371
Institute_5,Chemical,OBC-NCL,Gender-Neutral,1,158932
Institute_5,Chemical,OBC-NCL,Gender-Neutral,2,158870
Institute_5,Chemical,OBC-NCL,Gender-Neutral,3,158808
Institute_5,Chemical,OBC-NCL,Gender-Neutral,4,158746
Institute_5,Chemical,OBC-NCL,Gender-Neutral,5,158684
Institute_5,Chemical,OBC-NCL,Gender-Neutral,6,158623
Institute_5,Chemical,OBC-NCL,Female-only (including Supernumerary),1,158634
Institute_5,Chemical,OBC-NCL,Female-only (including Supernumerary),2,158572
Institute_5,Chemical,OBC-NCL,Female-only (including Supernumerary),3,158510
Institute_5,Chemical,OBC-NCL,Female-only (including Supernumerary),4,158449
Institute_5,Chemical,OBC-NCL,Female-only (including Supernumerary),5,158387
Institute_5,Chemical,OBC-NCL,Female-only (including Supernumerary),6,158325
Institute_5,Chemical,SC,Gender-Neutral,1,210839
Institute_5,Chemical,SC,Gender-Neutral,2,210777
Institute_5,Chemical,SC,Gender-Neutral,3,210715
Institute_5,Chemical,SC,Gender-Neutral,4,210653
Institute_5,Chemical,SC,Gender-Neutral,5,210592
Institute_5,Chemical,SC,Gender-Neutral,6,210530
Institute_5,Chemical,SC,Female-only (including Supernumerary),1,210541
Institute_5,Chemical,SC,Female-only (including Supernumerary),2,210479
Institute_5,Chemical,SC,Female-only (including Supernumerary),3,210418
Institute_5,Chemical,SC,Female-only (including Supernumerary),4,210356
Institute_5,Chemical,SC,Female-only (including Supernumerary),5,210294
Institute_5,Chemical,SC,Female-only (including Supernumerary),6,210232
Institute_5,Chemical,ST,Gender-Neutral,1,236793
Institute_5,Chemical,ST,Gender-Neutral,2,236731
Institute_5,Chemical,ST,Gender-Neutral,3,236669
Institute_5,Chemical,ST,Gender-Neutral,4,236607
Institute_5,Chemical,ST,Gender-Neutral,5,236545
Institute_5,Chemical,ST,Gender-Neutral,6,236483
Institute_5,Chemical,ST,Female-only (including Supernumerary),1,236495
Institute_5,Chemical,ST,Female-only (including Supernumerary),2,236433
Institute_5,Chemical,ST,Female-only (including Supernumerary),3,236371
Institute_5,Chemical,ST,Female-only (including Supernumerary),4,236309
Institute_5,Chemical,ST,Female-only (including Supernumerary),5,236247
Institute_5,Chemical,ST,Female-only (including Supernumerary),6,236186
Institute_6,Computer Science,OPEN,Gender-Neutral,1,182847
Institute_6,Computer Science,OPEN,Gender-Neutral,2,182785
Institute_6,Computer Science,OPEN,Gender-Neutral,3,182724
Institute_6,Computer Science,OPEN,Gender-Neutral,4,182662
Institute_6,Computer Science,OPEN,Gender-Neutral,5,182600
Institute_6,Computer Science,OPEN,Gender-Neutral,6,182538
Institute_6,Computer Science,OPEN,Female-only (including Supernumerary),1,182549
Institute_6,Computer Science,OPEN,Female-only (including Supernumerary),2,182488
Institute_6,Computer Science,OPEN,Female-only (including Supernumerary),3,182426
Institute_6,Computer Science,OPEN,Female-only (including Supernumerary),4,182364
Institute_6,Computer Science,OPEN,Female-only (including Supernumerary),5,182302
Institute_6,Computer Science,OPEN,Female-only (including Supernumerary),6,182240
Institute_6,Computer Science,EWS,Gender-Neutral,1,130940
Institute_6,Computer Science,EWS,Gender-Neutral,2,130878
Institute_6,Computer Science,EWS,Gender-Neutral,3,130816
Institute_6,Computer Science,EWS,Gender-Neutral,4,130755
Institute_6,Computer Science,EWS,Gender-Neutral,5,130693
Institute_6,Computer Science,EWS,Gender-Neutral,6,130631
Institute_6,Computer Science,EWS,Female-only (including Supernumerary),1,130642
Institute_6,Computer Science,EWS,Female-only (including Supernumerary),2,130580
Institute_6,Computer Science,EWS,Female-only (including Supernumerary),3,130519
Institute_6,Computer Science,EWS,Female-only (including Supernumerary),4,130457
Institute_6,Computer Science,EWS,Female-only (including Supernumerary),5,130395
Institute_6,Computer Science,EWS,Female-only (including Supernumerary),6,130333
Institute_6,Computer Science,OBC-NCL,Gender-Neutral,1,156894
Institute_6,Computer Science,OBC-NCL,Gender-Neutral,2,156832
Institute_6,Computer Science,OBC-NCL,Gender-Neutral,3,156770
Institute_6,Computer Science,OBC-NCL,Gender-Neutral,4,156708
Institute_6,Computer Science,OBC-NCL,Gender-Neutral,5,156646
Institute_6,Computer Science,OBC-NCL,Gender-Neutral,6,156584
Institute_6,Computer Science,OBC-NCL,Female-only (including Supernumerary),1,156596
Institute_6,Computer Science,OBC-NCL,Female-only (including Supernumerary),2,156534
Institute_6,Computer Science,OBC-NCL,Female-only (including Supernumerary),3,156472
Institute_6,Computer Science,OBC-NCL,Female-only (including Supernumerary),4,156410
Institute_6,Computer Science,OBC-NCL,Female-only (including Supernumerary),5,156348
Institute_6,Computer Science,OBC-NCL,Female-only (including Supernumerary),6,156287
Institute_6,Computer Science,SC,Gender-Neutral,1,208801
Institute_6,Computer Science,SC,Gender-Neutral,2,208739
Institute_6,Computer Science,SC,Gender-Neutral,3,208677
Institute_6,Computer Science,SC,Gender-Neutral,4,208615
Institute_6,Computer Science,SC,Gender-Neutral,5,208553
Institute_6,Computer Science,SC,Gender-Neutral,6,208492
Institute_6,Computer Science,SC,Female-only (including Supernumerary),1,208503
Institute_6,Computer Science,SC,Female-only (including Supernumerary),2,208441
Institute_6,Computer Science,SC,Female-only (including Supernumerary),3,208379
Institute_6,Computer Science,SC,Female-only (including Supernumerary),4,208317
Institute_6,Computer Science,SC,Female-only (including Supernumerary),5,208256
Institute_6,Computer Science,SC,Female-only (including Supernumerary),6,208194
Institute_6,Computer Science,ST,Gender-Neutral,1,234754
Institute_6,Computer Science,ST,Gender-Neutral,2,234693
Institute_6,Computer Science,ST,Gender-Neutral,3,234631
Institute_6,Computer Science,ST,Gender-Neutral,4,234569
Institute_6,Computer Science,ST,Gender-Neutral,5,234507
Institute_6,Computer Science,ST,Gender-Neutral,6,234445
Institute_6,Computer Science,ST,Female-only (including Supernumerary),1,234457
Institute_6,Computer Science,ST,Female-only (including Supernumerary),2,234395
Institute_6,Computer Science,ST,Female-only (including Supernumerary),3,234333
Institute_6,Computer Science,ST,Female-only (including Supernumerary),4,234271
Institute_6,Computer Science,ST,Female-only (including Supernumerary),5,234209
Institute_6,Computer Science,ST,Female-only (including Supernumerary),6,234147
Institute_6,Chemical,OPEN,Gender-Neutral,1,189785
Institute_6,Chemical,OPEN,Gender-Neutral,2,189723
Institute_6,Chemical,OPEN,Gender-Neutral,3,189661
Institute_6,Chemical,OPEN,Gender-Neutral,4,189599
Institute_6,Chemical,OPEN,Gender-Neutral,5,189537
Institute_6,Chemical,OPEN,Gender-Neutral,6,189475
Institute_6,Chemical,OPEN,Female-only (including Supernumerary),1,189487
Institute_6,Chemical,OPEN,Female-only (including Supernumerary),2,189425
Institute_6,Chemical,OPEN,Female-only (including Supernumerary),3,189363
Institute_6,Chemical,OPEN,Female-only (including Supernumerary),4,189301
Institute_6,Chemical,OPEN,Female-only (including Supernumerary),5,189240
Institute_6,Chemical,OPEN,Female-only (including Supernumerary),6,189178
Institute_6,Chemical,EWS,Gender-Neutral,1,137877
Institute_6,Chemical,EWS,Gender-Neutral,2,137816
Institute_6,Chemical,EWS,Gender-Neutral,3,137754
Institute_6,Chemical,EWS,Gender-Neutral,4,137692
Institute_6,Chemical,EWS,Gender-Neutral,5,137630
Institute_6,Chemical,EWS,Gender-Neutral,6,137568
Institute_6,Chemical,EWS,Female-only (including Supernumerary),1,137580
Institute_6,Chemical,EWS,Female-only (including Supernumerary),2,137518
Institute_6,Chemical,EWS,Female-only (including Supernumerary),3,137456
Institute_6,Chemical,EWS,Female-only (including Supernumerary),4,137394
Institute_6,Chemical,EWS,Female-only (including Supernumerary),5,137332
Institute_6,Chemical,EWS,Female-only (including Supernumerary),6,137271
Institute_6,Chemical,OBC-NCL,Gender-Neutral,1,163831
Institute_6,Chemical,OBC-NCL,Gender-Neutral,2,163769
Institute_6,Chemical,OBC-NCL,Gender-Neutral,3,163707
Institute_6,Chemical,OBC-NCL,Gender-Neutral,4,163646
Institute_6,Chemical,OBC-NCL,Gender-Neutral,5,163584
Institute_6,Chemical,OBC-NCL,Gender-Neutral,6,163522
Institute_6,Chemical,OBC-NCL,Female-only (including Supernumerary),1,163533
Institute_6,Chemical,OBC-NCL,Female-only (including Supernumerary),2,163471
Institute_6,Chemical,OBC-NCL,Female-only (including Supernumerary),3,163410
Institute_6,Chemical,OBC-NCL,Female-only (including Supernumerary),4,163348
Institute_6,Chemical,OBC-NCL,Female-only (including Supernumerary),5,163286
Institute_6,Chemical,OBC-NCL,Female-only (including Supernumerary),6,163224
Institute_6,Chemical,SC,Gender-Neutral,1,215738
Institute_6,Chemical,SC,Gender-Neutral,2,215676
Institute_6,Chemical,SC,Gender-Neutral,3,215615
Institute_6,Chemical,SC,Gender-Neutral,4,215553
Institute_6,Chemical,SC,Gender-Neutral,5,215491
Institute_6,Chemical,SC,Gender-Neutral,6,215429
Institute_6,Chemical,SC,Female-only (including Supernumerary),1,215440
Institute_6,Chemical,SC,Female-only (including Supernumerary),2,215379
Institute_6,Chemical,SC,Female-only (including Supernumerary),3,215317
Institute_6,Chemical,SC,Female-only (including Supernumerary),4,215255
Institute_6,Chemical,SC,Female-only (including Supernumerary),5,215193
Institute_6,Chemical,SC,Female-only (including Supernumerary),6,215131
Institute_6,Chemical,ST,Gender-Neutral,1,241692
Institute_6,Chemical,ST,Gender-Neutral,2,241630
Institute_6,Chemical,ST,Gender-Neutral,3,241568
Institute_6,Chemical,ST,Gender-Neutral,4,241506
Institute_6,Chemical,ST,Gender-Neutral,5,241445
Institute_6,Chemical,ST,Gender-Neutral,6,241383
Institute_6,Chemical,ST,Female-only (including Supernumerary),1,241394
Institute_6,Chemical,ST,Female-only (including Supernumerary),2,241332
Institute_6,Chemical,ST,Female-only (including Supernumerary),3,241270
Institute_6,Chemical,ST,Female-only (including Supernumerary),4,241209
Institute_6,Chemical,ST,Female-only (including Supernumerary),5,241147
Institute_6,Chemical,ST,Female-only (including Supernumerary),6,241085
Institute_6,Electronics,OPEN,Gender-Neutral,1,175910
Institute_6,Electronics,OPEN,Gender-Neutral,2,175848
Institute_6,Electronics,OPEN,Gender-Neutral,3,175786
Institute_6,Electronics,OPEN,Gender-Neutral,4,175724
Institute_6,Electronics,OPEN,Gender-Neutral,5,175662
Institute_6,Electronics,OPEN,Gender-Neutral,6,175601
Institute_6,Electronics,OPEN,Female-only (including Supernumerary),1,175612
Institute_6,Electronics,OPEN,Female-only (including Supernumerary),2,175550
Institute_6,Electronics,OPEN,Female-only (including Supernumerary),3,175488
Institute_6,Electronics,OPEN,Female-only (including Supernumerary),4,175426
Institute_6,Electronics,OPEN,Female-only (including Supernumerary),5,175365
Institute_6,Electronics,OPEN,Female-only (including Supernumerary),6,175303
Institute_6,Electronics,EWS,Gender-Neutral,1,124003
Institute_6,Electronics,EWS,Gender-Neutral,2,123941
Institute_6,Electronics,EWS,Gender-Neutral,3,123879
Institute_6,Electronics,EWS,Gender-Neutral,4,123817
Institute_6,Electronics,EWS,Gender-Neutral,5,123755
Institute_6,Electronics,EWS,Gender-Neutral,6,123693
Institute_6,Electronics,EWS,Female-only (including Supernumerary),1,123705
Institute_6,Electronics,EWS,Female-only (including Supernumerary),2,123643
Institute_6,Electronics,EWS,Female-only (including Supernumerary),3,123581
Institute_6,Electronics,EWS,Female-only (including Supernumerary),4,123519
Institute_6,Electronics,EWS,Female-only (including Supernumerary),5,123457
Institute_6,Electronics,EWS,Female-only (including Supernumerary),6,123396
Institute_6,Electronics,OBC-NCL,Gender-Neutral,1,149956
Institute_6,Electronics,OBC-NCL,Gender-Neutral,2,149894
Institute_6,Electronics,OBC-NCL,Gender-Neutral,3,149832
Institute_6,Electronics,OBC-NCL,Gender-Neutral,4,149771
Institute_6,Electronics,OBC-NCL,Gender-Neutral,5,149709
Institute_6,Electronics,OBC-NCL,Gender-Neutral,6,149647
Institute_6,Electronics,OBC-NCL,Female-only (including Supernumerary),1,149658
Institute_6,Electronics,OBC-NCL,Female-only (including Supernumerary),2,149596
Institute_6,Electronics,OBC-NCL,Female-only (including Supernumerary),3,149535
Institute_6,Electronics,OBC-NCL,Female-only (including Supernumerary),4,149473
Institute_6,Electronics,OBC-NCL,Female-only (including Supernumerary),5,149411
Institute_6,Electronics,OBC-NCL,Female-only (including Supernumerary),6,149349
Institute_6,Electronics,SC,Gender-Neutral,1,201863
Institute_6,Electronics,SC,Gender-Neutral,2,201801
Institute_6,Electronics,SC,Gender-Neutral,3,201740
Institute_6,Electronics,SC,Gender-Neutral,4,201678
Institute_6,Electronics,SC,Gender-Neutral,5,201616
Institute_6,Electronics,SC,Gender-Neutral,6,201554
Institute_6,Electronics,SC,Female-only (including Supernumerary),1,201566
Institute_6,Electronics,SC,Female-only (including Supernumerary),2,201504
Institute_6,Electronics,SC,Female-only (including Supernumerary),3,201442
Institute_6,Electronics,SC,Female-only (including Supernumerary),4,201380
Institute_6,Electronics,SC,Female-only (including Supernumerary),5,201318
Institute_6,Electronics,SC,Female-only (including Supernumerary),6,201256
Institute_6,Electronics,ST,Gender-Neutral,1,227817
Institute_6,Electronics,ST,Gender-Neutral,2,227755
Institute_6,Electronics,ST,Gender-Neutral,3,227693
Institute_6,Electronics,ST,Gender-Neutral,4,227631
Institute_6,Electronics,ST,Gender-Neutral,5,227570
Institute_6,Electronics,ST,Gender-Neutral,6,227508
Institute_6,Electronics,ST,Female-only (including Supernumerary),1,227519
Institute_6,Electronics,ST,Female-only (including Supernumerary),2,227457
Institute_6,Electronics,ST,Female-only (including Supernumerary),3,227395
Institute_6,Electronics,ST,Female-only (including Supernumerary),4,227334
Institute_6,Electronics,ST,Female-only (including Supernumerary),5,227272
Institute_6,Electronics,ST,Female-only (including Supernumerary),6,227210
Institute_7,Chemical,OPEN,Gender-Neutral,1,187051
Institute_7,Chemical,OPEN,Gender-Neutral,2,186989
Institute_7,Chemical,OPEN,Gender-Neutral,3,186927
Institute_7,Chemical,OPEN,Gender-Neutral,4,186866
Institute_7,Chemical,OPEN,Gender-Neutral,5,186804
Institute_7,Chemical,OPEN,Gender-Neutral,6,186742
Institute_7,Chemical,OPEN,Female-only (including Supernumerary),1,186753
Institute_7,Chemical,OPEN,Female-only (including Supernumerary),2,186692
Institute_7,Chemical,OPEN,Female-only (including Supernumerary),3,186630
Institute_7,Chemical,OPEN,Female-only (including Supernumerary),4,186568
Institute_7,Chemical,OPEN,Female-only (including Supernumerary),5,186506
Institute_7,Chemical,OPEN,Female-only (including Supernumerary),6,186444
Institute_7,Chemical,EWS,Gender-Neutral,1,135144
Institute_7,Chemical,EWS,Gender-Neutral,2,135082
Institute_7,Chemical,EWS,Gender-Neutral,3,135020
Institute_7,Chemical,EWS,Gender-Neutral,4,134958
Institute_7,Chemical,EWS,Gender-Neutral,5,134897
Institute_7,Chemical,EWS,Gender-Neutral,6,134835
Institute_7,Chemical,EWS,Female-only (including Supernumerary),1,134846
Institute_7,Chemical,EWS,Female-only (including Supernumerary),2,134784
Institute_7,Chemical,EWS,Female-only (including Supernumerary),3,134723
Institute_7,Chemical,EWS,Female-only (including Supernumerary),4,134661
Institute_7,Chemical,EWS,Female-only (including Supernumerary),5,134599
Institute_7,Chemical,EWS,Female-only (including Supernumerary),6,134537
Institute_7,Chemical,OBC-NCL,Gender-Neutral,1,161098
Institute_7,Chemical,OBC-NCL,Gender-Neutral,2,161036
Institute_7,Chemical,OBC-NCL,Gender-Neutral,3,160974
Institute_7,Chemical,OBC-NCL,Gender-Neutral,4,160912
Institute_7,Chemical,OBC-NCL,Gender-Neutral,5,160850
Institute_7,Chemical,OBC-NCL,Gender-Neutral,6,160788
Institute_7,Chemical,OBC-NCL,Female-only (including Supernumerary),1,160800
Institute_7,Chemical,OBC-NCL,Female-only (including Supernumerary),2,160738
Institute_7,Chemical,OBC-NCL,Female-only (including Supernumerary),3,160676
Institute_7,Chemical,OBC-NCL,Female-only (including Supernumerary),4,160614
Institute_7,Chemical,OBC-NCL,Female-only (including Supernumerary),5,160552
Institute_7,Chemical,OBC-NCL,Female-only (including Supernumerary),6,160491
Institute_7,Chemical,SC,Gender-Neutral,1,213005
Institute_7,Chemical,SC,Gender-Neutral,2,212943
Institute_7,Chemical,SC,Gender-Neutral,3,212881
Institute_7,Chemical,SC,Gender-Neutral,4,212819
Institute_7,Chemical,SC,Gender-Neutral,5,212757
Institute_7,Chemical,SC,Gender-Neutral,6,212696
Institute_7,Chemical,SC,Female-only (including Supernumerary),1,212707
Institute_7,Chemical,SC,Female-only (including Supernumerary),2,212645
Institute_7,Chemical,SC,Female-only (including Supernumerary),3,212583
Institute_7,Chemical,SC,Female-only (including Supernumerary),4,212521
Institute_7,Chemical,SC,Female-only (including Supernumerary),5,212460
Institute_7,Chemical,SC,Female-only (including Supernumerary),6,212398
Institute_7,Chemical,ST,Gender-Neutral,1,238958
Institute_7,Chemical,ST,Gender-Neutral,2,238896
Institute_7,Chemical,ST,Gender-Neutral,3,238835
Institute_7,Chemical,ST,Gender-Neutral,4,238773
Institute_7,Chemical,ST,Gender-Neutral,5,238711
Institute_7,Chemical,ST,Gender-Neutral,6,238649
Institute_7,Chemical,ST,Female-only (including Supernumerary),1,238661
Institute_7,Chemical,ST,Female-only (including Supernumerary),2,238599
Institute_7,Chemical,ST,Female-only (including Supernumerary),3,238537
Institute_7,Chemical,ST,Female-only (including Supernumerary),4,238475
Institute_7,Chemical,ST,Female-only (including Supernumerary),5,238413
Institute_7,Chemical,ST,Female-only (including Supernumerary),6,238351
Institute_7,Electronics,OPEN,Gender-Neutral,1,173176
Institute_7,Electronics,OPEN,Gender-Neutral,2,173114
Institute_7,Electronics,OPEN,Gender-Neutral,3,173052
Institute_7,Electronics,OPEN,Gender-Neutral,4,172991
Institute_7,Electronics,OPEN,Gender-Neutral,5,172929
Institute_7,Electronics,OPEN,Gender-Neutral,6,172867
Institute_7,Electronics,OPEN,Female-only (including Supernumerary),1,172878
Institute_7,Electronics,OPEN,Female-only (including Supernumerary),2,172817
Institute_7,Electronics,OPEN,Female-only (including Supernumerary),3,172755
Institute_7,Electronics,OPEN,Female-only (including Supernumerary),4,172693
Institute_7,Electronics,OPEN,Female-only (including Supernumerary),5,172631
Institute_7,Electronics,OPEN,Female-only (including Supernumerary),6,172569
Institute_7,Electronics,EWS,Gender-Neutral,1,121269
Institute_7,Electronics,EWS,Gender-Neutral,2,121207
Institute_7,Electronics,EWS,Gender-Neutral,3,121145
Institute_7,Electronics,EWS,Gender-Neutral,4,121083
Institute_7,Electronics,EWS,Gender-Neutral,5,121022
Institute_7,Electronics,EWS,Gender-Neutral,6,120960
Institute_7,Electronics,EWS,Female-only (including Supernumerary),1,120971
Institute_7,Electronics,EWS,Female-only (including Supernumerary),2,120909
Institute_7,Electronics,EWS,Female-only (including Supernumerary),3,120848
Institute_7,Electronics,EWS,Female-only (including Supernumerary),4,120786
Institute_7,Electronics,EWS,Female-only (including Supernumerary),5,120724
Institute_7,Electronics,EWS,Female-only (including Supernumerary),6,120662
Institute_7,Electronics,OBC-NCL,Gender-Neutral,1,147223
Institute_7,Electronics,OBC-NCL,Gender-Neutral,2,147161
Institute_7,Electronics,OBC-NCL,Gender-Neutral,3,147099
Institute_7,Electronics,OBC-NCL,Gender-Neutral,4,147037
Institute_7,Electronics,OBC-NCL,Gender-Neutral,5,146975
Institute_7,Electronics,OBC-NCL,Gender-Neutral,6,146913
Institute_7,Electronics,OBC-NCL,Female-only (including Supernumerary),1,146925
Institute_7,Electronics,OBC-NCL,Female-only (including Supernumerary),2,146863
Institute_7,Electronics,OBC-NCL,Female-only (including Supernumerary),3,146801
Institute_7,Electronics,OBC-NCL,Female-only (including Supernumerary),4,146739
Institute_7,Electronics,OBC-NCL,Female-only (including Supernumerary),5,146677
Institute_7,Electronics,OBC-NCL,Female-only (including Supernumerary),6,146616
Institute_7,Electronics,SC,Gender-Neutral,1,199130
Institute_7,Electronics,SC,Gender-Neutral,2,199068
Institute_7,Electronics,SC,Gender-Neutral,3,199006
Institute_7,Electronics,SC,Gender-Neutral,4,198944
Institute_7,Electronics,SC,Gender-Neutral,5,198882
Institute_7,Electronics,SC,Gender-Neutral,6,198821
Institute_7,Electronics,SC,Female-only (including Supernumerary),1,198832
Institute_7,Electronics,SC,Female-only (including Supernumerary),2,198770
Institute_7,Electronics,SC,Female-only (including Supernumerary),3,198708
Institute_7,Electronics,SC,Female-only (including Supernumerary),4,198646
Institute_7,Electronics,SC,Female-only (including Supernumerary),5,198585
Institute_7,Electronics,SC,Female-only (including Supernumerary),6,198523
Institute_7,Electronics,ST,Gender-Neutral,1,225083
Institute_7,Electronics,ST,Gender-Neutral,2,225021
Institute_7,Electronics,ST,Gender-Neutral,3,224960
Institute_7,Electronics,ST,Gender-Neutral,4,224898
Institute_7,Electronics,ST,Gender-Neutral,5,224836
Institute_7,Electronics,ST,Gender-Neutral,6,224774
Institute_7,Electronics,ST,Female-only (including Supernumerary),1,224786
Institute_7,Electronics,ST,Female-only (including Supernumerary),2,224724
Institute_7,Electronics,ST,Female-only (including Supernumerary),3,224662
Institute_7,Electronics,ST,Female-only (including Supernumerary),4,224600
Institute_7,Electronics,ST,Female-only (including Supernumerary),5,224538
Institute_7,Electronics,ST,Female-only (including Supernumerary),6,224476
Institute_7,Civil,OPEN,Gender-Neutral,1,183582
Institute_7,Civil,OPEN,Gender-Neutral,2,183521
Institute_7,Civil,OPEN,Gender-Neutral,3,183459
Institute_7,Civil,OPEN,Gender-Neutral,4,183397
Institute_7,Civil,OPEN,Gender-Neutral,5,183335
Institute_7,Civil,OPEN,Gender-Neutral,6,183273
Institute_7,Civil,OPEN,Female-only (including Supernumerary),1,183285
Institute_7,Civil,OPEN,Female-only (including Supernumerary),2,183223
Institute_7,Civil,OPEN,Female-only (including Supernumerary),3,183161
Institute_7,Civil,OPEN,Female-only (including Supernumerary),4,183099
Institute_7,Civil,OPEN,Female-only (including Supernumerary),5,183037
Institute_7,Civil,OPEN,Female-only (including Supernumerary),6,182975
Institute_7,Civil,EWS,Gender-Neutral,1,131675
Institute_7,Civil,EWS,Gender-Neutral,2,131613
Institute_7,Civil,EWS,Gender-Neutral,3,131552
Institute_7,Civil,EWS,Gender-Neutral,4,131490
Institute_7,Civil,EWS,Gender-Neutral,5,131428
Institute_7,Civil,EWS,Gender-Neutral,6,131366
Institute_7,Civil,EWS,Female-only (including Supernumerary),1,131377
Institute_7,Civil,EWS,Female-only (including Supernumerary),2,131316
Institute_7,Civil,EWS,Female-only (including Supernumerary),3,131254
Institute_7,Civil,EWS,Female-only (including Supernumerary),4,131192
Institute_7,Civil,EWS,Female-only (including Supernumerary),5,131130
Institute_7,Civil,EWS,Female-only (including Supernumerary),6,131068
Institute_7,Civil,OBC-NCL,Gender-Neutral,1,157629
Institute_7,Civil,OBC-NCL,Gender-Neutral,2,157567
Institute_7,Civil,OBC-NCL,Gender-Neutral,3,157505
Institute_7,Civil,OBC-NCL,Gender-Neutral,4,157443
Institute_7,Civil,OBC-NCL,Gender-Neutral,5,157381
Institute_7,Civil,OBC-NCL,Gender-Neutral,6,157320
Institute_7,Civil,OBC-NCL,Female-only (including Supernumerary),1,157331
Institute_7,Civil,OBC-NCL,Female-only (including Supernumerary),2,157269
Institute_7,Civil,OBC-NCL,Female-only (including Supernumerary),3,157207
Institute_7,Civil,OBC-NCL,Female-only (including Supernumerary),4,157146
Institute_7,Civil,OBC-NCL,Female-only (including Supernumerary),5,157084
Institute_7,Civil,OBC-NCL,Female-only (including Supernumerary),6,157022
Institute_7,Civil,SC,Gender-Neutral,1,209536
Institute_7,Civil,SC,Gender-Neutral,2,209474
Institute_7,Civil,SC,Gender-Neutral,3,209412
Institute_7,Civil,SC,Gender-Neutral,4,209350
Institute_7,Civil,SC,Gender-Neutral,5,209289
Institute_7,Civil,SC,Gender-Neutral,6,209227
Institute_7,Civil,SC,Female-only (including Supernumerary),1,209238
Institute_7,Civil,SC,Female-only (including Supernumerary),2,209176
Institute_7,Civil,SC,Female-only (including Supernumerary),3,209115
Institute_7,Civil,SC,Female-only (including Supernumerary),4,209053
Institute_7,Civil,SC,Female-only (including Supernumerary),5,208991
Institute_7,Civil,SC,Female-only (including Supernumerary),6,208929
Institute_7,Civil,ST,Gender-Neutral,1,235490
Institute_7,Civil,ST,Gender-Neutral,2,235428
Institute_7,Civil,ST,Gender-Neutral,3,235366
Institute_7,Civil,ST,Gender-Neutral,4,235304
Institute_7,Civil,ST,Gender-Neutral,5,235242
Institute_7,Civil,ST,Gender-Neutral,6,235180
Institute_7,Civil,ST,Female-only (including Supernumerary),1,235192
Institute_7,Civil,ST,Female-only (including Supernumerary),2,235130
Institute_7,Civil,ST,Female-only (including Supernumerary),3,235068
Institute_7,Civil,ST,Female-only (including Supernumerary),4,235006
Institute_7,Civil,ST,Female-only (including Supernumerary),5,234944
Institute_7,Civil,ST,Female-only (including Supernumerary),6,234883
Institute_8,Computer Science,OPEN,Gender-Neutral,1,185013
Institute_8,Computer Science,OPEN,Gender-Neutral,2,184951
Institute_8,Computer Science,OPEN,Gender-Neutral,3,184889
Institute_8,Computer Science,OPEN,Gender-Neutral,4,184827
Institute_8,Computer Science,OPEN,Gender-Neutral,5,184766
Institute_8,Computer Science,OPEN,Gender-Neutral,6,184704
Institute_8,Computer Science,OPEN,Female-only (including Supernumerary),1,184715
Institute_8,Computer Science,OPEN,Female-only (including Supernumerary),2,184653
Institute_8,Computer Science,OPEN,Female-only (including Supernumerary),3,184591
Institute_8,Computer Science,OPEN,Female-only (including Supernumerary),4,184530
Institute_8,Computer Science,OPEN,Female-only (including Supernumerary),5,184468
Institute_8,Computer Science,OPEN,Female-only (including Supernumerary),6,184406
Institute_8,Computer Science,EWS,Gender-Neutral,1,133106
Institute_8,Computer Science,EWS,Gender-Neutral,2,133044
Institute_8,Computer Science,EWS,Gender-Neutral,3,132982
Institute_8,Computer Science,EWS,Gender-Neutral,4,132920
Institute_8,Computer Science,EWS,Gender-Neutral,5,132858
Institute_8,Computer Science,EWS,Gender-Neutral,6,132797
Institute_8,Computer Science,EWS,Female-only (including Supernumerary),1,132808
Institute_8,Computer Science,EWS,Female-only (including Supernumerary),2,132746
Institute_8,Computer Science,EWS,Female-only (including Supernumerary),3,132684
Institute_8,Computer Science,EWS,Female-only (including Supernumerary),4,132622
Institute_8,Computer Science,EWS,Female-only (including Supernumerary),5,132561
Institute_8,Computer Science,EWS,Female-only (including Supernumerary),6,132499
Institute_8,Computer Science,OBC-NCL,Gender-Neutral,1,159059
Institute_8,Computer Science,OBC-NCL,Gender-Neutral,2,158997
Institute_8,Computer Science,OBC-NCL,Gender-Neutral,3,158936
Institute_8,Computer Science,OBC-NCL,Gender-Neutral,4,158874
Institute_8,Computer Science,OBC-NCL,Gender-Neutral,5,158812
Institute_8,Computer Science,OBC-NCL,Gender-Neutral,6,158750
Institute_8,Computer Science,OBC-NCL,Female-only (including Supernumerary),1,158762
Institute_8,Computer Science,OBC-NCL,Female-only (including Supernumerary),2,158700
Institute_8,Computer Science,OBC-NCL,Female-only (including Supernumerary),3,158638
Institute_8,Computer Science,OBC-NCL,Female-only (including Supernumerary),4,158576
Institute_8,Computer Science,OBC-NCL,Female-only (including Supernumerary),5,158514
Institute_8,Computer Science,OBC-NCL,Female-only (including Supernumerary),6,158452
Institute_8,Computer Science,SC,Gender-Neutral,1,210966
Institute_8,Computer Science,SC,Gender-Neutral,2,210905
Institute_8,Computer Science,SC,Gender-Neutral,3,210843
Institute_8,Computer Science,SC,Gender-Neutral,4,210781
Institute_8,Computer Science,SC,Gender-Neutral,5,210719
Institute_8,Computer Science,SC,Gender-Neutral,6,210657
Institute_8,Computer Science,SC,Female-only (including Supernumerary),1,210669
Institute_8,Computer Science,SC,Female-only (including Supernumerary),2,210607
Institute_8,Computer Science,SC,Female-only (including Supernumerary),3,210545
Institute_8,Computer Science,SC,Female-only (including Supernumerary),4,210483
Institute_8,Computer Science,SC,Female-only (including Supernumerary),5,210421
Institute_8,Computer Science,SC,Female-only (including Supernumerary),6,210360
Institute_8,Computer Science,ST,Gender-Neutral,1,236920
Institute_8,Computer Science,ST,Gender-Neutral,2,236858
Institute_8,Computer Science,ST,Gender-Neutral,3,236796
Institute_8,Computer Science,ST,Gender-Neutral,4,236735
Institute_8,Computer Science,ST,Gender-Neutral,5,236673
Institute_8,Computer Science,ST,Gender-Neutral,6,236611
Institute_8,Computer Science,ST,Female-only (including Supernumerary),1,236622
Institute_8,Computer Science,ST,Female-only (including Supernumerary),2,236560
Institute_8,Computer Science,ST,Female-only (including Supernumerary),3,236499
Institute_8,Computer Science,ST,Female-only (including Supernumerary),4,236437
Institute_8,Computer Science,ST,Female-only (including Supernumerary),5,236375
Institute_8,Computer Science,ST,Female-only (including Supernumerary),6,236313
Institute_8,Chemical,OPEN,Gender-Neutral,1,191950
Institute_8,Chemical,OPEN,Gender-Neutral,2,191889
Institute_8,Chemical,OPEN,Gender-Neutral,3,191827
Institute_8,Chemical,OPEN,Gender-Neutral,4,191765
Institute_8,Chemical,OPEN,Gender-Neutral,5,191703
Institute_8,Chemical,OPEN,Gender-Neutral,6,191641
Institute_8,Chemical,OPEN,Female-only (including Supernumerary),1,191653
Institute_8,Chemical,OPEN,Female-only (including Supernumerary),2,191591
Institute_8,Chemical,OPEN,Female-only (including Supernumerary),3,191529
Institute_8,Chemical,OPEN,Female-only (including Supernumerary),4,191467
Institute_8,Chemical,OPEN,Female-only (including Supernumerary),5,191405
Institute_8,Chemical,OPEN,Female-only (including Supernumerary),6,191343
Institute_8,Chemical,EWS,Gender-Neutral,1,140043
Institute_8,Chemical,EWS,Gender-Neutral,2,139981
Institute_8,Chemical,EWS,Gender-Neutral,3,139920
Institute_8,Chemical,EWS,Gender-Neutral,4,139858
Institute_8,Chemical,EWS,Gender-Neutral,5,139796
Institute_8,Chemical,EWS,Gender-Neutral,6,139734
Institute_8,Chemical,EWS,Female-only (including Supernumerary),1,139745
Institute_8,Chemical,EWS,Female-only (including Supernumerary),2,139684
Institute_8,Chemical,EWS,Female-only (including Supernumerary),3,139622
Institute_8,Chemical,EWS,Female-only (including Supernumerary),4,139560
Institute_8,Chemical,EWS,Female-only (including Supernumerary),5,139498
Institute_8,Chemical,EWS,Female-only (including Supernumerary),6,139436
Institute_8,Chemical,OBC-NCL,Gender-Neutral,1,165997
Institute_8,Chemical,OBC-NCL,Gender-Neutral,2,165935
Institute_8,Chemical,OBC-NCL,Gender-Neutral,3,165873
Institute_8,Chemical,OBC-NCL,Gender-Neutral,4,165811
Institute_8,Chemical,OBC-NCL,Gender-Neutral,5,165749
Institute_8,Chemical,OBC-NCL,Gender-Neutral,6,165688
Institute_8,Chemical,OBC-NCL,Female-only (including Supernumerary),1,165699
Institute_8,Chemical,OBC-NCL,Female-only (including Supernumerary),2,165637
Institute_8,Chemical,OBC-NCL,Female-only (including Supernumerary),3,165575
Institute_8,Chemical,OBC-NCL,Female-only (including Supernumerary),4,165514
Institute_8,Chemical,OBC-NCL,Female-only (including Supernumerary),5,165452
Institute_8,Chemical,OBC-NCL,Female-only (including Supernumerary),6,165390
Institute_8,Chemical,SC,Gender-Neutral,1,217904
Institute_8,Chemical,SC,Gender-Neutral,2,217842
Institute_8,Chemical,SC,Gender-Neutral,3,217780
Institute_8,Chemical,SC,Gender-Neutral,4,217718
Institute_8,Chemical,SC,Gender-Neutral,5,217657
Institute_8,Chemical,SC,Gender-Neutral,6,217595
Institute_8,Chemical,SC,Female-only (including Supernumerary),1,217606
Institute_8,Chemical,SC,Female-only (including Supernumerary),2,217544
Institute_8,Chemical,SC,Female-only (including Supernumerary),3,217483
Institute_8,Chemical,SC,Female-only (including Supernumerary),4,217421
Institute_8,Chemical,SC,Female-only (including Supernumerary),5,217359
Institute_8,Chemical,SC,Female-only (including Supernumerary),6,217297
Institute_8,Chemical,ST,Gender-Neutral,1,243858
Institute_8,Chemical,ST,Gender-Neutral,2,243796
Institute_8,Chemical,ST,Gender-Neutral,3,243734
Institute_8,Chemical,ST,Gender-Neutral,4,243672
Institute_8,Chemical,ST,Gender-Neutral,5,243610
Institute_8,Chemical,ST,Gender-Neutral,6,243548
Institute_8,Chemical,ST,Female-only (including Supernumerary),1,243560
Institute_8,Chemical,ST,Female-only (including Supernumerary),2,243498
Institute_8,Chemical,ST,Female-only (including Supernumerary),3,243436
Institute_8,Chemical,ST,Female-only (including Supernumerary),4,243374
Institute_8,Chemical,ST,Female-only (including Supernumerary),5,243312
Institute_8,Chemical,ST,Female-only (including Supernumerary),6,243251
Institute_8,Civil,OPEN,Gender-Neutral,1,188482
Institute_8,Civil,OPEN,Gender-Neutral,2,188420
Institute_8,Civil,OPEN,Gender-Neutral,3,188358
Institute_8,Civil,OPEN,Gender-Neutral,4,188296
Institute_8,Civil,OPEN,Gender-Neutral,5,188234
Institute_8,Civil,OPEN,Gender-Neutral,6,188172
Institute_8,Civil,OPEN,Female-only (including Supernumerary),1,188184
Institute_8,Civil,OPEN,Female-only (including Supernumerary),2,188122
Institute_8,Civil,OPEN,Female-only (including Supernumerary),3,188060
Institute_8,Civil,OPEN,Female-only (including Supernumerary),4,187998
Institute_8,Civil,OPEN,Female-only (including Supernumerary),5,187937
Institute_8,Civil,OPEN,Female-only (including Supernumerary),6,187875
Institute_8,Civil,EWS,Gender-Neutral,1,136574
Institute_8,Civil,EWS,Gender-Neutral,2,136513
Institute_8,Civil,EWS,Gender-Neutral,3,136451
Institute_8,Civil,EWS,Gender-Neutral,4,136389
Institute_8,Civil,EWS,Gender-Neutral,5,136327
Institute_8,Civil,EWS,Gender-Neutral,6,136265
Institute_8,Civil,EWS,Female-only (including Supernumerary),1,136277
Institute_8,Civil,EWS,Female-only (including Supernumerary),2,136215
Institute_8,Civil,EWS,Female-only (including Supernumerary),3,136153
Institute_8,Civil,EWS,Female-only (including Supernumerary),4,136091
Institute_8,Civil,EWS,Female-only (including Supernumerary),5,136029
Institute_8,Civil,EWS,Female-only (including Supernumerary),6,135968
Institute_8,Civil,OBC-NCL,Gender-Neutral,1,162528
Institute_8,Civil,OBC-NCL,Gender-Neutral,2,162466
Institute_8,Civil,OBC-NCL,Gender-Neutral,3,162404
Institute_8,Civil,OBC-NCL,Gender-Neutral,4,162343
Institute_8,Civil,OBC-NCL,Gender-Neutral,5,162281
Institute_8,Civil,OBC-NCL,Gender-Neutral,6,162219
Institute_8,Civil,OBC-NCL,Female-only (including Supernumerary),1,162230
Institute_8,Civil,OBC-NCL,Female-only (including Supernumerary),2,162168
Institute_8,Civil,OBC-NCL,Female-only (including Supernumerary),3,162107
Institute_8,Civil,OBC-NCL,Female-only (including Supernumerary),4,162045
Institute_8,Civil,OBC-NCL,Female-only (including Supernumerary),5,161983
Institute_8,Civil,OBC-NCL,Female-only (including Supernumerary),6,161921
Institute_8,Civil,SC,Gender-Neutral,1,214435
Institute_8,Civil,SC,Gender-Neutral,2,214373
Institute_8,Civil,SC,Gender-Neutral,3,214312
Institute_8,Civil,SC,Gender-Neutral,4,214250
Institute_8,Civil,SC,Gender-Neutral,5,214188
Institute_8,Civil,SC,Gender-Neutral,6,214126
Institute_8,Civil,SC,Female-only (including Supernumerary),1,214137
Institute_8,Civil,SC,Female-only (including Supernumerary),2,214076
Institute_8,Civil,SC,Female-only (including Supernumerary),3,214014
Institute_8,Civil,SC,Female-only (including Supernumerary),4,213952
Institute_8,Civil,SC,Female-only (including Supernumerary),5,213890
Institute_8,Civil,SC,Female-only (including Supernumerary),6,213828
Institute_8,Civil,ST,Gender-Neutral,1,240389
Institute_8,Civil,ST,Gender-Neutral,2,240327
Institute_8,Civil,ST,Gender-Neutral,3,240265
Institute_8,Civil,ST,Gender-Neutral,4,240203
Institute_8,Civil,ST,Gender-Neutral,5,240141
Institute_8,Civil,ST,Gender-Neutral,6,240080
Institute_8,Civil,ST,Female-only (including Supernumerary),1,240091
Institute_8,Civil,ST,Female-only (including Supernumerary),2,240029
Institute_8,Civil,ST,Female-only (including Supernumerary),3,239967
Institute_8,Civil,ST,Female-only (including Supernumerary),4,239906
Institute_8,Civil,ST,Female-only (including Supernumerary),5,239844
Institute_8,Civil,ST,Female-only (including Supernumerary),6,239782
Institute_9,Electrical,OPEN,Gender-Neutral,1,171178
Institute_9,Electrical,OPEN,Gender-Neutral,2,171116
Institute_9,Electrical,OPEN,Gender-Neutral,3,171054
Institute_9,Electrical,OPEN,Gender-Neutral,4,170992
Institute_9,Electrical,OPEN,Gender-Neutral,5,170930
Institute_9,Electrical,OPEN,Gender-Neutral,6,170869
Institute_9,Electrical,OPEN,Female-only (including Supernumerary),1,170880
Institute_9,Electrical,OPEN,Female-only (including Supernumerary),2,170818
Institute_9,Electrical,OPEN,Female-only (including Supernumerary),3,170756
Institute_9,Electrical,OPEN,Female-only (including Supernumerary),4,170695
Institute_9,Electrical,OPEN,Female-only (including Supernumerary),5,170633
Institute_9,Electrical,OPEN,Female-only (including Supernumerary),6,170571
Institute_9,Electrical,EWS,Gender-Neutral,1,119271
Institute_9,Electrical,EWS,Gender-Neutral,2,119209
Institute_9,Electrical,EWS,Gender-Neutral,3,119147
Institute_9,Electrical,EWS,Gender-Neutral,4,119085
Institute_9,Electrical,EWS,Gender-Neutral,5,119023
Institute_9,Electrical,EWS,Gender-Neutral,6,118961
Institute_9,Electrical,EWS,Female-only (including Supernumerary),1,118973
Institute_9,Electrical,EWS,Female-only (including Supernumerary),2,118911
Institute_9,Electrical,EWS,Female-only (including Supernumerary),3,118849
Institute_9,Electrical,EWS,Female-only (including Supernumerary),4,118787
Institute_9,Electrical,EWS,Female-only (including Supernumerary),5,118726
Institute_9,Electrical,EWS,Female-only (including Supernumerary),6,118664
Institute_9,Electrical,OBC-NCL,Gender-Neutral,1,145224
Institute_9,Electrical,OBC-NCL,Gender-Neutral,2,145162
Institute_9,Electrical,OBC-NCL,Gender-Neutral,3,145101
Institute_9,Electrical,OBC-NCL,Gender-Neutral,4,145039
Institute_9,Electrical,OBC-NCL,Gender-Neutral,5,144977
Institute_9,Electrical,OBC-NCL,Gender-Neutral,6,144915
Institute_9,Electrical,OBC-NCL,Female-only (including Supernumerary),1,144926
Institute_9,Electrical,OBC-NCL,Female-only (including Supernumerary),2,144865
Institute_9,Electrical,OBC-NCL,Female-only (including Supernumerary),3,144803
Institute_9,Electrical,OBC-NCL,Female-only (including Supernumerary),4,144741
Institute_9,Electrical,OBC-NCL,Female-only (including Supernumerary),5,144679
Institute_9,Electrical,OBC-NCL,Female-only (including Supernumerary),6,144617
Institute_9,Electrical,SC,Gender-Neutral,1,197131
Institute_9,Electrical,SC,Gender-Neutral,2,197070
Institute_9,Electrical,SC,Gender-Neutral,3,197008
Institute_9,Electrical,SC,Gender-Neutral,4,196946
Institute_9,Electrical,SC,Gender-Neutral,5,196884
Institute_9,Electrical,SC,Gender-Neutral,6,196822
Institute_9,Electrical,SC,Female-only (including Supernumerary),1,196834
Institute_9,Electrical,SC,Female-only (including Supernumerary),2,196772
Institute_9,Electrical,SC,Female-only (including Supernumerary),3,196710
Institute_9,Electrical,SC,Female-only (including Supernumerary),4,196648
Institute_9,Electrical,SC,Female-only (including Supernumerary),5,196586
Institute_9,Electrical,SC,Female-only (including Supernumerary),6,196524
Institute_9,Electrical,ST,Gender-Neutral,1,223085
Institute_9,Electrical,ST,Gender-Neutral,2,223023
Institute_9,Electrical,ST,Gender-Neutral,3,222961
Institute_9,Electrical,ST,Gender-Neutral,4,222899
Institute_9,Electrical,ST,Gender-Neutral,5,222838
Institute_9,Electrical,ST,Gender-Neutral,6,222776
Institute_9,Electrical,ST,Female-only (including Supernumerary),1,222787
Institute_9,Electrical,ST,Female-only (including Supernumerary),2,222725
Institute_9,Electrical,ST,Female-only (including Supernumerary),3,222664
Institute_9,Electrical,ST,Female-only (including Supernumerary),4,222602
Institute_9,Electrical,ST,Female-only (including Supernumerary),5,222540
Institute_9,Electrical,ST,Female-only (including Supernumerary),6,222478
Institute_9,Electronics,OPEN,Gender-Neutral,1,167709
Institute_9,Electronics,OPEN,Gender-Neutral,2,167647
Institute_9,Electronics,OPEN,Gender-Neutral,3,167585
Institute_9,Electronics,OPEN,Gender-Neutral,4,167524
Institute_9,Electronics,OPEN,Gender-Neutral,5,167462
Institute_9,Electronics,OPEN,Gender-Neutral,6,167400
Institute_9,Electronics,OPEN,Female-only (including Supernumerary),1,167411
Institute_9,Electronics,OPEN,Female-only (including Supernumerary),2,167349
Institute_9,Electronics,OPEN,Female-only (including Supernumerary),3,167288
Institute_9,Electronics,OPEN,Female-only (including Supernumerary),4,167226
Institute_9,Electronics,OPEN,Female-only (including Supernumerary),5,167164
Institute_9,Electronics,OPEN,Female-only (including Supernumerary),6,167102
Institute_9,Electronics,EWS,Gender-Neutral,1,115802
Institute_9,Electronics,EWS,Gender-Neutral,2,115740
Institute_9,Electronics,EWS,Gender-Neutral,3,115678
Institute_9,Electronics,EWS,Gender-Neutral,4,115616
Institute_9,Electronics,EWS,Gender-Neutral,5,115555
Institute_9,Electronics,EWS,Gender-Neutral,6,115493
Institute_9,Electronics,EWS,Female-only (including Supernumerary),1,115504
Institute_9,Electronics,EWS,Female-only (including Supernumerary),2,115442
Institute_9,Electronics,EWS,Female-only (including Supernumerary),3,115380
Institute_9,Electronics,EWS,Female-only (including Supernumerary),4,115319
Institute_9,Electronics,EWS,Female-only (including Supernumerary),5,115257
Institute_9,Electronics,EWS,Female-only (including Supernumerary),6,115195
Institute_9,Electronics,OBC-NCL,Gender-Neutral,1,141755
Institute_9,Electronics,OBC-NCL,Gender-Neutral,2,141694
Institute_9,Electronics,OBC-NCL,Gender-Neutral,3,141632
Institute_9,Electronics,OBC-NCL,Gender-Neutral,4,141570
Institute_9,Electronics,OBC-NCL,Gender-Neutral,5,141508
Institute_9,Electronics,OBC-NCL,Gender-Neutral,6,141446
Institute_9,Electronics,OBC-NCL,Female-only (including Supernumerary),1,141458
Institute_9,Electronics,OBC-NCL,Female-only (including Supernumerary),2,141396
Institute_9,Electronics,OBC-NCL,Female-only (including Supernumerary),3,141334
Institute_9,Electronics,OBC-NCL,Female-only (including Supernumerary),4,141272
Institute_9,Electronics,OBC-NCL,Female-only (including Supernumerary),5,141210
Institute_9,Electronics,OBC-NCL,Female-only (including Supernumerary),6,141149
Institute_9,Electronics,SC,Gender-Neutral,1,193663
Institute_9,Electronics,SC,Gender-Neutral,2,193601
Institute_9,Electronics,SC,Gender-Neutral,3,193539
Institute_9,Electronics,SC,Gender-Neutral,4,193477
Institute_9,Electronics,SC,Gender-Neutral,5,193415
Institute_9,Electronics,SC,Gender-Neutral,6,193353
Institute_9,Electronics,SC,Female-only (including Supernumerary),1,193365
Institute_9,Electronics,SC,Female-only (including Supernumerary),2,193303
Institute_9,Electronics,SC,Female-only (including Supernumerary),3,193241
Institute_9,Electronics,SC,Female-only (including Supernumerary),4,193179
Institute_9,Electronics,SC,Female-only (including Supernumerary),5,193118
Institute_9,Electronics,SC,Female-only (including Supernumerary),6,193056
Institute_9,Electronics,ST,Gender-Neutral,1,219616
Institute_9,Electronics,ST,Gender-Neutral,2,219554
Institute_9,Electronics,ST,Gender-Neutral,3,219493
Institute_9,Electronics,ST,Gender-Neutral,4,219431
Institute_9,Electronics,ST,Gender-Neutral,5,219369
Institute_9,Electronics,ST,Gender-Neutral,6,219307
Institute_9,Electronics,ST,Female-only (including Supernumerary),1,219318
Institute_9,Electronics,ST,Female-only (including Supernumerary),2,219257
Institute_9,Electronics,ST,Female-only (including Supernumerary),3,219195
Institute_9,Electronics,ST,Female-only (including Supernumerary),4,219133
Institute_9,Electronics,ST,Female-only (including Supernumerary),5,219071
Institute_9,Electronics,ST,Female-only (including Supernumerary),6,219009
Institute_9,Mechanical,OPEN,Gender-Neutral,1,164240
Institute_9,Mechanical,OPEN,Gender-Neutral,2,164178
Institute_9,Mechanical,OPEN,Gender-Neutral,3,164117
Institute_9,Mechanical,OPEN,Gender-Neutral,4,164055
Institute_9,Mechanical,OPEN,Gender-Neutral,5,163993
Institute_9,Mechanical,OPEN,Gender-Neutral,6,163931
Institute_9,Mechanical,OPEN,Female-only (including Supernumerary),1,163943
Institute_9,Mechanical,OPEN,Female-only (including Supernumerary),2,163881
Institute_9,Mechanical,OPEN,Female-only (including Supernumerary),3,163819
Institute_9,Mechanical,OPEN,Female-only (including Supernumerary),4,163757
Institute_9,Mechanical,OPEN,Female-only (including Supernumerary),5,163695
Institute_9,Mechanical,OPEN,Female-only (including Supernumerary),6,163633
Institute_9,Mechanical,EWS,Gender-Neutral,1,112333
Institute_9,Mechanical,EWS,Gender-Neutral,2,112271
Institute_9,Mechanical,EWS,Gender-Neutral,3,112209
Institute_9,Mechanical,EWS,Gender-Neutral,4,112148
Institute_9,Mechanical,EWS,Gender-Neutral,5,112086
Institute_9,Mechanical,EWS,Gender-Neutral,6,112024
Institute_9,Mechanical,EWS,Female-only (including Supernumerary),1,112035
Institute_9,Mechanical,EWS,Female-only (including Supernumerary),2,111974
Institute_9,Mechanical,EWS,Female-only (including Supernumerary),3,111912
Institute_9,Mechanical,EWS,Female-only (including Supernumerary),4,111850
Institute_9,Mechanical,EWS,Female-only (including Supernumerary),5,111788
Institute_9,Mechanical,EWS,Female-only (including Supernumerary),6,111726
Institute_9,Mechanical,OBC-NCL,Gender-Neutral,1,138287
Institute_9,Mechanical,OBC-NCL,Gender-Neutral,2,138225
Institute_9,Mechanical,OBC-NCL,Gender-Neutral,3,138163
Institute_9,Mechanical,OBC-NCL,Gender-Neutral,4,138101
Institute_9,Mechanical,OBC-NCL,Gender-Neutral,5,138039
Institute_9,Mechanical,OBC-NCL,Gender-Neutral,6,137978
Institute_9,Mechanical,OBC-NCL,Female-only (including Supernumerary),1,137989
Institute_9,Mechanical,OBC-NCL,Female-only (including Supernumerary),2,137927
Institute_9,Mechanical,OBC-NCL,Female-only (including Supernumerary),3,137865
Institute_9,Mechanical,OBC-NCL,Female-only (including Supernumerary),4,137803
Institute_9,Mechanical,OBC-NCL,Female-only (including Supernumerary),5,137742
Institute_9,Mechanical,OBC-NCL,Female-only (including Supernumerary),6,137680
Institute_9,Mechanical,SC,Gender-Neutral,1,190194
Institute_9,Mechanical,SC,Gender-Neutral,2,190132
Institute_9,Mechanical,SC,Gender-Neutral,3,190070
Institute_9,Mechanical,SC,Gender-Neutral,4,190008
Institute_9,Mechanical,SC,Gender-Neutral,5,189947
Institute_9,Mechanical,SC,Gender-Neutral,6,189885
Institute_9,Mechanical,SC,Female-only (including Supernumerary),1,189896
Institute_9,Mechanical,SC,Female-only (including Supernumerary),2,189834
Institute_9,Mechanical,SC,Female-only (including Supernumerary),3,189772
Institute_9,Mechanical,SC,Female-only (including Supernumerary),4,189711
Institute_9,Mechanical,SC,Female-only (including Supernumerary),5,189649
Institute_9,Mechanical,SC,Female-only (including Supernumerary),6,189587
Institute_9,Mechanical,ST,Gender-Neutral,1,216147
Institute_9,Mechanical,ST,Gender-Neutral,2,216086
Institute_9,Mechanical,ST,Gender-Neutral,3,216024
Institute_9,Mechanical,ST,Gender-Neutral,4,215962
Institute_9,Mechanical,ST,Gender-Neutral,5,215900
Institute_9,Mechanical,ST,Gender-Neutral,6,215838
Institute_9,Mechanical,ST,Female-only (including Supernumerary),1,215850
Institute_9,Mechanical,ST,Female-only (including Supernumerary),2,215788
Institute_9,Mechanical,ST,Female-only (including Supernumerary),3,215726
Institute_9,Mechanical,ST,Female-only (including Supernumerary),4,215664
Institute_9,Mechanical,ST,Female-only (including Supernumerary),5,215602
Institute_9,Mechanical,ST,Female-only (including Supernumerary),6,215541
Institute_10,Chemical,OPEN,Gender-Neutral,1,188482
Institute_10,Chemical,OPEN,Gender-Neutral,2,188420
Institute_10,Chemical,OPEN,Gender-Neutral,3,188358
Institute_10,Chemical,OPEN,Gender-Neutral,4,188296
Institute_10,Chemical,OPEN,Gender-Neutral,5,188234
Institute_10,Chemical,OPEN,Gender-Neutral,6,188172
Institute_10,Chemical,OPEN,Female-only (including Supernumerary),1,188184
Institute_10,Chemical,OPEN,Female-only (including Supernumerary),2,188122
Institute_10,Chemical,OPEN,Female-only (including Supernumerary),3,188060
Institute_10,Chemical,OPEN,Female-only (including Supernumerary),4,187998
Institute_10,Chemical,OPEN,Female-only (including Supernumerary),5,187937
Institute_10,Chemical,OPEN,Female-only (including Supernumerary),6,187875
Institute_10,Chemical,EWS,Gender-Neutral,1,136574
Institute_10,Chemical,EWS,Gender-Neutral,2,136513
Institute_10,Chemical,EWS,Gender-Neutral,3,136451
Institute_10,Chemical,EWS,Gender-Neutral,4,136389
Institute_10,Chemical,EWS,Gender-Neutral,5,136327
Institute_10,Chemical,EWS,Gender-Neutral,6,136265
Institute_10,Chemical,EWS,Female-only (including Supernumerary),1,136277
Institute_10,Chemical,EWS,Female-only (including Supernumerary),2,136215
Institute_10,Chemical,EWS,Female-only (including Supernumerary),3,136153
Institute_10,Chemical,EWS,Female-only (including Supernumerary),4,136091
Institute_10,Chemical,EWS,Female-only (including Supernumerary),5,136029
Institute_10,Chemical,EWS,Female-only (including Supernumerary),6,135967
Institute_10,Chemical,OBC-NCL,Gender-Neutral,1,162528
Institute_10,Chemical,OBC-NCL,Gender-Neutral,2,162466
Institute_10,Chemical,OBC-NCL,Gender-Neutral,3,162404
Institute_10,Chemical,OBC-NCL,Gender-Neutral,4,162343
Institute_10,Chemical,OBC-NCL,Gender-Neutral,5,162281
Institute_10,Chemical,OBC-NCL,Gender-Neutral,6,162219
Institute_10,Chemical,OBC-NCL,Female-only (including Supernumerary),1,162230
Institute_10,Chemical,OBC-NCL,Female-only (including Supernumerary),2,162168
Institute_10,Chemical,OBC-NCL,Female-only (including Supernumerary),3,162107
Institute_10,Chemical,OBC-NCL,Female-only (including Supernumerary),4,162045
Institute_10,Chemical,OBC-NCL,Female-only (including Supernumerary),5,161983
Institute_10,Chemical,OBC-NCL,Female-only (including Supernumerary),6,161921
Institute_10,Chemical,SC,Gender-Neutral,1,214435
Institute_10,Chemical,SC,Gender-Neutral,2,214373
Institute_10,Chemical,SC,Gender-Neutral,3,214312
Institute_10,Chemical,SC,Gender-Neutral,4,214250
Institute_10,Chemical,SC,Gender-Neutral,5,214188
Institute_10,Chemical,SC,Gender-Neutral,6,214126
Institute_10,Chemical,SC,Female-only (including Supernumerary),1,214137
Institute_10,Chemical,SC,Female-only (including Supernumerary),2,214076
Institute_10,Chemical,SC,Female-only (including Supernumerary),3,214014
Institute_10,Chemical,SC,Female-only (including Supernumerary),4,213952
Institute_10,Chemical,SC,Female-only (including Supernumerary),5,213890
Institute_10,Chemical,SC,Female-only (including Supernumerary),6,213828
Institute_10,Chemical,ST,Gender-Neutral,1,240389
Institute_10,Chemical,ST,Gender-Neutral,2,240327
Institute_10,Chemical,ST,Gender-Neutral,3,240265
Institute_10,Chemical,ST,Gender-Neutral,4,240203
Institute_10,Chemical,ST,Gender-Neutral,5,240141
Institute_10,Chemical,ST,Gender-Neutral,6,240080
Institute_10,Chemical,ST,Female-only (including Supernumerary),1,240091
Institute_10,Chemical,ST,Female-only (including Supernumerary),2,240029
Institute_10,Chemical,ST,Female-only (including Supernumerary),3,239967
Institute_10,Chemical,ST,Female-only (including Supernumerary),4,239906
Institute_10,Chemical,ST,Female-only (including Supernumerary),5,239844
Institute_10,Chemical,ST,Female-only (including Supernumerary),6,239782
Institute_10,Electrical,OPEN,Gender-Neutral,1,178075
Institute_10,Electrical,OPEN,Gender-Neutral,2,178014
Institute_10,Electrical,OPEN,Gender-Neutral,3,177952
Institute_10,Electrical,OPEN,Gender-Neutral,4,177890
Institute_10,Electrical,OPEN,Gender-Neutral,5,177828
Institute_10,Electrical,OPEN,Gender-Neutral,6,177766
Institute_10,Electrical,OPEN,Female-only (including Supernumerary),1,177778
Institute_10,Electrical,OPEN,Female-only (including Supernumerary),2,177716
Institute_10,Electrical,OPEN,Female-only (including Supernumerary),3,177654
Institute_10,Electrical,OPEN,Female-only (including Supernumerary),4,177592
Institute_10,Electrical,OPEN,Female-only (including Supernumerary),5,177530
Institute_10,Electrical,OPEN,Female-only (including Supernumerary),6,177468
Institute_10,Electrical,EWS,Gender-Neutral,1,126168
Institute_10,Electrical,EWS,Gender-Neutral,2,126106
Institute_10,Electrical,EWS,Gender-Neutral,3,126045
Institute_10,Electrical,EWS,Gender-Neutral,4,125983
Institute_10,Electrical,EWS,Gender-Neutral,5,125921
Institute_10,Electrical,EWS,Gender-Neutral,6,125859
Institute_10,Electrical,EWS,Female-only (including Supernumerary),1,125870
Institute_10,Electrical,EWS,Female-only (including Supernumerary),2,125809
Institute_10,Electrical,EWS,Female-only (including Supernumerary),3,125747
Institute_10,Electrical,EWS,Female-only (including Supernumerary),4,125685
Institute_10,Electrical,EWS,Female-only (including Supernumerary),5,125623
Institute_10,Electrical,EWS,Female-only (including Supernumerary),6,125561
Institute_10,Electrical,OBC-NCL,Gender-Neutral,1,152122
Institute_10,Electrical,OBC-NCL,Gender-Neutral,2,152060
Institute_10,Electrical,OBC-NCL,Gender-Neutral,3,151998
Institute_10,Electrical,OBC-NCL,Gender-Neutral,4,151936
Institute_10,Electrical,OBC-NCL,Gender-Neutral,5,151874
Institute_10,Electrical,OBC-NCL,Gender-Neutral,6,151813
Institute_10,Electrical,OBC-NCL,Female-only (including Supernumerary),1,151824
Institute_10,Electrical,OBC-NCL,Female-only (including Supernumerary),2,151762
Institute_10,Electrical,OBC-NCL,Female-only (including Supernumerary),3,151700
Institute_10,Electrical,OBC-NCL,Female-only (including Supernumerary),4,151639
Institute_10,Electrical,OBC-NCL,Female-only (including Supernumerary),5,151577
Institute_10,Electrical,OBC-NCL,Female-only (including Supernumerary),6,151515
Institute_10,Electrical,SC,Gender-Neutral,1,204029
Institute_10,Electrical,SC,Gender-Neutral,2,203967
Institute_10,Electrical,SC,Gender-Neutral,3,203905
Institute_10,Electrical,SC,Gender-Neutral,4,203843
Institute_10,Electrical,SC,Gender-Neutral,5,203782
Institute_10,Electrical,SC,Gender-Neutral,6,203720
Institute_10,Electrical,SC,Female-only (including Supernumerary),1,203731
Institute_10,Electrical,SC,Female-only (including Supernumerary),2,203669
Institute_10,Electrical,SC,Female-only (including Supernumerary),3,203608
Institute_10,Electrical,SC,Female-only (including Supernumerary),4,203546
Institute_10,Electrical,SC,Female-only (including Supernumerary),5,203484
Institute_10,Electrical,SC,Female-only (including Supernumerary),6,203422
Institute_10,Electrical,ST,Gender-Neutral,1,229983
Institute_10,Electrical,ST,Gender-Neutral,2,229921
Institute_10,Electrical,ST,Gender-Neutral,3,229859
Institute_10,Electrical,ST,Gender-Neutral,4,229797
Institute_10,Electrical,ST,Gender-Neutral,5,229735
Institute_10,Electrical,ST,Gender-Neutral,6,229673
Institute_10,Electrical,ST,Female-only (including Supernumerary),1,229685
Institute_10,Electrical,ST,Female-only (including Supernumerary),2,229623
Institute_10,Electrical,ST,Female-only (including Supernumerary),3,229561
Institute_10,Electrical,ST,Female-only (including Supernumerary),4,229499
Institute_10,Electrical,ST,Female-only (including Supernumerary),5,229437
Institute_10,Electrical,ST,Female-only (including Supernumerary),6,229376
Institute_10,Civil,OPEN,Gender-Neutral,1,185013
Institute_10,Civil,OPEN,Gender-Neutral,2,184951
Institute_10,Civil,OPEN,Gender-Neutral,3,184889
Institute_10,Civil,OPEN,Gender-Neutral,4,184827
Institute_10,Civil,OPEN,Gender-Neutral,5,184766
Institute_10,Civil,OPEN,Gender-Neutral,6,184704
Institute_10,Civil,OPEN,Female-only (including Supernumerary),1,184715
Institute_10,Civil,OPEN,Female-only (including Supernumerary),2,184653
Institute_10,Civil,OPEN,Female-only (including Supernumerary),3,184591
Institute_10,Civil,OPEN,Female-only (including Supernumerary),4,184530
Institute_10,Civil,OPEN,Female-only (including Supernumerary),5,184468
Institute_10,Civil,OPEN,Female-only (including Supernumerary),6,184406
Institute_10,Civil,EWS,Gender-Neutral,1,133106
Institute_10,Civil,EWS,Gender-Neutral,2,133044
Institute_10,Civil,EWS,Gender-Neutral,3,132982
Institute_10,Civil,EWS,Gender-Neutral,4,132920
Institute_10,Civil,EWS,Gender-Neutral,5,132858
Institute_10,Civil,EWS,Gender-Neutral,6,132797
Institute_10,Civil,EWS,Female-only (including Supernumerary),1,132808
Institute_10,Civil,EWS,Female-only (including Supernumerary),2,132746
Institute_10,Civil,EWS,Female-only (including Supernumerary),3,132684
Institute_10,Civil,EWS,Female-only (including Supernumerary),4,132622
Institute_10,Civil,EWS,Female-only (including Supernumerary),5,132561
Institute_10,Civil,EWS,Female-only (including Supernumerary),6,132499
Institute_10,Civil,OBC-NCL,Gender-Neutral,1,159059
Institute_10,Civil,OBC-NCL,Gender-Neutral,2,158997
Institute_10,Civil,OBC-NCL,Gender-Neutral,3,158936
Institute_10,Civil,OBC-NCL,Gender-Neutral,4,158874
Institute_10,Civil,OBC-NCL,Gender-Neutral,5,158812
Institute_10,Civil,OBC-NCL,Gender-Neutral,6,158750
Institute_10,Civil,OBC-NCL,Female-only (including Supernumerary),1,158762
Institute_10,Civil,OBC-NCL,Female-only (including Supernumerary),2,158700
Institute_10,Civil,OBC-NCL,Female-only (including Supernumerary),3,158638
Institute_10,Civil,OBC-NCL,Female-only (including Supernumerary),4,158576
Institute_10,Civil,OBC-NCL,Female-only (including Supernumerary),5,158514
Institute_10,Civil,OBC-NCL,Female-only (including Supernumerary),6,158452
Institute_10,Civil,SC,Gender-Neutral,1,210966
Institute_10,Civil,SC,Gender-Neutral,2,210905
Institute_10,Civil,SC,Gender-Neutral,3,210843
Institute_10,Civil,SC,Gender-Neutral,4,210781
Institute_10,Civil,SC,Gender-Neutral,5,210719
Institute_10,Civil,SC,Gender-Neutral,6,210657
Institute_10,Civil,SC,Female-only (including Supernumerary),1,210669
Institute_10,Civil,SC,Female-only (including Supernumerary),2,210607
Institute_10,Civil,SC,Female-only (including Supernumerary),3,210545
Institute_10,Civil,SC,Female-only (including Supernumerary),4,210483
Institute_10,Civil,SC,Female-only (including Supernumerary),5,210421
Institute_10,Civil,SC,Female-only (including Supernumerary),6,210360
Institute_10,Civil,ST,Gender-Neutral,1,236920
Institute_10,Civil,ST,Gender-Neutral,2,236858
Institute_10,Civil,ST,Gender-Neutral,3,236796
Institute_10,Civil,ST,Gender-Neutral,4,236735
Institute_10,Civil,ST,Gender-Neutral,5,236673
Institute_10,Civil,ST,Gender-Neutral,6,236611
Institute_10,Civil,ST,Female-only (including Supernumerary),1,236622
Institute_10,Civil,ST,Female-only (including Supernumerary),2,236560
Institute_10,Civil,ST,Female-only (including Supernumerary),3,236499
Institute_10,Civil,ST,Female-only (including Supernumerary),4,236437
Institute_10,Civil,ST,Female-only (including Supernumerary),5,236375
Institute_10,Civil,ST,Female-only (including Supernumerary),6,236313
Institute_11,Civil,OPEN,Gender-Neutral,1,189912
Institute_11,Civil,OPEN,Gender-Neutral,2,189850
Institute_11,Civil,OPEN,Gender-Neutral,3,189788
Institute_11,Civil,OPEN,Gender-Neutral,4,189727
Institute_11,Civil,OPEN,Gender-Neutral,5,189665
Institute_11,Civil,OPEN,Gender-Neutral,6,189603
Institute_11,Civil,OPEN,Female-only (including Supernumerary),1,189614
Institute_11,Civil,OPEN,Female-only (including Supernumerary),2,189553
Institute_11,Civil,OPEN,Female-only (including Supernumerary),3,189491
Institute_11,Civil,OPEN,Female-only (including Supernumerary),4,189429
Institute_11,Civil,OPEN,Female-only (including Supernumerary),5,189367
Institute_11,Civil,OPEN,Female-only (including Supernumerary),6,189305
Institute_11,Civil,EWS,Gender-Neutral,1,138005
Institute_11,Civil,EWS,Gender-Neutral,2,137943
Institute_11,Civil,EWS,Gender-Neutral,3,137881
Institute_11,Civil,EWS,Gender-Neutral,4,137819
Institute_11,Civil,EWS,Gender-Neutral,5,137758
Institute_11,Civil,EWS,Gender-Neutral,6,137696
Institute_11,Civil,EWS,Female-only (including Supernumerary),1,137707
Institute_11,Civil,EWS,Female-only (including Supernumerary),2,137645
Institute_11,Civil,EWS,Female-only (including Supernumerary),3,137584
Institute_11,Civil,EWS,Female-only (including Supernumerary),4,137522
Institute_11,Civil,EWS,Female-only (including Supernumerary),5,137460
Institute_11,Civil,EWS,Female-only (including Supernumerary),6,137398
Institute_11,Civil,OBC-NCL,Gender-Neutral,1,163959
Institute_11,Civil,OBC-NCL,Gender-Neutral,2,163897
Institute_11,Civil,OBC-NCL,Gender-Neutral,3,163835
Institute_11,Civil,OBC-NCL,Gender-Neutral,4,163773
Institute_11,Civil,OBC-NCL,Gender-Neutral,5,163711
Institute_11,Civil,OBC-NCL,Gender-Neutral,6,163649
Institute_11,Civil,OBC-NCL,Female-only (including Supernumerary),1,163661
Institute_11,Civil,OBC-NCL,Female-only (including Supernumerary),2,163599
Institute_11,Civil,OBC-NCL,Female-only (including Supernumerary),3,163537
Institute_11,Civil,OBC-NCL,Female-only (including Supernumerary),4,163475
Institute_11,Civil,OBC-NCL,Female-only (including Supernumerary),5,163413
Institute_11,Civil,OBC-NCL,Female-only (including Supernumerary),6,163352
Institute_11,Civil,SC,Gender-Neutral,1,215866
Institute_11,Civil,SC,Gender-Neutral,2,215804
Institute_11,Civil,SC,Gender-Neutral,3,215742
Institute_11,Civil,SC,Gender-Neutral,4,215680
Institute_11,Civil,SC,Gender-Neutral,5,215618
Institute_11,Civil,SC,Gender-Neutral,6,215557
Institute_11,Civil,SC,Female-only (including Supernumerary),1,215568
Institute_11,Civil,SC,Female-only (including Supernumerary),2,215506
Institute_11,Civil,SC,Female-only (including Supernumerary),3,215444
Institute_11,Civil,SC,Female-only (including Supernumerary),4,215382
Institute_11,Civil,SC,Female-only (including Supernumerary),5,215321
Institute_11,Civil,SC,Female-only (including Supernumerary),6,215259
Institute_11,Civil,ST,Gender-Neutral,1,241819
Institute_11,Civil,ST,Gender-Neutral,2,241757
Institute_11,Civil,ST,Gender-Neutral,3,241696
Institute_11,Civil,ST,Gender-Neutral,4,241634
Institute_11,Civil,ST,Gender-Neutral,5,241572
Institute_11,Civil,ST,Gender-Neutral,6,241510
Institute_11,Civil,ST,Female-only (including Supernumerary),1,241522
Institute_11,Civil,ST,Female-only (including Supernumerary),2,241460
Institute_11,Civil,ST,Female-only (including Supernumerary),3,241398
Institute_11,Civil,ST,Female-only (including Supernumerary),4,241336
Institute_11,Civil,ST,Female-only (including Supernumerary),5,241274
Institute_11,Civil,ST,Female-only (including Supernumerary),6,241212
Institute_11,Electronics,OPEN,Gender-Neutral,1,179506
Institute_11,Electronics,OPEN,Gender-Neutral,2,179444
Institute_11,Electronics,OPEN,Gender-Neutral,3,179382
Institute_11,Electronics,OPEN,Gender-Neutral,4,179320
Institute_11,Electronics,OPEN,Gender-Neutral,5,179259
Institute_11,Electronics,OPEN,Gender-Neutral,6,179197
Institute_11,Electronics,OPEN,Female-only (including Supernumerary),1,179208
Institute_11,Electronics,OPEN,Female-only (including Supernumerary),2,179146
Institute_11,Electronics,OPEN,Female-only (including Supernumerary),3,179084
Institute_11,Electronics,OPEN,Female-only (including Supernumerary),4,179023
Institute_11,Electronics,OPEN,Female-only (including Supernumerary),5,178961
Institute_11,Electronics,OPEN,Female-only (including Supernumerary),6,178899
Institute_11,Electronics,EWS,Gender-Neutral,1,127599
Institute_11,Electronics,EWS,Gender-Neutral,2,127537
Institute_11,Electronics,EWS,Gender-Neutral,3,127475
Institute_11,Electronics,EWS,Gender-Neutral,4,127413
Institute_11,Electronics,EWS,Gender-Neutral,5,127351
Institute_11,Electronics,EWS,Gender-Neutral,6,127290
Institute_11,Electronics,EWS,Female-only (including Supernumerary),1,127301
Institute_11,Electronics,EWS,Female-only (including Supernumerary),2,127239
Institute_11,Electronics,EWS,Female-only (including Supernumerary),3,127177
Institute_11,Electronics,EWS,Female-only (including Supernumerary),4,127115
Institute_11,Electronics,EWS,Female-only (including Supernumerary),5,127054
Institute_11,Electronics,EWS,Female-only (including Supernumerary),6,126992
Institute_11,Electronics,OBC-NCL,Gender-Neutral,1,153552
Institute_11,Electronics,OBC-NCL,Gender-Neutral,2,153490
Institute_11,Electronics,OBC-NCL,Gender-Neutral,3,153429
Institute_11,Electronics,OBC-NCL,Gender-Neutral,4,153367
Institute_11,Electronics,OBC-NCL,Gender-Neutral,5,153305
Institute_11,Electronics,OBC-NCL,Gender-Neutral,6,153243
Institute_11,Electronics,OBC-NCL,Female-only (including Supernumerary),1,153255
Institute_11,Electronics,OBC-NCL,Female-only (including Supernumerary),2,153193
Institute_11,Electronics,OBC-NCL,Female-only (including Supernumerary),3,153131
Institute_11,Electronics,OBC-NCL,Female-only (including Supernumerary),4,153069
Institute_11,Electronics,OBC-NCL,Female-only (including Supernumerary),5,153007
Institute_11,Electronics,OBC-NCL,Female-only (including Supernumerary),6,152945
Institute_11,Electronics,SC,Gender-Neutral,1,205460
Institute_11,Electronics,SC,Gender-Neutral,2,205398
Institute_11,Electronics,SC,Gender-Neutral,3,205336
Institute_11,Electronics,SC,Gender-Neutral,4,205274
Institute_11,Electronics,SC,Gender-Neutral,5,205212
Institute_11,Electronics,SC,Gender-Neutral,6,205150
Institute_11,Electronics,SC,Female-only (including Supernumerary),1,205162
Institute_11,Electronics,SC,Female-only (including Supernumerary),2,205100
Institute_11,Electronics,SC,Female-only (including Supernumerary),3,205038
Institute_11,Electronics,SC,Female-only (including Supernumerary),4,204976
Institute_11,Electronics,SC,Female-only (including Supernumerary),5,204914
Institute_11,Electronics,SC,Female-only (including Supernumerary),6,204853
Institute_11,Electronics,ST,Gender-Neutral,1,231413
Institute_11,Electronics,ST,Gender-Neutral,2,231351
Institute_11,Electronics,ST,Gender-Neutral,3,231289
Institute_11,Electronics,ST,Gender-Neutral,4,231228
Institute_11,Electronics,ST,Gender-Neutral,5,231166
Institute_11,Electronics,ST,Gender-Neutral,6,231104
Institute_11,Electronics,ST,Female-only (including Supernumerary),1,231115
Institute_11,Electronics,ST,Female-only (including Supernumerary),2,231053
Institute_11,Electronics,ST,Female-only (including Supernumerary),3,230992
Institute_11,Electronics,ST,Female-only (including Supernumerary),4,230930
Institute_11,Electronics,ST,Female-only (including Supernumerary),5,230868
Institute_11,Electronics,ST,Female-only (including Supernumerary),6,230806
Institute_11,Chemical,OPEN,Gender-Neutral,1,193381
Institute_11,Chemical,OPEN,Gender-Neutral,2,193319
Institute_11,Chemical,OPEN,Gender-Neutral,3,193257
Institute_11,Chemical,OPEN,Gender-Neutral,4,193195
Institute_11,Chemical,OPEN,Gender-Neutral,5,193134
Institute_11,Chemical,OPEN,Gender-Neutral,6,193072
Institute_11,Chemical,OPEN,Female-only (including Supernumerary),1,193083
Institute_11,Chemical,OPEN,Female-only (including Supernumerary),2,193021
Institute_11,Chemical,OPEN,Female-only (including Supernumerary),3,192959
Institute_11,Chemical,OPEN,Female-only (including Supernumerary),4,192898
Institute_11,Chemical,OPEN,Female-only (including Supernumerary),5,192836
Institute_11,Chemical,OPEN,Female-only (including Supernumerary),6,192774
Institute_11,Chemical,EWS,Gender-Neutral,1,141474
Institute_11,Chemical,EWS,Gender-Neutral,2,141412
Institute_11,Chemical,EWS,Gender-Neutral,3,141350
Institute_11,Chemical,EWS,Gender-Neutral,4,141288
Institute_11,Chemical,EWS,Gender-Neutral,5,141226
Institute_11,Chemical,EWS,Gender-Neutral,6,141165
Institute_11,Chemical,EWS,Female-only (including Supernumerary),1,141176
Institute_11,Chemical,EWS,Female-only (including Supernumerary),2,141114
Institute_11,Chemical,EWS,Female-only (including Supernumerary),3,141052
Institute_11,Chemical,EWS,Female-only (including Supernumerary),4,140990
Institute_11,Chemical,EWS,Female-only (including Supernumerary),5,140929
Institute_11,Chemical,EWS,Female-only (including Supernumerary),6,140867
Institute_11,Chemical,OBC-NCL,Gender-Neutral,1,167427
Institute_11,Chemical,OBC-NCL,Gender-Neutral,2,167365
Institute_11,Chemical,OBC-NCL,Gender-Neutral,3,167304
Institute_11,Chemical,OBC-NCL,Gender-Neutral,4,167242
Institute_11,Chemical,OBC-NCL,Gender-Neutral,5,167180
Institute_11,Chemical,OBC-NCL,Gender-Neutral,6,167118
Institute_11,Chemical,OBC-NCL,Female-only (including Supernumerary),1,167130
Institute_11,Chemical,OBC-NCL,Female-only (including Supernumerary),2,167068
Institute_11,Chemical,OBC-NCL,Female-only (including Supernumerary),3,167006
Institute_11,Chemical,OBC-NCL,Female-only (including Supernumerary),4,166944
Institute_11,Chemical,OBC-NCL,Female-only (including Supernumerary),5,166882
Institute_11,Chemical,OBC-NCL,Female-only (including Supernumerary),6,166820
Institute_11,Chemical,SC,Gender-Neutral,1,219334
Institute_11,Chemical,SC,Gender-Neutral,2,219273
Institute_11,Chemical,SC,Gender-Neutral,3,219211
Institute_11,Chemical,SC,Gender-Neutral,4,219149
Institute_11,Chemical,SC,Gender-Neutral,5,219087
Institute_11,Chemical,SC,Gender-Neutral,6,219025
Institute_11,Chemical,SC,Female-only (including Supernumerary),1,219037
Institute_11,Chemical,SC,Female-only (including Supernumerary),2,218975
Institute_11,Chemical,SC,Female-only (including Supernumerary),3,218913
Institute_11,Chemical,SC,Female-only (including Supernumerary),4,218851
Institute_11,Chemical,SC,Female-only (including Supernumerary),5,218789
Institute_11,Chemical,SC,Female-only (including Supernumerary),6,218728
Institute_11,Chemical,ST,Gender-Neutral,1,245288
Institute_11,Chemical,ST,Gender-Neutral,2,245226
Institute_11,Chemical,ST,Gender-Neutral,3,245164
Institute_11,Chemical,ST,Gender-Neutral,4,245103
Institute_11,Chemical,ST,Gender-Neutral,5,245041
Institute_11,Chemical,ST,Gender-Neutral,6,244979
Institute_11,Chemical,ST,Female-only (including Supernumerary),1,244990
Institute_11,Chemical,ST,Female-only (including Supernumerary),2,244928
Institute_11,Chemical,ST,Female-only (including Supernumerary),3,244867
Institute_11,Chemical,ST,Female-only (including Supernumerary),4,244805
Institute_11,Chemical,ST,Female-only (including Supernumerary),5,244743
Institute_11,Chemical,ST,Female-only (including Supernumerary),6,244681
Institute_12,Electrical,OPEN,Gender-Neutral,1,180241
Institute_12,Electrical,OPEN,Gender-Neutral,2,180179
Institute_12,Electrical,OPEN,Gender-Neutral,3,180117
Institute_12,Electrical,OPEN,Gender-Neutral,4,180056
Institute_12,Electrical,OPEN,Gender-Neutral,5,179994
Institute_12,Electrical,OPEN,Gender-Neutral,6,179932
Institute_12,Electrical,OPEN,Female-only (including Supernumerary),1,179943
Institute_12,Electrical,OPEN,Female-only (including Supernumerary),2,179882
Institute_12,Electrical,OPEN,Female-only (including Supernumerary),3,179820
Institute_12,Electrical,OPEN,Female-only (including Supernumerary),4,179758
Institute_12,Electrical,OPEN,Female-only (including Supernumerary),5,179696
Institute_12,Electrical,OPEN,Female-only (including Supernumerary),6,179634
Institute_12,Electrical,EWS,Gender-Neutral,1,128334
Institute_12,Electrical,EWS,Gender-Neutral,2,128272
Institute_12,Electrical,EWS,Gender-Neutral,3,128210
Institute_12,Electrical,EWS,Gender-Neutral,4,128148
Institute_12,Electrical,EWS,Gender-Neutral,5,128087
Institute_12,Electrical,EWS,Gender-Neutral,6,128025
Institute_12,Electrical,EWS,Female-only (including Supernumerary),1,128036
Institute_12,Electrical,EWS,Female-only (including Supernumerary),2,127974
Institute_12,Electrical,EWS,Female-only (including Supernumerary),3,127912
Institute_12,Electrical,EWS,Female-only (including Supernumerary),4,127851
Institute_12,Electrical,EWS,Female-only (including Supernumerary),5,127789
Institute_12,Electrical,EWS,Female-only (including Supernumerary),6,127727
Institute_12,Electrical,OBC-NCL,Gender-Neutral,1,154288
Institute_12,Electrical,OBC-NCL,Gender-Neutral,2,154226
Institute_12,Electrical,OBC-NCL,Gender-Neutral,3,154164
Institute_12,Electrical,OBC-NCL,Gender-Neutral,4,154102
Institute_12,Electrical,OBC-NCL,Gender-Neutral,5,154040
Institute_12,Electrical,OBC-NCL,Gender-Neutral,6,153978
Institute_12,Electrical,OBC-NCL,Female-only (including Supernumerary),1,153990
Institute_12,Electrical,OBC-NCL,Female-only (including Supernumerary),2,153928
Institute_12,Electrical,OBC-NCL,Female-only (including Supernumerary),3,153866
Institute_12,Electrical,OBC-NCL,Female-only (including Supernumerary),4,153804
Institute_12,Electrical,OBC-NCL,Female-only (including Supernumerary),5,153742
Institute_12,Electrical,OBC-NCL,Female-only (including Supernumerary),6,153681
Institute_12,Electrical,SC,Gender-Neutral,1,206195
Institute_12,Electrical,SC,Gender-Neutral,2,206133
Institute_12,Electrical,SC,Gender-Neutral,3,206071
Institute_12,Electrical,SC,Gender-Neutral,4,206009
Institute_12,Electrical,SC,Gender-Neutral,5,205947
Institute_12,Electrical,SC,Gender-Neutral,6,205886
Institute_12,Electrical,SC,Female-only (including Supernumerary),1,205897
Institute_12,Electrical,SC,Female-only (including Supernumerary),2,205835
Institute_12,Electrical,SC,Female-only (including Supernumerary),3,205773
Institute_12,Electrical,SC,Female-only (including Supernumerary),4,205711
Institute_12,Electrical,SC,Female-only (including Supernumerary),5,205650
Institute_12,Electrical,SC,Female-only (including Supernumerary),6,205588
Institute_12,Electrical,ST,Gender-Neutral,1,232148
Institute_12,Electrical,ST,Gender-Neutral,2,232086
Institute_12,Electrical,ST,Gender-Neutral,3,232025
Institute_12,Electrical,ST,Gender-Neutral,4,231963
Institute_12,Electrical,ST,Gender-Neutral,5,231901
Institute_12,Electrical,ST,Gender-Neutral,6,231839
Institute_12,Electrical,ST,Female-only (including Supernumerary),1,231851
Institute_12,Electrical,ST,Female-only (including Supernumerary),2,231789
Institute_12,Electrical,ST,Female-only (including Supernumerary),3,231727
Institute_12,Electrical,ST,Female-only (including Supernumerary),4,231665
Institute_12,Electrical,ST,Female-only (including Supernumerary),5,231603
Institute_12,Electrical,ST,Female-only (including Supernumerary),6,231541
Institute_12,Computer Science,OPEN,Gender-Neutral,1,183710
Institute_12,Computer Science,OPEN,Gender-Neutral,2,183648
Institute_12,Computer Science,OPEN,Gender-Neutral,3,183586
Institute_12,Computer Science,OPEN,Gender-Neutral,4,183524
Institute_12,Computer Science,OPEN,Gender-Neutral,5,183463
Institute_12,Computer Science,OPEN,Gender-Neutral,6,183401
Institute_12,Computer Science,OPEN,Female-only (including Supernumerary),1,183412
Institute_12,Computer Science,OPEN,Female-only (including Supernumerary),2,183350
Institute_12,Computer Science,OPEN,Female-only (including Supernumerary),3,183288
Institute_12,Computer Science,OPEN,Female-only (including Supernumerary),4,183227
Institute_12,Computer Science,OPEN,Female-only (including Supernumerary),5,183165
Institute_12,Computer Science,OPEN,Female-only (including Supernumerary),6,183103
Institute_12,Computer Science,EWS,Gender-Neutral,1,131803
Institute_12,Computer Science,EWS,Gender-Neutral,2,131741
Institute_12,Computer Science,EWS,Gender-Neutral,3,131679
Institute_12,Computer Science,EWS,Gender-Neutral,4,131617
Institute_12,Computer Science,EWS,Gender-Neutral,5,131555
Institute_12,Computer Science,EWS,Gender-Neutral,6,131494
Institute_12,Computer Science,EWS,Female-only (including Supernumerary),1,131505
Institute_12,Computer Science,EWS,Female-only (including Supernumerary),2,131443
Institute_12,Computer Science,EWS,Female-only (including Supernumerary),3,131381
Institute_12,Computer Science,EWS,Female-only (including Supernumerary),4,131319
Institute_12,Computer Science,EWS,Female-only (including Supernumerary),5,131258
Institute_12,Computer Science,EWS,Female-only (including Supernumerary),6,131196
Institute_12,Computer Science,OBC-NCL,Gender-Neutral,1,157756
Institute_12,Computer Science,OBC-NCL,Gender-Neutral,2,157694
Institute_12,Computer Science,OBC-NCL,Gender-Neutral,3,157633
Institute_12,Computer Science,OBC-NCL,Gender-Neutral,4,157571
Institute_12,Computer Science,OBC-NCL,Gender-Neutral,5,157509
Institute_12,Computer Science,OBC-NCL,Gender-Neutral,6,157447
Institute_12,Computer Science,OBC-NCL,Female-only (including Supernumerary),1,157458
Institute_12,Computer Science,OBC-NCL,Female-only (including Supernumerary),2,157397
Institute_12,Computer Science,OBC-NCL,Female-only (including Supernumerary),3,157335
Institute_12,Computer Science,OBC-NCL,Female-only (including Supernumerary),4,157273
Institute_12,Computer Science,OBC-NCL,Female-only (including Supernumerary),5,157211
Institute_12,Computer Science,OBC-NCL,Female-only (including Supernumerary),6,157149
Institute_12,Computer Science,SC,Gender-Neutral,1,209663
Institute_12,Computer Science,SC,Gender-Neutral,2,209602
Institute_12,Computer Science,SC,Gender-Neutral,3,209540
Institute_12,Computer Science,SC,Gender-Neutral,4,209478
Institute_12,Computer Science,SC,Gender-Neutral,5,209416
Institute_12,Computer Science,SC,Gender-Neutral,6,209354
Institute_12,Computer Science,SC,Female-only (including Supernumerary),1,209366
Institute_12,Computer Science,SC,Female-only (including Supernumerary),2,209304
Institute_12,Computer Science,SC,Female-only (including Supernumerary),3,209242
Institute_12,Computer Science,SC,Female-only (including Supernumerary),4,209180
Institute_12,Computer Science,SC,Female-only (including Supernumerary),5,209118
Institute_12,Computer Science,SC,Female-only (including Supernumerary),6,209056
Institute_12,Computer Science,ST,Gender-Neutral,1,235617
Institute_12,Computer Science,ST,Gender-Neutral,2,235555
Institute_12,Computer Science,ST,Gender-Neutral,3,235493
Institute_12,Computer Science,ST,Gender-Neutral,4,235432
Institute_12,Computer Science,ST,Gender-Neutral,5,235370
Institute_12,Computer Science,ST,Gender-Neutral,6,235308
Institute_12,Computer Science,ST,Female-only (including Supernumerary),1,235319
Institute_12,Computer Science,ST,Female-only (including Supernumerary),2,235257
Institute_12,Computer Science,ST,Female-only (including Supernumerary),3,235196
Institute_12,Computer Science,ST,Female-only (including Supernumerary),4,235134
Institute_12,Computer Science,ST,Female-only (including Supernumerary),5,235072
Institute_12,Computer Science,ST,Female-only (including Supernumerary),6,235010
Institute_12,Chemical,OPEN,Gender-Neutral,1,190647
Institute_12,Chemical,OPEN,Gender-Neutral,2,190586
Institute_12,Chemical,OPEN,Gender-Neutral,3,190524
Institute_12,Chemical,OPEN,Gender-Neutral,4,190462
Institute_12,Chemical,OPEN,Gender-Neutral,5,190400
Institute_12,Chemical,OPEN,Gender-Neutral,6,190338
Institute_12,Chemical,OPEN,Female-only (including Supernumerary),1,190350
Institute_12,Chemical,OPEN,Female-only (including Supernumerary),2,190288
Institute_12,Chemical,OPEN,Female-only (including Supernumerary),3,190226
Institute_12,Chemical,OPEN,Female-only (including Supernumerary),4,190164
Institute_12,Chemical,OPEN,Female-only (including Supernumerary),5,190102
Institute_12,Chemical,OPEN,Female-only (including Supernumerary),6,190040
Institute_12,Chemical,EWS,Gender-Neutral,1,138740
Institute_12,Chemical,EWS,Gender-Neutral,2,138678
Institute_12,Chemical,EWS,Gender-Neutral,3,138616
Institute_12,Chemical,EWS,Gender-Neutral,4,138555
Institute_12,Chemical,EWS,Gender-Neutral,5,138493
Institute_12,Chemical,EWS,Gender-Neutral,6,138431
Institute_12,Chemical,EWS,Female-only (including Supernumerary),1,138442
Institute_12,Chemical,EWS,Female-only (including Supernumerary),2,138381
Institute_12,Chemical,EWS,Female-only (including Supernumerary),3,138319
Institute_12,Chemical,EWS,Female-only (including Supernumerary),4,138257
Institute_12,Chemical,EWS,Female-only (including Supernumerary),5,138195
Institute_12,Chemical,EWS,Female-only (including Supernumerary),6,138133
Institute_12,Chemical,OBC-NCL,Gender-Neutral,1,164694
Institute_12,Chemical,OBC-NCL,Gender-Neutral,2,164632
Institute_12,Chemical,OBC-NCL,Gender-Neutral,3,164570
Institute_12,Chemical,OBC-NCL,Gender-Neutral,4,164508
Institute_12,Chemical,OBC-NCL,Gender-Neutral,5,164446
Institute_12,Chemical,OBC-NCL,Gender-Neutral,6,164385
Institute_12,Chemical,OBC-NCL,Female-only (including Supernumerary),1,164396
Institute_12,Chemical,OBC-NCL,Female-only (including Supernumerary),2,164334
Institute_12,Chemical,OBC-NCL,Female-only (including Supernumerary),3,164272
Institute_12,Chemical,OBC-NCL,Female-only (including Supernumerary),4,164210
Institute_12,Chemical,OBC-NCL,Female-only (including Supernumerary),5,164149
Institute_12,Chemical,OBC-NCL,Female-only (including Supernumerary),6,164087
Institute_12,Chemical,SC,Gender-Neutral,1,216601
Institute_12,Chemical,SC,Gender-Neutral,2,216539
Institute_12,Chemical,SC,Gender-Neutral,3,216477
Institute_12,Chemical,SC,Gender-Neutral,4,216415
Institute_12,Chemical,SC,Gender-Neutral,5,216354
Institute_12,Chemical,SC,Gender-Neutral,6,216292
Institute_12,Chemical,SC,Female-only (including Supernumerary),1,216303
Institute_12,Chemical,SC,Female-only (including Supernumerary),2,216241
Institute_12,Chemical,SC,Female-only (including Supernumerary),3,216179
Institute_12,Chemical,SC,Female-only (including Supernumerary),4,216118
Institute_12,Chemical,SC,Female-only (including Supernumerary),5,216056
Institute_12,Chemical,SC,Female-only (including Supernumerary),6,215994
Institute_12,Chemical,ST,Gender-Neutral,1,242555
Institute_12,Chemical,ST,Gender-Neutral,2,242493
Institute_12,Chemical,ST,Gender-Neutral,3,242431
Institute_12,Chemical,ST,Gender-Neutral,4,242369
Institute_12,Chemical,ST,Gender-Neutral,5,242307
Institute_12,Chemical,ST,Gender-Neutral,6,242245
Institute_12,Chemical,ST,Female-only (including Supernumerary),1,242257
Institute_12,Chemical,ST,Female-only (including Supernumerary),2,242195
Institute_12,Chemical,ST,Female-only (including Supernumerary),3,242133
Institute_12,Chemical,ST,Female-only (including Supernumerary),4,242071
Institute_12,Chemical,ST,Female-only (including Supernumerary),5,242009
Institute_12,Chemical,ST,Female-only (including Supernumerary),6,241948
Institute_13,Computer Science,OPEN,Gender-Neutral,1,188609
Institute_13,Computer Science,OPEN,Gender-Neutral,2,188547
Institute_13,Computer Science,OPEN,Gender-Neutral,3,188485
Institute_13,Computer Science,OPEN,Gender-Neutral,4,188424
Institute_13,Computer Science,OPEN,Gender-Neutral,5,188362
Institute_13,Computer Science,OPEN,Gender-Neutral,6,188300
Institute_13,Computer Science,OPEN,Female-only (including Supernumerary),1,188311
Institute_13,Computer Science,OPEN,Female-only (including Supernumerary),2,188250
Institute_13,Computer Science,OPEN,Female-only (including Supernumerary),3,188188
Institute_13,Computer Science,OPEN,Female-only (including Supernumerary),4,188126
Institute_13,Computer Science,OPEN,Female-only (including Supernumerary),5,188064
Institute_13,Computer Science,OPEN,Female-only (including Supernumerary),6,188002
Institute_13,Computer Science,EWS,Gender-Neutral,1,136702
Institute_13,Computer Science,EWS,Gender-Neutral,2,136640
Institute_13,Computer Science,EWS,Gender-Neutral,3,136578
Institute_13,Computer Science,EWS,Gender-Neutral,4,136516
Institute_13,Computer Science,EWS,Gender-Neutral,5,136455
Institute_13,Computer Science,EWS,Gender-Neutral,6,136393
Institute_13,Computer Science,EWS,Female-only (including Supernumerary),1,136404
Institute_13,Computer Science,EWS,Female-only (including Supernumerary),2,136342
Institute_13,Computer Science,EWS,Female-only (including Supernumerary),3,136280
Institute_13,Computer Science,EWS,Female-only (including Supernumerary),4,136219
Institute_13,Computer Science,EWS,Female-only (including Supernumerary),5,136157
Institute_13,Computer Science,EWS,Female-only (including Supernumerary),6,136095
Institute_13,Computer Science,OBC-NCL,Gender-Neutral,1,162656
Institute_13,Computer Science,OBC-NCL,Gender-Neutral,2,162594
Institute_13,Computer Science,OBC-NCL,Gender-Neutral,3,162532
Institute_13,Computer Science,OBC-NCL,Gender-Neutral,4,162470
Institute_13,Computer Science,OBC-NCL,Gender-Neutral,5,162408
Institute_13,Computer Science,OBC-NCL,Gender-Neutral,6,162346
Institute_13,Computer Science,OBC-NCL,Female-only (including Supernumerary),1,162358
Institute_13,Computer Science,OBC-NCL,Female-only (including Supernumerary),2,162296
Institute_13,Computer Science,OBC-NCL,Female-only (including Supernumerary),3,162234
Institute_13,Computer Science,OBC-NCL,Female-only (including Supernumerary),4,162172
Institute_13,Computer Science,OBC-NCL,Female-only (including Supernumerary),5,162110
Institute_13,Computer Science,OBC-NCL,Female-only (including Supernumerary),6,162049
Institute_13,Computer Science,SC,Gender-Neutral,1,214563
Institute_13,Computer Science,SC,Gender-Neutral,2,214501
Institute_13,Computer Science,SC,Gender-Neutral,3,214439
Institute_13,Computer Science,SC,Gender-Neutral,4,214377
Institute_13,Computer Science,SC,Gender-Neutral,5,214315
Institute_13,Computer Science,SC,Gender-Neutral,6,214254
Institute_13,Computer Science,SC,Female-only (including Supernumerary),1,214265
Institute_13,Computer Science,SC,Female-only (including Supernumerary),2,214203
Institute_13,Computer Science,SC,Female-only (including Supernumerary),3,214141
Institute_13,Computer Science,SC,Female-only (including Supernumerary),4,214079
Institute_13,Computer Science,SC,Female-only (including Supernumerary),5,214018
Institute_13,Computer Science,SC,Female-only (including Supernumerary),6,213956
Institute_13,Computer Science,ST,Gender-Neutral,1,240516
Institute_13,Computer Science,ST,Gender-Neutral,2,240454
Institute_13,Computer Science,ST,Gender-Neutral,3,240393
Institute_13,Computer Science,ST,Gender-Neutral,4,240331
Institute_13,Computer Science,ST,Gender-Neutral,5,240269
Institute_13,Computer Science,ST,Gender-Neutral,6,240207
Institute_13,Computer Science,ST,Female-only (including Supernumerary),1,240219
Institute_13,Computer Science,ST,Female-only (including Supernumerary),2,240157
Institute_13,Computer Science,ST,Female-only (including Supernumerary),3,240095
Institute_13,Computer Science,ST,Female-only (including Supernumerary),4,240033
Institute_13,Computer Science,ST,Female-only (including Supernumerary),5,239971
Institute_13,Computer Science,ST,Female-only (including Supernumerary),6,239909
Institute_13,Chemical,OPEN,Gender-Neutral,1,195547
Institute_13,Chemical,OPEN,Gender-Neutral,2,195485
Institute_13,Chemical,OPEN,Gender-Neutral,3,195423
Institute_13,Chemical,OPEN,Gender-Neutral,4,195361
Institute_13,Chemical,OPEN,Gender-Neutral,5,195299
Institute_13,Chemical,OPEN,Gender-Neutral,6,195237
Institute_13,Chemical,OPEN,Female-only (including Supernumerary),1,195249
Institute_13,Chemical,OPEN,Female-only (including Supernumerary),2,195187
Institute_13,Chemical,OPEN,Female-only (including Supernumerary),3,195125
Institute_13,Chemical,OPEN,Female-only (including Supernumerary),4,195063
Institute_13,Chemical,OPEN,Female-only (including Supernumerary),5,195001
Institute_13,Chemical,OPEN,Female-only (including Supernumerary),6,194940
Institute_13,Chemical,EWS,Gender-Neutral,1,143639
Institute_13,Chemical,EWS,Gender-Neutral,2,143578
Institute_13,Chemical,EWS,Gender-Neutral,3,143516
Institute_13,Chemical,EWS,Gender-Neutral,4,143454
Institute_13,Chemical,EWS,Gender-Neutral,5,143392
Institute_13,Chemical,EWS,Gender-Neutral,6,143330
Institute_13,Chemical,EWS,Female-only (including Supernumerary),1,143342
Institute_13,Chemical,EWS,Female-only (including Supernumerary),2,143280
Institute_13,Chemical,EWS,Female-only (including Supernumerary),3,143218
Institute_13,Chemical,EWS,Female-only (including Supernumerary),4,143156
Institute_13,Chemical,EWS,Female-only (including Supernumerary),5,143094
Institute_13,Chemical,EWS,Female-only (including Supernumerary),6,143032
Institute_13,Chemical,OBC-NCL,Gender-Neutral,1,169593
Institute_13,Chemical,OBC-NCL,Gender-Neutral,2,169531
Institute_13,Chemical,OBC-NCL,Gender-Neutral,3,169469
Institute_13,Chemical,OBC-NCL,Gender-Neutral,4,169408
Institute_13,Chemical,OBC-NCL,Gender-Neutral,5,169346
Institute_13,Chemical,OBC-NCL,Gender-Neutral,6,169284
Institute_13,Chemical,OBC-NCL,Female-only (including Supernumerary),1,169295
Institute_13,Chemical,OBC-NCL,Female-only (including Supernumerary),2,169233
Institute_13,Chemical,OBC-NCL,Female-only (including Supernumerary),3,169172
Institute_13,Chemical,OBC-NCL,Female-only (including Supernumerary),4,169110
Institute_13,Chemical,OBC-NCL,Female-only (including Supernumerary),5,169048
Institute_13,Chemical,OBC-NCL,Female-only (including Supernumerary),6,168986
Institute_13,Chemical,SC,Gender-Neutral,1,221500
Institute_13,Chemical,SC,Gender-Neutral,2,221438
Institute_13,Chemical,SC,Gender-Neutral,3,221377
Institute_13,Chemical,SC,Gender-Neutral,4,221315
Institute_13,Chemical,SC,Gender-Neutral,5,221253
Institute_13,Chemical,SC,Gender-Neutral,6,221191
Institute_13,Chemical,SC,Female-only (including Supernumerary),1,221202
Institute_13,Chemical,SC,Female-only (including Supernumerary),2,221141
Institute_13,Chemical,SC,Female-only (including Supernumerary),3,221079
Institute_13,Chemical,SC,Female-only (including Supernumerary),4,221017
Institute_13,Chemical,SC,Female-only (including Supernumerary),5,220955
Institute_13,Chemical,SC,Female-only (including Supernumerary),6,220893
Institute_13,Chemical,ST,Gender-Neutral,1,247454
Institute_13,Chemical,ST,Gender-Neutral,2,247392
Institute_13,Chemical,ST,Gender-Neutral,3,247330
Institute_13,Chemical,ST,Gender-Neutral,4,247268
Institute_13,Chemical,ST,Gender-Neutral,5,247206
Institute_13,Chemical,ST,Gender-Neutral,6,247145
Institute_13,Chemical,ST,Female-only (including Supernumerary),1,247156
Institute_13,Chemical,ST,Female-only (including Supernumerary),2,247094
Institute_13,Chemical,ST,Female-only (including Supernumerary),3,247032
Institute_13,Chemical,ST,Female-only (including Supernumerary),4,246971
Institute_13,Chemical,ST,Female-only (including Supernumerary),5,246909
Institute_13,Chemical,ST,Female-only (including Supernumerary),6,246847
Institute_13,Mechanical,OPEN,Gender-Neutral,1,178203
Institute_13,Mechanical,OPEN,Gender-Neutral,2,178141
Institute_13,Mechanical,OPEN,Gender-Neutral,3,178079
Institute_13,Mechanical,OPEN,Gender-Neutral,4,178017
Institute_13,Mechanical,OPEN,Gender-Neutral,5,177956
Institute_13,Mechanical,OPEN,Gender-Neutral,6,177894
Institute_13,Mechanical,OPEN,Female-only (including Supernumerary),1,177905
Institute_13,Mechanical,OPEN,Female-only (including Supernumerary),2,177843
Institute_13,Mechanical,OPEN,Female-only (including Supernumerary),3,177781
Institute_13,Mechanical,OPEN,Female-only (including Supernumerary),4,177720
Institute_13,Mechanical,OPEN,Female-only (including Supernumerary),5,177658
Institute_13,Mechanical,OPEN,Female-only (including Supernumerary),6,177596
Institute_13,Mechanical,EWS,Gender-Neutral,1,126296
Institute_13,Mechanical,EWS,Gender-Neutral,2,126234
Institute_13,Mechanical,EWS,Gender-Neutral,3,126172
Institute_13,Mechanical,EWS,Gender-Neutral,4,126110
Institute_13,Mechanical,EWS,Gender-Neutral,5,126048
Institute_13,Mechanical,EWS,Gender-Neutral,6,125987
Institute_13,Mechanical,EWS,Female-only (including Supernumerary),1,125998
Institute_13,Mechanical,EWS,Female-only (including Supernumerary),2,125936
Institute_13,Mechanical,EWS,Female-only (including Supernumerary),3,125874
Institute_13,Mechanical,EWS,Female-only (including Supernumerary),4,125812
Institute_13,Mechanical,EWS,Female-only (including Supernumerary),5,125751
Institute_13,Mechanical,EWS,Female-only (including Supernumerary),6,125689
Institute_13,Mechanical,OBC-NCL,Gender-Neutral,1,152249
Institute_13,Mechanical,OBC-NCL,Gender-Neutral,2,152187
Institute_13,Mechanical,OBC-NCL,Gender-Neutral,3,152126
Institute_13,Mechanical,OBC-NCL,Gender-Neutral,4,152064
Institute_13,Mechanical,OBC-NCL,Gender-Neutral,5,152002
Institute_13,Mechanical,OBC-NCL,Gender-Neutral,6,151940
Institute_13,Mechanical,OBC-NCL,Female-only (including Supernumerary),1,151952
Institute_13,Mechanical,OBC-NCL,Female-only (including Supernumerary),2,151890
Institute_13,Mechanical,OBC-NCL,Female-only (including Supernumerary),3,151828
Institute_13,Mechanical,OBC-NCL,Female-only (including Supernumerary),4,151766
Institute_13,Mechanical,OBC-NCL,Female-only (including Supernumerary),5,151704
Institute_13,Mechanical,OBC-NCL,Female-only (including Supernumerary),6,151642
Institute_13,Mechanical,SC,Gender-Neutral,1,204156
Institute_13,Mechanical,SC,Gender-Neutral,2,204095
Institute_13,Mechanical,SC,Gender-Neutral,3,204033
Institute_13,Mechanical,SC,Gender-Neutral,4,203971
Institute_13,Mechanical,SC,Gender-Neutral,5,203909
Institute_13,Mechanical,SC,Gender-Neutral,6,203847
Institute_13,Mechanical,SC,Female-only (including Supernumerary),1,203859
Institute_13,Mechanical,SC,Female-only (including Supernumerary),2,203797
Institute_13,Mechanical,SC,Female-only (including Supernumerary),3,203735
Institute_13,Mechanical,SC,Female-only (including Supernumerary),4,203673
Institute_13,Mechanical,SC,Female-only (including Supernumerary),5,203611
Institute_13,Mechanical,SC,Female-only (including Supernumerary),6,203550
Institute_13,Mechanical,ST,Gender-Neutral,1,230110
Institute_13,Mechanical,ST,Gender-Neutral,2,230048
Institute_13,Mechanical,ST,Gender-Neutral,3,229986
Institute_13,Mechanical,ST,Gender-Neutral,4,229925
Institute_13,Mechanical,ST,Gender-Neutral,5,229863
Institute_13,Mechanical,ST,Gender-Neutral,6,229801
Institute_13,Mechanical,ST,Female-only (including Supernumerary),1,229812
Institute_13,Mechanical,ST,Female-only (including Supernumerary),2,229750
Institute_13,Mechanical,ST,Female-only (including Supernumerary),3,229689
Institute_13,Mechanical,ST,Female-only (including Supernumerary),4,229627
Institute_13,Mechanical,ST,Female-only (including Supernumerary),5,229565
Institute_13,Mechanical,ST,Female-only (including Supernumerary),6,229503
Institute_14,Electronics,OPEN,Gender-Neutral,1,171305
Institute_14,Electronics,OPEN,Gender-Neutral,2,171243
Institute_14,Electronics,OPEN,Gender-Neutral,3,171182
Institute_14,Electronics,OPEN,Gender-Neutral,4,171120
Institute_14,Electronics,OPEN,Gender-Neutral,5,171058
Institute_14,Electronics,OPEN,Gender-Neutral,6,170996
Institute_14,Electronics,OPEN,Female-only (including Supernumerary),1,171008
Institute_14,Electronics,OPEN,Female-only (including Supernumerary),2,170946
Institute_14,Electronics,OPEN,Female-only (including Supernumerary),3,170884
Institute_14,Electronics,OPEN,Female-only (including Supernumerary),4,170822
Institute_14,Electronics,OPEN,Female-only (including Supernumerary),5,170760
Institute_14,Electronics,OPEN,Female-only (including Supernumerary),6,170698
Institute_14,Electronics,EWS,Gender-Neutral,1,119398
Institute_14,Electronics,EWS,Gender-Neutral,2,119336
Institute_14,Electronics,EWS,Gender-Neutral,3,119274
Institute_14,Electronics,EWS,Gender-Neutral,4,119213
Institute_14,Electronics,EWS,Gender-Neutral,5,119151
Institute_14,Electronics,EWS,Gender-Neutral,6,119089
Institute_14,Electronics,EWS,Female-only (including Supernumerary),1,119100
Institute_14,Electronics,EWS,Female-only (including Supernumerary),2,119038
Institute_14,Electronics,EWS,Female-only (including Supernumerary),3,118977
Institute_14,Electronics,EWS,Female-only (including Supernumerary),4,118915
Institute_14,Electronics,EWS,Female-only (including Supernumerary),5,118853
Institute_14,Electronics,EWS,Female-only (including Supernumerary),6,118791
Institute_14,Electronics,OBC-NCL,Gender-Neutral,1,145352
Institute_14,Electronics,OBC-NCL,Gender-Neutral,2,145290
Institute_14,Electronics,OBC-NCL,Gender-Neutral,3,145228
Institute_14,Electronics,OBC-NCL,Gender-Neutral,4,145166
Institute_14,Electronics,OBC-NCL,Gender-Neutral,5,145104
Institute_14,Electronics,OBC-NCL,Gender-Neutral,6,145043
Institute_14,Electronics,OBC-NCL,Female-only (including Supernumerary),1,145054
Institute_14,Electronics,OBC-NCL,Female-only (including Supernumerary),2,144992
Institute_14,Electronics,OBC-NCL,Female-only (including Supernumerary),3,144930
Institute_14,Electronics,OBC-NCL,Female-only (including Supernumerary),4,144868
Institute_14,Electronics,OBC-NCL,Female-only (including Supernumerary),5,144807
Institute_14,Electronics,OBC-NCL,Female-only (including Supernumerary),6,144745
Institute_14,Electronics,SC,Gender-Neutral,1,197259
Institute_14,Electronics,SC,Gender-Neutral,2,197197
Institute_14,Electronics,SC,Gender-Neutral,3,197135
Institute_14,Electronics,SC,Gender-Neutral,4,197073
Institute_14,Electronics,SC,Gender-Neutral,5,197012
Institute_14,Electronics,SC,Gender-Neutral,6,196950
Institute_14,Electronics,SC,Female-only (including Supernumerary),1,196961
Institute_14,Electronics,SC,Female-only (including Supernumerary),2,196899
Institute_14,Electronics,SC,Female-only (including Supernumerary),3,196837
Institute_14,Electronics,SC,Female-only (including Supernumerary),4,196776
Institute_14,Electronics,SC,Female-only (including Supernumerary),5,196714
Institute_14,Electronics,SC,Female-only (including Supernumerary),6,196652
Institute_14,Electronics,ST,Gender-Neutral,1,223212
Institute_14,Electronics,ST,Gender-Neutral,2,223151
Institute_14,Electronics,ST,Gender-Neutral,3,223089
Institute_14,Electronics,ST,Gender-Neutral,4,223027
Institute_14,Electronics,ST,Gender-Neutral,5,222965
Institute_14,Electronics,ST,Gender-Neutral,6,222903
Institute_14,Electronics,ST,Female-only (including Supernumerary),1,222915
Institute_14,Electronics,ST,Female-only (including Supernumerary),2,222853
Institute_14,Electronics,ST,Female-only (including Supernumerary),3,222791
Institute_14,Electronics,ST,Female-only (including Supernumerary),4,222729
Institute_14,Electronics,ST,Female-only (including Supernumerary),5,222667
Institute_14,Electronics,ST,Female-only (including Supernumerary),6,222606
Institute_14,Electrical,OPEN,Gender-Neutral,1,174774
Institute_14,Electrical,OPEN,Gender-Neutral,2,174712
Institute_14,Electrical,OPEN,Gender-Neutral,3,174650
Institute_14,Electrical,OPEN,Gender-Neutral,4,174589
Institute_14,Electrical,OPEN,Gender-Neutral,5,174527
Institute_14,Electrical,OPEN,Gender-Neutral,6,174465
Institute_14,Electrical,OPEN,Female-only (including Supernumerary),1,174476
Institute_14,Electrical,OPEN,Female-only (including Supernumerary),2,174414
Institute_14,Electrical,OPEN,Female-only (including Supernumerary),3,174353
Institute_14,Electrical,OPEN,Female-only (including Supernumerary),4,174291
Institute_14,Electrical,OPEN,Female-only (including Supernumerary),5,174229
Institute_14,Electrical,OPEN,Female-only (including Supernumerary),6,174167
Institute_14,Electrical,EWS,Gender-Neutral,1,122867
Institute_14,Electrical,EWS,Gender-Neutral,2,122805
Institute_14,Electrical,EWS,Gender-Neutral,3,122743
Institute_14,Electrical,EWS,Gender-Neutral,4,122681
Institute_14,Electrical,EWS,Gender-Neutral,5,122620
Institute_14,Electrical,EWS,Gender-Neutral,6,122558
Institute_14,Electrical,EWS,Female-only (including Supernumerary),1,122569
Institute_14,Electrical,EWS,Female-only (including Supernumerary),2,122507
Institute_14,Electrical,EWS,Female-only (including Supernumerary),3,122445
Institute_14,Electrical,EWS,Female-only (including Supernumerary),4,122384
Institute_14,Electrical,EWS,Female-only (including Supernumerary),5,122322
Institute_14,Electrical,EWS,Female-only (including Supernumerary),6,122260
Institute_14,Electrical,OBC-NCL,Gender-Neutral,1,148820
Institute_14,Electrical,OBC-NCL,Gender-Neutral,2,148759
Institute_14,Electrical,OBC-NCL,Gender-Neutral,3,148697
Institute_14,Electrical,OBC-NCL,Gender-Neutral,4,148635
Institute_14,Electrical,OBC-NCL,Gender-Neutral,5,148573
Institute_14,Electrical,OBC-NCL,Gender-Neutral,6,148511
Institute_14,Electrical,OBC-NCL,Female-only (including Supernumerary),1,148523
Institute_14,Electrical,OBC-NCL,Female-only (including Supernumerary),2,148461
Institute_14,Electrical,OBC-NCL,Female-only (including Supernumerary),3,148399
Institute_14,Electrical,OBC-NCL,Female-only (including Supernumerary),4,148337
Institute_14,Electrical,OBC-NCL,Female-only (including Supernumerary),5,148275
Institute_14,Electrical,OBC-NCL,Female-only (including Supernumerary),6,148213
Institute_14,Electrical,SC,Gender-Neutral,1,200728
Institute_14,Electrical,SC,Gender-Neutral,2,200666
Institute_14,Electrical,SC,Gender-Neutral,3,200604
Institute_14,Electrical,SC,Gender-Neutral,4,200542
Institute_14,Electrical,SC,Gender-Neutral,5,200480
Institute_14,Electrical,SC,Gender-Neutral,6,200418
Institute_14,Electrical,SC,Female-only (including Supernumerary),1,200430
Institute_14,Electrical,SC,Female-only (including Supernumerary),2,200368
Institute_14,Electrical,SC,Female-only (including Supernumerary),3,200306
Institute_14,Electrical,SC,Female-only (including Supernumerary),4,200244
Institute_14,Electrical,SC,Female-only (including Supernumerary),5,200182
Institute_14,Electrical,SC,Female-only (including Supernumerary),6,200121
Institute_14,Electrical,ST,Gender-Neutral,1,226681
Institute_14,Electrical,ST,Gender-Neutral,2,226619
Institute_14,Electrical,ST,Gender-Neutral,3,226558
Institute_14,Electrical,ST,Gender-Neutral,4,226496
Institute_14,Electrical,ST,Gender-Neutral,5,226434
Institute_14,Electrical,ST,Gender-Neutral,6,226372
Institute_14,Electrical,ST,Female-only (including Supernumerary),1,226383
Institute_14,Electrical,ST,Female-only (including Supernumerary),2,226322
Institute_14,Electrical,ST,Female-only (including Supernumerary),3,226260
Institute_14,Electrical,ST,Female-only (including Supernumerary),4,226198
Institute_14,Electrical,ST,Female-only (including Supernumerary),5,226136
Institute_14,Electrical,ST,Female-only (including Supernumerary),6,226074
Institute_15,Computer Science,OPEN,Gender-Neutral,1,180598
Institute_15,Computer Science,OPEN,Gender-Neutral,2,180536
Institute_15,Computer Science,OPEN,Gender-Neutral,3,180474
Institute_15,Computer Science,OPEN,Gender-Neutral,4,180412
Institute_15,Computer Science,OPEN,Gender-Neutral,5,180350
Institute_15,Computer Science,OPEN,Gender-Neutral,6,180289
Institute_15,Computer Science,OPEN,Female-only (including Supernumerary),1,180300
Institute_15,Computer Science,OPEN,Female-only (including Supernumerary),2,180238
Institute_15,Computer Science,OPEN,Female-only (including Supernumerary),3,180176
Institute_15,Computer Science,OPEN,Female-only (including Supernumerary),4,180114
Institute_15,Computer Science,OPEN,Female-only (including Supernumerary),5,180053
Institute_15,Computer Science,OPEN,Female-only (including Supernumerary),6,179991
Institute_15,Computer Science,EWS,Gender-Neutral,1,128691
Institute_15,Computer Science,EWS,Gender-Neutral,2,128629
Institute_15,Computer Science,EWS,Gender-Neutral,3,128567
Institute_15,Computer Science,EWS,Gender-Neutral,4,128505
Institute_15,Computer Science,EWS,Gender-Neutral,5,128443
Institute_15,Computer Science,EWS,Gender-Neutral,6,128381
Institute_15,Computer Science,EWS,Female-only (including Supernumerary),1,128393
Institute_15,Computer Science,EWS,Female-only (including Supernumerary),2,128331
Institute_15,Computer Science,EWS,Female-only (including Supernumerary),3,128269
Institute_15,Computer Science,EWS,Female-only (including Supernumerary),4,128207
Institute_15,Computer Science,EWS,Female-only (including Supernumerary),5,128145
Institute_15,Computer Science,EWS,Female-only (including Supernumerary),6,128084
Institute_15,Computer Science,OBC-NCL,Gender-Neutral,1,154644
Institute_15,Computer Science,OBC-NCL,Gender-Neutral,2,154582
Institute_15,Computer Science,OBC-NCL,Gender-Neutral,3,154521
Institute_15,Computer Science,OBC-NCL,Gender-Neutral,4,154459
Institute_15,Computer Science,OBC-NCL,Gender-Neutral,5,154397
Institute_15,Computer Science,OBC-NCL,Gender-Neutral,6,154335
Institute_15,Computer Science,OBC-NCL,Female-only (including Supernumerary),1,154346
Institute_15,Computer Science,OBC-NCL,Female-only (including Supernumerary),2,154285
Institute_15,Computer Science,OBC-NCL,Female-only (including Supernumerary),3,154223
Institute_15,Computer Science,OBC-NCL,Female-only (including Supernumerary),4,154161
Institute_15,Computer Science,OBC-NCL,Female-only (including Supernumerary),5,154099
Institute_15,Computer Science,OBC-NCL,Female-only (including Supernumerary),6,154037
Institute_15,Computer Science,SC,Gender-Neutral,1,206551
Institute_15,Computer Science,SC,Gender-Neutral,2,206490
Institute_15,Computer Science,SC,Gender-Neutral,3,206428
Institute_15,Computer Science,SC,Gender-Neutral,4,206366
Institute_15,Computer Science,SC,Gender-Neutral,5,206304
Institute_15,Computer Science,SC,Gender-Neutral,6,206242
Institute_15,Computer Science,SC,Female-only (including Supernumerary),1,206254
Institute_15,Computer Science,SC,Female-only (including Supernumerary),2,206192
Institute_15,Computer Science,SC,Female-only (including Supernumerary),3,206130
Institute_15,Computer Science,SC,Female-only (including Supernumerary),4,206068
Institute_15,Computer Science,SC,Female-only (including Supernumerary),5,206006
Institute_15,Computer Science,SC,Female-only (including Supernumerary),6,205944
Institute_15,Computer Science,ST,Gender-Neutral,1,232505
Institute_15,Computer Science,ST,Gender-Neutral,2,232443
Institute_15,Computer Science,ST,Gender-Neutral,3,232381
Institute_15,Computer Science,ST,Gender-Neutral,4,232319
Institute_15,Computer Science,ST,Gender-Neutral,5,232258
Institute_15,Computer Science,ST,Gender-Neutral,6,232196
Institute_15,Computer Science,ST,Female-only (including Supernumerary),1,232207
Institute_15,Computer Science,ST,Female-only (including Supernumerary),2,232145
Institute_15,Computer Science,ST,Female-only (including Supernumerary),3,232083
Institute_15,Computer Science,ST,Female-only (including Supernumerary),4,232022
Institute_15,Computer Science,ST,Female-only (including Supernumerary),5,231960
Institute_15,Computer Science,ST,Female-only (including Supernumerary),6,231898
Institute_15,Chemical,OPEN,Gender-Neutral,1,187535
Institute_15,Chemical,OPEN,Gender-Neutral,2,187473
Institute_15,Chemical,OPEN,Gender-Neutral,3,187412
Institute_15,Chemical,OPEN,Gender-Neutral,4,187350
Institute_15,Chemical,OPEN,Gender-Neutral,5,187288
Institute_15,Chemical,OPEN,Gender-Neutral,6,187226
Institute_15,Chemical,OPEN,Female-only (including Supernumerary),1,187237
Institute_15,Chemical,OPEN,Female-only (including Supernumerary),2,187176
Institute_15,Chemical,OPEN,Female-only (including Supernumerary),3,187114
Institute_15,Chemical,OPEN,Female-only (including Supernumerary),4,187052
Institute_15,Chemical,OPEN,Female-only (including Supernumerary),5,186990
Institute_15,Chemical,OPEN,Female-only (including Supernumerary),6,186928
Institute_15,Chemical,EWS,Gender-Neutral,1,135628
Institute_15,Chemical,EWS,Gender-Neutral,2,135566
Institute_15,Chemical,EWS,Gender-Neutral,3,135504
Institute_15,Chemical,EWS,Gender-Neutral,4,135443
Institute_15,Chemical,EWS,Gender-Neutral,5,135381
Institute_15,Chemical,EWS,Gender-Neutral,6,135319
Institute_15,Chemical,EWS,Female-only (including Supernumerary),1,135330
Institute_15,Chemical,EWS,Female-only (including Supernumerary),2,135268
Institute_15,Chemical,EWS,Female-only (including Supernumerary),3,135207
Institute_15,Chemical,EWS,Female-only (including Supernumerary),4,135145
Institute_15,Chemical,EWS,Female-only (including Supernumerary),5,135083
Institute_15,Chemical,EWS,Female-only (including Supernumerary),6,135021
Institute_15,Chemical,OBC-NCL,Gender-Neutral,1,161582
Institute_15,Chemical,OBC-NCL,Gender-Neutral,2,161520
Institute_15,Chemical,OBC-NCL,Gender-Neutral,3,161458
Institute_15,Chemical,OBC-NCL,Gender-Neutral,4,161396
Institute_15,Chemical,OBC-NCL,Gender-Neutral,5,161334
Institute_15,Chemical,OBC-NCL,Gender-Neutral,6,161272
Institute_15,Chemical,OBC-NCL,Female-only (including Supernumerary),1,161284
Institute_15,Chemical,OBC-NCL,Female-only (including Supernumerary),2,161222
Institute_15,Chemical,OBC-NCL,Female-only (including Supernumerary),3,161160
Institute_15,Chemical,OBC-NCL,Female-only (including Supernumerary),4,161098
Institute_15,Chemical,OBC-NCL,Female-only (including Supernumerary),5,161037
Institute_15,Chemical,OBC-NCL,Female-only (including Supernumerary),6,160975
Institute_15,Chemical,SC,Gender-Neutral,1,213489
Institute_15,Chemical,SC,Gender-Neutral,2,213427
Institute_15,Chemical,SC,Gender-Neutral,3,213365
Institute_15,Chemical,SC,Gender-Neutral,4,213303
Institute_15,Chemical,SC,Gender-Neutral,5,213242
Institute_15,Chemical,SC,Gender-Neutral,6,213180
Institute_15,Chemical,SC,Female-only (including Supernumerary),1,213191
Institute_15,Chemical,SC,Female-only (including Supernumerary),2,213129
Institute_15,Chemical,SC,Female-only (including Supernumerary),3,213067
Institute_15,Chemical,SC,Female-only (including Supernumerary),4,213006
Institute_15,Chemical,SC,Female-only (including Supernumerary),5,212944
Institute_15,Chemical,SC,Female-only (including Supernumerary),6,212882
Institute_15,Chemical,ST,Gender-Neutral,1,239442
Institute_15,Chemical,ST,Gender-Neutral,2,239381
Institute_15,Chemical,ST,Gender-Neutral,3,239319
Institute_15,Chemical,ST,Gender-Neutral,4,239257
Institute_15,Chemical,ST,Gender-Neutral,5,239195
Institute_15,Chemical,ST,Gender-Neutral,6,239133
Institute_15,Chemical,ST,Female-only (including Supernumerary),1,239145
Institute_15,Chemical,ST,Female-only (including Supernumerary),2,239083
Institute_15,Chemical,ST,Female-only (including Supernumerary),3,239021
Institute_15,Chemical,ST,Female-only (including Supernumerary),4,238959
Institute_15,Chemical,ST,Female-only (including Supernumerary),5,238897
Institute_15,Chemical,ST,Female-only (including Supernumerary),6,238835
Institute_15,Civil,OPEN,Gender-Neutral,1,184067
Institute_15,Civil,OPEN,Gender-Neutral,2,184005
Institute_15,Civil,OPEN,Gender-Neutral,3,183943
Institute_15,Civil,OPEN,Gender-Neutral,4,183881
Institute_15,Civil,OPEN,Gender-Neutral,5,183819
Institute_15,Civil,OPEN,Gender-Neutral,6,183757
Institute_15,Civil,OPEN,Female-only (including Supernumerary),1,183769
Institute_15,Civil,OPEN,Female-only (including Supernumerary),2,183707
Institute_15,Civil,OPEN,Female-only (including Supernumerary),3,183645
Institute_15,Civil,OPEN,Female-only (including Supernumerary),4,183583
Institute_15,Civil,OPEN,Female-only (including Supernumerary),5,183521
Institute_15,Civil,OPEN,Female-only (including Supernumerary),6,183460
Institute_15,Civil,EWS,Gender-Neutral,1,132159
Institute_15,Civil,EWS,Gender-Neutral,2,132097
Institute_15,Civil,EWS,Gender-Neutral,3,132036
Institute_15,Civil,EWS,Gender-Neutral,4,131974
Institute_15,Civil,EWS,Gender-Neutral,5,131912
Institute_15,Civil,EWS,Gender-Neutral,6,131850
Institute_15,Civil,EWS,Female-only (including Supernumerary),1,131862
Institute_15,Civil,EWS,Female-only (including Supernumerary),2,131800
Institute_15,Civil,EWS,Female-only (including Supernumerary),3,131738
Institute_15,Civil,EWS,Female-only (including Supernumerary),4,131676
Institute_15,Civil,EWS,Female-only (including Supernumerary),5,131614
Institute_15,Civil,EWS,Female-only (including Supernumerary),6,131552
Institute_15,Civil,OBC-NCL,Gender-Neutral,1,158113
Institute_15,Civil,OBC-NCL,Gender-Neutral,2,158051
Institute_15,Civil,OBC-NCL,Gender-Neutral,3,157989
Institute_15,Civil,OBC-NCL,Gender-Neutral,4,157927
Institute_15,Civil,OBC-NCL,Gender-Neutral,5,157866
Institute_15,Civil,OBC-NCL,Gender-Neutral,6,157804
Institute_15,Civil,OBC-NCL,Female-only (including Supernumerary),1,157815
Institute_15,Civil,OBC-NCL,Female-only (including Supernumerary),2,157753
Institute_15,Civil,OBC-NCL,Female-only (including Supernumerary),3,157691
Institute_15,Civil,OBC-NCL,Female-only (including Supernumerary),4,157630
Institute_15,Civil,OBC-NCL,Female-only (including Supernumerary),5,157568
Institute_15,Civil,OBC-NCL,Female-only (including Supernumerary),6,157506
Institute_15,Civil,SC,Gender-Neutral,1,210020
Institute_15,Civil,SC,Gender-Neutral,2,209958
Institute_15,Civil,SC,Gender-Neutral,3,209896
Institute_15,Civil,SC,Gender-Neutral,4,209835
Institute_15,Civil,SC,Gender-Neutral,5,209773
Institute_15,Civil,SC,Gender-Neutral,6,209711
Institute_15,Civil,SC,Female-only (including Supernumerary),1,209722
Institute_15,Civil,SC,Female-only (including Supernumerary),2,209660
Institute_15,Civil,SC,Female-only (including Supernumerary),3,209599
Institute_15,Civil,SC,Female-only (including Supernumerary),4,209537
Institute_15,Civil,SC,Female-only (including Supernumerary),5,209475
Institute_15,Civil,SC,Female-only (including Supernumerary),6,209413
Institute_15,Civil,ST,Gender-Neutral,1,235974
Institute_15,Civil,ST,Gender-Neutral,2,235912
Institute_15,Civil,ST,Gender-Neutral,3,235850
Institute_15,Civil,ST,Gender-Neutral,4,235788
Institute_15,Civil,ST,Gender-Neutral,5,235726
Institute_15,Civil,ST,Gender-Neutral,6,235665
Institute_15,Civil,ST,Female-only (including Supernumerary),1,235676
Institute_15,Civil,ST,Female-only (including Supernumerary),2,235614
Institute_15,Civil,ST,Female-only (including Supernumerary),3,235552
Institute_15,Civil,ST,Female-only (including Supernumerary),4,235490
Institute_15,Civil,ST,Female-only (including Supernumerary),5,235429
Institute_15,Civil,ST,Female-only (including Supernumerary),6,235367
Institute_16,Computer Science,OPEN,Gender-Neutral,1,185497
Institute_16,Computer Science,OPEN,Gender-Neutral,2,185435
Institute_16,Computer Science,OPEN,Gender-Neutral,3,185373
Institute_16,Computer Science,OPEN,Gender-Neutral,4,185312
Institute_16,Computer Science,OPEN,Gender-Neutral,5,185250
Institute_16,Computer Science,OPEN,Gender-Neutral,6,185188
Institute_16,Computer Science,OPEN,Female-only (including Supernumerary),1,185199
Institute_16,Computer Science,OPEN,Female-only (including Supernumerary),2,185137
Institute_16,Computer Science,OPEN,Female-only (including Supernumerary),3,185076
Institute_16,Computer Science,OPEN,Female-only (including Supernumerary),4,185014
Institute_16,Computer Science,OPEN,Female-only (including Supernumerary),5,184952
Institute_16,Computer Science,OPEN,Female-only (including Supernumerary),6,184890
Institute_16,Computer Science,EWS,Gender-Neutral,1,133590
Institute_16,Computer Science,EWS,Gender-Neutral,2,133528
Institute_16,Computer Science,EWS,Gender-Neutral,3,133466
Institute_16,Computer Science,EWS,Gender-Neutral,4,133404
Institute_16,Computer Science,EWS,Gender-Neutral,5,133343
Institute_16,Computer Science,EWS,Gender-Neutral,6,133281
Institute_16,Computer Science,EWS,Female-only (including Supernumerary),1,133292
Institute_16,Computer Science,EWS,Female-only (including Supernumerary),2,133230
Institute_16,Computer Science,EWS,Female-only (including Supernumerary),3,133168
Institute_16,Computer Science,EWS,Female-only (including Supernumerary),4,133107
Institute_16,Computer Science,EWS,Female-only (including Supernumerary),5,133045
Institute_16,Computer Science,EWS,Female-only (including Supernumerary),6,132983
Institute_16,Computer Science,OBC-NCL,Gender-Neutral,1,159543
Institute_16,Computer Science,OBC-NCL,Gender-Neutral,2,159482
Institute_16,Computer Science,OBC-NCL,Gender-Neutral,3,159420
Institute_16,Computer Science,OBC-NCL,Gender-Neutral,4,159358
Institute_16,Computer Science,OBC-NCL,Gender-Neutral,5,159296
Institute_16,Computer Science,OBC-NCL,Gender-Neutral,6,159234
Institute_16,Computer Science,OBC-NCL,Female-only (including Supernumerary),1,159246
Institute_16,Computer Science,OBC-NCL,Female-only (including Supernumerary),2,159184
Institute_16,Computer Science,OBC-NCL,Female-only (including Supernumerary),3,159122
Institute_16,Computer Science,OBC-NCL,Female-only (including Supernumerary),4,159060
Institute_16,Computer Science,OBC-NCL,Female-only (including Supernumerary),5,158998
Institute_16,Computer Science,OBC-NCL,Female-only (including Supernumerary),6,158936
Institute_16,Computer Science,SC,Gender-Neutral,1,211451
Institute_16,Computer Science,SC,Gender-Neutral,2,211389
Institute_16,Computer Science,SC,Gender-Neutral,3,211327
Institute_16,Computer Science,SC,Gender-Neutral,4,211265
Institute_16,Computer Science,SC,Gender-Neutral,5,211203
Institute_16,Computer Science,SC,Gender-Neutral,6,211141
Institute_16,Computer Science,SC,Female-only (including Supernumerary),1,211153
Institute_16,Computer Science,SC,Female-only (including Supernumerary),2,211091
Institute_16,Computer Science,SC,Female-only (including Supernumerary),3,211029
Institute_16,Computer Science,SC,Female-only (including Supernumerary),4,210967
Institute_16,Computer Science,SC,Female-only (including Supernumerary),5,210906
Institute_16,Computer Science,SC,Female-only (including Supernumerary),6,210844
Institute_16,Computer Science,ST,Gender-Neutral,1,237404
Institute_16,Computer Science,ST,Gender-Neutral,2,237342
Institute_16,Computer Science,ST,Gender-Neutral,3,237281
Institute_16,Computer Science,ST,Gender-Neutral,4,237219
Institute_16,Computer Science,ST,Gender-Neutral,5,237157
Institute_16,Computer Science,ST,Gender-Neutral,6,237095
Institute_16,Computer Science,ST,Female-only (including Supernumerary),1,237106
Institute_16,Computer Science,ST,Female-only (including Supernumerary),2,237045
Institute_16,Computer Science,ST,Female-only (including Supernumerary),3,236983
Institute_16,Computer Science,ST,Female-only (including Supernumerary),4,236921
Institute_16,Computer Science,ST,Female-only (including Supernumerary),5,236859
Institute_16,Computer Science,ST,Female-only (including Supernumerary),6,236797
Institute_16,Electronics,OPEN,Gender-Neutral,1,178560
Institute_16,Electronics,OPEN,Gender-Neutral,2,178498
Institute_16,Electronics,OPEN,Gender-Neutral,3,178436
Institute_16,Electronics,OPEN,Gender-Neutral,4,178374
Institute_16,Electronics,OPEN,Gender-Neutral,5,178312
Institute_16,Electronics,OPEN,Gender-Neutral,6,178250
Institute_16,Electronics,OPEN,Female-only (including Supernumerary),1,178262
Institute_16,Electronics,OPEN,Female-only (including Supernumerary),2,178200
Institute_16,Electronics,OPEN,Female-only (including Supernumerary),3,178138
Institute_16,Electronics,OPEN,Female-only (including Supernumerary),4,178076
Institute_16,Electronics,OPEN,Female-only (including Supernumerary),5,178014
Institute_16,Electronics,OPEN,Female-only (including Supernumerary),6,177953
Institute_16,Electronics,EWS,Gender-Neutral,1,126652
Institute_16,Electronics,EWS,Gender-Neutral,2,126591
Institute_16,Electronics,EWS,Gender-Neutral,3,126529
Institute_16,Electronics,EWS,Gender-Neutral,4,126467
Institute_16,Electronics,EWS,Gender-Neutral,5,126405
Institute_16,Electronics,EWS,Gender-Neutral,6,126343
Institute_16,Electronics,EWS,Female-only (including Supernumerary),1,126355
Institute_16,Electronics,EWS,Female-only (including Supernumerary),2,126293
Institute_16,Electronics,EWS,Female-only (including Supernumerary),3,126231
Institute_16,Electronics,EWS,Female-only (including Supernumerary),4,126169
Institute_16,Electronics,EWS,Female-only (including Supernumerary),5,126107
Institute_16,Electronics,EWS,Female-only (including Supernumerary),6,126045
Institute_16,Electronics,OBC-NCL,Gender-Neutral,1,152606
Institute_16,Electronics,OBC-NCL,Gender-Neutral,2,152544
Institute_16,Electronics,OBC-NCL,Gender-Neutral,3,152482
Institute_16,Electronics,OBC-NCL,Gender-Neutral,4,152420
Institute_16,Electronics,OBC-NCL,Gender-Neutral,5,152359
Institute_16,Electronics,OBC-NCL,Gender-Neutral,6,152297
Institute_16,Electronics,OBC-NCL,Female-only (including Supernumerary),1,152308
Institute_16,Electronics,OBC-NCL,Female-only (including Supernumerary),2,152246
Institute_16,Electronics,OBC-NCL,Female-only (including Supernumerary),3,152185
Institute_16,Electronics,OBC-NCL,Female-only (including Supernumerary),4,152123
Institute_16,Electronics,OBC-NCL,Female-only (including Supernumerary),5,152061
Institute_16,Electronics,OBC-NCL,Female-only (including Supernumerary),6,151999
Institute_16,Electronics,SC,Gender-Neutral,1,204513
Institute_16,Electronics,SC,Gender-Neutral,2,204451
Institute_16,Electronics,SC,Gender-Neutral,3,204389
Institute_16,Electronics,SC,Gender-Neutral,4,204328
Institute_16,Electronics,SC,Gender-Neutral,5,204266
Institute_16,Electronics,SC,Gender-Neutral,6,204204
Institute_16,Electronics,SC,Female-only (including Supernumerary),1,204215
Institute_16,Electronics,SC,Female-only (including Supernumerary),2,204154
Institute_16,Electronics,SC,Female-only (including Supernumerary),3,204092
Institute_16,Electronics,SC,Female-only (including Supernumerary),4,204030
Institute_16,Electronics,SC,Female-only (including Supernumerary),5,203968
Institute_16,Electronics,SC,Female-only (including Supernumerary),6,203906
Institute_16,Electronics,ST,Gender-Neutral,1,230467
Institute_16,Electronics,ST,Gender-Neutral,2,230405
Institute_16,Electronics,ST,Gender-Neutral,3,230343
Institute_16,Electronics,ST,Gender-Neutral,4,230281
Institute_16,Electronics,ST,Gender-Neutral,5,230219
Institute_16,Electronics,ST,Gender-Neutral,6,230158
Institute_16,Electronics,ST,Female-only (including Supernumerary),1,230169
Institute_16,Electronics,ST,Female-only (including Supernumerary),2,230107
Institute_16,Electronics,ST,Female-only (including Supernumerary),3,230045
Institute_16,Electronics,ST,Female-only (including Supernumerary),4,229983
Institute_16,Electronics,ST,Female-only (including Supernumerary),5,229922
Institute_16,Electronics,ST,Female-only (including Supernumerary),6,229860
Institute_16,Chemical,OPEN,Gender-Neutral,1,192435
Institute_16,Chemical,OPEN,Gender-Neutral,2,192373
Institute_16,Chemical,OPEN,Gender-Neutral,3,192311
Institute_16,Chemical,OPEN,Gender-Neutral,4,192249
Institute_16,Chemical,OPEN,Gender-Neutral,5,192187
Institute_16,Chemical,OPEN,Gender-Neutral,6,192125
Institute_16,Chemical,OPEN,Female-only (including Supernumerary),1,192137
Institute_16,Chemical,OPEN,Female-only (including Supernumerary),2,192075
Institute_16,Chemical,OPEN,Female-only (including Supernumerary),3,192013
Institute_16,Chemical,OPEN,Female-only (including Supernumerary),4,191951
Institute_16,Chemical,OPEN,Female-only (including Supernumerary),5,191889
Institute_16,Chemical,OPEN,Female-only (including Supernumerary),6,191828
Institute_16,Chemical,EWS,Gender-Neutral,1,140527
Institute_16,Chemical,EWS,Gender-Neutral,2,140466
Institute_16,Chemical,EWS,Gender-Neutral,3,140404
Institute_16,Chemical,EWS,Gender-Neutral,4,140342
Institute_16,Chemical,EWS,Gender-Neutral,5,140280
Institute_16,Chemical,EWS,Gender-Neutral,6,140218
Institute_16,Chemical,EWS,Female-only (including Supernumerary),1,140230
Institute_16,Chemical,EWS,Female-only (including Supernumerary),2,140168
Institute_16,Chemical,EWS,Female-only (including Supernumerary),3,140106
Institute_16,Chemical,EWS,Female-only (including Supernumerary),4,140044
Institute_16,Chemical,EWS,Female-only (including Supernumerary),5,139982
Institute_16,Chemical,EWS,Female-only (including Supernumerary),6,139920
Institute_16,Chemical,OBC-NCL,Gender-Neutral,1,166481
Institute_16,Chemical,OBC-NCL,Gender-Neutral,2,166419
Institute_16,Chemical,OBC-NCL,Gender-Neutral,3,166357
Institute_16,Chemical,OBC-NCL,Gender-Neutral,4,166295
Institute_16,Chemical,OBC-NCL,Gender-Neutral,5,166234
Institute_16,Chemical,OBC-NCL,Gender-Neutral,6,166172
Institute_16,Chemical,OBC-NCL,Female-only (including Supernumerary),1,166183
Institute_16,Chemical,OBC-NCL,Female-only (including Supernumerary),2,166121
Institute_16,Chemical,OBC-NCL,Female-only (including Supernumerary),3,166059
Institute_16,Chemical,OBC-NCL,Female-only (including Supernumerary),4,165998
Institute_16,Chemical,OBC-NCL,Female-only (including Supernumerary),5,165936
Institute_16,Chemical,OBC-NCL,Female-only (including Supernumerary),6,165874
Institute_16,Chemical,SC,Gender-Neutral,1,218388
Institute_16,Chemical,SC,Gender-Neutral,2,218326
Institute_16,Chemical,SC,Gender-Neutral,3,218264
Institute_16,Chemical,SC,Gender-Neutral,4,218203
Institute_16,Chemical,SC,Gender-Neutral,5,218141
Institute_16,Chemical,SC,Gender-Neutral,6,218079
Institute_16,Chemical,SC,Female-only (including Supernumerary),1,218090
Institute_16,Chemical,SC,Female-only (including Supernumerary),2,218028
Institute_16,Chemical,SC,Female-only (including Supernumerary),3,217967
Institute_16,Chemical,SC,Female-only (including Supernumerary),4,217905
Institute_16,Chemical,SC,Female-only (including Supernumerary),5,217843
Institute_16,Chemical,SC,Female-only (including Supernumerary),6,217781
Institute_16,Chemical,ST,Gender-Neutral,1,244342
Institute_16,Chemical,ST,Gender-Neutral,2,244280
Institute_16,Chemical,ST,Gender-Neutral,3,244218
Institute_16,Chemical,ST,Gender-Neutral,4,244156
Institute_16,Chemical,ST,Gender-Neutral,5,244094
Institute_16,Chemical,ST,Gender-Neutral,6,244033
Institute_16,Chemical,ST,Female-only (including Supernumerary),1,244044
Institute_16,Chemical,ST,Female-only (including Supernumerary),2,243982
Institute_16,Chemical,ST,Female-only (including Supernumerary),3,243920
Institute_16,Chemical,ST,Female-only (including Supernumerary),4,243858
Institute_16,Chemical,ST,Female-only (including Supernumerary),5,243797
Institute_16,Chemical,ST,Female-only (including Supernumerary),6,243735
Institute_17,Computer Science,OPEN,Gender-Neutral,1,182763
Institute_17,Computer Science,OPEN,Gender-Neutral,2,182702
Institute_17,Computer Science,OPEN,Gender-Neutral,3,182640
Institute_17,Computer Science,OPEN,Gender-Neutral,4,182578
Institute_17,Computer Science,OPEN,Gender-Neutral,5,182516
Institute_17,Computer Science,OPEN,Gender-Neutral,6,182454
Institute_17,Computer Science,OPEN,Female-only (including Supernumerary),1,182466
Institute_17,Computer Science,OPEN,Female-only (including Supernumerary),2,182404
Institute_17,Computer Science,OPEN,Female-only (including Supernumerary),3,182342
Institute_17,Computer Science,OPEN,Female-only (including Supernumerary),4,182280
Institute_17,Computer Science,OPEN,Female-only (including Supernumerary),5,182218
Institute_17,Computer Science,OPEN,Female-only (including Supernumerary),6,182157
Institute_17,Computer Science,EWS,Gender-Neutral,1,130856
Institute_17,Computer Science,EWS,Gender-Neutral,2,130794
Institute_17,Computer Science,EWS,Gender-Neutral,3,130733
Institute_17,Computer Science,EWS,Gender-Neutral,4,130671
Institute_17,Computer Science,EWS,Gender-Neutral,5,130609
Institute_17,Computer Science,EWS,Gender-Neutral,6,130547
Institute_17,Computer Science,EWS,Female-only (including Supernumerary),1,130559
Institute_17,Computer Science,EWS,Female-only (including Supernumerary),2,130497
Institute_17,Computer Science,EWS,Female-only (including Supernumerary),3,130435
Institute_17,Computer Science,EWS,Female-only (including Supernumerary),4,130373
Institute_17,Computer Science,EWS,Female-only (including Supernumerary),5,130311
Institute_17,Computer Science,EWS,Female-only (including Supernumerary),6,130249
Institute_17,Computer Science,OBC-NCL,Gender-Neutral,1,156810
Institute_17,Computer Science,OBC-NCL,Gender-Neutral,2,156748
Institute_17,Computer Science,OBC-NCL,Gender-Neutral,3,156686
Institute_17,Computer Science,OBC-NCL,Gender-Neutral,4,156624
Institute_17,Computer Science,OBC-NCL,Gender-Neutral,5,156563
Institute_17,Computer Science,OBC-NCL,Gender-Neutral,6,156501
Institute_17,Computer Science,OBC-NCL,Female-only (including Supernumerary),1,156512
Institute_17,Computer Science,OBC-NCL,Female-only (including Supernumerary),2,156450
Institute_17,Computer Science,OBC-NCL,Female-only (including Supernumerary),3,156388
Institute_17,Computer Science,OBC-NCL,Female-only (including Supernumerary),4,156327
Institute_17,Computer Science,OBC-NCL,Female-only (including Supernumerary),5,156265
Institute_17,Computer Science,OBC-NCL,Female-only (including Supernumerary),6,156203
Institute_17,Computer Science,SC,Gender-Neutral,1,208717
Institute_17,Computer Science,SC,Gender-Neutral,2,208655
Institute_17,Computer Science,SC,Gender-Neutral,3,208593
Institute_17,Computer Science,SC,Gender-Neutral,4,208532
Institute_17,Computer Science,SC,Gender-Neutral,5,208470
Institute_17,Computer Science,SC,Gender-Neutral,6,208408
Institute_17,Computer Science,SC,Female-only (including Supernumerary),1,208419
Institute_17,Computer Science,SC,Female-only (including Supernumerary),2,208357
Institute_17,Computer Science,SC,Female-only (including Supernumerary),3,208296
Institute_17,Computer Science,SC,Female-only (including Supernumerary),4,208234
Institute_17,Computer Science,SC,Female-only (including Supernumerary),5,208172
Institute_17,Computer Science,SC,Female-only (including Supernumerary),6,208110
Institute_17,Computer Science,ST,Gender-Neutral,1,234671
Institute_17,Computer Science,ST,Gender-Neutral,2,234609
Institute_17,Computer Science,ST,Gender-Neutral,3,234547
Institute_17,Computer Science,ST,Gender-Neutral,4,234485
Institute_17,Computer Science,ST,Gender-Neutral,5,234423
Institute_17,Computer Science,ST,Gender-Neutral,6,234361
Institute_17,Computer Science,ST,Female-only (including Supernumerary),1,234373
Institute_17,Computer Science,ST,Female-only (including Supernumerary),2,234311
Institute_17,Computer Science,ST,Female-only (including Supernumerary),3,234249
Institute_17,Computer Science,ST,Female-only (including Supernumerary),4,234187
Institute_17,Computer Science,ST,Female-only (including Supernumerary),5,234126
Institute_17,Computer Science,ST,Female-only (including Supernumerary),6,234064
Institute_17,Mechanical,OPEN,Gender-Neutral,1,172357
Institute_17,Mechanical,OPEN,Gender-Neutral,2,172295
Institute_17,Mechanical,OPEN,Gender-Neutral,3,172234
Institute_17,Mechanical,OPEN,Gender-Neutral,4,172172
Institute_17,Mechanical,OPEN,Gender-Neutral,5,172110
Institute_17,Mechanical,OPEN,Gender-Neutral,6,172048
Institute_17,Mechanical,OPEN,Female-only (including Supernumerary),1,172059
Institute_17,Mechanical,OPEN,Female-only (including Supernumerary),2,171998
Institute_17,Mechanical,OPEN,Female-only (including Supernumerary),3,171936
Institute_17,Mechanical,OPEN,Female-only (including Supernumerary),4,171874
Institute_17,Mechanical,OPEN,Female-only (including Supernumerary),5,171812
Institute_17,Mechanical,OPEN,Female-only (including Supernumerary),6,171750
Institute_17,Mechanical,EWS,Gender-Neutral,1,120450
Institute_17,Mechanical,EWS,Gender-Neutral,2,120388
Institute_17,Mechanical,EWS,Gender-Neutral,3,120326
Institute_17,Mechanical,EWS,Gender-Neutral,4,120265
Institute_17,Mechanical,EWS,Gender-Neutral,5,120203
Institute_17,Mechanical,EWS,Gender-Neutral,6,120141
Institute_17,Mechanical,EWS,Female-only (including Supernumerary),1,120152
Institute_17,Mechanical,EWS,Female-only (including Supernumerary),2,120090
Institute_17,Mechanical,EWS,Female-only (including Supernumerary),3,120029
Institute_17,Mechanical,EWS,Female-only (including Supernumerary),4,119967
Institute_17,Mechanical,EWS,Female-only (including Supernumerary),5,119905
Institute_17,Mechanical,EWS,Female-only (including Supernumerary),6,119843
Institute_17,Mechanical,OBC-NCL,Gender-Neutral,1,146404
Institute_17,Mechanical,OBC-NCL,Gender-Neutral,2,146342
Institute_17,Mechanical,OBC-NCL,Gender-Neutral,3,146280
Institute_17,Mechanical,OBC-NCL,Gender-Neutral,4,146218
Institute_17,Mechanical,OBC-NCL,Gender-Neutral,5,146156
Institute_17,Mechanical,OBC-NCL,Gender-Neutral,6,146094
Institute_17,Mechanical,OBC-NCL,Female-only (including Supernumerary),1,146106
Institute_17,Mechanical,OBC-NCL,Female-only (including Supernumerary),2,146044
Institute_17,Mechanical,OBC-NCL,Female-only (including Supernumerary),3,145982
Institute_17,Mechanical,OBC-NCL,Female-only (including Supernumerary),4,145920
Institute_17,Mechanical,OBC-NCL,Female-only (including Supernumerary),5,145859
Institute_17,Mechanical,OBC-NCL,Female-only (including Supernumerary),6,145797
Institute_17,Mechanical,SC,Gender-Neutral,1,198311
Institute_17,Mechanical,SC,Gender-Neutral,2,198249
Institute_17,Mechanical,SC,Gender-Neutral,3,198187
Institute_17,Mechanical,SC,Gender-Neutral,4,198125
Institute_17,Mechanical,SC,Gender-Neutral,5,198063
Institute_17,Mechanical,SC,Gender-Neutral,6,198002
Institute_17,Mechanical,SC,Female-only (including Supernumerary),1,198013
Institute_17,Mechanical,SC,Female-only (including Supernumerary),2,197951
Institute_17,Mechanical,SC,Female-only (including Supernumerary),3,197889
Institute_17,Mechanical,SC,Female-only (including Supernumerary),4,197828
Institute_17,Mechanical,SC,Female-only (including Supernumerary),5,197766
Institute_17,Mechanical,SC,Female-only (including Supernumerary),6,197704
Institute_17,Mechanical,ST,Gender-Neutral,1,224264
Institute_17,Mechanical,ST,Gender-Neutral,2,224203
Institute_17,Mechanical,ST,Gender-Neutral,3,224141
Institute_17,Mechanical,ST,Gender-Neutral,4,224079
Institute_17,Mechanical,ST,Gender-Neutral,5,224017
Institute_17,Mechanical,ST,Gender-Neutral,6,223955
Institute_17,Mechanical,ST,Female-only (including Supernumerary),1,223967
Institute_17,Mechanical,ST,Female-only (including Supernumerary),2,223905
Institute_17,Mechanical,ST,Female-only (including Supernumerary),3,223843
Institute_17,Mechanical,ST,Female-only (including Supernumerary),4,223781
Institute_17,Mechanical,ST,Female-only (including Supernumerary),5,223719
Institute_17,Mechanical,ST,Female-only (including Supernumerary),6,223657
Institute_18,Civil,OPEN,Gender-Neutral,1,191131
Institute_18,Civil,OPEN,Gender-Neutral,2,191070
Institute_18,Civil,OPEN,Gender-Neutral,3,191008
Institute_18,Civil,OPEN,Gender-Neutral,4,190946
Institute_18,Civil,OPEN,Gender-Neutral,5,190884
Institute_18,Civil,OPEN,Gender-Neutral,6,190822
Institute_18,Civil,OPEN,Female-only (including Supernumerary),1,190834
Institute_18,Civil,OPEN,Female-only (including Supernumerary),2,190772
Institute_18,Civil,OPEN,Female-only (including Supernumerary),3,190710
Institute_18,Civil,OPEN,Female-only (including Supernumerary),4,190648
Institute_18,Civil,OPEN,Female-only (including Supernumerary),5,190586
Institute_18,Civil,OPEN,Female-only (including Supernumerary),6,190525
Institute_18,Civil,EWS,Gender-Neutral,1,139224
Institute_18,Civil,EWS,Gender-Neutral,2,139162
Institute_18,Civil,EWS,Gender-Neutral,3,139101
Institute_18,Civil,EWS,Gender-Neutral,4,139039
Institute_18,Civil,EWS,Gender-Neutral,5,138977
Institute_18,Civil,EWS,Gender-Neutral,6,138915
Institute_18,Civil,EWS,Female-only (including Supernumerary),1,138927
Institute_18,Civil,EWS,Female-only (including Supernumerary),2,138865
Institute_18,Civil,EWS,Female-only (including Supernumerary),3,138803
Institute_18,Civil,EWS,Female-only (including Supernumerary),4,138741
Institute_18,Civil,EWS,Female-only (including Supernumerary),5,138679
Institute_18,Civil,EWS,Female-only (including Supernumerary),6,138617
Institute_18,Civil,OBC-NCL,Gender-Neutral,1,165178
Institute_18,Civil,OBC-NCL,Gender-Neutral,2,165116
Institute_18,Civil,OBC-NCL,Gender-Neutral,3,165054
Institute_18,Civil,OBC-NCL,Gender-Neutral,4,164992
Institute_18,Civil,OBC-NCL,Gender-Neutral,5,164931
Institute_18,Civil,OBC-NCL,Gender-Neutral,6,164869
Institute_18,Civil,OBC-NCL,Female-only (including Supernumerary),1,164880
Institute_18,Civil,OBC-NCL,Female-only (including Supernumerary),2,164818
Institute_18,Civil,OBC-NCL,Female-only (including Supernumerary),3,164756
Institute_18,Civil,OBC-NCL,Female-only (including Supernumerary),4,164695
Institute_18,Civil,OBC-NCL,Female-only (including Supernumerary),5,164633
Institute_18,Civil,OBC-NCL,Female-only (including Supernumerary),6,164571
Institute_18,Civil,SC,Gender-Neutral,1,217085
Institute_18,Civil,SC,Gender-Neutral,2,217023
Institute_18,Civil,SC,Gender-Neutral,3,216961
Institute_18,Civil,SC,Gender-Neutral,4,216900
Institute_18,Civil,SC,Gender-Neutral,5,216838
Institute_18,Civil,SC,Gender-Neutral,6,216776
Institute_18,Civil,SC,Female-only (including Supernumerary),1,216787
Institute_18,Civil,SC,Female-only (including Supernumerary),2,216725
Institute_18,Civil,SC,Female-only (including Supernumerary),3,216664
Institute_18,Civil,SC,Female-only (including Supernumerary),4,216602
Institute_18,Civil,SC,Female-only (including Supernumerary),5,216540
Institute_18,Civil,SC,Female-only (including Supernumerary),6,216478
Institute_18,Civil,ST,Gender-Neutral,1,243039
Institute_18,Civil,ST,Gender-Neutral,2,242977
Institute_18,Civil,ST,Gender-Neutral,3,242915
Institute_18,Civil,ST,Gender-Neutral,4,242853
Institute_18,Civil,ST,Gender-Neutral,5,242791
Institute_18,Civil,ST,Gender-Neutral,6,242729
Institute_18,Civil,ST,Female-only (including Supernumerary),1,242741
Institute_18,Civil,ST,Female-only (including Supernumerary),2,242679
Institute_18,Civil,ST,Female-only (including Supernumerary),3,242617
Institute_18,Civil,ST,Female-only (including Supernumerary),4,242555
Institute_18,Civil,ST,Female-only (including Supernumerary),5,242494
Institute_18,Civil,ST,Female-only (including Supernumerary),6,242432
Institute_18,Chemical,OPEN,Gender-Neutral,1,194600
Institute_18,Chemical,OPEN,Gender-Neutral,2,194538
Institute_18,Chemical,OPEN,Gender-Neutral,3,194477
Institute_18,Chemical,OPEN,Gender-Neutral,4,194415
Institute_18,Chemical,OPEN,Gender-Neutral,5,194353
Institute_18,Chemical,OPEN,Gender-Neutral,6,194291
Institute_18,Chemical,OPEN,Female-only (including Supernumerary),1,194302
Institute_18,Chemical,OPEN,Female-only (including Supernumerary),2,194241
Institute_18,Chemical,OPEN,Female-only (including Supernumerary),3,194179
Institute_18,Chemical,OPEN,Female-only (including Supernumerary),4,194117
Institute_18,Chemical,OPEN,Female-only (including Supernumerary),5,194055
Institute_18,Chemical,OPEN,Female-only (including Supernumerary),6,193993
Institute_18,Chemical,EWS,Gender-Neutral,1,142693
Institute_18,Chemical,EWS,Gender-Neutral,2,142631
Institute_18,Chemical,EWS,Gender-Neutral,3,142569
Institute_18,Chemical,EWS,Gender-Neutral,4,142508
Institute_18,Chemical,EWS,Gender-Neutral,5,142446
Institute_18,Chemical,EWS,Gender-Neutral,6,142384
Institute_18,Chemical,EWS,Female-only (including Supernumerary),1,142395
Institute_18,Chemical,EWS,Female-only (including Supernumerary),2,142333
Institute_18,Chemical,EWS,Female-only (including Supernumerary),3,142272
Institute_18,Chemical,EWS,Female-only (including Supernumerary),4,142210
Institute_18,Chemical,EWS,Female-only (including Supernumerary),5,142148
Institute_18,Chemical,EWS,Female-only (including Supernumerary),6,142086
Institute_18,Chemical,OBC-NCL,Gender-Neutral,1,168647
Institute_18,Chemical,OBC-NCL,Gender-Neutral,2,168585
Institute_18,Chemical,OBC-NCL,Gender-Neutral,3,168523
Institute_18,Chemical,OBC-NCL,Gender-Neutral,4,168461
Institute_18,Chemical,OBC-NCL,Gender-Neutral,5,168399
Institute_18,Chemical,OBC-NCL,Gender-Neutral,6,168337
Institute_18,Chemical,OBC-NCL,Female-only (including Supernumerary),1,168349
Institute_18,Chemical,OBC-NCL,Female-only (including Supernumerary),2,168287
Institute_18,Chemical,OBC-NCL,Female-only (including Supernumerary),3,168225
Institute_18,Chemical,OBC-NCL,Female-only (including Supernumerary),4,168163
Institute_18,Chemical,OBC-NCL,Female-only (including Supernumerary),5,168102
Institute_18,Chemical,OBC-NCL,Female-only (including Supernumerary),6,168040
Institute_18,Chemical,SC,Gender-Neutral,1,220554
Institute_18,Chemical,SC,Gender-Neutral,2,220492
Institute_18,Chemical,SC,Gender-Neutral,3,220430
Institute_18,Chemical,SC,Gender-Neutral,4,220368
Institute_18,Chemical,SC,Gender-Neutral,5,220306
Institute_18,Chemical,SC,Gender-Neutral,6,220245
Institute_18,Chemical,SC,Female-only (including Supernumerary),1,220256
Institute_18,Chemical,SC,Female-only (including Supernumerary),2,220194
Institute_18,Chemical,SC,Female-only (including Supernumerary),3,220132
Institute_18,Chemical,SC,Female-only (including Supernumerary),4,220071
Institute_18,Chemical,SC,Female-only (including Supernumerary),5,220009
Institute_18,Chemical,SC,Female-only (including Supernumerary),6,219947
Institute_18,Chemical,ST,Gender-Neutral,1,246507
Institute_18,Chemical,ST,Gender-Neutral,2,246446
Institute_18,Chemical,ST,Gender-Neutral,3,246384
Institute_18,Chemical,ST,Gender-Neutral,4,246322
Institute_18,Chemical,ST,Gender-Neutral,5,246260
Institute_18,Chemical,ST,Gender-Neutral,6,246198
Institute_18,Chemical,ST,Female-only (including Supernumerary),1,246210
Institute_18,Chemical,ST,Female-only (including Supernumerary),2,246148
Institute_18,Chemical,ST,Female-only (including Supernumerary),3,246086
Institute_18,Chemical,ST,Female-only (including Supernumerary),4,246024
Institute_18,Chemical,ST,Female-only (including Supernumerary),5,245962
Institute_18,Chemical,ST,Female-only (including Supernumerary),6,245900
Institute_19,Electronics,OPEN,Gender-Neutral,1,170359
Institute_19,Electronics,OPEN,Gender-Neutral,2,170297
Institute_19,Electronics,OPEN,Gender-Neutral,3,170235
Institute_19,Electronics,OPEN,Gender-Neutral,4,170173
Institute_19,Electronics,OPEN,Gender-Neutral,5,170112
Institute_19,Electronics,OPEN,Gender-Neutral,6,170050
Institute_19,Electronics,OPEN,Female-only (including Supernumerary),1,170061
Institute_19,Electronics,OPEN,Female-only (including Supernumerary),2,169999
Institute_19,Electronics,OPEN,Female-only (including Supernumerary),3,169937
Institute_19,Electronics,OPEN,Female-only (including Supernumerary),4,169876
Institute_19,Electronics,OPEN,Female-only (including Supernumerary),5,169814
Institute_19,Electronics,OPEN,Female-only (including Supernumerary),6,169752
Institute_19,Electronics,EWS,Gender-Neutral,1,118452
Institute_19,Electronics,EWS,Gender-Neutral,2,118390
Institute_19,Electronics,EWS,Gender-Neutral,3,118328
Institute_19,Electronics,EWS,Gender-Neutral,4,118266
Institute_19,Electronics,EWS,Gender-Neutral,5,118204
Institute_19,Electronics,EWS,Gender-Neutral,6,118143
Institute_19,Electronics,EWS,Female-only (including Supernumerary),1,118154
Institute_19,Electronics,EWS,Female-only (including Supernumerary),2,118092
Institute_19,Electronics,EWS,Female-only (including Supernumerary),3,118030
Institute_19,Electronics,EWS,Female-only (including Supernumerary),4,117968
Institute_19,Electronics,EWS,Female-only (including Supernumerary),5,117907
Institute_19,Electronics,EWS,Female-only (including Supernumerary),6,117845
Institute_19,Electronics,OBC-NCL,Gender-Neutral,1,144405
Institute_19,Electronics,OBC-NCL,Gender-Neutral,2,144343
Institute_19,Electronics,OBC-NCL,Gender-Neutral,3,144282
Institute_19,Electronics,OBC-NCL,Gender-Neutral,4,144220
Institute_19,Electronics,OBC-NCL,Gender-Neutral,5,144158
Institute_19,Electronics,OBC-NCL,Gender-Neutral,6,144096
Institute_19,Electronics,OBC-NCL,Female-only (including Supernumerary),1,144108
Institute_19,Electronics,OBC-NCL,Female-only (including Supernumerary),2,144046
Institute_19,Electronics,OBC-NCL,Female-only (including Supernumerary),3,143984
Institute_19,Electronics,OBC-NCL,Female-only (including Supernumerary),4,143922
Institute_19,Electronics,OBC-NCL,Female-only (including Supernumerary),5,143860
Institute_19,Electronics,OBC-NCL,Female-only (including Supernumerary),6,143798
Institute_19,Electronics,SC,Gender-Neutral,1,196312
Institute_19,Electronics,SC,Gender-Neutral,2,196251
Institute_19,Electronics,SC,Gender-Neutral,3,196189
Institute_19,Electronics,SC,Gender-Neutral,4,196127
Institute_19,Electronics,SC,Gender-Neutral,5,196065
Institute_19,Electronics,SC,Gender-Neutral,6,196003
Institute_19,Electronics,SC,Female-only (including Supernumerary),1,196015
Institute_19,Electronics,SC,Female-only (including Supernumerary),2,195953
Institute_19,Electronics,SC,Female-only (including Supernumerary),3,195891
Institute_19,Electronics,SC,Female-only (including Supernumerary),4,195829
Institute_19,Electronics,SC,Female-only (including Supernumerary),5,195767
Institute_19,Electronics,SC,Female-only (including Supernumerary),6,195706
Institute_19,Electronics,ST,Gender-Neutral,1,222266
Institute_19,Electronics,ST,Gender-Neutral,2,222204
Institute_19,Electronics,ST,Gender-Neutral,3,222142
Institute_19,Electronics,ST,Gender-Neutral,4,222081
Institute_19,Electronics,ST,Gender-Neutral,5,222019
Institute_19,Electronics,ST,Gender-Neutral,6,221957
Institute_19,Electronics,ST,Female-only (including Supernumerary),1,221968
Institute_19,Electronics,ST,Female-only (including Supernumerary),2,221906
Institute_19,Electronics,ST,Female-only (including Supernumerary),3,221845
Institute_19,Electronics,ST,Female-only (including Supernumerary),4,221783
Institute_19,Electronics,ST,Female-only (including Supernumerary),5,221721
Institute_19,Electronics,ST,Female-only (including Supernumerary),6,221659
Institute_19,Mechanical,OPEN,Gender-Neutral,1,166890
Institute_19,Mechanical,OPEN,Gender-Neutral,2,166828
Institute_19,Mechanical,OPEN,Gender-Neutral,3,166766
Institute_19,Mechanical,OPEN,Gender-Neutral,4,166705
Institute_19,Mechanical,OPEN,Gender-Neutral,5,166643
Institute_19,Mechanical,OPEN,Gender-Neutral,6,166581
Institute_19,Mechanical,OPEN,Female-only (including Supernumerary),1,166592
Institute_19,Mechanical,OPEN,Female-only (including Supernumerary),2,166531
Institute_19,Mechanical,OPEN,Female-only (including Supernumerary),3,166469
Institute_19,Mechanical,OPEN,Female-only (including Supernumerary),4,166407
Institute_19,Mechanical,OPEN,Female-only (including Supernumerary),5,166345
Institute_19,Mechanical,OPEN,Female-only (including Supernumerary),6,166283
Institute_19,Mechanical,EWS,Gender-Neutral,1,114983
Institute_19,Mechanical,EWS,Gender-Neutral,2,114921
Institute_19,Mechanical,EWS,Gender-Neutral,3,114859
Institute_19,Mechanical,EWS,Gender-Neutral,4,114797
Institute_19,Mechanical,EWS,Gender-Neutral,5,114736
Institute_19,Mechanical,EWS,Gender-Neutral,6,114674
Institute_19,Mechanical,EWS,Female-only (including Supernumerary),1,114685
Institute_19,Mechanical,EWS,Female-only (including Supernumerary),2,114623
Institute_19,Mechanical,EWS,Female-only (including Supernumerary),3,114562
Institute_19,Mechanical,EWS,Female-only (including Supernumerary),4,114500
Institute_19,Mechanical,EWS,Female-only (including Supernumerary),5,114438
Institute_19,Mechanical,EWS,Female-only (including Supernumerary),6,114376
Institute_19,Mechanical,OBC-NCL,Gender-Neutral,1,140937
Institute_19,Mechanical,OBC-NCL,Gender-Neutral,2,140875
Institute_19,Mechanical,OBC-NCL,Gender-Neutral,3,140813
Institute_19,Mechanical,OBC-NCL,Gender-Neutral,4,140751
Institute_19,Mechanical,OBC-NCL,Gender-Neutral,5,140689
Institute_19,Mechanical,OBC-NCL,Gender-Neutral,6,140627
Institute_19,Mechanical,OBC-NCL,Female-only (including Supernumerary),1,140639
Institute_19,Mechanical,OBC-NCL,Female-only (including Supernumerary),2,140577
Institute_19,Mechanical,OBC-NCL,Female-only (including Supernumerary),3,140515
Institute_19,Mechanical,OBC-NCL,Female-only (including Supernumerary),4,140453
Institute_19,Mechanical,OBC-NCL,Female-only (including Supernumerary),5,140391
Institute_19,Mechanical,OBC-NCL,Female-only (including Supernumerary),6,140330
Institute_19,Mechanical,SC,Gender-Neutral,1,192844
Institute_19,Mechanical,SC,Gender-Neutral,2,192782
Institute_19,Mechanical,SC,Gender-Neutral,3,192720
Institute_19,Mechanical,SC,Gender-Neutral,4,192658
Institute_19,Mechanical,SC,Gender-Neutral,5,192596
Institute_19,Mechanical,SC,Gender-Neutral,6,192535
Institute_19,Mechanical,SC,Female-only (including Supernumerary),1,192546
Institute_19,Mechanical,SC,Female-only (including Supernumerary),2,192484
Institute_19,Mechanical,SC,Female-only (including Supernumerary),3,192422
Institute_19,Mechanical,SC,Female-only (including Supernumerary),4,192360
Institute_19,Mechanical,SC,Female-only (including Supernumerary),5,192299
Institute_19,Mechanical,SC,Female-only (including Supernumerary),6,192237
Institute_19,Mechanical,ST,Gender-Neutral,1,218797
Institute_19,Mechanical,ST,Gender-Neutral,2,218736
Institute_19,Mechanical,ST,Gender-Neutral,3,218674
Institute_19,Mechanical,ST,Gender-Neutral,4,218612
Institute_19,Mechanical,ST,Gender-Neutral,5,218550
Institute_19,Mechanical,ST,Gender-Neutral,6,218488
Institute_19,Mechanical,ST,Female-only (including Supernumerary),1,218500
Institute_19,Mechanical,ST,Female-only (including Supernumerary),2,218438
Institute_19,Mechanical,ST,Female-only (including Supernumerary),3,218376
Institute_19,Mechanical,ST,Female-only (including Supernumerary),4,218314
Institute_19,Mechanical,ST,Female-only (including Supernumerary),5,218252
Institute_19,Mechanical,ST,Female-only (including Supernumerary),6,218190
Institute_19,Computer Science,OPEN,Gender-Neutral,1,177296
Institute_19,Computer Science,OPEN,Gender-Neutral,2,177235
Institute_19,Computer Science,OPEN,Gender-Neutral,3,177173
Institute_19,Computer Science,OPEN,Gender-Neutral,4,177111
Institute_19,Computer Science,OPEN,Gender-Neutral,5,177049
Institute_19,Computer Science,OPEN,Gender-Neutral,6,176987
Institute_19,Computer Science,OPEN,Female-only (including Supernumerary),1,176999
Institute_19,Computer Science,OPEN,Female-only (including Supernumerary),2,176937
Institute_19,Computer Science,OPEN,Female-only (including Supernumerary),3,176875
Institute_19,Computer Science,OPEN,Female-only (including Supernumerary),4,176813
Institute_19,Computer Science,OPEN,Female-only (including Supernumerary),5,176751
Institute_19,Computer Science,OPEN,Female-only (including Supernumerary),6,176689
Institute_19,Computer Science,EWS,Gender-Neutral,1,125389
Institute_19,Computer Science,EWS,Gender-Neutral,2,125327
Institute_19,Computer Science,EWS,Gender-Neutral,3,125266
Institute_19,Computer Science,EWS,Gender-Neutral,4,125204
Institute_19,Computer Science,EWS,Gender-Neutral,5,125142
Institute_19,Computer Science,EWS,Gender-Neutral,6,125080
Institute_19,Computer Science,EWS,Female-only (including Supernumerary),1,125091
Institute_19,Computer Science,EWS,Female-only (including Supernumerary),2,125030
Institute_19,Computer Science,EWS,Female-only (including Supernumerary),3,124968
Institute_19,Computer Science,EWS,Female-only (including Supernumerary),4,124906
Institute_19,Computer Science,EWS,Female-only (including Supernumerary),5,124844
Institute_19,Computer Science,EWS,Female-only (including Supernumerary),6,124782
Institute_19,Computer Science,OBC-NCL,Gender-Neutral,1,151343
Institute_19,Computer Science,OBC-NCL,Gender-Neutral,2,151281
Institute_19,Computer Science,OBC-NCL,Gender-Neutral,3,151219
Institute_19,Computer Science,OBC-NCL,Gender-Neutral,4,151157
Institute_19,Computer Science,OBC-NCL,Gender-Neutral,5,151095
Institute_19,Computer Science,OBC-NCL,Gender-Neutral,6,151034
Institute_19,Computer Science,OBC-NCL,Female-only (including Supernumerary),1,151045
Institute_19,Computer Science,OBC-NCL,Female-only (including Supernumerary),2,150983
Institute_19,Computer Science,OBC-NCL,Female-only (including Supernumerary),3,150921
Institute_19,Computer Science,OBC-NCL,Female-only (including Supernumerary),4,150860
Institute_19,Computer Science,OBC-NCL,Female-only (including Supernumerary),5,150798
Institute_19,Computer Science,OBC-NCL,Female-only (including Supernumerary),6,150736
Institute_19,Computer Science,SC,Gender-Neutral,1,203250
Institute_19,Computer Science,SC,Gender-Neutral,2,203188
Institute_19,Computer Science,SC,Gender-Neutral,3,203126
Institute_19,Computer Science,SC,Gender-Neutral,4,203064
Institute_19,Computer Science,SC,Gender-Neutral,5,203003
Institute_19,Computer Science,SC,Gender-Neutral,6,202941
Institute_19,Computer Science,SC,Female-only (including Supernumerary),1,202952
Institute_19,Computer Science,SC,Female-only (including Supernumerary),2,202890
Institute_19,Computer Science,SC,Female-only (including Supernumerary),3,202829
Institute_19,Computer Science,SC,Female-only (including Supernumerary),4,202767
Institute_19,Computer Science,SC,Female-only (including Supernumerary),5,202705
Institute_19,Computer Science,SC,Female-only (including Supernumerary),6,202643
Institute_19,Computer Science,ST,Gender-Neutral,1,229204
Institute_19,Computer Science,ST,Gender-Neutral,2,229142
Institute_19,Computer Science,ST,Gender-Neutral,3,229080
Institute_19,Computer Science,ST,Gender-Neutral,4,229018
Institute_19,Computer Science,ST,Gender-Neutral,5,228956
Institute_19,Computer Science,ST,Gender-Neutral,6,228894
Institute_19,Computer Science,ST,Female-only (including Supernumerary),1,228906
Institute_19,Computer Science,ST,Female-only (including Supernumerary),2,228844
Institute_19,Computer Science,ST,Female-only (including Supernumerary),3,228782
Institute_19,Computer Science,ST,Female-only (including Supernumerary),4,228720
Institute_19,Computer Science,ST,Female-only (including Supernumerary),5,228658
Institute_19,Computer Science,ST,Female-only (including Supernumerary),6,228597
Institute_20,Mechanical,OPEN,Gender-Neutral,1,169056
Institute_20,Mechanical,OPEN,Gender-Neutral,2,168994
Institute_20,Mechanical,OPEN,Gender-Neutral,3,168932
Institute_20,Mechanical,OPEN,Gender-Neutral,4,168870
Institute_20,Mechanical,OPEN,Gender-Neutral,5,168809
Institute_20,Mechanical,OPEN,Gender-Neutral,6,168747
Institute_20,Mechanical,OPEN,Female-only (including Supernumerary),1,168758
Institute_20,Mechanical,OPEN,Female-only (including Supernumerary),2,168696
Institute_20,Mechanical,OPEN,Female-only (including Supernumerary),3,168634
Institute_20,Mechanical,OPEN,Female-only (including Supernumerary),4,168573
Institute_20,Mechanical,OPEN,Female-only (including Supernumerary),5,168511
Institute_20,Mechanical,OPEN,Female-only (including Supernumerary),6,168449
Institute_20,Mechanical,EWS,Gender-Neutral,1,117149
Institute_20,Mechanical,EWS,Gender-Neutral,2,117087
Institute_20,Mechanical,EWS,Gender-Neutral,3,117025
Institute_20,Mechanical,EWS,Gender-Neutral,4,116963
Institute_20,Mechanical,EWS,Gender-Neutral,5,116901
Institute_20,Mechanical,EWS,Gender-Neutral,6,116840
Institute_20,Mechanical,EWS,Female-only (including Supernumerary),1,116851
Institute_20,Mechanical,EWS,Female-only (including Supernumerary),2,116789
Institute_20,Mechanical,EWS,Female-only (including Supernumerary),3,116727
Institute_20,Mechanical,EWS,Female-only (including Supernumerary),4,116665
Institute_20,Mechanical,EWS,Female-only (including Supernumerary),5,116604
Institute_20,Mechanical,EWS,Female-only (including Supernumerary),6,116542
Institute_20,Mechanical,OBC-NCL,Gender-Neutral,1,143102
Institute_20,Mechanical,OBC-NCL,Gender-Neutral,2,143040
Institute_20,Mechanical,OBC-NCL,Gender-Neutral,3,142979
Institute_20,Mechanical,OBC-NCL,Gender-Neutral,4,142917
Institute_20,Mechanical,OBC-NCL,Gender-Neutral,5,142855
Institute_20,Mechanical,OBC-NCL,Gender-Neutral,6,142793
Institute_20,Mechanical,OBC-NCL,Female-only (including Supernumerary),1,142805
Institute_20,Mechanical,OBC-NCL,Female-only (including Supernumerary),2,142743
Institute_20,Mechanical,OBC-NCL,Female-only (including Supernumerary),3,142681
Institute_20,Mechanical,OBC-NCL,Female-only (including Supernumerary),4,142619
Institute_20,Mechanical,OBC-NCL,Female-only (including Supernumerary),5,142557
Institute_20,Mechanical,OBC-NCL,Female-only (including Supernumerary),6,142495
Institute_20,Mechanical,SC,Gender-Neutral,1,195009
Institute_20,Mechanical,SC,Gender-Neutral,2,194948
Institute_20,Mechanical,SC,Gender-Neutral,3,194886
Institute_20,Mechanical,SC,Gender-Neutral,4,194824
Institute_20,Mechanical,SC,Gender-Neutral,5,194762
Institute_20,Mechanical,SC,Gender-Neutral,6,194700
Institute_20,Mechanical,SC,Female-only (including Supernumerary),1,194712
Institute_20,Mechanical,SC,Female-only (including Supernumerary),2,194650
Institute_20,Mechanical,SC,Female-only (including Supernumerary),3,194588
Institute_20,Mechanical,SC,Female-only (including Supernumerary),4,194526
Institute_20,Mechanical,SC,Female-only (including Supernumerary),5,194464
Institute_20,Mechanical,SC,Female-only (including Supernumerary),6,194403
Institute_20,Mechanical,ST,Gender-Neutral,1,220963
Institute_20,Mechanical,ST,Gender-Neutral,2,220901
Institute_20,Mechanical,ST,Gender-Neutral,3,220839
Institute_20,Mechanical,ST,Gender-Neutral,4,220778
Institute_20,Mechanical,ST,Gender-Neutral,5,220716
Institute_20,Mechanical,ST,Gender-Neutral,6,220654
Institute_20,Mechanical,ST,Female-only (including Supernumerary),1,220665
Institute_20,Mechanical,ST,Female-only (including Supernumerary),2,220603
Institute_20,Mechanical,ST,Female-only (including Supernumerary),3,220542
Institute_20,Mechanical,ST,Female-only (including Supernumerary),4,220480
Institute_20,Mechanical,ST,Female-only (including Supernumerary),5,220418
Institute_20,Mechanical,ST,Female-only (including Supernumerary),6,220356
Institute_20,Chemical,OPEN,Gender-Neutral,1,186400
Institute_20,Chemical,OPEN,Gender-Neutral,2,186338
Institute_20,Chemical,OPEN,Gender-Neutral,3,186276
Institute_20,Chemical,OPEN,Gender-Neutral,4,186214
Institute_20,Chemical,OPEN,Gender-Neutral,5,186152
Institute_20,Chemical,OPEN,Gender-Neutral,6,186090
Institute_20,Chemical,OPEN,Female-only (including Supernumerary),1,186102
Institute_20,Chemical,OPEN,Female-only (including Supernumerary),2,186040
Institute_20,Chemical,OPEN,Female-only (including Supernumerary),3,185978
Institute_20,Chemical,OPEN,Female-only (including Supernumerary),4,185916
Institute_20,Chemical,OPEN,Female-only (including Supernumerary),5,185854
Institute_20,Chemical,OPEN,Female-only (including Supernumerary),6,185793
Institute_20,Chemical,EWS,Gender-Neutral,1,134492
Institute_20,Chemical,EWS,Gender-Neutral,2,134431
Institute_20,Chemical,EWS,Gender-Neutral,3,134369
Institute_20,Chemical,EWS,Gender-Neutral,4,134307
Institute_20,Chemical,EWS,Gender-Neutral,5,134245
Institute_20,Chemical,EWS,Gender-Neutral,6,134183
Institute_20,Chemical,EWS,Female-only (including Supernumerary),1,134195
Institute_20,Chemical,EWS,Female-only (including Supernumerary),2,134133
Institute_20,Chemical,EWS,Female-only (including Supernumerary),3,134071
Institute_20,Chemical,EWS,Female-only (including Supernumerary),4,134009
Institute_20,Chemical,EWS,Female-only (including Supernumerary),5,133947
Institute_20,Chemical,EWS,Female-only (including Supernumerary),6,133885
Institute_20,Chemical,OBC-NCL,Gender-Neutral,1,160446
Institute_20,Chemical,OBC-NCL,Gender-Neutral,2,160384
Institute_20,Chemical,OBC-NCL,Gender-Neutral,3,160322
Institute_20,Chemical,OBC-NCL,Gender-Neutral,4,160261
Institute_20,Chemical,OBC-NCL,Gender-Neutral,5,160199
Institute_20,Chemical,OBC-NCL,Gender-Neutral,6,160137
Institute_20,Chemical,OBC-NCL,Female-only (including Supernumerary),1,160148
Institute_20,Chemical,OBC-NCL,Female-only (including Supernumerary),2,160086
Institute_20,Chemical,OBC-NCL,Female-only (including Supernumerary),3,160025
Institute_20,Chemical,OBC-NCL,Female-only (including Supernumerary),4,159963
Institute_20,Chemical,OBC-NCL,Female-only (including Supernumerary),5,159901
Institute_20,Chemical,OBC-NCL,Female-only (including Supernumerary),6,159839
Institute_20,Chemical,SC,Gender-Neutral,1,212353
Institute_20,Chemical,SC,Gender-Neutral,2,212291
Institute_20,Chemical,SC,Gender-Neutral,3,212230
Institute_20,Chemical,SC,Gender-Neutral,4,212168
Institute_20,Chemical,SC,Gender-Neutral,5,212106
Institute_20,Chemical,SC,Gender-Neutral,6,212044
Institute_20,Chemical,SC,Female-only (including Supernumerary),1,212055
Institute_20,Chemical,SC,Female-only (including Supernumerary),2,211994
Institute_20,Chemical,SC,Female-only (including Supernumerary),3,211932
Institute_20,Chemical,SC,Female-only (including Supernumerary),4,211870
Institute_20,Chemical,SC,Female-only (including Supernumerary),5,211808
Institute_20,Chemical,SC,Female-only (including Supernumerary),6,211746
Institute_20,Chemical,ST,Gender-Neutral,1,238307
Institute_20,Chemical,ST,Gender-Neutral,2,238245
Institute_20,Chemical,ST,Gender-Neutral,3,238183
Institute_20,Chemical,ST,Gender-Neutral,4,238121
Institute_20,Chemical,ST,Gender-Neutral,5,238059
Institute_20,Chemical,ST,Gender-Neutral,6,237998
Institute_20,Chemical,ST,Female-only (including Supernumerary),1,238009
Institute_20,Chemical,ST,Female-only (including Supernumerary),2,237947
Institute_20,Chemical,ST,Female-only (including Supernumerary),3,237885
Institute_20,Chemical,ST,Female-only (including Supernumerary),4,237824
Institute_20,Chemical,ST,Female-only (including Supernumerary),5,237762
Institute_20,Chemical,ST,Female-only (including Supernumerary),6,237700
Institute_20,Electrical,OPEN,Gender-Neutral,1,175993
Institute_20,Electrical,OPEN,Gender-Neutral,2,175932
Institute_20,Electrical,OPEN,Gender-Neutral,3,175870
Institute_20,Electrical,OPEN,Gender-Neutral,4,175808
Institute_20,Electrical,OPEN,Gender-Neutral,5,175746
Institute_20,Electrical,OPEN,Gender-Neutral,6,175684
Institute_20,Electrical,OPEN,Female-only (including Supernumerary),1,175696
Institute_20,Electrical,OPEN,Female-only (including Supernumerary),2,175634
Institute_20,Electrical,OPEN,Female-only (including Supernumerary),3,175572
Institute_20,Electrical,OPEN,Female-only (including Supernumerary),4,175510
Institute_20,Electrical,OPEN,Female-only (including Supernumerary),5,175448
Institute_20,Electrical,OPEN,Female-only (including Supernumerary),6,175386
Institute_20,Electrical,EWS,Gender-Neutral,1,124086
Institute_20,Electrical,EWS,Gender-Neutral,2,124024
Institute_20,Electrical,EWS,Gender-Neutral,3,123963
Institute_20,Electrical,EWS,Gender-Neutral,4,123901
Institute_20,Electrical,EWS,Gender-Neutral,5,123839
Institute_20,Electrical,EWS,Gender-Neutral,6,123777
Institute_20,Electrical,EWS,Female-only (including Supernumerary),1,123788
Institute_20,Electrical,EWS,Female-only (including Supernumerary),2,123727
Institute_20,Electrical,EWS,Female-only (including Supernumerary),3,123665
Institute_20,Electrical,EWS,Female-only (including Supernumerary),4,123603
Institute_20,Electrical,EWS,Female-only (including Supernumerary),5,123541
Institute_20,Electrical,EWS,Female-only (including Supernumerary),6,123479
Institute_20,Electrical,OBC-NCL,Gender-Neutral,1,150040
Institute_20,Electrical,OBC-NCL,Gender-Neutral,2,149978
Institute_20,Electrical,OBC-NCL,Gender-Neutral,3,149916
Institute_20,Electrical,OBC-NCL,Gender-Neutral,4,149854
Institute_20,Electrical,OBC-NCL,Gender-Neutral,5,149792
Institute_20,Electrical,OBC-NCL,Gender-Neutral,6,149731
Institute_20,Electrical,OBC-NCL,Female-only (including Supernumerary),1,149742
Institute_20,Electrical,OBC-NCL,Female-only (including Supernumerary),2,149680
Institute_20,Electrical,OBC-NCL,Female-only (including Supernumerary),3,149618
Institute_20,Electrical,OBC-NCL,Female-only (including Supernumerary),4,149557
Institute_20,Electrical,OBC-NCL,Female-only (including Supernumerary),5,149495
Institute_20,Electrical,OBC-NCL,Female-only (including Supernumerary),6,149433
Institute_20,Electrical,SC,Gender-Neutral,1,201947
Institute_20,Electrical,SC,Gender-Neutral,2,201885
Institute_20,Electrical,SC,Gender-Neutral,3,201823
Institute_20,Electrical,SC,Gender-Neutral,4,201761
Institute_20,Electrical,SC,Gender-Neutral,5,201700
Institute_20,Electrical,SC,Gender-Neutral,6,201638
Institute_20,Electrical,SC,Female-only (including Supernumerary),1,201649
Institute_20,Electrical,SC,Female-only (including Supernumerary),2,201587
Institute_20,Electrical,SC,Female-only (including Supernumerary),3,201526
Institute_20,Electrical,SC,Female-only (including Supernumerary),4,201464
Institute_20,Electrical,SC,Female-only (including Supernumerary),5,201402
Institute_20,Electrical,SC,Female-only (including Supernumerary),6,201340
Institute_20,Electrical,ST,Gender-Neutral,1,227901
Institute_20,Electrical,ST,Gender-Neutral,2,227839
Institute_20,Electrical,ST,Gender-Neutral,3,227777
Institute_20,Electrical,ST,Gender-Neutral,4,227715
Institute_20,Electrical,ST,Gender-Neutral,5,227653
Institute_20,Electrical,ST,Gender-Neutral,6,227591
Institute_20,Electrical,ST,Female-only (including Supernumerary),1,227603
Institute_20,Electrical,ST,Female-only (including Supernumerary),2,227541
Institute_20,Electrical,ST,Female-only (including Supernumerary),3,227479
Institute_20,Electrical,ST,Female-only (including Supernumerary),4,227417
Institute_20,Electrical,ST,Female-only (including Supernumerary),5,227355
Institute_20,Electrical,ST,Female-only (including Supernumerary),6,227294
Institute_21,Chemical,OPEN,Gender-Neutral,1,191299
Institute_21,Chemical,OPEN,Gender-Neutral,2,191237
Institute_21,Chemical,OPEN,Gender-Neutral,3,191175
Institute_21,Chemical,OPEN,Gender-Neutral,4,191113
Institute_21,Chemical,OPEN,Gender-Neutral,5,191052
Institute_21,Chemical,OPEN,Gender-Neutral,6,190990
Institute_21,Chemical,OPEN,Female-only (including Supernumerary),1,191001
Institute_21,Chemical,OPEN,Female-only (including Supernumerary),2,190939
Institute_21,Chemical,OPEN,Female-only (including Supernumerary),3,190877
Institute_21,Chemical,OPEN,Female-only (including Supernumerary),4,190816
Institute_21,Chemical,OPEN,Female-only (including Supernumerary),5,190754
Institute_21,Chemical,OPEN,Female-only (including Supernumerary),6,190692
Institute_21,Chemical,EWS,Gender-Neutral,1,139392
Institute_21,Chemical,EWS,Gender-Neutral,2,139330
Institute_21,Chemical,EWS,Gender-Neutral,3,139268
Institute_21,Chemical,EWS,Gender-Neutral,4,139206
Institute_21,Chemical,EWS,Gender-Neutral,5,139144
Institute_21,Chemical,EWS,Gender-Neutral,6,139083
Institute_21,Chemical,EWS,Female-only (including Supernumerary),1,139094
Institute_21,Chemical,EWS,Female-only (including Supernumerary),2,139032
Institute_21,Chemical,EWS,Female-only (including Supernumerary),3,138970
Institute_21,Chemical,EWS,Female-only (including Supernumerary),4,138908
Institute_21,Chemical,EWS,Female-only (including Supernumerary),5,138847
Institute_21,Chemical,EWS,Female-only (including Supernumerary),6,138785
Institute_21,Chemical,OBC-NCL,Gender-Neutral,1,165345
Institute_21,Chemical,OBC-NCL,Gender-Neutral,2,165283
Institute_21,Chemical,OBC-NCL,Gender-Neutral,3,165222
Institute_21,Chemical,OBC-NCL,Gender-Neutral,4,165160
Institute_21,Chemical,OBC-NCL,Gender-Neutral,5,165098
Institute_21,Chemical,OBC-NCL,Gender-Neutral,6,165036
Institute_21,Chemical,OBC-NCL,Female-only (including Supernumerary),1,165048
Institute_21,Chemical,OBC-NCL,Female-only (including Supernumerary),2,164986
Institute_21,Chemical,OBC-NCL,Female-only (including Supernumerary),3,164924
Institute_21,Chemical,OBC-NCL,Female-only (including Supernumerary),4,164862
Institute_21,Chemical,OBC-NCL,Female-only (including Supernumerary),5,164800
Institute_21,Chemical,OBC-NCL,Female-only (including Supernumerary),6,164738
Institute_21,Chemical,SC,Gender-Neutral,1,217252
Institute_21,Chemical,SC,Gender-Neutral,2,217191
Institute_21,Chemical,SC,Gender-Neutral,3,217129
Institute_21,Chemical,SC,Gender-Neutral,4,217067
Institute_21,Chemical,SC,Gender-Neutral,5,217005
Institute_21,Chemical,SC,Gender-Neutral,6,216943
Institute_21,Chemical,SC,Female-only (including Supernumerary),1,216955
Institute_21,Chemical,SC,Female-only (including Supernumerary),2,216893
Institute_21,Chemical,SC,Female-only (including Supernumerary),3,216831
Institute_21,Chemical,SC,Female-only (including Supernumerary),4,216769
Institute_21,Chemical,SC,Female-only (including Supernumerary),5,216707
Institute_21,Chemical,SC,Female-only (including Supernumerary),6,216646
Institute_21,Chemical,ST,Gender-Neutral,1,243206
Institute_21,Chemical,ST,Gender-Neutral,2,243144
Institute_21,Chemical,ST,Gender-Neutral,3,243082
Institute_21,Chemical,ST,Gender-Neutral,4,243021
Institute_21,Chemical,ST,Gender-Neutral,5,242959
Institute_21,Chemical,ST,Gender-Neutral,6,242897
Institute_21,Chemical,ST,Female-only (including Supernumerary),1,242908
Institute_21,Chemical,ST,Female-only (including Supernumerary),2,242846
Institute_21,Chemical,ST,Female-only (including Supernumerary),3,242785
Institute_21,Chemical,ST,Female-only (including Supernumerary),4,242723
Institute_21,Chemical,ST,Female-only (including Supernumerary),5,242661
Institute_21,Chemical,ST,Female-only (including Supernumerary),6,242599
Institute_21,Electrical,OPEN,Gender-Neutral,1,180893
Institute_21,Electrical,OPEN,Gender-Neutral,2,180831
Institute_21,Electrical,OPEN,Gender-Neutral,3,180769
Institute_21,Electrical,OPEN,Gender-Neutral,4,180707
Institute_21,Electrical,OPEN,Gender-Neutral,5,180645
Institute_21,Electrical,OPEN,Gender-Neutral,6,180583
Institute_21,Electrical,OPEN,Female-only (including Supernumerary),1,180595
Institute_21,Electrical,OPEN,Female-only (including Supernumerary),2,180533
Institute_21,Electrical,OPEN,Female-only (including Supernumerary),3,180471
Institute_21,Electrical,OPEN,Female-only (including Supernumerary),4,180409
Institute_21,Electrical,OPEN,Female-only (including Supernumerary),5,180348
Institute_21,Electrical,OPEN,Female-only (including Supernumerary),6,180286
Institute_21,Electrical,EWS,Gender-Neutral,1,128985
Institute_21,Electrical,EWS,Gender-Neutral,2,128924
Institute_21,Electrical,EWS,Gender-Neutral,3,128862
Institute_21,Electrical,EWS,Gender-Neutral,4,128800
Institute_21,Electrical,EWS,Gender-Neutral,5,128738
Institute_21,Electrical,EWS,Gender-Neutral,6,128676
Institute_21,Electrical,EWS,Female-only (including Supernumerary),1,128688
Institute_21,Electrical,EWS,Female-only (including Supernumerary),2,128626
Institute_21,Electrical,EWS,Female-only (including Supernumerary),3,128564
Institute_21,Electrical,EWS,Female-only (including Supernumerary),4,128502
Institute_21,Electrical,EWS,Female-only (including Supernumerary),5,128440
Institute_21,Electrical,EWS,Female-only (including Supernumerary),6,128379
Institute_21,Electrical,OBC-NCL,Gender-Neutral,1,154939
Institute_21,Electrical,OBC-NCL,Gender-Neutral,2,154877
Institute_21,Electrical,OBC-NCL,Gender-Neutral,3,154815
Institute_21,Electrical,OBC-NCL,Gender-Neutral,4,154754
Institute_21,Electrical,OBC-NCL,Gender-Neutral,5,154692
Institute_21,Electrical,OBC-NCL,Gender-Neutral,6,154630
Institute_21,Electrical,OBC-NCL,Female-only (including Supernumerary),1,154641
Institute_21,Electrical,OBC-NCL,Female-only (including Supernumerary),2,154579
Institute_21,Electrical,OBC-NCL,Female-only (including Supernumerary),3,154518
Institute_21,Electrical,OBC-NCL,Female-only (including Supernumerary),4,154456
Institute_21,Electrical,OBC-NCL,Female-only (including Supernumerary),5,154394
Institute_21,Electrical,OBC-NCL,Female-only (including Supernumerary),6,154332
Institute_21,Electrical,SC,Gender-Neutral,1,206846
Institute_21,Electrical,SC,Gender-Neutral,2,206784
Institute_21,Electrical,SC,Gender-Neutral,3,206723
Institute_21,Electrical,SC,Gender-Neutral,4,206661
Institute_21,Electrical,SC,Gender-Neutral,5,206599
Institute_21,Electrical,SC,Gender-Neutral,6,206537
Institute_21,Electrical,SC,Female-only (including Supernumerary),1,206548
Institute_21,Electrical,SC,Female-only (including Supernumerary),2,206487
Institute_21,Electrical,SC,Female-only (including Supernumerary),3,206425
Institute_21,Electrical,SC,Female-only (including Supernumerary),4,206363
Institute_21,Electrical,SC,Female-only (including Supernumerary),5,206301
Institute_21,Electrical,SC,Female-only (including Supernumerary),6,206239
Institute_21,Electrical,ST,Gender-Neutral,1,232800
Institute_21,Electrical,ST,Gender-Neutral,2,232738
Institute_21,Electrical,ST,Gender-Neutral,3,232676
Institute_21,Electrical,ST,Gender-Neutral,4,232614
Institute_21,Electrical,ST,Gender-Neutral,5,232552
Institute_21,Electrical,ST,Gender-Neutral,6,232491
Institute_21,Electrical,ST,Female-only (including Supernumerary),1,232502
Institute_21,Electrical,ST,Female-only (including Supernumerary),2,232440
Institute_21,Electrical,ST,Female-only (including Supernumerary),3,232378
Institute_21,Electrical,ST,Female-only (including Supernumerary),4,232317
Institute_21,Electrical,ST,Female-only (including Supernumerary),5,232255
Institute_21,Electrical,ST,Female-only (including Supernumerary),6,232193
Institute_22,Mechanical,OPEN,Gender-Neutral,1,171222
Institute_22,Mechanical,OPEN,Gender-Neutral,2,171160
Institute_22,Mechanical,OPEN,Gender-Neutral,3,171098
Institute_22,Mechanical,OPEN,Gender-Neutral,4,171036
Institute_22,Mechanical,OPEN,Gender-Neutral,5,170974
Institute_22,Mechanical,OPEN,Gender-Neutral,6,170912
Institute_22,Mechanical,OPEN,Female-only (including Supernumerary),1,170924
Institute_22,Mechanical,OPEN,Female-only (including Supernumerary),2,170862
Institute_22,Mechanical,OPEN,Female-only (including Supernumerary),3,170800
Institute_22,Mechanical,OPEN,Female-only (including Supernumerary),4,170738
Institute_22,Mechanical,OPEN,Female-only (including Supernumerary),5,170676
Institute_22,Mechanical,OPEN,Female-only (including Supernumerary),6,170615
Institute_22,Mechanical,EWS,Gender-Neutral,1,119314
Institute_22,Mechanical,EWS,Gender-Neutral,2,119253
Institute_22,Mechanical,EWS,Gender-Neutral,3,119191
Institute_22,Mechanical,EWS,Gender-Neutral,4,119129
Institute_22,Mechanical,EWS,Gender-Neutral,5,119067
Institute_22,Mechanical,EWS,Gender-Neutral,6,119005
Institute_22,Mechanical,EWS,Female-only (including Supernumerary),1,119017
Institute_22,Mechanical,EWS,Female-only (including Supernumerary),2,118955
Institute_22,Mechanical,EWS,Female-only (including Supernumerary),3,118893
Institute_22,Mechanical,EWS,Female-only (including Supernumerary),4,118831
Institute_22,Mechanical,EWS,Female-only (including Supernumerary),5,118769
Institute_22,Mechanical,EWS,Female-only (including Supernumerary),6,118707
Institute_22,Mechanical,OBC-NCL,Gender-Neutral,1,145268
Institute_22,Mechanical,OBC-NCL,Gender-Neutral,2,145206
Institute_22,Mechanical,OBC-NCL,Gender-Neutral,3,145144
Institute_22,Mechanical,OBC-NCL,Gender-Neutral,4,145083
Institute_22,Mechanical,OBC-NCL,Gender-Neutral,5,145021
Institute_22,Mechanical,OBC-NCL,Gender-Neutral,6,144959
Institute_22,Mechanical,OBC-NCL,Female-only (including Supernumerary),1,144970
Institute_22,Mechanical,OBC-NCL,Female-only (including Supernumerary),2,144908
Institute_22,Mechanical,OBC-NCL,Female-only (including Supernumerary),3,144847
Institute_22,Mechanical,OBC-NCL,Female-only (including Supernumerary),4,144785
Institute_22,Mechanical,OBC-NCL,Female-only (including Supernumerary),5,144723
Institute_22,Mechanical,OBC-NCL,Female-only (including Supernumerary),6,144661
Institute_22,Mechanical,SC,Gender-Neutral,1,197175
Institute_22,Mechanical,SC,Gender-Neutral,2,197113
Institute_22,Mechanical,SC,Gender-Neutral,3,197052
Institute_22,Mechanical,SC,Gender-Neutral,4,196990
Institute_22,Mechanical,SC,Gender-Neutral,5,196928
Institute_22,Mechanical,SC,Gender-Neutral,6,196866
Institute_22,Mechanical,SC,Female-only (including Supernumerary),1,196877
Institute_22,Mechanical,SC,Female-only (including Supernumerary),2,196816
Institute_22,Mechanical,SC,Female-only (including Supernumerary),3,196754
Institute_22,Mechanical,SC,Female-only (including Supernumerary),4,196692
Institute_22,Mechanical,SC,Female-only (including Supernumerary),5,196630
Institute_22,Mechanical,SC,Female-only (including Supernumerary),6,196568
Institute_22,Mechanical,ST,Gender-Neutral,1,223129
Institute_22,Mechanical,ST,Gender-Neutral,2,223067
Institute_22,Mechanical,ST,Gender-Neutral,3,223005
Institute_22,Mechanical,ST,Gender-Neutral,4,222943
Institute_22,Mechanical,ST,Gender-Neutral,5,222881
Institute_22,Mechanical,ST,Gender-Neutral,6,222820
Institute_22,Mechanical,ST,Female-only (including Supernumerary),1,222831
Institute_22,Mechanical,ST,Female-only (including Supernumerary),2,222769
Institute_22,Mechanical,ST,Female-only (including Supernumerary),3,222707
Institute_22,Mechanical,ST,Female-only (including Supernumerary),4,222645
Institute_22,Mechanical,ST,Female-only (including Supernumerary),5,222584
Institute_22,Mechanical,ST,Female-only (including Supernumerary),6,222522
Institute_22,Civil,OPEN,Gender-Neutral,1,185097
Institute_22,Civil,OPEN,Gender-Neutral,2,185035
Institute_22,Civil,OPEN,Gender-Neutral,3,184973
Institute_22,Civil,OPEN,Gender-Neutral,4,184911
Institute_22,Civil,OPEN,Gender-Neutral,5,184849
Institute_22,Civil,OPEN,Gender-Neutral,6,184787
Institute_22,Civil,OPEN,Female-only (including Supernumerary),1,184799
Institute_22,Civil,OPEN,Female-only (including Supernumerary),2,184737
Institute_22,Civil,OPEN,Female-only (including Supernumerary),3,184675
Institute_22,Civil,OPEN,Female-only (including Supernumerary),4,184613
Institute_22,Civil,OPEN,Female-only (including Supernumerary),5,184551
Institute_22,Civil,OPEN,Female-only (including Supernumerary),6,184490
Institute_22,Civil,EWS,Gender-Neutral,1,133189
Institute_22,Civil,EWS,Gender-Neutral,2,133128
Institute_22,Civil,EWS,Gender-Neutral,3,133066
Institute_22,Civil,EWS,Gender-Neutral,4,133004
Institute_22,Civil,EWS,Gender-Neutral,5,132942
Institute_22,Civil,EWS,Gender-Neutral,6,132880
Institute_22,Civil,EWS,Female-only (including Supernumerary),1,132892
Institute_22,Civil,EWS,Female-only (including Supernumerary),2,132830
Institute_22,Civil,EWS,Female-only (including Supernumerary),3,132768
Institute_22,Civil,EWS,Female-only (including Supernumerary),4,132706
Institute_22,Civil,EWS,Female-only (including Supernumerary),5,132644
Institute_22,Civil,EWS,Female-only (including Supernumerary),6,132582
Institute_22,Civil,OBC-NCL,Gender-Neutral,1,159143
Institute_22,Civil,OBC-NCL,Gender-Neutral,2,159081
Institute_22,Civil,OBC-NCL,Gender-Neutral,3,159019
Institute_22,Civil,OBC-NCL,Gender-Neutral,4,158957
Institute_22,Civil,OBC-NCL,Gender-Neutral,5,158896
Institute_22,Civil,OBC-NCL,Gender-Neutral,6,158834
Institute_22,Civil,OBC-NCL,Female-only (including Supernumerary),1,158845
Institute_22,Civil,OBC-NCL,Female-only (including Supernumerary),2,158783
Institute_22,Civil,OBC-NCL,Female-only (including Supernumerary),3,158722
Institute_22,Civil,OBC-NCL,Female-only (including Supernumerary),4,158660
Institute_22,Civil,OBC-NCL,Female-only (including Supernumerary),5,158598
Institute_22,Civil,OBC-NCL,Female-only (including Supernumerary),6,158536
Institute_22,Civil,SC,Gender-Neutral,1,211050
Institute_22,Civil,SC,Gender-Neutral,2,210988
Institute_22,Civil,SC,Gender-Neutral,3,210926
Institute_22,Civil,SC,Gender-Neutral,4,210865
Institute_22,Civil,SC,Gender-Neutral,5,210803
Institute_22,Civil,SC,Gender-Neutral,6,210741
Institute_22,Civil,SC,Female-only (including Supernumerary),1,210752
Institute_22,Civil,SC,Female-only (including Supernumerary),2,210691
Institute_22,Civil,SC,Female-only (including Supernumerary),3,210629
Institute_22,Civil,SC,Female-only (including Supernumerary),4,210567
Institute_22,Civil,SC,Female-only (including Supernumerary),5,210505
Institute_22,Civil,SC,Female-only (including Supernumerary),6,210443
Institute_22,Civil,ST,Gender-Neutral,1,237004
Institute_22,Civil,ST,Gender-Neutral,2,236942
Institute_22,Civil,ST,Gender-Neutral,3,236880
Institute_22,Civil,ST,Gender-Neutral,4,236818
Institute_22,Civil,ST,Gender-Neutral,5,236756
Institute_22,Civil,ST,Gender-Neutral,6,236695
Institute_22,Civil,ST,Female-only (including Supernumerary),1,236706
Institute_22,Civil,ST,Female-only (including Supernumerary),2,236644
Institute_22,Civil,ST,Female-only (including Supernumerary),3,236582
Institute_22,Civil,ST,Female-only (including Supernumerary),4,236520
Institute_22,Civil,ST,Female-only (including Supernumerary),5,236459
Institute_22,Civil,ST,Female-only (including Supernumerary),6,236397
Institute_22,Computer Science,OPEN,Gender-Neutral,1,181628
Institute_22,Computer Science,OPEN,Gender-Neutral,2,181566
Institute_22,Computer Science,OPEN,Gender-Neutral,3,181504
Institute_22,Computer Science,OPEN,Gender-Neutral,4,181442
Institute_22,Computer Science,OPEN,Gender-Neutral,5,181380
Institute_22,Computer Science,OPEN,Gender-Neutral,6,181319
Institute_22,Computer Science,OPEN,Female-only (including Supernumerary),1,181330
Institute_22,Computer Science,OPEN,Female-only (including Supernumerary),2,181268
Institute_22,Computer Science,OPEN,Female-only (including Supernumerary),3,181206
Institute_22,Computer Science,OPEN,Female-only (including Supernumerary),4,181145
Institute_22,Computer Science,OPEN,Female-only (including Supernumerary),5,181083
Institute_22,Computer Science,OPEN,Female-only (including Supernumerary),6,181021
Institute_22,Computer Science,EWS,Gender-Neutral,1,129721
Institute_22,Computer Science,EWS,Gender-Neutral,2,129659
Institute_22,Computer Science,EWS,Gender-Neutral,3,129597
Institute_22,Computer Science,EWS,Gender-Neutral,4,129535
Institute_22,Computer Science,EWS,Gender-Neutral,5,129473
Institute_22,Computer Science,EWS,Gender-Neutral,6,129411
Institute_22,Computer Science,EWS,Female-only (including Supernumerary),1,129423
Institute_22,Computer Science,EWS,Female-only (including Supernumerary),2,129361
Institute_22,Computer Science,EWS,Female-only (including Supernumerary),3,129299
Institute_22,Computer Science,EWS,Female-only (including Supernumerary),4,129237
Institute_22,Computer Science,EWS,Female-only (including Supernumerary),5,129176
Institute_22,Computer Science,EWS,Female-only (including Supernumerary),6,129114
Institute_22,Computer Science,OBC-NCL,Gender-Neutral,1,155674
Institute_22,Computer Science,OBC-NCL,Gender-Neutral,2,155612
Institute_22,Computer Science,OBC-NCL,Gender-Neutral,3,155551
Institute_22,Computer Science,OBC-NCL,Gender-Neutral,4,155489
Institute_22,Computer Science,OBC-NCL,Gender-Neutral,5,155427
Institute_22,Computer Science,OBC-NCL,Gender-Neutral,6,155365
Institute_22,Computer Science,OBC-NCL,Female-only (including Supernumerary),1,155376
Institute_22,Computer Science,OBC-NCL,Female-only (including Supernumerary),2,155315
Institute_22,Computer Science,OBC-NCL,Female-only (including Supernumerary),3,155253
Institute_22,Computer Science,OBC-NCL,Female-only (including Supernumerary),4,155191
Institute_22,Computer Science,OBC-NCL,Female-only (including Supernumerary),5,155129
Institute_22,Computer Science,OBC-NCL,Female-only (including Supernumerary),6,155067
Institute_22,Computer Science,SC,Gender-Neutral,1,207581
Institute_22,Computer Science,SC,Gender-Neutral,2,207520
Institute_22,Computer Science,SC,Gender-Neutral,3,207458
Institute_22,Computer Science,SC,Gender-Neutral,4,207396
Institute_22,Computer Science,SC,Gender-Neutral,5,207334
Institute_22,Computer Science,SC,Gender-Neutral,6,207272
Institute_22,Computer Science,SC,Female-only (including Supernumerary),1,207284
Institute_22,Computer Science,SC,Female-only (including Supernumerary),2,207222
Institute_22,Computer Science,SC,Female-only (including Supernumerary),3,207160
Institute_22,Computer Science,SC,Female-only (including Supernumerary),4,207098
Institute_22,Computer Science,SC,Female-only (including Supernumerary),5,207036
Institute_22,Computer Science,SC,Female-only (including Supernumerary),6,206974
Institute_22,Computer Science,ST,Gender-Neutral,1,233535
Institute_22,Computer Science,ST,Gender-Neutral,2,233473
Institute_22,Computer Science,ST,Gender-Neutral,3,233411
Institute_22,Computer Science,ST,Gender-Neutral,4,233350
Institute_22,Computer Science,ST,Gender-Neutral,5,233288
Institute_22,Computer Science,ST,Gender-Neutral,6,233226
Institute_22,Computer Science,ST,Female-only (including Supernumerary),1,233237
Institute_22,Computer Science,ST,Female-only (including Supernumerary),2,233175
Institute_22,Computer Science,ST,Female-only (including Supernumerary),3,233114
Institute_22,Computer Science,ST,Female-only (including Supernumerary),4,233052
Institute_22,Computer Science,ST,Female-only (including Supernumerary),5,232990
Institute_22,Computer Science,ST,Female-only (including Supernumerary),6,232928
Institute_23,Electronics,OPEN,Gender-Neutral,1,179590
Institute_23,Electronics,OPEN,Gender-Neutral,2,179528
Institute_23,Electronics,OPEN,Gender-Neutral,3,179466
Institute_23,Electronics,OPEN,Gender-Neutral,4,179404
Institute_23,Electronics,OPEN,Gender-Neutral,5,179342
Institute_23,Electronics,OPEN,Gender-Neutral,6,179280
Institute_23,Electronics,OPEN,Female-only (including Supernumerary),1,179292
Institute_23,Electronics,OPEN,Female-only (including Supernumerary),2,179230
Institute_23,Electronics,OPEN,Female-only (including Supernumerary),3,179168
Institute_23,Electronics,OPEN,Female-only (including Supernumerary),4,179106
Institute_23,Electronics,OPEN,Female-only (including Supernumerary),5,179044
Institute_23,Electronics,OPEN,Female-only (including Supernumerary),6,178983
Institute_23,Electronics,EWS,Gender-Neutral,1,127682
Institute_23,Electronics,EWS,Gender-Neutral,2,127621
Institute_23,Electronics,EWS,Gender-Neutral,3,127559
Institute_23,Electronics,EWS,Gender-Neutral,4,127497
Institute_23,Electronics,EWS,Gender-Neutral,5,127435
Institute_23,Electronics,EWS,Gender-Neutral,6,127373
Institute_23,Electronics,EWS,Female-only (including Supernumerary),1,127385
Institute_23,Electronics,EWS,Female-only (including Supernumerary),2,127323
Institute_23,Electronics,EWS,Female-only (including Supernumerary),3,127261
Institute_23,Electronics,EWS,Female-only (including Supernumerary),4,127199
Institute_23,Electronics,EWS,Female-only (including Supernumerary),5,127137
Institute_23,Electronics,EWS,Female-only (including Supernumerary),6,127075
Institute_23,Electronics,OBC-NCL,Gender-Neutral,1,153636
Institute_23,Electronics,OBC-NCL,Gender-Neutral,2,153574
Institute_23,Electronics,OBC-NCL,Gender-Neutral,3,153512
Institute_23,Electronics,OBC-NCL,Gender-Neutral,4,153451
Institute_23,Electronics,OBC-NCL,Gender-Neutral,5,153389
Institute_23,Electronics,OBC-NCL,Gender-Neutral,6,153327
Institute_23,Electronics,OBC-NCL,Female-only (including Supernumerary),1,153338
Institute_23,Electronics,OBC-NCL,Female-only (including Supernumerary),2,153276
Institute_23,Electronics,OBC-NCL,Female-only (including Supernumerary),3,153215
Institute_23,Electronics,OBC-NCL,Female-only (including Supernumerary),4,153153
Institute_23,Electronics,OBC-NCL,Female-only (including Supernumerary),5,153091
Institute_23,Electronics,OBC-NCL,Female-only (including Supernumerary),6,153029
Institute_23,Electronics,SC,Gender-Neutral,1,205543
Institute_23,Electronics,SC,Gender-Neutral,2,205481
Institute_23,Electronics,SC,Gender-Neutral,3,205420
Institute_23,Electronics,SC,Gender-Neutral,4,205358
Institute_23,Electronics,SC,Gender-Neutral,5,205296
Institute_23,Electronics,SC,Gender-Neutral,6,205234
Institute_23,Electronics,SC,Female-only (including Supernumerary),1,205245
Institute_23,Electronics,SC,Female-only (including Supernumerary),2,205184
Institute_23,Electronics,SC,Female-only (including Supernumerary),3,205122
Institute_23,Electronics,SC,Female-only (including Supernumerary),4,205060
Institute_23,Electronics,SC,Female-only (including Supernumerary),5,204998
Institute_23,Electronics,SC,Female-only (including Supernumerary),6,204936
Institute_23,Electronics,ST,Gender-Neutral,1,231497
Institute_23,Electronics,ST,Gender-Neutral,2,231435
Institute_23,Electronics,ST,Gender-Neutral,3,231373
Institute_23,Electronics,ST,Gender-Neutral,4,231311
Institute_23,Electronics,ST,Gender-Neutral,5,231249
Institute_23,Electronics,ST,Gender-Neutral,6,231188
Institute_23,Electronics,ST,Female-only (including Supernumerary),1,231199
Institute_23,Electronics,ST,Female-only (including Supernumerary),2,231137
Institute_23,Electronics,ST,Female-only (including Supernumerary),3,231075
Institute_23,Electronics,ST,Female-only (including Supernumerary),4,231014
Institute_23,Electronics,ST,Female-only (including Supernumerary),5,230952
Institute_23,Electronics,ST,Female-only (including Supernumerary),6,230890
Institute_23,Electrical,OPEN,Gender-Neutral,1,183058
Institute_23,Electrical,OPEN,Gender-Neutral,2,182997
Institute_23,Electrical,OPEN,Gender-Neutral,3,182935
Institute_23,Electrical,OPEN,Gender-Neutral,4,182873
Institute_23,Electrical,OPEN,Gender-Neutral,5,182811
Institute_23,Electrical,OPEN,Gender-Neutral,6,182749
Institute_23,Electrical,OPEN,Female-only (including Supernumerary),1,182761
Institute_23,Electrical,OPEN,Female-only (including Supernumerary),2,182699
Institute_23,Electrical,OPEN,Female-only (including Supernumerary),3,182637
Institute_23,Electrical,OPEN,Female-only (including Supernumerary),4,182575
Institute_23,Electrical,OPEN,Female-only (including Supernumerary),5,182513
Institute_23,Electrical,OPEN,Female-only (including Supernumerary),6,182451
Institute_23,Electrical,EWS,Gender-Neutral,1,131151
Institute_23,Electrical,EWS,Gender-Neutral,2,131089
Institute_23,Electrical,EWS,Gender-Neutral,3,131028
Institute_23,Electrical,EWS,Gender-Neutral,4,130966
Institute_23,Electrical,EWS,Gender-Neutral,5,130904
Institute_23,Electrical,EWS,Gender-Neutral,6,130842
Institute_23,Electrical,EWS,Female-only (including Supernumerary),1,130853
Institute_23,Electrical,EWS,Female-only (including Supernumerary),2,130792
Institute_23,Electrical,EWS,Female-only (including Supernumerary),3,130730
Institute_23,Electrical,EWS,Female-only (including Supernumerary),4,130668
Institute_23,Electrical,EWS,Female-only (including Supernumerary),5,130606
Institute_23,Electrical,EWS,Female-only (including Supernumerary),6,130544
Institute_23,Electrical,OBC-NCL,Gender-Neutral,1,157105
Institute_23,Electrical,OBC-NCL,Gender-Neutral,2,157043
Institute_23,Electrical,OBC-NCL,Gender-Neutral,3,156981
Institute_23,Electrical,OBC-NCL,Gender-Neutral,4,156919
Institute_23,Electrical,OBC-NCL,Gender-Neutral,5,156857
Institute_23,Electrical,OBC-NCL,Gender-Neutral,6,156796
Institute_23,Electrical,OBC-NCL,Female-only (including Supernumerary),1,156807
Institute_23,Electrical,OBC-NCL,Female-only (including Supernumerary),2,156745
Institute_23,Electrical,OBC-NCL,Female-only (including Supernumerary),3,156683
Institute_23,Electrical,OBC-NCL,Female-only (including Supernumerary),4,156621
Institute_23,Electrical,OBC-NCL,Female-only (including Supernumerary),5,156560
Institute_23,Electrical,OBC-NCL,Female-only (including Supernumerary),6,156498
Institute_23,Electrical,SC,Gender-Neutral,1,209012
Institute_23,Electrical,SC,Gender-Neutral,2,208950
Institute_23,Electrical,SC,Gender-Neutral,3,208888
Institute_23,Electrical,SC,Gender-Neutral,4,208826
Institute_23,Electrical,SC,Gender-Neutral,5,208765
Institute_23,Electrical,SC,Gender-Neutral,6,208703
Institute_23,Electrical,SC,Female-only (including Supernumerary),1,208714
Institute_23,Electrical,SC,Female-only (including Supernumerary),2,208652
Institute_23,Electrical,SC,Female-only (including Supernumerary),3,208590
Institute_23,Electrical,SC,Female-only (including Supernumerary),4,208529
Institute_23,Electrical,SC,Female-only (including Supernumerary),5,208467
Institute_23,Electrical,SC,Female-only (including Supernumerary),6,208405
Institute_23,Electrical,ST,Gender-Neutral,1,234966
Institute_23,Electrical,ST,Gender-Neutral,2,234904
Institute_23,Electrical,ST,Gender-Neutral,3,234842
Institute_23,Electrical,ST,Gender-Neutral,4,234780
Institute_23,Electrical,ST,Gender-Neutral,5,234718
Institute_23,Electrical,ST,Gender-Neutral,6,234656
Institute_23,Electrical,ST,Female-only (including Supernumerary),1,234668
Institute_23,Electrical,ST,Female-only (including Supernumerary),2,234606
Institute_23,Electrical,ST,Female-only (including Supernumerary),3,234544
Institute_23,Electrical,ST,Female-only (including Supernumerary),4,234482
Institute_23,Electrical,ST,Female-only (including Supernumerary),5,234420
Institute_23,Electrical,ST,Female-only (including Supernumerary),6,234359
Institute_23,Mechanical,OPEN,Gender-Neutral,1,176121
Institute_23,Mechanical,OPEN,Gender-Neutral,2,176059
Institute_23,Mechanical,OPEN,Gender-Neutral,3,175997
Institute_23,Mechanical,OPEN,Gender-Neutral,4,175935
Institute_23,Mechanical,OPEN,Gender-Neutral,5,175874
Institute_23,Mechanical,OPEN,Gender-Neutral,6,175812
Institute_23,Mechanical,OPEN,Female-only (including Supernumerary),1,175823
Institute_23,Mechanical,OPEN,Female-only (including Supernumerary),2,175761
Institute_23,Mechanical,OPEN,Female-only (including Supernumerary),3,175699
Institute_23,Mechanical,OPEN,Female-only (including Supernumerary),4,175638
Institute_23,Mechanical,OPEN,Female-only (including Supernumerary),5,175576
Institute_23,Mechanical,OPEN,Female-only (including Supernumerary),6,175514
Institute_23,Mechanical,EWS,Gender-Neutral,1,124214
Institute_23,Mechanical,EWS,Gender-Neutral,2,124152
Institute_23,Mechanical,EWS,Gender-Neutral,3,124090
Institute_23,Mechanical,EWS,Gender-Neutral,4,124028
Institute_23,Mechanical,EWS,Gender-Neutral,5,123966
Institute_23,Mechanical,EWS,Gender-Neutral,6,123905
Institute_23,Mechanical,EWS,Female-only (including Supernumerary),1,123916
Institute_23,Mechanical,EWS,Female-only (including Supernumerary),2,123854
Institute_23,Mechanical,EWS,Female-only (including Supernumerary),3,123792
Institute_23,Mechanical,EWS,Female-only (including Supernumerary),4,123730
Institute_23,Mechanical,EWS,Female-only (including Supernumerary),5,123669
Institute_23,Mechanical,EWS,Female-only (including Supernumerary),6,123607
Institute_23,Mechanical,OBC-NCL,Gender-Neutral,1,150167
Institute_23,Mechanical,OBC-NCL,Gender-Neutral,2,150105
Institute_23,Mechanical,OBC-NCL,Gender-Neutral,3,150044
Institute_23,Mechanical,OBC-NCL,Gender-Neutral,4,149982
Institute_23,Mechanical,OBC-NCL,Gender-Neutral,5,149920
Institute_23,Mechanical,OBC-NCL,Gender-Neutral,6,149858
Institute_23,Mechanical,OBC-NCL,Female-only (including Supernumerary),1,149870
Institute_23,Mechanical,OBC-NCL,Female-only (including Supernumerary),2,149808
Institute_23,Mechanical,OBC-NCL,Female-only (including Supernumerary),3,149746
Institute_23,Mechanical,OBC-NCL,Female-only (including Supernumerary),4,149684
Institute_23,Mechanical,OBC-NCL,Female-only (including Supernumerary),5,149622
Institute_23,Mechanical,OBC-NCL,Female-only (including Supernumerary),6,149560
Institute_23,Mechanical,SC,Gender-Neutral,1,202074
Institute_23,Mechanical,SC,Gender-Neutral,2,202013
Institute_23,Mechanical,SC,Gender-Neutral,3,201951
Institute_23,Mechanical,SC,Gender-Neutral,4,201889
Institute_23,Mechanical,SC,Gender-Neutral,5,201827
Institute_23,Mechanical,SC,Gender-Neutral,6,201765
Institute_23,Mechanical,SC,Female-only (including Supernumerary),1,201777
Institute_23,Mechanical,SC,Female-only (including Supernumerary),2,201715
Institute_23,Mechanical,SC,Female-only (including Supernumerary),3,201653
Institute_23,Mechanical,SC,Female-only (including Supernumerary),4,201591
Institute_23,Mechanical,SC,Female-only (including Supernumerary),5,201529
Institute_23,Mechanical,SC,Female-only (including Supernumerary),6,201468
Institute_23,Mechanical,ST,Gender-Neutral,1,228028
Institute_23,Mechanical,ST,Gender-Neutral,2,227966
Institute_23,Mechanical,ST,Gender-Neutral,3,227904
Institute_23,Mechanical,ST,Gender-Neutral,4,227843
Institute_23,Mechanical,ST,Gender-Neutral,5,227781
Institute_23,Mechanical,ST,Gender-Neutral,6,227719
Institute_23,Mechanical,ST,Female-only (including Supernumerary),1,227730
Institute_23,Mechanical,ST,Female-only (including Supernumerary),2,227668
Institute_23,Mechanical,ST,Female-only (including Supernumerary),3,227607
Institute_23,Mechanical,ST,Female-only (including Supernumerary),4,227545
Institute_23,Mechanical,ST,Female-only (including Supernumerary),5,227483
Institute_23,Mechanical,ST,Female-only (including Supernumerary),6,227421
Institute_24,Mechanical,OPEN,Gender-Neutral,1,165755
Institute_24,Mechanical,OPEN,Gender-Neutral,2,165693
Institute_24,Mechanical,OPEN,Gender-Neutral,3,165631
Institute_24,Mechanical,OPEN,Gender-Neutral,4,165569
Institute_24,Mechanical,OPEN,Gender-Neutral,5,165507
Institute_24,Mechanical,OPEN,Gender-Neutral,6,165445
Institute_24,Mechanical,OPEN,Female-only (including Supernumerary),1,165457
Institute_24,Mechanical,OPEN,Female-only (including Supernumerary),2,165395
Institute_24,Mechanical,OPEN,Female-only (including Supernumerary),3,165333
Institute_24,Mechanical,OPEN,Female-only (including Supernumerary),4,165271
Institute_24,Mechanical,OPEN,Female-only (including Supernumerary),5,165209
Institute_24,Mechanical,OPEN,Female-only (including Supernumerary),6,165148
Institute_24,Mechanical,EWS,Gender-Neutral,1,113847
Institute_24,Mechanical,EWS,Gender-Neutral,2,113786
Institute_24,Mechanical,EWS,Gender-Neutral,3,113724
Institute_24,Mechanical,EWS,Gender-Neutral,4,113662
Institute_24,Mechanical,EWS,Gender-Neutral,5,113600
Institute_24,Mechanical,EWS,Gender-Neutral,6,113538
Institute_24,Mechanical,EWS,Female-only (including Supernumerary),1,113550
Institute_24,Mechanical,EWS,Female-only (including Supernumerary),2,113488
Institute_24,Mechanical,EWS,Female-only (including Supernumerary),3,113426
Institute_24,Mechanical,EWS,Female-only (including Supernumerary),4,113364
Institute_24,Mechanical,EWS,Female-only (including Supernumerary),5,113302
Institute_24,Mechanical,EWS,Female-only (including Supernumerary),6,113240
Institute_24,Mechanical,OBC-NCL,Gender-Neutral,1,139801
Institute_24,Mechanical,OBC-NCL,Gender-Neutral,2,139739
Institute_24,Mechanical,OBC-NCL,Gender-Neutral,3,139677
Institute_24,Mechanical,OBC-NCL,Gender-Neutral,4,139615
Institute_24,Mechanical,OBC-NCL,Gender-Neutral,5,139554
Institute_24,Mechanical,OBC-NCL,Gender-Neutral,6,139492
Institute_24,Mechanical,OBC-NCL,Female-only (including Supernumerary),1,139503
Institute_24,Mechanical,OBC-NCL,Female-only (including Supernumerary),2,139441
Institute_24,Mechanical,OBC-NCL,Female-only (including Supernumerary),3,139379
Institute_24,Mechanical,OBC-NCL,Female-only (including Supernumerary),4,139318
Institute_24,Mechanical,OBC-NCL,Female-only (including Supernumerary),5,139256
Institute_24,Mechanical,OBC-NCL,Female-only (including Supernumerary),6,139194
Institute_24,Mechanical,SC,Gender-Neutral,1,191708
Institute_24,Mechanical,SC,Gender-Neutral,2,191646
Institute_24,Mechanical,SC,Gender-Neutral,3,191584
Institute_24,Mechanical,SC,Gender-Neutral,4,191523
Institute_24,Mechanical,SC,Gender-Neutral,5,191461
Institute_24,Mechanical,SC,Gender-Neutral,6,191399
Institute_24,Mechanical,SC,Female-only (including Supernumerary),1,191410
Institute_24,Mechanical,SC,Female-only (including Supernumerary),2,191348
Institute_24,Mechanical,SC,Female-only (including Supernumerary),3,191287
Institute_24,Mechanical,SC,Female-only (including Supernumerary),4,191225
Institute_24,Mechanical,SC,Female-only (including Supernumerary),5,191163
Institute_24,Mechanical,SC,Female-only (including Supernumerary),6,191101
Institute_24,Mechanical,ST,Gender-Neutral,1,217662
Institute_24,Mechanical,ST,Gender-Neutral,2,217600
Institute_24,Mechanical,ST,Gender-Neutral,3,217538
Institute_24,Mechanical,ST,Gender-Neutral,4,217476
Institute_24,Mechanical,ST,Gender-Neutral,5,217414
Institute_24,Mechanical,ST,Gender-Neutral,6,217353
Institute_24,Mechanical,ST,Female-only (including Supernumerary),1,217364
Institute_24,Mechanical,ST,Female-only (including Supernumerary),2,217302
Institute_24,Mechanical,ST,Female-only (including Supernumerary),3,217240
Institute_24,Mechanical,ST,Female-only (including Supernumerary),4,217178
Institute_24,Mechanical,ST,Female-only (including Supernumerary),5,217117
Institute_24,Mechanical,ST,Female-only (including Supernumerary),6,217055
Institute_24,Electronics,OPEN,Gender-Neutral,1,169223
Institute_24,Electronics,OPEN,Gender-Neutral,2,169161
Institute_24,Electronics,OPEN,Gender-Neutral,3,169100
Institute_24,Electronics,OPEN,Gender-Neutral,4,169038
Institute_24,Electronics,OPEN,Gender-Neutral,5,168976
Institute_24,Electronics,OPEN,Gender-Neutral,6,168914
Institute_24,Electronics,OPEN,Female-only (including Supernumerary),1,168925
Institute_24,Electronics,OPEN,Female-only (including Supernumerary),2,168864
Institute_24,Electronics,OPEN,Female-only (including Supernumerary),3,168802
Institute_24,Electronics,OPEN,Female-only (including Supernumerary),4,168740
Institute_24,Electronics,OPEN,Female-only (including Supernumerary),5,168678
Institute_24,Electronics,OPEN,Female-only (including Supernumerary),6,168616
Institute_24,Electronics,EWS,Gender-Neutral,1,117316
Institute_24,Electronics,EWS,Gender-Neutral,2,117254
Institute_24,Electronics,EWS,Gender-Neutral,3,117192
Institute_24,Electronics,EWS,Gender-Neutral,4,117131
Institute_24,Electronics,EWS,Gender-Neutral,5,117069
Institute_24,Electronics,EWS,Gender-Neutral,6,117007
Institute_24,Electronics,EWS,Female-only (including Supernumerary),1,117018
Institute_24,Electronics,EWS,Female-only (including Supernumerary),2,116956
Institute_24,Electronics,EWS,Female-only (including Supernumerary),3,116895
Institute_24,Electronics,EWS,Female-only (including Supernumerary),4,116833
Institute_24,Electronics,EWS,Female-only (including Supernumerary),5,116771
Institute_24,Electronics,EWS,Female-only (including Supernumerary),6,116709
Institute_24,Electronics,OBC-NCL,Gender-Neutral,1,143270
Institute_24,Electronics,OBC-NCL,Gender-Neutral,2,143208
Institute_24,Electronics,OBC-NCL,Gender-Neutral,3,143146
Institute_24,Electronics,OBC-NCL,Gender-Neutral,4,143084
Institute_24,Electronics,OBC-NCL,Gender-Neutral,5,143022
Institute_24,Electronics,OBC-NCL,Gender-Neutral,6,142960
Institute_24,Electronics,OBC-NCL,Female-only (including Supernumerary),1,142972
Institute_24,Electronics,OBC-NCL,Female-only (including Supernumerary),2,142910
Institute_24,Electronics,OBC-NCL,Female-only (including Supernumerary),3,142848
Institute_24,Electronics,OBC-NCL,Female-only (including Supernumerary),4,142786
Institute_24,Electronics,OBC-NCL,Female-only (including Supernumerary),5,142725
Institute_24,Electronics,OBC-NCL,Female-only (including Supernumerary),6,142663
Institute_24,Electronics,SC,Gender-Neutral,1,195177
Institute_24,Electronics,SC,Gender-Neutral,2,195115
Institute_24,Electronics,SC,Gender-Neutral,3,195053
Institute_24,Electronics,SC,Gender-Neutral,4,194991
Institute_24,Electronics,SC,Gender-Neutral,5,194930
Institute_24,Electronics,SC,Gender-Neutral,6,194868
Institute_24,Electronics,SC,Female-only (including Supernumerary),1,194879
Institute_24,Electronics,SC,Female-only (including Supernumerary),2,194817
Institute_24,Electronics,SC,Female-only (including Supernumerary),3,194755
Institute_24,Electronics,SC,Female-only (including Supernumerary),4,194694
Institute_24,Electronics,SC,Female-only (including Supernumerary),5,194632
Institute_24,Electronics,SC,Female-only (including Supernumerary),6,194570
Institute_24,Electronics,ST,Gender-Neutral,1,221130
Institute_24,Electronics,ST,Gender-Neutral,2,221069
Institute_24,Electronics,ST,Gender-Neutral,3,221007
Institute_24,Electronics,ST,Gender-Neutral,4,220945
Institute_24,Electronics,ST,Gender-Neutral,5,220883
Institute_24,Electronics,ST,Gender-Neutral,6,220821
Institute_24,Electronics,ST,Female-only (including Supernumerary),1,220833
Institute_24,Electronics,ST,Female-only (including Supernumerary),2,220771
Institute_24,Electronics,ST,Female-only (including Supernumerary),3,220709
Institute_24,Electronics,ST,Female-only (including Supernumerary),4,220647
Institute_24,Electronics,ST,Female-only (including Supernumerary),5,220585
Institute_24,Electronics,ST,Female-only (including Supernumerary),6,220523
Institute_24,Civil,OPEN,Gender-Neutral,1,179629
Institute_24,Civil,OPEN,Gender-Neutral,2,179568
Institute_24,Civil,OPEN,Gender-Neutral,3,179506
Institute_24,Civil,OPEN,Gender-Neutral,4,179444
Institute_24,Civil,OPEN,Gender-Neutral,5,179382
Institute_24,Civil,OPEN,Gender-Neutral,6,179320
Institute_24,Civil,OPEN,Female-only (including Supernumerary),1,179332
Institute_24,Civil,OPEN,Female-only (including Supernumerary),2,179270
Institute_24,Civil,OPEN,Female-only (including Supernumerary),3,179208
Institute_24,Civil,OPEN,Female-only (including Supernumerary),4,179146
Institute_24,Civil,OPEN,Female-only (including Supernumerary),5,179084
Institute_24,Civil,OPEN,Female-only (including Supernumerary),6,179023
Institute_24,Civil,EWS,Gender-Neutral,1,127722
Institute_24,Civil,EWS,Gender-Neutral,2,127660
Institute_24,Civil,EWS,Gender-Neutral,3,127599
Institute_24,Civil,EWS,Gender-Neutral,4,127537
Institute_24,Civil,EWS,Gender-Neutral,5,127475
Institute_24,Civil,EWS,Gender-Neutral,6,127413
Institute_24,Civil,EWS,Female-only (including Supernumerary),1,127425
Institute_24,Civil,EWS,Female-only (including Supernumerary),2,127363
Institute_24,Civil,EWS,Female-only (including Supernumerary),3,127301
Institute_24,Civil,EWS,Female-only (including Supernumerary),4,127239
Institute_24,Civil,EWS,Female-only (including Supernumerary),5,127177
Institute_24,Civil,EWS,Female-only (including Supernumerary),6,127115
Institute_24,Civil,OBC-NCL,Gender-Neutral,1,153676
Institute_24,Civil,OBC-NCL,Gender-Neutral,2,153614
Institute_24,Civil,OBC-NCL,Gender-Neutral,3,153552
Institute_24,Civil,OBC-NCL,Gender-Neutral,4,153490
Institute_24,Civil,OBC-NCL,Gender-Neutral,5,153429
Institute_24,Civil,OBC-NCL,Gender-Neutral,6,153367
Institute_24,Civil,OBC-NCL,Female-only (including Supernumerary),1,153378
Institute_24,Civil,OBC-NCL,Female-only (including Supernumerary),2,153316
Institute_24,Civil,OBC-NCL,Female-only (including Supernumerary),3,153254
Institute_24,Civil,OBC-NCL,Female-only (including Supernumerary),4,153193
Institute_24,Civil,OBC-NCL,Female-only (including Supernumerary),5,153131
Institute_24,Civil,OBC-NCL,Female-only (including Supernumerary),6,153069
Institute_24,Civil,SC,Gender-Neutral,1,205583
Institute_24,Civil,SC,Gender-Neutral,2,205521
Institute_24,Civil,SC,Gender-Neutral,3,205459
Institute_24,Civil,SC,Gender-Neutral,4,205398
Institute_24,Civil,SC,Gender-Neutral,5,205336
Institute_24,Civil,SC,Gender-Neutral,6,205274
Institute_24,Civil,SC,Female-only (including Supernumerary),1,205285
Institute_24,Civil,SC,Female-only (including Supernumerary),2,205223
Institute_24,Civil,SC,Female-only (including Supernumerary),3,205162
Institute_24,Civil,SC,Female-only (including Supernumerary),4,205100
Institute_24,Civil,SC,Female-only (including Supernumerary),5,205038
Institute_24,Civil,SC,Female-only (including Supernumerary),6,204976
Institute_24,Civil,ST,Gender-Neutral,1,231537
Institute_24,Civil,ST,Gender-Neutral,2,231475
Institute_24,Civil,ST,Gender-Neutral,3,231413
Institute_24,Civil,ST,Gender-Neutral,4,231351
Institute_24,Civil,ST,Gender-Neutral,5,231289
Institute_24,Civil,ST,Gender-Neutral,6,231227
Institute_24,Civil,ST,Female-only (including Supernumerary),1,231239
Institute_24,Civil,ST,Female-only (including Supernumerary),2,231177
Institute_24,Civil,ST,Female-only (including Supernumerary),3,231115
Institute_24,Civil,ST,Female-only (including Supernumerary),4,231053
Institute_24,Civil,ST,Female-only (including Supernumerary),5,230992
Institute_24,Civil,ST,Female-only (including Supernumerary),6,230930
Institute_25,Computer Science,OPEN,Gender-Neutral,1,178516
Institute_25,Computer Science,OPEN,Gender-Neutral,2,178454
Institute_25,Computer Science,OPEN,Gender-Neutral,3,178392
Institute_25,Computer Science,OPEN,Gender-Neutral,4,178330
Institute_25,Computer Science,OPEN,Gender-Neutral,5,178268
Institute_25,Computer Science,OPEN,Gender-Neutral,6,178207
Institute_25,Computer Science,OPEN,Female-only (including Supernumerary),1,178218
Institute_25,Computer Science,OPEN,Female-only (including Supernumerary),2,178156
Institute_25,Computer Science,OPEN,Female-only (including Supernumerary),3,178094
Institute_25,Computer Science,OPEN,Female-only (including Supernumerary),4,178032
Institute_25,Computer Science,OPEN,Female-only (including Supernumerary),5,177971
Institute_25,Computer Science,OPEN,Female-only (including Supernumerary),6,177909
Institute_25,Computer Science,EWS,Gender-Neutral,1,126609
Institute_25,Computer Science,EWS,Gender-Neutral,2,126547
Institute_25,Computer Science,EWS,Gender-Neutral,3,126485
Institute_25,Computer Science,EWS,Gender-Neutral,4,126423
Institute_25,Computer Science,EWS,Gender-Neutral,5,126361
Institute_25,Computer Science,EWS,Gender-Neutral,6,126299
Institute_25,Computer Science,EWS,Female-only (including Supernumerary),1,126311
Institute_25,Computer Science,EWS,Female-only (including Supernumerary),2,126249
Institute_25,Computer Science,EWS,Female-only (including Supernumerary),3,126187
Institute_25,Computer Science,EWS,Female-only (including Supernumerary),4,126125
Institute_25,Computer Science,EWS,Female-only (including Supernumerary),5,126063
Institute_25,Computer Science,EWS,Female-only (including Supernumerary),6,126002
Institute_25,Computer Science,OBC-NCL,Gender-Neutral,1,152562
Institute_25,Computer Science,OBC-NCL,Gender-Neutral,2,152500
Institute_25,Computer Science,OBC-NCL,Gender-Neutral,3,152438
Institute_25,Computer Science,OBC-NCL,Gender-Neutral,4,152377
Institute_25,Computer Science,OBC-NCL,Gender-Neutral,5,152315
Institute_25,Computer Science,OBC-NCL,Gender-Neutral,6,152253
Institute_25,Computer Science,OBC-NCL,Female-only (including Supernumerary),1,152264
Institute_25,Computer Science,OBC-NCL,Female-only (including Supernumerary),2,152203
Institute_25,Computer Science,OBC-NCL,Female-only (including Supernumerary),3,152141
Institute_25,Computer Science,OBC-NCL,Female-only (including Supernumerary),4,152079
Institute_25,Computer Science,OBC-NCL,Female-only (including Supernumerary),5,152017
Institute_25,Computer Science,OBC-NCL,Female-only (including Supernumerary),6,151955
Institute_25,Computer Science,SC,Gender-Neutral,1,204469
Institute_25,Computer Science,SC,Gender-Neutral,2,204407
Institute_25,Computer Science,SC,Gender-Neutral,3,204346
Institute_25,Computer Science,SC,Gender-Neutral,4,204284
Institute_25,Computer Science,SC,Gender-Neutral,5,204222
Institute_25,Computer Science,SC,Gender-Neutral,6,204160
Institute_25,Computer Science,SC,Female-only (including Supernumerary),1,204172
Institute_25,Computer Science,SC,Female-only (including Supernumerary),2,204110
Institute_25,Computer Science,SC,Female-only (including Supernumerary),3,204048
Institute_25,Computer Science,SC,Female-only (including Supernumerary),4,203986
Institute_25,Computer Science,SC,Female-only (including Supernumerary),5,203924
Institute_25,Computer Science,SC,Female-only (including Supernumerary),6,203862
Institute_25,Computer Science,ST,Gender-Neutral,1,230423
Institute_25,Computer Science,ST,Gender-Neutral,2,230361
Institute_25,Computer Science,ST,Gender-Neutral,3,230299
Institute_25,Computer Science,ST,Gender-Neutral,4,230237
Institute_25,Computer Science,ST,Gender-Neutral,5,230176
Institute_25,Computer Science,ST,Gender-Neutral,6,230114
Institute_25,Computer Science,ST,Female-only (including Supernumerary),1,230125
Institute_25,Computer Science,ST,Female-only (including Supernumerary),2,230063
Institute_25,Computer Science,ST,Female-only (including Supernumerary),3,230001
Institute_25,Computer Science,ST,Female-only (including Supernumerary),4,229940
Institute_25,Computer Science,ST,Female-only (including Supernumerary),5,229878
Institute_25,Computer Science,ST,Female-only (including Supernumerary),6,229816
Institute_25,Mechanical,OPEN,Gender-Neutral,1,168110
Institute_25,Mechanical,OPEN,Gender-Neutral,2,168048
Institute_25,Mechanical,OPEN,Gender-Neutral,3,167986
Institute_25,Mechanical,OPEN,Gender-Neutral,4,167924
Institute_25,Mechanical,OPEN,Gender-Neutral,5,167862
Institute_25,Mechanical,OPEN,Gender-Neutral,6,167800
Institute_25,Mechanical,OPEN,Female-only (including Supernumerary),1,167812
Institute_25,Mechanical,OPEN,Female-only (including Supernumerary),2,167750
Institute_25,Mechanical,OPEN,Female-only (including Supernumerary),3,167688
Institute_25,Mechanical,OPEN,Female-only (including Supernumerary),4,167626
Institute_25,Mechanical,OPEN,Female-only (including Supernumerary),5,167564
Institute_25,Mechanical,OPEN,Female-only (including Supernumerary),6,167503
Institute_25,Mechanical,EWS,Gender-Neutral,1,116202
Institute_25,Mechanical,EWS,Gender-Neutral,2,116140
Institute_25,Mechanical,EWS,Gender-Neutral,3,116079
Institute_25,Mechanical,EWS,Gender-Neutral,4,116017
Institute_25,Mechanical,EWS,Gender-Neutral,5,115955
Institute_25,Mechanical,EWS,Gender-Neutral,6,115893
Institute_25,Mechanical,EWS,Female-only (including Supernumerary),1,115905
Institute_25,Mechanical,EWS,Female-only (including Supernumerary),2,115843
Institute_25,Mechanical,EWS,Female-only (including Supernumerary),3,115781
Institute_25,Mechanical,EWS,Female-only (including Supernumerary),4,115719
Institute_25,Mechanical,EWS,Female-only (including Supernumerary),5,115657
Institute_25,Mechanical,EWS,Female-only (including Supernumerary),6,115595
Institute_25,Mechanical,OBC-NCL,Gender-Neutral,1,142156
Institute_25,Mechanical,OBC-NCL,Gender-Neutral,2,142094
Institute_25,Mechanical,OBC-NCL,Gender-Neutral,3,142032
Institute_25,Mechanical,OBC-NCL,Gender-Neutral,4,141970
Institute_25,Mechanical,OBC-NCL,Gender-Neutral,5,141909
Institute_25,Mechanical,OBC-NCL,Gender-Neutral,6,141847
Institute_25,Mechanical,OBC-NCL,Female-only (including Supernumerary),1,141858
Institute_25,Mechanical,OBC-NCL,Female-only (including Supernumerary),2,141796
Institute_25,Mechanical,OBC-NCL,Female-only (including Supernumerary),3,141734
Institute_25,Mechanical,OBC-NCL,Female-only (including Supernumerary),4,141673
Institute_25,Mechanical,OBC-NCL,Female-only (including Supernumerary),5,141611
Institute_25,Mechanical,OBC-NCL,Female-only (including Supernumerary),6,141549
Institute_25,Mechanical,SC,Gender-Neutral,1,194063
Institute_25,Mechanical,SC,Gender-Neutral,2,194001
Institute_25,Mechanical,SC,Gender-Neutral,3,193939
Institute_25,Mechanical,SC,Gender-Neutral,4,193878
Institute_25,Mechanical,SC,Gender-Neutral,5,193816
Institute_25,Mechanical,SC,Gender-Neutral,6,193754
Institute_25,Mechanical,SC,Female-only (including Supernumerary),1,193765
Institute_25,Mechanical,SC,Female-only (including Supernumerary),2,193703
Institute_25,Mechanical,SC,Female-only (including Supernumerary),3,193642
Institute_25,Mechanical,SC,Female-only (including Supernumerary),4,193580
Institute_25,Mechanical,SC,Female-only (including Supernumerary),5,193518
Institute_25,Mechanical,SC,Female-only (including Supernumerary),6,193456
Institute_25,Mechanical,ST,Gender-Neutral,1,220017
Institute_25,Mechanical,ST,Gender-Neutral,2,219955
Institute_25,Mechanical,ST,Gender-Neutral,3,219893
Institute_25,Mechanical,ST,Gender-Neutral,4,219831
Institute_25,Mechanical,ST,Gender-Neutral,5,219769
Institute_25,Mechanical,ST,Gender-Neutral,6,219708
Institute_25,Mechanical,ST,Female-only (including Supernumerary),1,219719
Institute_25,Mechanical,ST,Female-only (including Supernumerary),2,219657
Institute_25,Mechanical,ST,Female-only (including Supernumerary),3,219595
Institute_25,Mechanical,ST,Female-only (including Supernumerary),4,219533
Institute_25,Mechanical,ST,Female-only (including Supernumerary),5,219472
Institute_25,Mechanical,ST,Female-only (including Supernumerary),6,219410
Institute_25,Electrical,OPEN,Gender-Neutral,1,175047
Institute_25,Electrical,OPEN,Gender-Neutral,2,174985
Institute_25,Electrical,OPEN,Gender-Neutral,3,174923
Institute_25,Electrical,OPEN,Gender-Neutral,4,174861
Institute_25,Electrical,OPEN,Gender-Neutral,5,174800
Institute_25,Electrical,OPEN,Gender-Neutral,6,174738
Institute_25,Electrical,OPEN,Female-only (including Supernumerary),1,174749
Institute_25,Electrical,OPEN,Female-only (including Supernumerary),2,174687
Institute_25,Electrical,OPEN,Female-only (including Supernumerary),3,174626
Institute_25,Electrical,OPEN,Female-only (including Supernumerary),4,174564
Institute_25,Electrical,OPEN,Female-only (including Supernumerary),5,174502
Institute_25,Electrical,OPEN,Female-only (including Supernumerary),6,174440
Institute_25,Electrical,EWS,Gender-Neutral,1,123140
Institute_25,Electrical,EWS,Gender-Neutral,2,123078
Institute_25,Electrical,EWS,Gender-Neutral,3,123016
Institute_25,Electrical,EWS,Gender-Neutral,4,122954
Institute_25,Electrical,EWS,Gender-Neutral,5,122892
Institute_25,Electrical,EWS,Gender-Neutral,6,122831
Institute_25,Electrical,EWS,Female-only (including Supernumerary),1,122842
Institute_25,Electrical,EWS,Female-only (including Supernumerary),2,122780
Institute_25,Electrical,EWS,Female-only (including Supernumerary),3,122718
Institute_25,Electrical,EWS,Female-only (including Supernumerary),4,122657
Institute_25,Electrical,EWS,Female-only (including Supernumerary),5,122595
Institute_25,Electrical,EWS,Female-only (including Supernumerary),6,122533
Institute_25,Electrical,OBC-NCL,Gender-Neutral,1,149093
Institute_25,Electrical,OBC-NCL,Gender-Neutral,2,149032
Institute_25,Electrical,OBC-NCL,Gender-Neutral,3,148970
Institute_25,Electrical,OBC-NCL,Gender-Neutral,4,148908
Institute_25,Electrical,OBC-NCL,Gender-Neutral,5,148846
Institute_25,Electrical,OBC-NCL,Gender-Neutral,6,148784
Institute_25,Electrical,OBC-NCL,Female-only (including Supernumerary),1,148796
Institute_25,Electrical,OBC-NCL,Female-only (including Supernumerary),2,148734
Institute_25,Electrical,OBC-NCL,Female-only (including Supernumerary),3,148672
Institute_25,Electrical,OBC-NCL,Female-only (including Supernumerary),4,148610
Institute_25,Electrical,OBC-NCL,Female-only (including Supernumerary),5,148548
Institute_25,Electrical,OBC-NCL,Female-only (including Supernumerary),6,148486
Institute_25,Electrical,SC,Gender-Neutral,1,201001
Institute_25,Electrical,SC,Gender-Neutral,2,200939
Institute_25,Electrical,SC,Gender-Neutral,3,200877
Institute_25,Electrical,SC,Gender-Neutral,4,200815
Institute_25,Electrical,SC,Gender-Neutral,5,200753
Institute_25,Electrical,SC,Gender-Neutral,6,200691
Institute_25,Electrical,SC,Female-only (including Supernumerary),1,200703
Institute_25,Electrical,SC,Female-only (including Supernumerary),2,200641
Institute_25,Electrical,SC,Female-only (including Supernumerary),3,200579
Institute_25,Electrical,SC,Female-only (including Supernumerary),4,200517
Institute_25,Electrical,SC,Female-only (including Supernumerary),5,200455
Institute_25,Electrical,SC,Female-only (including Supernumerary),6,200394
Institute_25,Electrical,ST,Gender-Neutral,1,226954
Institute_25,Electrical,ST,Gender-Neutral,2,226892
Institute_25,Electrical,ST,Gender-Neutral,3,226831
Institute_25,Electrical,ST,Gender-Neutral,4,226769
Institute_25,Electrical,ST,Gender-Neutral,5,226707
Institute_25,Electrical,ST,Gender-Neutral,6,226645
Institute_25,Electrical,ST,Female-only (including Supernumerary),1,226656
Institute_25,Electrical,ST,Female-only (including Supernumerary),2,226595
Institute_25,Electrical,ST,Female-only (including Supernumerary),3,226533
Institute_25,Electrical,ST,Female-only (including Supernumerary),4,226471
Institute_25,Electrical,ST,Female-only (including Supernumerary),5,226409
Institute_25,Electrical,ST,Female-only (including Supernumerary),6,226347
